ISO-10303-21;
HEADER;
FILE_DESCRIPTION (( 'STEP AP214' ),
    '1' );
FILE_NAME ('DE2E3SA103MA3BX02F.STEP',
    '2020-01-22T13:42:23',
    ( '' ),
    ( '' ),
    'SwSTEP 2.0',
    'SolidWorks 2018',
    '' );
FILE_SCHEMA (( 'AUTOMOTIVE_DESIGN' ));
ENDSEC;

DATA;
#1 = CARTESIAN_POINT ( 'NONE',  ( -1.755703686576927103, 5.313978343874505406, -2.231651423078423679 ) ) ;
#2 = CARTESIAN_POINT ( 'NONE',  ( -3.133932245042312381, 1.187646064549691571, -0.3305314306681547132 ) ) ;
#3 = AXIS2_PLACEMENT_3D ( 'NONE', #7, #2073, #1755 ) ;
#4 = AXIS2_PLACEMENT_3D ( 'NONE', #1013, #1660, #3119 ) ;
#5 = CARTESIAN_POINT ( 'NONE',  ( -1.353349505186274948, 6.185469781863741190, -1.465543044824664021 ) ) ;
#6 = VERTEX_POINT ( 'NONE', #955 ) ;
#7 = CARTESIAN_POINT ( 'NONE',  ( 3.750000000000000000, -25.00000000000000000, 0.0000000000000000000 ) ) ;
#8 = CARTESIAN_POINT ( 'NONE',  ( 2.514074934326457011, 6.400014582536413421, 1.131857507546788710 ) ) ;
#9 = CARTESIAN_POINT ( 'NONE',  ( -3.558120453779945791, 2.970072736603916130, -1.189999226211279515 ) ) ;
#10 = ORIENTED_EDGE ( 'NONE', *, *, #1470, .T. ) ;
#11 = CARTESIAN_POINT ( 'NONE',  ( 1.811211605744432296, 4.985051048085376912, 1.478324977542865737 ) ) ;
#12 = ORIENTED_EDGE ( 'NONE', *, *, #1214, .T. ) ;
#13 = DIRECTION ( 'NONE',  ( 0.0000000000000000000, -0.0000000000000000000, 1.000000000000000000 ) ) ;
#14 = CARTESIAN_POINT ( 'NONE',  ( -3.598403340984463128, 3.454737526621954657, -1.576758701725002210 ) ) ;
#15 = EDGE_LOOP ( 'NONE', ( #1571, #1590, #403 ) ) ;
#16 =( BOUNDED_SURFACE ( )  B_SPLINE_SURFACE ( 3, 2, ( 
 ( #48, #2731, #63 ),
 ( #38, #934, #365 ),
 ( #3015, #628, #1867 ),
 ( #668, #2151, #638 ),
 ( #977, #614, #1842 ),
 ( #391, #2413, #2744 ) ),
 .UNSPECIFIED., .F., .F., .F. ) 
 B_SPLINE_SURFACE_WITH_KNOTS ( ( 4, 2, 4 ),
 ( 3, 3 ),
 ( 0.003971640880853006227, 0.004258620522528947482, 0.004545600164204888737 ),
 ( 0.0000000000000000000, 1.000000000000000000 ),
 .UNSPECIFIED. ) 
 GEOMETRIC_REPRESENTATION_ITEM ( )  RATIONAL_B_SPLINE_SURFACE ( (
 ( 1.000000000000000000, 0.4881615370346971128, 1.000000000000000000),
 ( 1.000000000000000000, 0.4800392662570360791, 1.000000000000000000),
 ( 1.000000000000000000, 0.4728880672253839568, 1.000000000000000000),
 ( 1.000000000000000000, 0.4638037503821457741, 1.000000000000000000),
 ( 1.000000000000000000, 0.4621238315356949733, 1.000000000000000000),
 ( 1.000000000000000000, 0.4630877828465394530, 1.000000000000000000) ) ) 
 REPRESENTATION_ITEM ( '' )  SURFACE ( )  );
#17 = CARTESIAN_POINT ( 'NONE',  ( -1.562360586164920129, 5.412393273841991537, -1.891913437243346374 ) ) ;
#18 = CARTESIAN_POINT ( 'NONE',  ( -1.664815632739766738, 6.824133368943511968, -1.116244208919919823 ) ) ;
#19 = CARTESIAN_POINT ( 'NONE',  ( 3.538300688385270565, 2.926857262920295355, 1.134546312020485948 ) ) ;
#20 = DIRECTION ( 'NONE',  ( -0.0000000000000000000, 0.0000000000000000000, -1.000000000000000000 ) ) ;
#21 = CARTESIAN_POINT ( 'NONE',  ( 2.595108264680301868, 6.212270780576037765, 1.436606219433993692 ) ) ;
#22 = CARTESIAN_POINT ( 'NONE',  ( 3.587849318386977959, 0.4256288910031730821, -0.3133227930709813758 ) ) ;
#23 = CARTESIAN_POINT ( 'NONE',  ( -3.901962770910187395, 2.636214645376610211, -1.722672042652706237 ) ) ;
#24 = CARTESIAN_POINT ( 'NONE',  ( 2.638934681406423177, 5.307581664038274916, 1.301220920642439660 ) ) ;
#25 = ORIENTED_EDGE ( 'NONE', *, *, #3206, .T. ) ;
#26 = CARTESIAN_POINT ( 'NONE',  ( -1.470847971561465739, 5.698583018186181626, -1.803357002095888673 ) ) ;
#27 = CARTESIAN_POINT ( 'NONE',  ( 6.699999999999995737, 10.50000000000000178, -0.6000000000000004219 ) ) ;
#28 = CARTESIAN_POINT ( 'NONE',  ( -1.292338835264726926, 5.872544295070560416, -0.8879088085329851499 ) ) ;
#29 = ORIENTED_EDGE ( 'NONE', *, *, #3508, .F. ) ;
#30 = EDGE_CURVE ( 'NONE', #2598, #1087, #1111, .T. ) ;
#31 = FACE_OUTER_BOUND ( 'NONE', #2430, .T. ) ;
#32 = CARTESIAN_POINT ( 'NONE',  ( -1.563235336071461479, 5.688365213085474714, -1.998040732805430375 ) ) ;
#33 = CARTESIAN_POINT ( 'NONE',  ( 2.948521701925326255, 2.601641081681927314, 1.046204260701130595 ) ) ;
#34 = CARTESIAN_POINT ( 'NONE',  ( -1.914305881613159510, 4.861424646466797839, -2.267481780330410590 ) ) ;
#35 = ADVANCED_FACE ( 'NONE', ( #3431 ), #3750, .T. ) ;
#36 = CARTESIAN_POINT ( 'NONE',  ( 1.996679119663054003, 5.258752408535379175, 2.471941011611471950 ) ) ;
#37 = CARTESIAN_POINT ( 'NONE',  ( 3.453619243799832983, 0.0000000000000000000, -0.04873829586104587441 ) ) ;
#38 = CARTESIAN_POINT ( 'NONE',  ( 2.820160037301678191, 2.670855276572038584, 1.260144921428688836 ) ) ;
#39 = CARTESIAN_POINT ( 'NONE',  ( 2.083814718588379744, 5.622607221471359829, 0.6682004246312305273 ) ) ;
#40 = CARTESIAN_POINT ( 'NONE',  ( 3.585038030406306309, 3.695881373700224959, 1.950000000000000400 ) ) ;
#41 = DIRECTION ( 'NONE',  ( 1.000000000000000000, 0.0000000000000000000, 0.0000000000000000000 ) ) ;
#42 = CARTESIAN_POINT ( 'NONE',  ( -1.552516534340045107, 5.565012090674679612, -1.048958290931799819 ) ) ;
#43 = CARTESIAN_POINT ( 'NONE',  ( -1.228783895022641515, 6.371309281294247562, -0.3000000000000002665 ) ) ;
#44 = CARTESIAN_POINT ( 'NONE',  ( 2.069456230766808069, 4.077400223824508174, 1.413989325884120962 ) ) ;
#45 = CARTESIAN_POINT ( 'NONE',  ( -1.224427154349404745, 6.338482227631934585, -0.3000000000000002665 ) ) ;
#46 = CARTESIAN_POINT ( 'NONE',  ( 1.404817381320314418, 6.672857559387110449, 1.104991595169694918 ) ) ;
#47 = CARTESIAN_POINT ( 'NONE',  ( 3.418029041153439529, 0.2457713997958057284, 0.2659107272257500432 ) ) ;
#48 = CARTESIAN_POINT ( 'NONE',  ( 2.790759660275729193, 2.707392049783046151, 1.327220353758516547 ) ) ;
#49 = CARTESIAN_POINT ( 'NONE',  ( 2.089738733455984487, 5.613071287286659938, 0.7135094071153430528 ) ) ;
#50 = CARTESIAN_POINT ( 'NONE',  ( -3.749999999999990674, -25.00000000000000000, 0.3000000000000018763 ) ) ;
#51 = CARTESIAN_POINT ( 'NONE',  ( 3.584588659783981779, 3.925813810475200949, 0.7587349320710264911 ) ) ;
#52 = EDGE_CURVE ( 'NONE', #2130, #6, #96, .T. ) ;
#53 = ORIENTED_EDGE ( 'NONE', *, *, #1621, .F. ) ;
#54 = CARTESIAN_POINT ( 'NONE',  ( 1.757814385726696571, 5.094192715954898532, 2.156355320937775932 ) ) ;
#55 = CARTESIAN_POINT ( 'NONE',  ( -2.909541400120424726, 2.613138683771997872, -1.101635904602623839 ) ) ;
#56 = CARTESIAN_POINT ( 'NONE',  ( 0.0000000000000000000, 10.49999999999999822, 1.400000000000000355 ) ) ;
#57 = AXIS2_PLACEMENT_3D ( 'NONE', #2501, #1943, #1338 ) ;
#58 = CARTESIAN_POINT ( 'NONE',  ( 1.873861857624175897, 3.443565740311047119, 1.128012511058913203 ) ) ;
#59 = CARTESIAN_POINT ( 'NONE',  ( -1.444321485640157166, 5.831091395541183608, -1.761274870928619674 ) ) ;
#60 = EDGE_LOOP ( 'NONE', ( #2777, #2839, #2203, #666, #3521, #998 ) ) ;
#61 = CARTESIAN_POINT ( 'NONE',  ( 2.448616004293648007, 4.951036368535196353, 2.553771481480199501 ) ) ;
#62 = CARTESIAN_POINT ( 'NONE',  ( 2.725989120377155128, 2.567948306440110517, 1.493107608602754599 ) ) ;
#63 = CARTESIAN_POINT ( 'NONE',  ( 2.107572974996649862, 3.345940795722752714, 0.8556728758408641555 ) ) ;
#64 = CARTESIAN_POINT ( 'NONE',  ( 2.291856112264913925, 5.186663828530192255, 1.184858692391623336 ) ) ;
#65 = CARTESIAN_POINT ( 'NONE',  ( 1.423426176607922589, 6.892217692968396037, 1.400000000000000133 ) ) ;
#66 = CARTESIAN_POINT ( 'NONE',  ( 1.226564455325958702, 6.353288293330903613, 0.4278583180913634321 ) ) ;
#67 = CARTESIAN_POINT ( 'NONE',  ( 1.566949435317831707, 5.386408056841666792, 1.877871814872726031 ) ) ;
#68 = DIRECTION ( 'NONE',  ( -0.3959543702886358929, 0.9182701871722342979, 0.0000000000000000000 ) ) ;
#69 = CARTESIAN_POINT ( 'NONE',  ( 0.0000000000000000000, 10.49999999999999822, 1.400000000000000355 ) ) ;
#70 = CARTESIAN_POINT ( 'NONE',  ( -2.390604048577840146, 5.843873589059889184, -0.7426297613316988899 ) ) ;
#71 = CARTESIAN_POINT ( 'NONE',  ( 1.886818339539048317, 4.814143360695878116, 1.497018307377081081 ) ) ;
#72 = CARTESIAN_POINT ( 'NONE',  ( 3.474558840764270684, 2.844004395397237595, 1.032421260632709670 ) ) ;
#73 = CARTESIAN_POINT ( 'NONE',  ( 0.0000000000000000000, 10.49999999999999822, 1.400000000000000355 ) ) ;
#74 = CARTESIAN_POINT ( 'NONE',  ( -1.512371522905973986, 5.565930744448898793, -1.854387777301909290 ) ) ;
#75 = ADVANCED_FACE ( 'NONE', ( #966 ), #3174, .T. ) ;
#76 = CARTESIAN_POINT ( 'NONE',  ( 2.728138657974335413, 2.578161101045876258, 1.480253524628416084 ) ) ;
#77 = VERTEX_POINT ( 'NONE', #2766 ) ;
#78 = CARTESIAN_POINT ( 'NONE',  ( -1.969297765748174944, 4.597327759334386421, -2.183419704845699805 ) ) ;
#79 = CARTESIAN_POINT ( 'NONE',  ( 2.595108264680301868, 6.212270780576037765, 1.436606219433993692 ) ) ;
#80 = CARTESIAN_POINT ( 'NONE',  ( 1.735151688300287098, 6.687954183858853874, 1.400000000000357625 ) ) ;
#81 = CARTESIAN_POINT ( 'NONE',  ( 2.622900673816615846, 3.044314025536400070, 1.618607930195961275 ) ) ;
#82 = FILL_AREA_STYLE ('',( #3610 ) ) ;
#83 = ORIENTED_EDGE ( 'NONE', *, *, #940, .F. ) ;
#84 = CARTESIAN_POINT ( 'NONE',  ( 2.955437548028721384, 5.155941964101688590, 1.949410708672256076 ) ) ;
#85 = CARTESIAN_POINT ( 'NONE',  ( 3.401320771508594465, 3.815132726512223460, 0.6326561024522395771 ) ) ;
#86 = AXIS2_PLACEMENT_3D ( 'NONE', #3347, #971, #3637 ) ;
#87 = EDGE_CURVE ( 'NONE', #1372, #754, #1987, .T. ) ;
#88 = LINE ( 'NONE', #3787, #3172 ) ;
#89 = CARTESIAN_POINT ( 'NONE',  ( 3.750000000000000000, -25.00000000000000000, -0.3000000000000018763 ) ) ;
#90 = CARTESIAN_POINT ( 'NONE',  ( -1.254120823591571732, 6.282366173532310860, -1.011024090198334502 ) ) ;
#91 = FACE_OUTER_BOUND ( 'NONE', #2363, .T. ) ;
#92 = CARTESIAN_POINT ( 'NONE',  ( 1.526924164704442699, 5.616007552860121876, 1.916998686959330067 ) ) ;
#93 = CARTESIAN_POINT ( 'NONE',  ( 2.766797657678619959, 5.544665842341053086, 2.234468425384854129 ) ) ;
#94 = CARTESIAN_POINT ( 'NONE',  ( -1.919437216437756000, 4.714537071455826123, -2.184245990543555838 ) ) ;
#95 =( LENGTH_UNIT ( ) NAMED_UNIT ( * ) SI_UNIT ( .MILLI., .METRE. ) );
#96 = CIRCLE ( 'NONE', #3040, 0.5999999999999999778 ) ;
#97 = CARTESIAN_POINT ( 'NONE',  ( -2.191008900776517443, 3.331492377561391383, -0.7446738045490195468 ) ) ;
#98 = ADVANCED_FACE ( 'NONE', ( #1480 ), #1002, .F. ) ;
#99 = CARTESIAN_POINT ( 'NONE',  ( 2.656859350129206820, 5.821078966954321032, 1.885283689555251607 ) ) ;
#100 = CARTESIAN_POINT ( 'NONE',  ( -3.750000000000000000, -1.377727649040772192E-15, 0.0000000000000000000 ) ) ;
#101 = CARTESIAN_POINT ( 'NONE',  ( 2.418362579449756744, 3.377205237584003594, 1.802339728550991005 ) ) ;
#102 = CARTESIAN_POINT ( 'NONE',  ( -2.512771569442897590, 3.233524436424673354, -1.712010947176776599 ) ) ;
#103 = CARTESIAN_POINT ( 'NONE',  ( -1.440680873843586562, 5.818965493904492803, -1.750540827532363064 ) ) ;
#104 = CARTESIAN_POINT ( 'NONE',  ( 1.238586244322093632, 6.320250460180410812, 0.8428516780552741672 ) ) ;
#105 = CARTESIAN_POINT ( 'NONE',  ( -3.076289649679983640, 3.738158627045294224, -1.320983712336361471 ) ) ;
#106 = CARTESIAN_POINT ( 'NONE',  ( 2.983193558565133241, 5.034515501886937194, 2.272417852909211167 ) ) ;
#107 = ORIENTED_EDGE ( 'NONE', *, *, #1109, .T. ) ;
#108 = CARTESIAN_POINT ( 'NONE',  ( -1.323150457420589676, 6.058022790959432413, -1.398071864791361474 ) ) ;
#109 = AXIS2_PLACEMENT_3D ( 'NONE', #2459, #410, #1251 ) ;
#110 = CARTESIAN_POINT ( 'NONE',  ( 3.566636244283201584, 3.083642046420401517, 1.292115523530874555 ) ) ;
#111 = EDGE_CURVE ( 'NONE', #569, #1113, #2984, .T. ) ;
#112 = ORIENTED_EDGE ( 'NONE', *, *, #3679, .F. ) ;
#113 = B_SPLINE_CURVE_WITH_KNOTS ( 'NONE', 3,
 ( #2447, #1289, #400, #2178, #373, #1264 ),
 .UNSPECIFIED., .F., .F.,
 ( 4, 2, 4 ),
 ( 0.002946749218847473806, 0.003239504348559716067, 0.003532259478271957027 ),
 .UNSPECIFIED. ) ;
#114 = CARTESIAN_POINT ( 'NONE',  ( 3.708388899123222338, 4.919869914342529960, 1.400000000000000133 ) ) ;
#115 = ORIENTED_EDGE ( 'NONE', *, *, #3634, .T. ) ;
#116 = CARTESIAN_POINT ( 'NONE',  ( -1.236892218156658396, 6.176554662094361881, -0.8193610906947972339 ) ) ;
#117 = ADVANCED_FACE ( 'NONE', ( #866 ), #304, .F. ) ;
#118 = ADVANCED_BREP_SHAPE_REPRESENTATION ( 'DE2E3SA103MA3BX02F', ( #2175, #2627, #3032, #312 ), #252 ) ;
#119 = CARTESIAN_POINT ( 'NONE',  ( 2.227503514630279735, 6.827797763039690437, 0.4286419156844162304 ) ) ;
#120 = CARTESIAN_POINT ( 'NONE',  ( -1.327334803647234995, 6.086607194956924261, -1.413863520867874035 ) ) ;
#121 = CARTESIAN_POINT ( 'NONE',  ( -1.566949435317836148, 5.386408056841672121, -1.877871814872748901 ) ) ;
#122 = CARTESIAN_POINT ( 'NONE',  ( -2.103183703555737250, 3.346846680335463287, -0.8618406262120458239 ) ) ;
#123 = CARTESIAN_POINT ( 'NONE',  ( 3.552462542031661563, 2.973511526604201816, 1.189775415621418864 ) ) ;
#124 = CARTESIAN_POINT ( 'NONE',  ( -3.322482245059870554, 4.311998531608271179, -1.928177813837453902 ) ) ;
#125 = CARTESIAN_POINT ( 'NONE',  ( -2.638934681406424954, 5.307581664038274027, -1.301220920642439660 ) ) ;
#126 = EDGE_LOOP ( 'NONE', ( #1624, #3445, #1431, #567 ) ) ;
#127 = DIRECTION ( 'NONE',  ( 1.000000000000000000, 0.0000000000000000000, 0.0000000000000000000 ) ) ;
#128 = VERTEX_POINT ( 'NONE', #1849 ) ;
#129 = CARTESIAN_POINT ( 'NONE',  ( -1.224963618623633677, 6.206119742281324569, -0.5561914457499994580 ) ) ;
#130 = CARTESIAN_POINT ( 'NONE',  ( -3.845047280504668485, 4.293532878243691897, -1.128012511059170331 ) ) ;
#131 = CARTESIAN_POINT ( 'NONE',  ( 1.636369308783199417, 6.905100928448565156, 0.4349490612337083006 ) ) ;
#132 = EDGE_CURVE ( 'NONE', #1543, #626, #3082, .T. ) ;
#133 = ADVANCED_FACE ( 'NONE', ( #224 ), #3084, .F. ) ;
#134 = CARTESIAN_POINT ( 'NONE',  ( 1.565328371195453983, 6.391566364232982522, 1.659660094979902523 ) ) ;
#135 = B_SPLINE_CURVE_WITH_KNOTS ( 'NONE', 3,
 ( #2208, #3131, #1953, #2511 ),
 .UNSPECIFIED., .F., .F.,
 ( 4, 4 ),
 ( 0.003532259478271957027, 0.004063791257825346767 ),
 .UNSPECIFIED. ) ;
#136 = CARTESIAN_POINT ( 'NONE',  ( -1.356825662707333402, 4.333232279303945944, -1.400000000000000355 ) ) ;
#137 = CARTESIAN_POINT ( 'NONE',  ( 2.780342972571709925, 3.513887313206071727, 1.502752926622788587 ) ) ;
#138 = ORIENTED_EDGE ( 'NONE', *, *, #2495, .F. ) ;
#139 = CARTESIAN_POINT ( 'NONE',  ( -3.333013007566353991, 2.716533132285960939, -0.9080020328219028380 ) ) ;
#140 = CARTESIAN_POINT ( 'NONE',  ( 1.584179115980605790, 5.718787259598582473, 2.028612526444098840 ) ) ;
#141 = CARTESIAN_POINT ( 'NONE',  ( -3.148865696487448407, 1.299598537609052640, -0.2497559359925469735 ) ) ;
#142 = CARTESIAN_POINT ( 'NONE',  ( -1.496674605529590751, 6.281144208052951150, -1.675368633299393339 ) ) ;
#143 = CARTESIAN_POINT ( 'NONE',  ( 2.083814718588379744, 5.622607221471359829, 0.6682004246312305273 ) ) ;
#144 = CARTESIAN_POINT ( 'NONE',  ( -1.886818339539050093, 4.814143360695877227, -1.497018307377081081 ) ) ;
#145 = ORIENTED_EDGE ( 'NONE', *, *, #1940, .T. ) ;
#146 = CARTESIAN_POINT ( 'NONE',  ( -2.998266748853574359, 5.174025221864123836, -1.400000000000439337 ) ) ;
#147 = CARTESIAN_POINT ( 'NONE',  ( 3.329448598387882541, 3.779525907296942933, 0.6000000000000026423 ) ) ;
#148 = CARTESIAN_POINT ( 'NONE',  ( -3.841431907060879336, 4.481464610060857723, -1.278047601952343681 ) ) ;
#149 = CARTESIAN_POINT ( 'NONE',  ( 2.227926455670855344, 4.708847398638219772, 2.505792861893386014 ) ) ;
#150 = VERTEX_POINT ( 'NONE', #502 ) ;
#151 = CARTESIAN_POINT ( 'NONE',  ( -1.428265161567253028, 5.726071554509677419, -1.661519916682756559 ) ) ;
#152 = CARTESIAN_POINT ( 'NONE',  ( -3.458427827833292501, -1.270605770831452417E-15, 0.07217401147940989692 ) ) ;
#153 = EDGE_CURVE ( 'NONE', #526, #2461, #819, .T. ) ;
#154 = CARTESIAN_POINT ( 'NONE',  ( -1.437621317501818430, 5.923930059137053838, -1.749521826545896941 ) ) ;
#155 = CARTESIAN_POINT ( 'NONE',  ( -4.111102133141198323, 0.4053868801203294736, 0.1316493982330204926 ) ) ;
#156 = CARTESIAN_POINT ( 'NONE',  ( -3.749999999999990674, -25.00000000000000000, 0.0000000000000000000 ) ) ;
#157 = CARTESIAN_POINT ( 'NONE',  ( -2.682000346689521475, 6.738423475581724276, -1.400000000000001021 ) ) ;
#158 = CARTESIAN_POINT ( 'NONE',  ( -2.405831386832574914, 3.754913645745628692, -1.295698253942017431 ) ) ;
#159 = CARTESIAN_POINT ( 'NONE',  ( 1.710194925549471723, 5.269499363376062284, 2.159132885894609721 ) ) ;
#160 = CARTESIAN_POINT ( 'NONE',  ( -1.221358013330674064, 6.253889530480093661, -0.5581011132727735635 ) ) ;
#161 = ORIENTED_EDGE ( 'NONE', *, *, #2224, .T. ) ;
#162 = CARTESIAN_POINT ( 'NONE',  ( -2.730288195571516585, 2.588373895651641110, -1.467399440654077569 ) ) ;
#163 = FACE_OUTER_BOUND ( 'NONE', #3599, .T. ) ;
#164 = CARTESIAN_POINT ( 'NONE',  ( -1.721694192415715863, 6.491777222461527330, -1.653212436607780722 ) ) ;
#165 = CARTESIAN_POINT ( 'NONE',  ( -3.915574502976929772, -1.438558734568105637E-15, 0.2999999999999991007 ) ) ;
#166 = CARTESIAN_POINT ( 'NONE',  ( 3.369835893652457948, 4.200234107820010721, 1.900000000000056755 ) ) ;
#167 = CARTESIAN_POINT ( 'NONE',  ( 0.0000000000000000000, 10.49999999999999822, 0.6000000000000004219 ) ) ;
#168 = PRESENTATION_STYLE_ASSIGNMENT (( #3179 ) ) ;
#169 = CARTESIAN_POINT ( 'NONE',  ( -2.674960221289558682, 5.783732988193027502, -1.892634198023934067 ) ) ;
#170 = CARTESIAN_POINT ( 'NONE',  ( -2.141793261365043222, 4.022844729235133698, -1.949999995881041670 ) ) ;
#171 = CARTESIAN_POINT ( 'NONE',  ( 1.228783895022639072, 6.371309281294248450, 0.3000000000000002665 ) ) ;
#172 = AXIS2_PLACEMENT_3D ( 'NONE', #2087, #547, #1206 ) ;
#173 = EDGE_CURVE ( 'NONE', #2023, #1226, #1738, .T. ) ;
#174 = CARTESIAN_POINT ( 'NONE',  ( -1.847439540985615247, 4.826765330975701929, -2.141010846244125965 ) ) ;
#175 = CARTESIAN_POINT ( 'NONE',  ( -4.148830380558505837, 1.613912230371197909, -0.3140862951810897696 ) ) ;
#176 = CARTESIAN_POINT ( 'NONE',  ( -2.411863636142050904, 6.233537536137979451, -1.774571546449037474 ) ) ;
#177 = CARTESIAN_POINT ( 'NONE',  ( -1.905842125364962003, 4.569965945262463691, -1.950132486572449642 ) ) ;
#178 = CARTESIAN_POINT ( 'NONE',  ( -3.845047280504693799, 4.293532878243703443, -1.128012511059165890 ) ) ;
#179 = CARTESIAN_POINT ( 'NONE',  ( -1.455020435850431726, 5.805927210332739286, -1.777712585355377239 ) ) ;
#180 = CARTESIAN_POINT ( 'NONE',  ( -1.991429580539018529, 6.037567053428752217, -2.233137225040786156 ) ) ;
#181 = PRODUCT_RELATED_PRODUCT_CATEGORY ( 'part', '', ( #1287 ) ) ;
#182 = EDGE_LOOP ( 'NONE', ( #3373, #554 ) ) ;
#183 = CARTESIAN_POINT ( 'NONE',  ( 3.559213058287493681, 3.684745750747543180, 1.712010947176770159 ) ) ;
#184 = CARTESIAN_POINT ( 'NONE',  ( 3.450000000000000622, 0.0000000000000000000, -9.486769009248163798E-17 ) ) ;
#185 = CARTESIAN_POINT ( 'NONE',  ( -2.443328287559600742, 3.744214823450420226, -1.292395937706118492 ) ) ;
#186 = CARTESIAN_POINT ( 'NONE',  ( 1.645649549361660968, 5.573616318914127454, 2.117352006862969649 ) ) ;
#187 = CARTESIAN_POINT ( 'NONE',  ( -1.531159542739125801, 5.612070601875570830, -0.9614636333052664074 ) ) ;
#188 = CARTESIAN_POINT ( 'NONE',  ( -2.890006502762114682, 2.043215564122062844, -0.9938229902920276970 ) ) ;
#189 = VERTEX_POINT ( 'NONE', #1434 ) ;
#190 = CARTESIAN_POINT ( 'NONE',  ( 1.327334803647232775, 6.086607194956924261, 1.413863520867874035 ) ) ;
#191 = CARTESIAN_POINT ( 'NONE',  ( 3.159343182582117215, 4.683123634228428145, 1.950000000000000400 ) ) ;
#192 = CARTESIAN_POINT ( 'NONE',  ( -1.453917631664150001, 6.552367474375612844, -1.417631308251939615 ) ) ;
#193 = CARTESIAN_POINT ( 'NONE',  ( -1.165271817265881804, 4.783301857215295882, -1.399999999999992362 ) ) ;
#194 = CARTESIAN_POINT ( 'NONE',  ( 2.730288195571515697, 2.588373895651641998, 1.467399440654077569 ) ) ;
#195 = ORIENTED_EDGE ( 'NONE', *, *, #685, .F. ) ;
#196 = DIRECTION ( 'NONE',  ( 0.3959543702886355598, 0.9182701871722344089, 0.0000000000000000000 ) ) ;
#197 = ORIENTED_EDGE ( 'NONE', *, *, #428, .T. ) ;
#198 = CARTESIAN_POINT ( 'NONE',  ( -1.627486013676071819, 3.765227230815664683, -1.375034978631066052 ) ) ;
#199 = CARTESIAN_POINT ( 'NONE',  ( -2.372810746275361371, 5.010716887767134864, -1.212707089150268702 ) ) ;
#200 = CARTESIAN_POINT ( 'NONE',  ( -1.267852536245851258, 5.926950836251357657, -0.4194474156306028378 ) ) ;
#201 = PRESENTATION_LAYER_ASSIGNMENT (  '', '', ( #3039 ) ) ;
#202 = CARTESIAN_POINT ( 'NONE',  ( -3.450672127485116203, -1.267756372749490452E-15, -0.02468043041677002794 ) ) ;
#203 = AXIS2_PLACEMENT_3D ( 'NONE', #2753, #987, #1288 ) ;
#204 = CARTESIAN_POINT ( 'NONE',  ( 1.777677900921622367, 5.110964915931686114, 2.198438205196524553 ) ) ;
#205 = CARTESIAN_POINT ( 'NONE',  ( 1.233632552340824917, 6.271627716356002580, 0.8352141647979822725 ) ) ;
#206 = CARTESIAN_POINT ( 'NONE',  ( 2.641624456618543615, 6.116931029315999524, 1.400000000000820366 ) ) ;
#207 = CARTESIAN_POINT ( 'NONE',  ( -2.176081531221783827, 4.832443342204007841, -2.506208013905879550 ) ) ;
#208 = CARTESIAN_POINT ( 'NONE',  ( -1.291384683563405300, 5.846388459753364408, -1.399999999999991696 ) ) ;
#209 = CARTESIAN_POINT ( 'NONE',  ( -2.485030201561864605, 3.221562471412931394, -1.900000000000000133 ) ) ;
#210 = CARTESIAN_POINT ( 'NONE',  ( -1.953046635586373148, 3.396158557557122037, -1.044326818727884687 ) ) ;
#211 = ORIENTED_EDGE ( 'NONE', *, *, #331, .T. ) ;
#212 = CARTESIAN_POINT ( 'NONE',  ( -1.738056424922894916, 3.581580470285011586, -1.274802114707178857 ) ) ;
#213 = CARTESIAN_POINT ( 'NONE',  ( -2.418789813652463039, 4.908065172585182268, -1.213744575373681522 ) ) ;
#214 = ORIENTED_EDGE ( 'NONE', *, *, #1494, .F. ) ;
#215 = FACE_OUTER_BOUND ( 'NONE', #2136, .T. ) ;
#216 = CARTESIAN_POINT ( 'NONE',  ( 1.873861857623653648, 3.443565740311780754, 1.128012511059166556 ) ) ;
#217 = CARTESIAN_POINT ( 'NONE',  ( -2.978016465552879133, 2.224285852956804810, -2.013744414340959743 ) ) ;
#218 = CARTESIAN_POINT ( 'NONE',  ( 1.472489117793820856, 5.902776674983110539, 1.821816068065163829 ) ) ;
#219 = CARTESIAN_POINT ( 'NONE',  ( 3.139140788855628639, 6.166951084933902649, 1.399999999999969491 ) ) ;
#220 = CARTESIAN_POINT ( 'NONE',  ( -1.145203558475207828, 6.650518959026908483, -1.400000000000000133 ) ) ;
#221 = CARTESIAN_POINT ( 'NONE',  ( 2.420260337248538729, 3.401243777960705206, 0.6000000000000004219 ) ) ;
#222 = CARTESIAN_POINT ( 'NONE',  ( -2.795186430751542606, 2.689520724329280910, -1.311943545451798698 ) ) ;
#223 = CARTESIAN_POINT ( 'NONE',  ( 1.388484493730913316, 5.903826696105720195, 1.612520102149744172 ) ) ;
#224 = FACE_OUTER_BOUND ( 'NONE', #2402, .T. ) ;
#225 = CARTESIAN_POINT ( 'NONE',  ( -2.796897307286766221, 4.954185315965061953, -1.324704765378051707 ) ) ;
#226 = AXIS2_PLACEMENT_3D ( 'NONE', #3479, #2428, #2187 ) ;
#227 = EDGE_CURVE ( 'NONE', #1087, #2496, #774, .T. ) ;
#228 = CARTESIAN_POINT ( 'NONE',  ( -3.404945265595108683, 0.7858211816240399106, -0.7158138100036429696 ) ) ;
#229 = CARTESIAN_POINT ( 'NONE',  ( 1.447962097436725548, 5.843217297177875302, 1.772008914324876283 ) ) ;
#230 = CARTESIAN_POINT ( 'NONE',  ( -1.969297765748174944, 4.597327759334386421, -2.183419704845699805 ) ) ;
#231 = CARTESIAN_POINT ( 'NONE',  ( -1.996679119663055779, 5.258752408535378287, -2.471941011611471950 ) ) ;
#232 = CARTESIAN_POINT ( 'NONE',  ( -1.538126607758711240, 6.335398093607668812, -1.668517720677513028 ) ) ;
#233 = CARTESIAN_POINT ( 'NONE',  ( 3.497983394136691349, 0.0000000000000000000, -0.2085906620243119791 ) ) ;
#234 = CARTESIAN_POINT ( 'NONE',  ( -2.013053611469212356, 3.372054637779288377, -0.9757955608565925809 ) ) ;
#235 = ORIENTED_EDGE ( 'NONE', *, *, #1064, .F. ) ;
#236 = CARTESIAN_POINT ( 'NONE',  ( 1.481373873274780095, 5.714563436847226896, 0.4136764289750038959 ) ) ;
#237 = CARTESIAN_POINT ( 'NONE',  ( -2.705642484653358881, 5.159279741867816682, -1.321179777878584316 ) ) ;
#238 = CARTESIAN_POINT ( 'NONE',  ( 1.905842125364960227, 4.569965945262464579, 1.950132486572449642 ) ) ;
#239 = CARTESIAN_POINT ( 'NONE',  ( -2.725886946185492210, 2.489941294163702690, -1.595720664229968389 ) ) ;
#240 = CARTESIAN_POINT ( 'NONE',  ( 1.697936991981076282, 5.254995737294657410, 2.132235299095480041 ) ) ;
#241 = CARTESIAN_POINT ( 'NONE',  ( 1.233340770273438025, 6.223697259858747444, 0.8273593561261214369 ) ) ;
#242 = CARTESIAN_POINT ( 'NONE',  ( -1.475892805966898758, 5.756747183344073093, -1.822267003094459437 ) ) ;
#243 = VERTEX_POINT ( 'NONE', #618 ) ;
#244 = CARTESIAN_POINT ( 'NONE',  ( -1.445852405638706761, 6.080831529080409581, -1.714257396004822187 ) ) ;
#245 = CARTESIAN_POINT ( 'NONE',  ( 3.134842407771267769, 1.150504923151925762, 0.3590480057990261820 ) ) ;
#246 = CARTESIAN_POINT ( 'NONE',  ( 0.9921004852300489008, 5.240236278891417854, 1.400000000000000577 ) ) ;
#247 = EDGE_CURVE ( 'NONE', #3143, #446, #2855, .T. ) ;
#248 = CARTESIAN_POINT ( 'NONE',  ( 1.267852536245849038, 5.926950836251358545, 0.4194474156306028378 ) ) ;
#249 = CARTESIAN_POINT ( 'NONE',  ( -2.372607275237064162, 5.868747986929209404, -0.3000000000000002665 ) ) ;
#250 = CARTESIAN_POINT ( 'NONE',  ( -3.450000000000000622, -1.267509437117510795E-15, -0.008278725148846354312 ) ) ;
#251 = DIRECTION ( 'NONE',  ( 0.0000000000000000000, 0.0000000000000000000, -1.000000000000000000 ) ) ;
#252 =( GEOMETRIC_REPRESENTATION_CONTEXT ( 3 ) GLOBAL_UNCERTAINTY_ASSIGNED_CONTEXT ( ( #1567 ) ) GLOBAL_UNIT_ASSIGNED_CONTEXT ( ( #95, #2155, #2466 ) ) REPRESENTATION_CONTEXT ( 'NONE', 'WORKASPACE' ) );
#253 = CARTESIAN_POINT ( 'NONE',  ( -3.450000000000000622, -1.267509437117510795E-15, 9.486769009248163798E-17 ) ) ;
#254 = CARTESIAN_POINT ( 'NONE',  ( 1.444321485640154945, 5.831091395541184497, 1.761274870928619674 ) ) ;
#255 = CARTESIAN_POINT ( 'NONE',  ( 1.428265161567250807, 5.726071554509678307, 1.661519916682756559 ) ) ;
#256 = CARTESIAN_POINT ( 'NONE',  ( 3.456025660653777365, 5.504952424699275149, 1.399999999999999245 ) ) ;
#257 = ORIENTED_EDGE ( 'NONE', *, *, #1089, .T. ) ;
#258 = VECTOR ( 'NONE', #3054, 1000.000000000000000 ) ;
#259 = DIRECTION ( 'NONE',  ( 3.673940397442059375E-16, -1.000000000000000000, 0.0000000000000000000 ) ) ;
#260 = CARTESIAN_POINT ( 'NONE',  ( 3.418029041153439529, 0.2457713997958057284, 0.2659107272257500432 ) ) ;
#261 = CARTESIAN_POINT ( 'NONE',  ( -3.484513235172959966, 3.864513109209765762, -0.6913611517626695457 ) ) ;
#262 = FACE_OUTER_BOUND ( 'NONE', #1629, .T. ) ;
#263 = CARTESIAN_POINT ( 'NONE',  ( 1.831909256521421669, 4.817988931496181237, 2.095836157768625085 ) ) ;
#264 = CARTESIAN_POINT ( 'NONE',  ( -1.262305719901803069, 6.495771447617110894, -0.3000000000000002665 ) ) ;
#265 = CARTESIAN_POINT ( 'NONE',  ( -3.376193798541041513, 0.2905844993538302390, -0.1040888685906503630 ) ) ;
#266 = CARTESIAN_POINT ( 'NONE',  ( -3.857637417314161900E-15, 10.49999999999999822, -1.400000000000000355 ) ) ;
#267 = CARTESIAN_POINT ( 'NONE',  ( 2.291856112264913925, 5.186663828530192255, 1.184858692391623336 ) ) ;
#268 = CARTESIAN_POINT ( 'NONE',  ( 1.567321701341924944, 5.437196871376637652, 1.932692042519911224 ) ) ;
#269 = CARTESIAN_POINT ( 'NONE',  ( 1.458621639027364081, 6.151547189726835008, 1.699794847379386464 ) ) ;
#270 = VECTOR ( 'NONE', #2482, 1000.000000000000227 ) ;
#271 = CARTESIAN_POINT ( 'NONE',  ( -3.750000000000000000, -1.377727649040772192E-15, 0.0000000000000000000 ) ) ;
#272 = CARTESIAN_POINT ( 'NONE',  ( 3.587849318386977959, 0.4256288910031730821, -0.3133227930709813758 ) ) ;
#273 = CARTESIAN_POINT ( 'NONE',  ( -3.538659266036832118, 2.970467906729530760, -1.179517748352910678 ) ) ;
#274 = B_SPLINE_CURVE_WITH_KNOTS ( 'NONE', 3,
 ( #3052, #84, #1578, #1298, #1561, #99, #1272, #2453, #1860, #2172, #2195, #1010, #984, #3335, #3313, #134, #418, #3593, #1585, #654 ),
 .UNSPECIFIED., .F., .F.,
 ( 4, 2, 2, 2, 2, 2, 2, 2, 2, 4 ),
 ( 0.0000000000000000000, 0.0003659398767668287024, 0.0007318797535336574048, 0.001097819630300486161, 0.001463759507067314810, 0.001829699383834143241, 0.002012669322217558107, 0.002195639260600972757, 0.002561579137367802055, 0.002927519014134631354 ),
 .UNSPECIFIED. ) ;
#275 = CARTESIAN_POINT ( 'NONE',  ( 1.220956647364553449, 6.257314138256488967, 0.3000000000000002665 ) ) ;
#276 = CARTESIAN_POINT ( 'NONE',  ( -2.045552518829157673, 4.630208498750172375, -2.302686357637248715 ) ) ;
#277 = CARTESIAN_POINT ( 'NONE',  ( -2.725989120377156016, 2.567948306440110073, -1.493107608602754599 ) ) ;
#278 = AXIS2_PLACEMENT_3D ( 'NONE', #1371, #2583, #1410 ) ;
#279 = EDGE_CURVE ( 'NONE', #1302, #3305, #2307, .T. ) ;
#280 = CARTESIAN_POINT ( 'NONE',  ( 2.430186026741656402, 5.762150040686427666, 0.9418306495484298768 ) ) ;
#281 = CARTESIAN_POINT ( 'NONE',  ( 3.383243719290173424, 0.3397097989292665599, -0.06322835893476168312 ) ) ;
#282 = CARTESIAN_POINT ( 'NONE',  ( 1.883564440125409023, 4.697061114509588187, 2.094939931365392027 ) ) ;
#283 = CARTESIAN_POINT ( 'NONE',  ( 2.306407788083117971, 6.563323012941889800, 1.400000000027378233 ) ) ;
#284 = DIRECTION ( 'NONE',  ( 0.0000000000000000000, 0.0000000000000000000, -1.000000000000000000 ) ) ;
#285 = CARTESIAN_POINT ( 'NONE',  ( 2.888163336067103071, 2.033586484913682657, 1.006469523615213024 ) ) ;
#286 = ORIENTED_EDGE ( 'NONE', *, *, #1039, .F. ) ;
#287 = CARTESIAN_POINT ( 'NONE',  ( -3.315050714442267843, 2.607187873211243456, -1.601462783640562604 ) ) ;
#288 = CARTESIAN_POINT ( 'NONE',  ( 3.377446739843696033, 3.800566445876276234, 0.8482921136028682696 ) ) ;
#289 = CARTESIAN_POINT ( 'NONE',  ( -1.678346332959944176, 5.283943235811226380, -1.348906746939467327 ) ) ;
#290 = ORIENTED_EDGE ( 'NONE', *, *, #153, .F. ) ;
#291 = CARTESIAN_POINT ( 'NONE',  ( 1.740206559436364930, 5.078145244631914856, 2.112998668316564466 ) ) ;
#292 = CARTESIAN_POINT ( 'NONE',  ( -1.645649549361662745, 5.573616318914126566, -2.117352006862969649 ) ) ;
#293 = CARTESIAN_POINT ( 'NONE',  ( -3.458427827833292501, -1.270605770831452417E-15, -0.07217401147940971651 ) ) ;
#294 = CARTESIAN_POINT ( 'NONE',  ( -1.370437363300512246, 6.225823706650659872, -1.484991184280594956 ) ) ;
#295 = VERTEX_POINT ( 'NONE', #2606 ) ;
#296 = CARTESIAN_POINT ( 'NONE',  ( 2.459742088701794227, 6.525289060175495592, 0.3000000000000002665 ) ) ;
#297 = CARTESIAN_POINT ( 'NONE',  ( 4.049999999999998934, 0.0000000000000000000, -0.1655745029769294663 ) ) ;
#298 = CARTESIAN_POINT ( 'NONE',  ( 3.845047280504666709, 4.293532878243693673, 1.128012511059170331 ) ) ;
#299 = CARTESIAN_POINT ( 'NONE',  ( 1.740206559436364930, 5.078145244631914856, 2.112998668316564466 ) ) ;
#300 = CARTESIAN_POINT ( 'NONE',  ( 1.504504856306959404, 6.278183694488008726, 1.677122715946511855 ) ) ;
#301 = CARTESIAN_POINT ( 'NONE',  ( 3.133854428063382880, 1.175095987163621292, 0.3400494940973343150 ) ) ;
#302 = DIRECTION ( 'NONE',  ( 0.0000000000000000000, 0.6050832675335582334, 0.7961621941231021848 ) ) ;
#303 = ORIENTED_EDGE ( 'NONE', *, *, #834, .F. ) ;
#304 =( BOUNDED_SURFACE ( )  B_SPLINE_SURFACE ( 3, 2, ( 
 ( #114, #2177, #2446 ),
 ( #3290, #2998, #3337 ),
 ( #1601, #3628, #2132 ),
 ( #3304, #2485, #703 ),
 ( #1241, #372, #3598 ),
 ( #2433, #2726, #1566 ),
 ( #1862, #1263, #1638 ),
 ( #3384, #2211, #183 ) ),
 .UNSPECIFIED., .F., .F., .F. ) 
 B_SPLINE_SURFACE_WITH_KNOTS ( ( 4, 2, 2, 4 ),
 ( 3, 3 ),
 ( 0.0000000000000000000, 0.0006043778166692364857, 0.0009065667250038547285, 0.001208755633338472971 ),
 ( 0.0000000000000000000, 1.000000000000000000 ),
 .UNSPECIFIED. ) 
 GEOMETRIC_REPRESENTATION_ITEM ( )  RATIONAL_B_SPLINE_SURFACE ( (
 ( 1.000000000000000000, 0.7359800721939869783, 1.000000000000000000),
 ( 1.000000000000000000, 0.7449447618500391055, 1.000000000000000000),
 ( 1.000000000000000000, 0.7385203374571738255, 1.000000000000000000),
 ( 1.000000000000000000, 0.7167204677968949111, 1.000000000000000000),
 ( 1.000000000000000000, 0.7075794069245083806, 1.000000000000000000),
 ( 1.000000000000000000, 0.6883202134308513687, 1.000000000000000000),
 ( 1.000000000000000000, 0.6783012029005902610, 1.000000000000000000),
 ( 1.000000000000000000, 0.6701071936517222216, 1.000000000000000000) ) ) 
 REPRESENTATION_ITEM ( '' )  SURFACE ( )  );
#305 = CARTESIAN_POINT ( 'NONE',  ( -2.418789813652463039, 4.908065172585182268, -1.213744575373681522 ) ) ;
#306 = AXIS2_PLACEMENT_3D ( 'NONE', #3213, #2928, #1164 ) ;
#307 = EDGE_CURVE ( 'NONE', #3288, #1593, #1581, .T. ) ;
#308 = B_SPLINE_CURVE_WITH_KNOTS ( 'NONE', 3,
 ( #3107, #2525, #1373, #3363, #772, #434, #2504, #797, #2894, #821, #2853, #482, #2290, #2573, #2265, #1689, #807, #3194, #3715, #2008, #529, #493, #1725, #1436, #3469, #2861 ),
 .UNSPECIFIED., .F., .F.,
 ( 4, 2, 2, 2, 2, 2, 2, 2, 2, 2, 2, 2, 4 ),
 ( 0.0000000000000000000, 0.0007329499744981308367, 0.001465899948996261673, 0.001832374936245325520, 0.002198849923494389583, 0.002565324910743454079, 0.002931799897992518143, 0.003298274885241581772, 0.003664749872490645835, 0.004031224859739709898, 0.004397699846988773961, 0.005130649821486904689, 0.005863599795985034550 ),
 .UNSPECIFIED. ) ;
#309 = CARTESIAN_POINT ( 'NONE',  ( -1.353349505186274948, 6.185469781863741190, -1.465543044824664021 ) ) ;
#310 = CARTESIAN_POINT ( 'NONE',  ( -1.731555457530251863, 5.291610911424764474, -2.196773989391285653 ) ) ;
#311 = CARTESIAN_POINT ( 'NONE',  ( -1.628449535662181535, 3.763263726317378488, -1.374604621562706575 ) ) ;
#312 = AXIS2_PLACEMENT_3D ( 'NONE', #3312, #1455, #1677 ) ;
#313 = CARTESIAN_POINT ( 'NONE',  ( 2.311319278422347079, 5.145730279886795877, 1.195918423170509115 ) ) ;
#314 = ORIENTED_EDGE ( 'NONE', *, *, #227, .F. ) ;
#315 = DIRECTION ( 'NONE',  ( 0.3959543702886355598, 0.9182701871722344089, 0.0000000000000000000 ) ) ;
#316 = TOROIDAL_SURFACE ( 'NONE', #2641, 6.699999999999999289, 0.8000000000000000444 ) ;
#317 = CARTESIAN_POINT ( 'NONE',  ( 2.110626801716966483, 5.572019537441188497, 0.8255144084628539547 ) ) ;
#318 = CARTESIAN_POINT ( 'NONE',  ( -3.541098443217663760, 2.980241055341994016, -1.189296821182054709 ) ) ;
#319 = CARTESIAN_POINT ( 'NONE',  ( 1.687759388185541498, 5.080248128763494186, 1.930249275505470763 ) ) ;
#320 = CARTESIAN_POINT ( 'NONE',  ( 2.061251749499905639, 4.209631074000224515, 1.950000000000000400 ) ) ;
#321 = CARTESIAN_POINT ( 'NONE',  ( -1.633889015982480819, 5.087516295483988316, -1.724042082599258618 ) ) ;
#322 = CARTESIAN_POINT ( 'NONE',  ( -2.393996259710795993, 5.081504257522024837, -2.553552719563844331 ) ) ;
#323 = CARTESIAN_POINT ( 'NONE',  ( 1.573451809109476462, 3.869553187135669869, 1.400000000000000799 ) ) ;
#324 = CARTESIAN_POINT ( 'NONE',  ( -1.491742944166266183, 5.937499026297803795, -1.848678919397052312 ) ) ;
#325 = DIRECTION ( 'NONE',  ( 0.0000000000000000000, 0.8076857560047386864, 0.5896131948549437896 ) ) ;
#326 = CARTESIAN_POINT ( 'NONE',  ( 2.226355673300983273, 6.828450859217997326, 0.5634005289827980212 ) ) ;
#327 = CARTESIAN_POINT ( 'NONE',  ( 1.757814385726696571, 5.094192715954898532, 2.156355320937775932 ) ) ;
#328 = CARTESIAN_POINT ( 'NONE',  ( 2.796897307286764445, 4.954185315965062841, 1.324704765378051707 ) ) ;
#329 = DIRECTION ( 'NONE',  ( -3.673940397442059375E-16, 1.000000000000000000, 0.0000000000000000000 ) ) ;
#330 = CARTESIAN_POINT ( 'NONE',  ( 3.793457852373697481, 4.135991249943399062, 0.9808074258538508339 ) ) ;
#331 = EDGE_CURVE ( 'NONE', #2156, #1901, #1899, .T. ) ;
#332 = CARTESIAN_POINT ( 'NONE',  ( -2.178739585367160281, 5.430011983553249877, -1.031152745414280592 ) ) ;
#333 = CARTESIAN_POINT ( 'NONE',  ( -1.545340569021595778, 5.657543360383827213, -1.965016839936291948 ) ) ;
#334 = DIRECTION ( 'NONE',  ( -0.0000000000000000000, -0.0000000000000000000, -1.000000000000000000 ) ) ;
#335 = AXIS2_PLACEMENT_3D ( 'NONE', #2980, #1222, #3572 ) ;
#336 = CARTESIAN_POINT ( 'NONE',  ( -1.234106558882377414, 6.400446062449161921, -0.5635586161810350880 ) ) ;
#337 = CARTESIAN_POINT ( 'NONE',  ( -3.857637417314161900E-15, 10.49999999999999822, -1.400000000000000355 ) ) ;
#338 = CARTESIAN_POINT ( 'NONE',  ( 1.646622830119004677, 6.870322459156044559, 0.9042598410078909188 ) ) ;
#339 = CARTESIAN_POINT ( 'NONE',  ( -3.329448598387881209, 3.779525907296940712, -0.6000000000000004219 ) ) ;
#340 = CARTESIAN_POINT ( 'NONE',  ( 2.375170652590952614, 5.869518693267210097, 0.5237775266618676095 ) ) ;
#341 = ORIENTED_EDGE ( 'NONE', *, *, #864, .F. ) ;
#342 = CARTESIAN_POINT ( 'NONE',  ( 3.201624531698234577, 4.022201306827770217, 1.285651798481097785 ) ) ;
#343 = ORIENTED_EDGE ( 'NONE', *, *, #1876, .F. ) ;
#344 = EDGE_LOOP ( 'NONE', ( #1171, #1383 ) ) ;
#345 = CARTESIAN_POINT ( 'NONE',  ( 3.297758075989888127, 3.317837585908912423, 1.191612920968346812 ) ) ;
#346 = CARTESIAN_POINT ( 'NONE',  ( -1.482985855917597240, 5.713030822531479203, -0.5327579729016639343 ) ) ;
#347 = CARTESIAN_POINT ( 'NONE',  ( -1.623565798725936427, 5.546068975189056616, -2.084928165736461114 ) ) ;
#348 = CARTESIAN_POINT ( 'NONE',  ( 2.141793261365017464, 4.022844729235191430, 1.949999995881049886 ) ) ;
#349 = CARTESIAN_POINT ( 'NONE',  ( -1.800886288419760728, 5.128549692588666886, -2.237287782588400997 ) ) ;
#350 = CARTESIAN_POINT ( 'NONE',  ( -1.962115809820968115, 4.594230929146144504, -2.168825928356886923 ) ) ;
#351 = ADVANCED_FACE ( 'NONE', ( #3133 ), #1100, .F. ) ;
#352 = CARTESIAN_POINT ( 'NONE',  ( 2.176081531221782051, 4.832443342204008729, 2.506208013905879550 ) ) ;
#353 = CARTESIAN_POINT ( 'NONE',  ( 3.368997974598249012, 0.3120103285998389042, 0.02922186427374147757 ) ) ;
#354 = CARTESIAN_POINT ( 'NONE',  ( -2.796851327602351667, 3.540434261198265986, -0.4232394839112977869 ) ) ;
#355 = DIRECTION ( 'NONE',  ( 0.3959543702886358374, -0.9182701871722340758, 0.0000000000000000000 ) ) ;
#356 = CARTESIAN_POINT ( 'NONE',  ( -3.170706262225991612, 2.631604573110747580, -0.8910805753375959926 ) ) ;
#357 = ORIENTED_EDGE ( 'NONE', *, *, #1308, .T. ) ;
#358 = EDGE_CURVE ( 'NONE', #1372, #3070, #3344, .T. ) ;
#359 = DIRECTION ( 'NONE',  ( 1.000000000000000000, 0.0000000000000000000, 0.0000000000000000000 ) ) ;
#360 = CARTESIAN_POINT ( 'NONE',  ( 1.798776978290815842, 3.494365382171960466, 1.205832525065051675 ) ) ;
#361 = CARTESIAN_POINT ( 'NONE',  ( -1.238586244322096297, 6.320250460180410812, -0.8428516780552741672 ) ) ;
#362 = EDGE_LOOP ( 'NONE', ( #3460, #2547 ) ) ;
#363 = CARTESIAN_POINT ( 'NONE',  ( 2.060393202839395421, 5.873470619710890794, 2.334937496772657273 ) ) ;
#364 = CARTESIAN_POINT ( 'NONE',  ( 2.931362423611992618, 1.796064980379968645, 1.342581832102294648 ) ) ;
#365 = CARTESIAN_POINT ( 'NONE',  ( 2.144219345691454226, 3.339594812814103086, 0.8069203084942092596 ) ) ;
#366 = CARTESIAN_POINT ( 'NONE',  ( 2.390604048577837926, 5.843873589059890072, 0.7426297613316988899 ) ) ;
#367 = COLOUR_RGB ( '',0.7921568627450980005, 0.8196078431372548767, 0.9333333333333333481 ) ;
#368 = CARTESIAN_POINT ( 'NONE',  ( 1.446587243708901793, 5.850678146396711021, 1.766848308465702733 ) ) ;
#369 = DIRECTION ( 'NONE',  ( 0.0000000000000000000, 1.000000000000000000, 0.0000000000000000000 ) ) ;
#370 = CARTESIAN_POINT ( 'NONE',  ( 3.845047280504890974, 4.293532878243799367, 1.128012511059143463 ) ) ;
#371 = DIRECTION ( 'NONE',  ( -0.1621624308655452984, -0.7856242535774905500, 0.5970744327188931555 ) ) ;
#372 = CARTESIAN_POINT ( 'NONE',  ( 3.290511775168002195, 4.249167562779741836, 1.333489679814527706 ) ) ;
#373 = CARTESIAN_POINT ( 'NONE',  ( 3.407660330602273024, 4.112514270879536582, 1.881174249376962537 ) ) ;
#374 = ORIENTED_EDGE ( 'NONE', *, *, #1599, .F. ) ;
#375 = DIRECTION ( 'NONE',  ( 0.0000000000000000000, 0.0000000000000000000, 1.000000000000000000 ) ) ;
#376 = CARTESIAN_POINT ( 'NONE',  ( -1.919437216437756000, 4.714537071455826123, -2.184245990543555838 ) ) ;
#377 = CARTESIAN_POINT ( 'NONE',  ( 1.396955960690482446, 5.942822017232483489, 1.641816819559704488 ) ) ;
#378 = CARTESIAN_POINT ( 'NONE',  ( -2.107572974996650750, 3.345940795722751826, -0.8556728758408641555 ) ) ;
#379 = CARTESIAN_POINT ( 'NONE',  ( 2.326844011083982089, 6.583319540387168267, 1.452388936165146527 ) ) ;
#380 = CARTESIAN_POINT ( 'NONE',  ( 1.538126607758794506, 6.335398093607910397, 1.668517720677346272 ) ) ;
#381 = CARTESIAN_POINT ( 'NONE',  ( -3.749999999999995559, -25.00000000000000000, 0.3000000000000018763 ) ) ;
#382 = CARTESIAN_POINT ( 'NONE',  ( -2.293045980479946788, 3.399293692506069497, -0.9371059237002679065 ) ) ;
#383 = EDGE_CURVE ( 'NONE', #563, #1771, #3482, .T. ) ;
#384 = DIRECTION ( 'NONE',  ( -0.7657883267663265769, 0.2610889930613824461, 0.5877080706359435469 ) ) ;
#385 = CARTESIAN_POINT ( 'NONE',  ( -3.418789652673102974, 2.786352827005197152, -0.9677254999299542693 ) ) ;
#386 = ORIENTED_EDGE ( 'NONE', *, *, #2060, .F. ) ;
#387 = DIRECTION ( 'NONE',  ( -0.3959543702886357819, 0.9182701871722340758, 0.0000000000000000000 ) ) ;
#388 = CARTESIAN_POINT ( 'NONE',  ( -1.899386238365355029, 4.704899162175376404, -2.140124273178940939 ) ) ;
#389 = ORIENTED_EDGE ( 'NONE', *, *, #2354, .T. ) ;
#390 = CARTESIAN_POINT ( 'NONE',  ( 1.584223128789786994, 5.481353814558254101, 1.999024791874590035 ) ) ;
#391 = CARTESIAN_POINT ( 'NONE',  ( 2.998434874397768901, 2.602425749736219540, 0.9984915784814301087 ) ) ;
#392 = CARTESIAN_POINT ( 'NONE',  ( 2.540799116269540914, 6.338116075956846451, 1.253333347040879397 ) ) ;
#393 = ORIENTED_EDGE ( 'NONE', *, *, #1693, .F. ) ;
#394 = DIRECTION ( 'NONE',  ( 0.0000000000000000000, 0.0000000000000000000, -1.000000000000000000 ) ) ;
#395 = CARTESIAN_POINT ( 'NONE',  ( -2.592244987963720604, 3.302458062598063293, -1.106378929820490242 ) ) ;
#396 = CARTESIAN_POINT ( 'NONE',  ( -3.015464720814658772, 5.048314022360224307, -1.801488287093344187 ) ) ;
#397 = CARTESIAN_POINT ( 'NONE',  ( 3.781043231659412918, 4.691429809566522557, 1.374625442887378757 ) ) ;
#398 = CARTESIAN_POINT ( 'NONE',  ( -3.407660330602274357, 4.112514270879535694, -1.881174249376962537 ) ) ;
#399 = CARTESIAN_POINT ( 'NONE',  ( 2.343296412723226307, 3.550261742267327048, 1.862479960054964412 ) ) ;
#400 = CARTESIAN_POINT ( 'NONE',  ( 3.510038889568909415, 3.853717495343252697, 1.794848732377419598 ) ) ;
#401 = CARTESIAN_POINT ( 'NONE',  ( -1.228783895022641515, 6.371309281294247562, -0.3000000000000002665 ) ) ;
#402 = CARTESIAN_POINT ( 'NONE',  ( 3.371434866346837644, 0.2983699166423869897, 0.07646561450929327541 ) ) ;
#403 = ORIENTED_EDGE ( 'NONE', *, *, #1020, .T. ) ;
#404 = CARTESIAN_POINT ( 'NONE',  ( -3.051822487644475945, 3.630123012590547482, -1.619551811435445465 ) ) ;
#405 = EDGE_LOOP ( 'NONE', ( #1869, #3092, #83, #642 ) ) ;
#406 = CARTESIAN_POINT ( 'NONE',  ( 3.541098443217662428, 2.980241055341994905, 1.189296821182054709 ) ) ;
#407 = AXIS2_PLACEMENT_3D ( 'NONE', #3038, #3315, #1906 ) ;
#408 = EDGE_CURVE ( 'NONE', #3192, #2225, #2009, .T. ) ;
#409 = B_SPLINE_CURVE_WITH_KNOTS ( 'NONE', 3,
 ( #3559, #1479, #2666, #55, #1224, #1198 ),
 .UNSPECIFIED., .F., .F.,
 ( 4, 2, 4 ),
 ( -5.999999994865137507E-08, 0.0002037881314535014529, 0.0004076362629069515920 ),
 .UNSPECIFIED. ) ;
#410 = DIRECTION ( 'NONE',  ( 0.0000000000000000000, 0.0000000000000000000, 1.000000000000000000 ) ) ;
#411 = CARTESIAN_POINT ( 'NONE',  ( -1.226564455325961367, 6.353288293330902725, -0.4278583180913634321 ) ) ;
#412 = CARTESIAN_POINT ( 'NONE',  ( -2.851351198986700197, 2.644097749992888602, -1.197719777792443985 ) ) ;
#413 = CARTESIAN_POINT ( 'NONE',  ( 1.752933423787021994, 6.608589498273487628, 1.613361671691185162 ) ) ;
#414 = CARTESIAN_POINT ( 'NONE',  ( -1.526924164704444697, 5.616007552860120988, -1.916998686959330067 ) ) ;
#415 = CARTESIAN_POINT ( 'NONE',  ( -1.861741571842224774, 4.672218384141902270, -1.950063735689418376 ) ) ;
#416 = ORIENTED_EDGE ( 'NONE', *, *, #3389, .F. ) ;
#417 = CARTESIAN_POINT ( 'NONE',  ( 3.586864504442439205, 3.195978458675524880, 1.385181859169651197 ) ) ;
#418 = CARTESIAN_POINT ( 'NONE',  ( 1.496674605529588531, 6.281144208052952926, 1.675368633299396226 ) ) ;
#419 = CARTESIAN_POINT ( 'NONE',  ( -3.284784313353792395, 4.458834861095399837, -1.394777538600762368 ) ) ;
#420 = DIRECTION ( 'NONE',  ( 0.0000000000000000000, 0.0000000000000000000, -1.000000000000000000 ) ) ;
#421 = DIRECTION ( 'NONE',  ( 0.0000000000000000000, 0.0000000000000000000, -1.000000000000000000 ) ) ;
#422 = CARTESIAN_POINT ( 'NONE',  ( 2.635553651688146815, 3.267012768642139076, 1.135266292658426490 ) ) ;
#423 = CARTESIAN_POINT ( 'NONE',  ( 0.0000000000000000000, 10.49999999999999822, 0.6000000000000004219 ) ) ;
#424 = CARTESIAN_POINT ( 'NONE',  ( 1.404817381320314418, 6.672857559387110449, 1.104991595169694918 ) ) ;
#425 = VERTEX_POINT ( 'NONE', #830 ) ;
#426 = CARTESIAN_POINT ( 'NONE',  ( -1.254120823591571732, 6.282366173532310860, -1.011024090198334502 ) ) ;
#427 = CARTESIAN_POINT ( 'NONE',  ( 2.420260337248538729, 3.401243777960705206, 0.6000000000000004219 ) ) ;
#428 = EDGE_CURVE ( 'NONE', #2137, #2770, #581, .T. ) ;
#429 = CARTESIAN_POINT ( 'NONE',  ( 1.873861857624175897, 3.443565740311047119, 1.128012511058913203 ) ) ;
#430 = EDGE_LOOP ( 'NONE', ( #710, #1972, #2842, #1352 ) ) ;
#431 = B_SPLINE_CURVE_WITH_KNOTS ( 'NONE', 3,
 ( #2173, #2188, #3669, #2260, #2801, #1057, #3404, #3080 ),
 .UNSPECIFIED., .F., .F.,
 ( 4, 2, 2, 4 ),
 ( -2.015298686407664610E-05, 0.0002834984742873224444, 0.0005871499354387213010, 0.001194452857741519448 ),
 .UNSPECIFIED. ) ;
#432 = CARTESIAN_POINT ( 'NONE',  ( -2.306407788082912358, 6.563323012942406720, -1.400000000026743407 ) ) ;
#433 = ORIENTED_EDGE ( 'NONE', *, *, #1156, .T. ) ;
#434 = CARTESIAN_POINT ( 'NONE',  ( -0.8921084710511457683, 5.841901008939016648, -1.400000000000020117 ) ) ;
#435 = CARTESIAN_POINT ( 'NONE',  ( -3.041271290043343623, 3.643787018980551018, -0.4429674123488003823 ) ) ;
#436 = CARTESIAN_POINT ( 'NONE',  ( 1.339638374401725951, 6.143875922935284173, 1.444504259344100872 ) ) ;
#437 = CARTESIAN_POINT ( 'NONE',  ( -1.221603731246122537, 6.302419352519334161, -0.5599752858048374637 ) ) ;
#438 = SURFACE_SIDE_STYLE ('',( #1574 ) ) ;
#439 = CARTESIAN_POINT ( 'NONE',  ( -2.890006502762114682, 2.043215564122062844, -0.9938229902920276970 ) ) ;
#440 = CARTESIAN_POINT ( 'NONE',  ( -2.420260337248540061, 3.401243777960704318, -0.6000000000000004219 ) ) ;
#441 = DIRECTION ( 'NONE',  ( 0.3959543702886355043, 0.9182701871722341869, -0.0000000000000000000 ) ) ;
#442 = ORIENTED_EDGE ( 'NONE', *, *, #2256, .T. ) ;
#443 =( LENGTH_UNIT ( ) NAMED_UNIT ( * ) SI_UNIT ( .MILLI., .METRE. ) );
#444 = CARTESIAN_POINT ( 'NONE',  ( 1.305804360927311558, 6.224516688244836615, 1.293979557592031870 ) ) ;
#445 = CYLINDRICAL_SURFACE ( 'NONE', #3164, 0.6000000000000009770 ) ;
#446 = VERTEX_POINT ( 'NONE', #1533 ) ;
#447 = CARTESIAN_POINT ( 'NONE',  ( -1.266851940706929636, 5.928714915400678187, -0.3000000000000003220 ) ) ;
#448 = CARTESIAN_POINT ( 'NONE',  ( -2.876171823895992130, 2.840125231317391030, -1.175768947309979495 ) ) ;
#449 = CARTESIAN_POINT ( 'NONE',  ( -1.455020435850431726, 5.805927210332739286, -1.777712585355377239 ) ) ;
#450 = CARTESIAN_POINT ( 'NONE',  ( -3.135291435700626739, 1.225217509122502824, -0.3023523335254252875 ) ) ;
#451 = CARTESIAN_POINT ( 'NONE',  ( 3.329448598387879876, 3.779525907296942044, 0.6000000000000004219 ) ) ;
#452 = CIRCLE ( 'NONE', #2157, 0.5999999999999999778 ) ;
#453 = AXIS2_PLACEMENT_3D ( 'NONE', #27, #1780, #2652 ) ;
#454 = CARTESIAN_POINT ( 'NONE',  ( -1.987192617678120055, 6.701452169036423712, -1.399999999999429257 ) ) ;
#455 = ADVANCED_FACE ( 'NONE', ( #2074 ), #912, .T. ) ;
#456 = CARTESIAN_POINT ( 'NONE',  ( -2.138204089769058402, 3.964589026503520852, -1.394780803605991215 ) ) ;
#457 = CARTESIAN_POINT ( 'NONE',  ( 1.228703063009125129, 6.369715181118175806, 0.4281518352174675246 ) ) ;
#458 = CARTESIAN_POINT ( 'NONE',  ( -1.871299677368208902, 4.690741884830448072, -2.049084763099773276 ) ) ;
#459 = CARTESIAN_POINT ( 'NONE',  ( -1.867205811606578614, 4.837319654401003532, -2.185111565900982988 ) ) ;
#460 = CARTESIAN_POINT ( 'NONE',  ( -4.049999999999998934, -1.487945860964033588E-15, -0.1655745029769296606 ) ) ;
#461 = CARTESIAN_POINT ( 'NONE',  ( -2.950936015982161820, 5.284887611503460647, -1.399999999977125542 ) ) ;
#462 = CARTESIAN_POINT ( 'NONE',  ( 1.290740326922557468, 6.134816253612353165, 1.254999546496863072 ) ) ;
#463 = CARTESIAN_POINT ( 'NONE',  ( 3.059049317357516173, 3.619033427875613551, 1.529100095629181144 ) ) ;
#464 = CARTESIAN_POINT ( 'NONE',  ( 1.447962097436725548, 5.843217297177875302, 1.772008914324876283 ) ) ;
#465 = ORIENTED_EDGE ( 'NONE', *, *, #658, .F. ) ;
#466 = CARTESIAN_POINT ( 'NONE',  ( -1.831909256521423224, 4.817988931496180349, -2.095836157768625085 ) ) ;
#467 = EDGE_CURVE ( 'NONE', #789, #3192, #274, .T. ) ;
#468 = CARTESIAN_POINT ( 'NONE',  ( -1.965992055711647701, 6.523122537324383963, -1.668121789040609038 ) ) ;
#469 = CARTESIAN_POINT ( 'NONE',  ( -3.140500010598854086, 1.262591158275784053, -0.2754552641293930848 ) ) ;
#470 = CARTESIAN_POINT ( 'NONE',  ( -2.393996259710795993, 5.081504257522024837, -2.553552719563844331 ) ) ;
#471 = CARTESIAN_POINT ( 'NONE',  ( -2.535389740955194426, 6.045604196391743734, -1.828970601637220472 ) ) ;
#472 = CARTESIAN_POINT ( 'NONE',  ( -1.512206032958803181, 3.972884793886121368, -1.400000000000000577 ) ) ;
#473 = CARTESIAN_POINT ( 'NONE',  ( 1.246048284211097368, 6.447470222152253072, 0.5651773843545071507 ) ) ;
#474 = CARTESIAN_POINT ( 'NONE',  ( -1.714192562929686581, 5.203327551171061494, -1.397874840844471445 ) ) ;
#475 = CARTESIAN_POINT ( 'NONE',  ( -3.915574502976929772, -1.438558734568105637E-15, 0.2999999999999991007 ) ) ;
#476 = CARTESIAN_POINT ( 'NONE',  ( -1.976479721675382439, 4.600424589522629226, -2.198013481334511798 ) ) ;
#477 = CARTESIAN_POINT ( 'NONE',  ( 1.645649549361660968, 5.573616318914127454, 2.117352006862969649 ) ) ;
#478 = DIRECTION ( 'NONE',  ( -0.0000000000000000000, -0.0000000000000000000, -1.000000000000000000 ) ) ;
#479 = CARTESIAN_POINT ( 'NONE',  ( -1.261526158664715291, 6.492783336403948447, -0.5666703281413852933 ) ) ;
#480 = ORIENTED_EDGE ( 'NONE', *, *, #1281, .T. ) ;
#481 = FACE_OUTER_BOUND ( 'NONE', #3762, .T. ) ;
#482 = CARTESIAN_POINT ( 'NONE',  ( -1.319478843207585905, 6.821791448350828624, -1.400000000000000133 ) ) ;
#483 = CARTESIAN_POINT ( 'NONE',  ( -2.438597759722560543, 3.357161464309336818, -1.781557396172816388 ) ) ;
#484 = CARTESIAN_POINT ( 'NONE',  ( -2.752329489754192338, 5.054351101035972960, -1.322983201573013190 ) ) ;
#485 = CARTESIAN_POINT ( 'NONE',  ( -1.554073707215558597, 5.271313891211341307, -1.644498577016663132 ) ) ;
#486 = CYLINDRICAL_SURFACE ( 'NONE', #3705, 0.6000000000000000888 ) ;
#487 = CARTESIAN_POINT ( 'NONE',  ( -2.888163336067103959, 2.033586484913681769, -1.006469523615213024 ) ) ;
#488 = CARTESIAN_POINT ( 'NONE',  ( 1.305804360927311558, 6.224516688244836615, 1.293979557592031870 ) ) ;
#489 = CARTESIAN_POINT ( 'NONE',  ( 1.248789707909312874, 6.234884286923010777, 0.9979773374692234578 ) ) ;
#490 = CARTESIAN_POINT ( 'NONE',  ( -1.636369308783202081, 6.905100928448564268, -0.4349490612337083006 ) ) ;
#491 = EDGE_LOOP ( 'NONE', ( #3533, #3729, #1873, #3800, #2969, #3645 ) ) ;
#492 = CARTESIAN_POINT ( 'NONE',  ( -1.809582684840154387, 4.793179667351603612, -1.949566890448992229 ) ) ;
#493 = CARTESIAN_POINT ( 'NONE',  ( -3.018463613230086828, 6.381717730039127900, -1.399999999999989475 ) ) ;
#494 = CARTESIAN_POINT ( 'NONE',  ( 2.717913752570376928, 3.509293205670450888, 0.4380811821415876994 ) ) ;
#495 = CARTESIAN_POINT ( 'NONE',  ( -2.384140690739969592, 5.855251741487013994, -0.6851002046588888783 ) ) ;
#496 = UNCERTAINTY_MEASURE_WITH_UNIT (LENGTH_MEASURE( 1.000000000000000082E-05 ), #443, 'distance_accuracy_value', 'NONE');
#497 = CARTESIAN_POINT ( 'NONE',  ( 1.914305881613157734, 4.861424646466798727, 2.267481780330410590 ) ) ;
#498 = VERTEX_POINT ( 'NONE', #429 ) ;
#499 = CARTESIAN_POINT ( 'NONE',  ( 1.751529751871522045, 5.088688252832130665, 2.142025537568331028 ) ) ;
#500 = CARTESIAN_POINT ( 'NONE',  ( 3.004007581367770463, 5.043368668463543258, 1.949640094083010977 ) ) ;
#501 = CARTESIAN_POINT ( 'NONE',  ( -2.251508025950704983, 6.764100662067506597, -1.025722980623356317 ) ) ;
#502 = CARTESIAN_POINT ( 'NONE',  ( 3.586954426168546206, 3.696707715759296686, 1.900000000000000133 ) ) ;
#503 = CARTESIAN_POINT ( 'NONE',  ( -1.950977949457557870, 3.391391855480829332, -1.048087293093942440 ) ) ;
#504 = CARTESIAN_POINT ( 'NONE',  ( -3.068843188860393312, 3.754174226875062637, -1.213695740946269641 ) ) ;
#505 = EDGE_CURVE ( 'NONE', #1771, #2262, #1808, .T. ) ;
#506 = CARTESIAN_POINT ( 'NONE',  ( 1.519583804666487348, 5.595544159746728141, 1.892272877312401791 ) ) ;
#507 = CARTESIAN_POINT ( 'NONE',  ( -2.479886949250316164, 6.479143977863836668, -0.9149451188525009604 ) ) ;
#508 = MECHANICAL_DESIGN_GEOMETRIC_PRESENTATION_REPRESENTATION (  '', ( #1990 ), #3677 ) ;
#509 = CARTESIAN_POINT ( 'NONE',  ( -3.561082497797952939, 2.253122413202637730, -2.134159391243788395 ) ) ;
#510 = CARTESIAN_POINT ( 'NONE',  ( 1.228618387575046711, 6.368045284272786155, 0.5623970655816848963 ) ) ;
#511 = CARTESIAN_POINT ( 'NONE',  ( 1.444321485640154945, 5.831091395541184497, 1.761274870928619674 ) ) ;
#512 = CARTESIAN_POINT ( 'NONE',  ( 1.905842125364960227, 4.569965945262464579, 1.950132486572449642 ) ) ;
#513 = CARTESIAN_POINT ( 'NONE',  ( -3.084175544375058475, 5.078058523494763499, -1.908455824930549882 ) ) ;
#514 = CARTESIAN_POINT ( 'NONE',  ( -1.511780267596059435, 6.571482152762673223, -1.400000000001003775 ) ) ;
#515 = DIRECTION ( 'NONE',  ( -3.673940397442059375E-16, 1.000000000000000000, 0.0000000000000000000 ) ) ;
#516 = CARTESIAN_POINT ( 'NONE',  ( 1.266851940706927637, 5.928714915400679075, 0.3000000000000003220 ) ) ;
#517 = CARTESIAN_POINT ( 'NONE',  ( -2.633618362939208701, 6.123009691992707282, -1.536308441053877871 ) ) ;
#518 = ORIENTED_EDGE ( 'NONE', *, *, #1470, .F. ) ;
#519 = CARTESIAN_POINT ( 'NONE',  ( -3.404945265595108683, 0.7858211816240399106, -0.7158138100036429696 ) ) ;
#520 = DIRECTION ( 'NONE',  ( 0.0000000000000000000, 0.0000000000000000000, 1.000000000000000000 ) ) ;
#521 = B_SPLINE_SURFACE_WITH_KNOTS ( 'NONE', 3, 3, ( 
 ( #3379, #723, #1923, #1031, #3400 ),
 ( #162, #188, #2508, #2498, #2530 ),
 ( #2255, #1019, #1324, #3646, #3127 ),
 ( #2228, #1631, #762, #3391, #3657 ),
 ( #2519, #1360, #141, #2811, #152 ),
 ( #448, #736, #3076, #2832, #1668 ),
 ( #3694, #748, #2821, #1054, #1964 ),
 ( #1654, #3678, #1950, #1042, #475 ),
 ( #3099, #1309, #175, #2845, #1127 ),
 ( #2576, #3746, #3139, #3718, #792 ),
 ( #509, #1430, #2014, #1683, #3413 ),
 ( #217, #2311, #228, #1709, #2857 ),
 ( #2867, #813, #1077, #1991, #1103 ),
 ( #239, #3426, #825, #1379, #3463 ),
 ( #3437, #3731, #3760, #3708, #801 ),
 ( #522, #2268, #1978, #2028, #202 ),
 ( #3187, #3165, #2283, #2565, #2591 ),
 ( #1731, #487, #2889, #3151, #253 ) ),
 .UNSPECIFIED., .T., .F., .F.,
 ( 4, 1, 1, 1, 1, 2, 2, 2, 1, 1, 1, 1, 4 ),
 ( 4, 1, 4 ),
 ( 0.0000000000000000000, 0.01249999999999995559, 0.02499999999999991118, 0.03750000000000008882, 0.05000000000000004441, 0.2499999999999999722, 0.4999999999999999445, 0.7500000000000000000, 0.9499999999999999556, 0.9625000000000000222, 0.9749999999999999778, 0.9875000000000000444, 1.000000000000000000 ),
 ( 0.0000000000000000000, 0.6956359512168475145, 1.000000000000000000 ),
 .UNSPECIFIED. ) ;
#522 = CARTESIAN_POINT ( 'NONE',  ( -2.723045416166654853, 2.547779879598038644, -1.518845516995736666 ) ) ;
#523 = CARTESIAN_POINT ( 'NONE',  ( 1.274386053252952067, 6.375135836620884788, 1.035286087950783029 ) ) ;
#524 = CARTESIAN_POINT ( 'NONE',  ( 1.224963618623631234, 6.206119742281325458, 0.5561914457499994580 ) ) ;
#525 = CARTESIAN_POINT ( 'NONE',  ( 2.955589419198043633, 5.155589951320078690, 1.949411455125444670 ) ) ;
#526 = VERTEX_POINT ( 'NONE', #3277 ) ;
#527 = CARTESIAN_POINT ( 'NONE',  ( -1.612320863295602758, 5.090302278587583551, -1.399999999993349453 ) ) ;
#528 = CARTESIAN_POINT ( 'NONE',  ( 3.561082497797952051, 2.253122413202639063, 2.134159391243788395 ) ) ;
#529 = CARTESIAN_POINT ( 'NONE',  ( -2.773848734492050827, 6.654918423576645203, -1.399999999999989475 ) ) ;
#530 = FACE_OUTER_BOUND ( 'NONE', #2189, .T. ) ;
#531 = CARTESIAN_POINT ( 'NONE',  ( 1.289128379169809380, 6.090701339289006810, 1.234656840543998158 ) ) ;
#532 = CARTESIAN_POINT ( 'NONE',  ( -2.531575371581807676, 6.098670098247822580, -1.987336692143623296 ) ) ;
#533 = CARTESIAN_POINT ( 'NONE',  ( -3.450000000000000622, -1.267509437117510795E-15, 9.486769009248163798E-17 ) ) ;
#534 = AXIS2_PLACEMENT_3D ( 'NONE', #1130, #1397, #2594 ) ;
#535 = EDGE_CURVE ( 'NONE', #2755, #3791, #2571, .T. ) ;
#536 = CARTESIAN_POINT ( 'NONE',  ( 1.493335629087242600, 4.392288557992893416, 1.400000000000000355 ) ) ;
#537 = CARTESIAN_POINT ( 'NONE',  ( 3.349414765359966406, 2.728666986667925176, 0.9168716881922537310 ) ) ;
#538 = CARTESIAN_POINT ( 'NONE',  ( 1.710194925549471723, 5.269499363376062284, 2.159132885894609721 ) ) ;
#539 = DIRECTION ( 'NONE',  ( -0.9182701871722342979, -0.3959543702886353378, 0.0000000000000000000 ) ) ;
#540 = CARTESIAN_POINT ( 'NONE',  ( 3.915574502976928883, 0.0000000000000000000, 0.2999999999999992117 ) ) ;
#541 = CARTESIAN_POINT ( 'NONE',  ( -3.845047280504892750, 4.293532878243798478, -1.128012511059143241 ) ) ;
#542 = CARTESIAN_POINT ( 'NONE',  ( 1.658020605179850504, 5.188861688262478289, 1.989466130294171853 ) ) ;
#543 = CARTESIAN_POINT ( 'NONE',  ( -2.266689985000696517, 5.383986610539624351, -2.516874979757212749 ) ) ;
#544 = CARTESIAN_POINT ( 'NONE',  ( -3.368997974598249012, 0.3120103285998376275, -0.02922186427374147757 ) ) ;
#545 = CARTESIAN_POINT ( 'NONE',  ( 2.910967050768194397, 3.738932916132010398, 1.235911708855070623 ) ) ;
#546 = CARTESIAN_POINT ( 'NONE',  ( 2.838636203443588801, 5.647631506593924655, 1.841796226010281368 ) ) ;
#547 = DIRECTION ( 'NONE',  ( -0.3959543702886357819, 0.9182701871722340758, 0.0000000000000000000 ) ) ;
#548 = CARTESIAN_POINT ( 'NONE',  ( 1.236892218156656176, 6.176554662094362769, 0.8193610906947972339 ) ) ;
#549 = CARTESIAN_POINT ( 'NONE',  ( 1.622263480045302853, 6.428967910054195656, 1.657098211753745609 ) ) ;
#550 = VERTEX_POINT ( 'NONE', #2161 ) ;
#551 = CARTESIAN_POINT ( 'NONE',  ( 4.008439272708377743, 2.112763801086323223, 1.206494740947902766 ) ) ;
#552 = CARTESIAN_POINT ( 'NONE',  ( 3.858972018966592810, 2.431958753261299400, 1.979753722139480976 ) ) ;
#553 = CARTESIAN_POINT ( 'NONE',  ( -3.793457852373695705, 4.135991249943393733, -0.9808074258538452828 ) ) ;
#554 = ORIENTED_EDGE ( 'NONE', *, *, #505, .F. ) ;
#555 = EDGE_CURVE ( 'NONE', #2294, #1131, #730, .T. ) ;
#556 = B_SPLINE_CURVE_WITH_KNOTS ( 'NONE', 3,
 ( #1785, #2626, #3498, #1149 ),
 .UNSPECIFIED., .F., .F.,
 ( 4, 4 ),
 ( 0.0000000000000000000, 0.0003673581684765944125 ),
 .UNSPECIFIED. ) ;
#557 = CARTESIAN_POINT ( 'NONE',  ( 1.224323609648170219, 6.209584854239363239, 0.3000000000000003220 ) ) ;
#558 = CARTESIAN_POINT ( 'NONE',  ( -1.261924990784365042, 6.494312087029553204, -0.4302388495603213237 ) ) ;
#559 = CARTESIAN_POINT ( 'NONE',  ( 3.450000000000000622, 0.0000000000000000000, -7.453889935837842984E-17 ) ) ;
#560 = CARTESIAN_POINT ( 'NONE',  ( -1.873861857624177230, 3.443565740311046230, -1.128012511058913203 ) ) ;
#561 = CARTESIAN_POINT ( 'NONE',  ( 2.394364298236386634, 6.422968588826576841, 1.683080698440686529 ) ) ;
#562 = CARTESIAN_POINT ( 'NONE',  ( 1.553559556392844598, 5.417494899398663577, 1.876537254921612385 ) ) ;
#563 = VERTEX_POINT ( 'NONE', #3625 ) ;
#564 = CARTESIAN_POINT ( 'NONE',  ( 3.818311087080815014, 2.439027858351039857, 0.7077808135571050929 ) ) ;
#565 = CARTESIAN_POINT ( 'NONE',  ( 1.319478843207585239, 6.821791448350828624, 1.400000000000006573 ) ) ;
#566 = CARTESIAN_POINT ( 'NONE',  ( -1.266851940706929636, 5.928714915400678187, -0.3000000000000003220 ) ) ;
#567 = ORIENTED_EDGE ( 'NONE', *, *, #3303, .T. ) ;
#568 = CIRCLE ( 'NONE', #1114, 0.5999999999999995337 ) ;
#569 = VERTEX_POINT ( 'NONE', #2736 ) ;
#570 = CARTESIAN_POINT ( 'NONE',  ( 1.248104854456818957, 6.188138469244815809, 0.9845635628925560878 ) ) ;
#571 = CARTESIAN_POINT ( 'NONE',  ( -2.060393202839397198, 5.873470619710889906, -2.334937496772657273 ) ) ;
#572 = CARTESIAN_POINT ( 'NONE',  ( -3.139587065637321039, 1.115014839940534186, -0.3874289492786707756 ) ) ;
#573 = CARTESIAN_POINT ( 'NONE',  ( 2.072177922055219224, 3.353831686718542926, 0.9038634633944965246 ) ) ;
#574 = FACE_OUTER_BOUND ( 'NONE', #2160, .T. ) ;
#575 = CARTESIAN_POINT ( 'NONE',  ( 2.890320035613410443, 5.527760188948891873, 1.874412255420205620 ) ) ;
#576 = CARTESIAN_POINT ( 'NONE',  ( 3.217269495966077475, 1.518749800605705857, 0.1031318945671349796 ) ) ;
#577 = CARTESIAN_POINT ( 'NONE',  ( 1.291325549053131017, 6.047466867518597411, 1.213956328478817515 ) ) ;
#578 = CARTESIAN_POINT ( 'NONE',  ( 2.137460899139098647, 7.006810381791673592, 1.400000000000001688 ) ) ;
#579 = CARTESIAN_POINT ( 'NONE',  ( 4.135036969360985637, 1.098722213624321542, 0.6990887867292130409 ) ) ;
#580 = CARTESIAN_POINT ( 'NONE',  ( -3.158689943211282714, 3.958876586907602579, -1.287918273258639390 ) ) ;
#581 = CIRCLE ( 'NONE', #3205, 0.5999999999999999778 ) ;
#582 = CARTESIAN_POINT ( 'NONE',  ( -1.479835058573842677, 5.716026485751910968, -0.3000000000000003220 ) ) ;
#583 = B_SPLINE_CURVE_WITH_KNOTS ( 'NONE', 3,
 ( #298, #2646, #920, #2121, #3272, #2424 ),
 .UNSPECIFIED., .F., .F.,
 ( 4, 2, 4 ),
 ( 0.0000000000000000000, 0.0003554901524451653506, 0.0007109803048903307011 ),
 .UNSPECIFIED. ) ;
#584 = CARTESIAN_POINT ( 'NONE',  ( -1.625338168877310085, 6.140566125231577743, -1.996570086845422365 ) ) ;
#585 = EDGE_LOOP ( 'NONE', ( #2019, #979, #1889, #3160 ) ) ;
#586 = CARTESIAN_POINT ( 'NONE',  ( -2.017437772806826679, 4.618085534602356823, -2.265916590379659201 ) ) ;
#587 = CARTESIAN_POINT ( 'NONE',  ( -3.586954426168543542, 3.696707715759303792, -1.900000000000000133 ) ) ;
#588 = CARTESIAN_POINT ( 'NONE',  ( 3.945985377493595347, 0.4414308648643175403, -0.2950839005584534047 ) ) ;
#589 = CARTESIAN_POINT ( 'NONE',  ( -3.438999990483714075, 3.836917312881948039, -0.6580393782197987429 ) ) ;
#590 = CARTESIAN_POINT ( 'NONE',  ( 2.311319278422347079, 5.145730279886795877, 1.195918423170509115 ) ) ;
#591 = DIRECTION ( 'NONE',  ( -0.9182701871722342979, -0.3959543702886355598, 0.0000000000000000000 ) ) ;
#592 = VERTEX_POINT ( 'NONE', #996 ) ;
#593 = CARTESIAN_POINT ( 'NONE',  ( 0.9666690035066181075, 6.327874608647459986, 1.399999999999997913 ) ) ;
#594 = CARTESIAN_POINT ( 'NONE',  ( 1.764099019581871097, 5.099697179077668174, 2.170685104307220836 ) ) ;
#595 = CARTESIAN_POINT ( 'NONE',  ( -1.428265161567253028, 5.726071554509677419, -1.661519916682756559 ) ) ;
#596 = CARTESIAN_POINT ( 'NONE',  ( -1.916203635878644063, 5.449116897825819095, -2.423983647698916499 ) ) ;
#597 = CARTESIAN_POINT ( 'NONE',  ( 2.842608706004552843, 2.650952273530657877, 1.214493639473859909 ) ) ;
#598 = CARTESIAN_POINT ( 'NONE',  ( -1.246333381389096440, 6.449057492555403392, -0.4295097122670332168 ) ) ;
#599 = DIRECTION ( 'NONE',  ( -0.3959543702886358374, 0.9182701871722340758, -0.0000000000000000000 ) ) ;
#600 = CARTESIAN_POINT ( 'NONE',  ( 1.714268594125662348, 6.702413433638337636, 1.435280464336057493 ) ) ;
#601 = CARTESIAN_POINT ( 'NONE',  ( 3.915574502976929772, 0.0000000000000000000, -0.2999999999999991007 ) ) ;
#602 = CARTESIAN_POINT ( 'NONE',  ( -3.405151761142514832, 3.818614844522527640, -0.6386803046134990058 ) ) ;
#603 = CARTESIAN_POINT ( 'NONE',  ( 1.679983997440305465, 4.981371631610798545, 1.749834903253995266 ) ) ;
#604 = DIRECTION ( 'NONE',  ( -0.3959543702886358374, 0.9182701871722340758, 0.0000000000000000000 ) ) ;
#605 = DIRECTION ( 'NONE',  ( 0.1621624308655455760, -0.7856242535774904390, -0.5970744327188931555 ) ) ;
#606 = EDGE_CURVE ( 'NONE', #2496, #2598, #2445, .T. ) ;
#607 = B_SPLINE_CURVE_WITH_KNOTS ( 'NONE', 3,
 ( #320, #2608, #1778, #1180 ),
 .UNSPECIFIED., .F., .F.,
 ( 4, 4 ),
 ( 0.0000000000000000000, 0.0005300057482675627710 ),
 .UNSPECIFIED. ) ;
#608 = CARTESIAN_POINT ( 'NONE',  ( -1.967069330067385824, 4.736929589339938573, -2.266681011350692998 ) ) ;
#609 = EDGE_LOOP ( 'NONE', ( #3053, #3201, #3781, #214, #2632 ) ) ;
#610 = CARTESIAN_POINT ( 'NONE',  ( 1.738056424922909349, 3.581580470285037787, 1.274802114707193512 ) ) ;
#611 = CARTESIAN_POINT ( 'NONE',  ( -1.248789707909315316, 6.234884286923009888, -0.9979773374692234578 ) ) ;
#612 = CARTESIAN_POINT ( 'NONE',  ( 2.121771394755324724, 4.961916239176827226, 2.506642906283339745 ) ) ;
#613 = CARTESIAN_POINT ( 'NONE',  ( 3.932311991195582390, 1.781621843692098750, 0.1179369267963170653 ) ) ;
#614 = CARTESIAN_POINT ( 'NONE',  ( 3.078295905319327730, 3.658420553689064381, 1.490058233968188484 ) ) ;
#615 = FACE_OUTER_BOUND ( 'NONE', #3396, .T. ) ;
#616 = ADVANCED_FACE ( 'NONE', ( #2936 ), #3007, .F. ) ;
#617 = ORIENTED_EDGE ( 'NONE', *, *, #2846, .F. ) ;
#618 = CARTESIAN_POINT ( 'NONE',  ( -3.541098443217663760, 2.980241055341994016, -1.189296821182054709 ) ) ;
#619 = CARTESIAN_POINT ( 'NONE',  ( 3.558120453779944459, 2.970072736603917463, 1.189999226211279515 ) ) ;
#620 = CARTESIAN_POINT ( 'NONE',  ( -1.326601504159609313, 5.794249697339413530, -1.088185420042022900 ) ) ;
#621 = CARTESIAN_POINT ( 'NONE',  ( -1.246200918985059580, 6.368559874825077571, -0.8502487490372889756 ) ) ;
#622 = DIRECTION ( 'NONE',  ( 1.224646799147353207E-16, 1.000000000000000000, -0.0000000000000000000 ) ) ;
#623 = CARTESIAN_POINT ( 'NONE',  ( -1.246200918985059580, 6.368559874825077571, -0.8502487490372889756 ) ) ;
#624 = CARTESIAN_POINT ( 'NONE',  ( -1.434718839948798896, 5.794997150163311517, -1.728782178505168021 ) ) ;
#625 = CARTESIAN_POINT ( 'NONE',  ( 1.273646416650768831, 6.460017413753548432, 0.8633273521072656331 ) ) ;
#626 = VERTEX_POINT ( 'NONE', #700 ) ;
#627 = CARTESIAN_POINT ( 'NONE',  ( -3.750000000000000000, -1.377727649040772192E-15, -0.3000000000000018763 ) ) ;
#628 = CARTESIAN_POINT ( 'NONE',  ( 3.076289649680107985, 3.738158627045154336, 1.320983712336173177 ) ) ;
#629 = CARTESIAN_POINT ( 'NONE',  ( 2.464416033069428913, 5.688935165603525412, 1.049511805435006551 ) ) ;
#630 = CARTESIAN_POINT ( 'NONE',  ( 1.531244048296801497, 5.626405960279587504, 1.929199188786720143 ) ) ;
#631 = ORIENTED_EDGE ( 'NONE', *, *, #87, .T. ) ;
#632 = CARTESIAN_POINT ( 'NONE',  ( -3.747733348670621023, 4.828624968558141717, -1.400000000000000355 ) ) ;
#633 = EDGE_CURVE ( 'NONE', #3244, #722, #1958, .T. ) ;
#634 = STYLED_ITEM ( 'NONE', ( #2840 ), #118 ) ;
#635 = CARTESIAN_POINT ( 'NONE',  ( 1.628449535662179981, 3.763263726317378488, 1.374604621562706575 ) ) ;
#636 = CARTESIAN_POINT ( 'NONE',  ( -1.384553932451162872, 5.865844756232217350, -1.582439178635763666 ) ) ;
#637 = CARTESIAN_POINT ( 'NONE',  ( 1.919437216437754223, 4.714537071455827011, 2.184245990543555838 ) ) ;
#638 = CARTESIAN_POINT ( 'NONE',  ( 2.291903563747861305, 3.360625169707213367, 0.6715010058832502349 ) ) ;
#639 = CARTESIAN_POINT ( 'NONE',  ( 1.624155416639685656, 5.405473711217279487, 1.249535893869377468 ) ) ;
#640 = CARTESIAN_POINT ( 'NONE',  ( 0.8942354038367685831, 5.966245764249504369, 1.400000000000001910 ) ) ;
#641 = ORIENTED_EDGE ( 'NONE', *, *, #1642, .F. ) ;
#642 = ORIENTED_EDGE ( 'NONE', *, *, #2692, .F. ) ;
#643 = CARTESIAN_POINT ( 'NONE',  ( 3.750000000000000000, -25.00000000000000000, -0.3000000000000018763 ) ) ;
#644 = CARTESIAN_POINT ( 'NONE',  ( -2.464416033069431133, 5.688935165603524524, -1.049511805435006551 ) ) ;
#645 = CARTESIAN_POINT ( 'NONE',  ( -3.787174988282912214, 4.127177783026439783, -0.9717537465489654025 ) ) ;
#646 = CARTESIAN_POINT ( 'NONE',  ( -1.254120823591571732, 6.282366173532310860, -1.011024090198334502 ) ) ;
#647 = CARTESIAN_POINT ( 'NONE',  ( -1.726888821731424217, 5.063738227680699033, -2.068563925007028459 ) ) ;
#648 = CARTESIAN_POINT ( 'NONE',  ( 1.444321485640154945, 5.831091395541184497, 1.761274870928619674 ) ) ;
#649 = CARTESIAN_POINT ( 'NONE',  ( -2.486839560189496368, 3.423943395686488866, -0.5448157187636184506 ) ) ;
#650 = CARTESIAN_POINT ( 'NONE',  ( 1.386682237677216545, 6.718685057656354154, 0.8978026669621502753 ) ) ;
#651 = CARTESIAN_POINT ( 'NONE',  ( 0.9666557043071976052, 6.327836640465232421, 1.400000000000000133 ) ) ;
#652 = CARTESIAN_POINT ( 'NONE',  ( 2.758425604367255701, 2.781825178111672070, 1.416863790586083027 ) ) ;
#653 = ADVANCED_FACE ( 'NONE', ( #2253 ), #860, .T. ) ;
#654 = CARTESIAN_POINT ( 'NONE',  ( 1.455020435850428617, 5.805927210332736621, 1.777712585355373243 ) ) ;
#655 = DIRECTION ( 'NONE',  ( 0.3959543702886355598, 0.9182701871722344089, 0.0000000000000000000 ) ) ;
#656 = CARTESIAN_POINT ( 'NONE',  ( -2.375170652590954390, 5.869518693267209208, -0.5237775266618676095 ) ) ;
#657 = ORIENTED_EDGE ( 'NONE', *, *, #1281, .F. ) ;
#658 = EDGE_CURVE ( 'NONE', #3329, #2294, #2167, .T. ) ;
#659 = FACE_OUTER_BOUND ( 'NONE', #3316, .T. ) ;
#660 = B_SPLINE_CURVE_WITH_KNOTS ( 'NONE', 3,
 ( #339, #2400, #3568, #354, #2716, #3296, #649, #1855 ),
 .UNSPECIFIED., .F., .F.,
 ( 4, 2, 2, 4 ),
 ( 0.0000000000000000000, 0.0005326789092210341536, 0.0007990183638315506882, 0.001065357818442067223 ),
 .UNSPECIFIED. ) ;
#661 = DIRECTION ( 'NONE',  ( 0.7657883267663264659, 0.2610889930613827237, -0.5877080706359435469 ) ) ;
#662 = DIRECTION ( 'NONE',  ( 0.0000000000000000000, 0.0000000000000000000, 1.000000000000000000 ) ) ;
#663 = CARTESIAN_POINT ( 'NONE',  ( -1.991796515334854245, 4.607029128658275852, -2.226291505646815327 ) ) ;
#665 = CARTESIAN_POINT ( 'NONE',  ( -1.751529751871524043, 5.088688252832129777, -2.142025537568331028 ) ) ;
#664 = FACE_OUTER_BOUND ( 'NONE', #2417, .T. ) ;
#666 = ORIENTED_EDGE ( 'NONE', *, *, #3436, .T. ) ;
#667 = CARTESIAN_POINT ( 'NONE',  ( 1.751529751871522045, 5.088688252832130665, 2.142025537568331028 ) ) ;
#668 = CARTESIAN_POINT ( 'NONE',  ( 2.921145747725431452, 2.609158652106408738, 1.084798209321353735 ) ) ;
#669 = CARTESIAN_POINT ( 'NONE',  ( 1.634962471703374387, 6.904582691050321408, 0.5763147137974159451 ) ) ;
#670 = CIRCLE ( 'NONE', #2986, 0.5999999999999995337 ) ;
#671 = CARTESIAN_POINT ( 'NONE',  ( -1.751529751871524043, 5.088688252832129777, -2.142025537568331028 ) ) ;
#672 = FILL_AREA_STYLE ('',( #1258 ) ) ;
#673 = CARTESIAN_POINT ( 'NONE',  ( -2.629960563291026787, 3.272080414003632587, -1.131437666472952408 ) ) ;
#674 = DIRECTION ( 'NONE',  ( -1.000000000000000000, -2.589139516383294311E-16, 0.0000000000000000000 ) ) ;
#675 = CARTESIAN_POINT ( 'NONE',  ( -2.384140690739969592, 5.855251741487013994, -0.6851002046588888783 ) ) ;
#676 = DIRECTION ( 'NONE',  ( -3.673940397442059375E-16, 1.000000000000000000, 0.0000000000000000000 ) ) ;
#677 = CARTESIAN_POINT ( 'NONE',  ( 2.620763993876840559, 3.280043054285787463, 1.125216152928905977 ) ) ;
#678 = VECTOR ( 'NONE', #355, 1000.000000000000227 ) ;
#679 = CARTESIAN_POINT ( 'NONE',  ( -1.226521433189812438, 6.351604400239352799, -0.5617960751045918411 ) ) ;
#680 = ADVANCED_FACE ( 'NONE', ( #1476 ), #3592, .T. ) ;
#681 = CARTESIAN_POINT ( 'NONE',  ( 2.886320169372091904, 2.023957405705301582, 1.019116056938398573 ) ) ;
#682 = CARTESIAN_POINT ( 'NONE',  ( 2.228599255406237045, 6.827174310917060396, 0.3000000000000002665 ) ) ;
#683 = CARTESIAN_POINT ( 'NONE',  ( 6.699999999999999289, 10.49999999999999822, 1.400000000000000355 ) ) ;
#684 = AXIS2_PLACEMENT_3D ( 'NONE', #953, #384, #3611 ) ;
#685 = EDGE_CURVE ( 'NONE', #425, #2461, #2695, .T. ) ;
#686 = CARTESIAN_POINT ( 'NONE',  ( -3.280607471462768210, 5.162760105623303453, -1.457668239740461669 ) ) ;
#687 = CARTESIAN_POINT ( 'NONE',  ( -3.310449429048181180, 2.700686224739434316, -0.8976108310384659505 ) ) ;
#688 = CARTESIAN_POINT ( 'NONE',  ( -2.487993891076398345, 5.637973626525085713, -1.106946705203600834 ) ) ;
#689 = ORIENTED_EDGE ( 'NONE', *, *, #2912, .F. ) ;
#690 = B_SPLINE_CURVE_WITH_KNOTS ( 'NONE', 3,
 ( #1967, #1658, #2232, #2219, #3650, #1916, #451 ),
 .UNSPECIFIED., .F., .F.,
 ( 4, 3, 4 ),
 ( 0.0000000000000000000, 0.0001292250377298663337, 0.0002226925114254021650 ),
 .UNSPECIFIED. ) ;
#691 = CARTESIAN_POINT ( 'NONE',  ( -3.749999999999990674, -25.00000000000000000, 0.0000000000000000000 ) ) ;
#692 = CARTESIAN_POINT ( 'NONE',  ( 2.541837826824146163, 3.334679111684359931, 1.074578128279479072 ) ) ;
#693 = DIRECTION ( 'NONE',  ( 0.0000000000000000000, 0.7101980824765889988, -0.7040019059964085502 ) ) ;
#694 = CARTESIAN_POINT ( 'NONE',  ( 1.375621204590673496, 6.754734181377648916, 0.4342383237834125387 ) ) ;
#695 = EDGE_LOOP ( 'NONE', ( #924, #138, #2150, #2183 ) ) ;
#696 = CARTESIAN_POINT ( 'NONE',  ( -1.248789707909315316, 6.234884286923009888, -0.9979773374692234578 ) ) ;
#697 = CARTESIAN_POINT ( 'NONE',  ( -1.455020435850431726, 5.805927210332739286, -1.777712585355377239 ) ) ;
#698 = CARTESIAN_POINT ( 'NONE',  ( 2.558727610395319374, 3.449472324762806075, 0.5003667305880097338 ) ) ;
#699 = ADVANCED_FACE ( 'NONE', ( #1378 ), #3256, .T. ) ;
#700 = CARTESIAN_POINT ( 'NONE',  ( -3.845047280504668485, 4.293532878243691897, -1.128012511059170331 ) ) ;
#701 = CARTESIAN_POINT ( 'NONE',  ( -3.294456963594881049, 4.298750154056433459, -1.350420682850090426 ) ) ;
#702 = CARTESIAN_POINT ( 'NONE',  ( -2.705642484653358881, 5.159279741867816682, -1.321179777878584316 ) ) ;
#703 = CARTESIAN_POINT ( 'NONE',  ( 3.430691168198659824, 4.057574183634390153, 1.866005690463094835 ) ) ;
#704 = CARTESIAN_POINT ( 'NONE',  ( -3.587733247302968387, 3.929384793549028032, -0.7623746616188172842 ) ) ;
#705 = ORIENTED_EDGE ( 'NONE', *, *, #1089, .F. ) ;
#706 = DIRECTION ( 'NONE',  ( 1.000000000000000000, 0.0000000000000000000, 0.0000000000000000000 ) ) ;
#707 = CARTESIAN_POINT ( 'NONE',  ( 1.794787776122244605, 5.737265845603769066, 2.296040309544398639 ) ) ;
#708 = EDGE_CURVE ( 'NONE', #2648, #2262, #1766, .T. ) ;
#709 = CARTESIAN_POINT ( 'NONE',  ( -1.224424478804576166, 6.335163516205918555, -0.5611950846274987859 ) ) ;
#710 = ORIENTED_EDGE ( 'NONE', *, *, #2158, .T. ) ;
#711 = DIRECTION ( 'NONE',  ( 0.9182701871722339648, -0.3959543702886359484, 0.0000000000000000000 ) ) ;
#712 = CARTESIAN_POINT ( 'NONE',  ( -3.422187852529165575, 1.692794592743488646, -0.02979559447998265595 ) ) ;
#713 = CARTESIAN_POINT ( 'NONE',  ( -3.837847633729769559, 4.487438193198517666, -1.275081525611385658 ) ) ;
#714 = AXIS2_PLACEMENT_3D ( 'NONE', #1896, #1249, #3595 ) ;
#715 = B_SPLINE_CURVE_WITH_KNOTS ( 'NONE', 3,
 ( #2426, #26, #3632, #121, #1558, #3581, #2773, #2185, #415, #1858 ),
 .UNSPECIFIED., .F., .F.,
 ( 4, 2, 2, 2, 4 ),
 ( 0.002927519014134628752, 0.003260405218531800802, 0.003593291422928973286, 0.003926177627326145336, 0.004259063831723317387 ),
 .UNSPECIFIED. ) ;
#716 = CARTESIAN_POINT ( 'NONE',  ( -2.231601945251871832, 6.613844011677734613, -1.400000000000265032 ) ) ;
#717 = ORIENTED_EDGE ( 'NONE', *, *, #307, .F. ) ;
#718 = FACE_OUTER_BOUND ( 'NONE', #2578, .T. ) ;
#719 = CARTESIAN_POINT ( 'NONE',  ( -2.763019944430781027, 3.512086863230927669, -1.546038017941147480 ) ) ;
#720 = CARTESIAN_POINT ( 'NONE',  ( 2.176081531221782051, 4.832443342204008729, 2.506208013905879550 ) ) ;
#721 = CARTESIAN_POINT ( 'NONE',  ( -1.920327786707907602, 4.576212103523270791, -2.048228968874136857 ) ) ;
#722 = VERTEX_POINT ( 'NONE', #2625 ) ;
#723 = CARTESIAN_POINT ( 'NONE',  ( -2.888163336067103959, 2.033586484913681769, -1.006469523615213024 ) ) ;
#724 = CARTESIAN_POINT ( 'NONE',  ( -1.697936991981078059, 5.254995737294656521, -2.132235299095480041 ) ) ;
#725 = CARTESIAN_POINT ( 'NONE',  ( -4.148830380558505837, 1.613912230371197909, -0.3140862951810897696 ) ) ;
#726 = CARTESIAN_POINT ( 'NONE',  ( -3.159343182582118548, 4.683123634228426369, -1.950000000000000178 ) ) ;
#727 = DIRECTION ( 'NONE',  ( 0.0000000000000000000, 0.6050832675335582334, -0.7961621941231021848 ) ) ;
#728 = CARTESIAN_POINT ( 'NONE',  ( -2.827308174806332008, 5.614383171722804988, -1.400000000007892487 ) ) ;
#729 =( NAMED_UNIT ( * ) SI_UNIT ( $, .STERADIAN. ) SOLID_ANGLE_UNIT ( ) );
#730 = B_SPLINE_CURVE_WITH_KNOTS ( 'NONE', 3,
 ( #2143, #396, #2468, #686, #3021, #2764 ),
 .UNSPECIFIED., .F., .F.,
 ( 4, 2, 4 ),
 ( 0.0000000000000000000, 0.5000000000000000000, 1.000000000000000000 ),
 .UNSPECIFIED. ) ;
#731 = CARTESIAN_POINT ( 'NONE',  ( -2.916075821647865496, 3.590210477032197645, -1.703906312760132158 ) ) ;
#732 = CARTESIAN_POINT ( 'NONE',  ( 1.407965394898008871, 5.981834771006880658, 1.670220150029420925 ) ) ;
#733 = ORIENTED_EDGE ( 'NONE', *, *, #2012, .T. ) ;
#734 = CARTESIAN_POINT ( 'NONE',  ( -1.726888821731424217, 5.063738227680699033, -2.068563925007028459 ) ) ;
#735 = MECHANICAL_DESIGN_GEOMETRIC_PRESENTATION_REPRESENTATION (  '', ( #999 ), #3112 ) ;
#736 = CARTESIAN_POINT ( 'NONE',  ( -3.023637890698782194, 2.281151378688861531, -0.7052394312620049455 ) ) ;
#737 = EDGE_CURVE ( 'NONE', #150, #3596, #3340, .T. ) ;
#738 = ADVANCED_FACE ( 'NONE', ( #1708 ), #3198, .F. ) ;
#739 = CARTESIAN_POINT ( 'NONE',  ( -3.585038030406307641, 3.695881373700223627, -1.950000000000000400 ) ) ;
#740 = ORIENTED_EDGE ( 'NONE', *, *, #3654, .F. ) ;
#741 = DIRECTION ( 'NONE',  ( 1.000000000000000000, 0.0000000000000000000, 0.0000000000000000000 ) ) ;
#742 = CARTESIAN_POINT ( 'NONE',  ( -2.013322991789370686, 7.024913669048618026, -1.399999999999998579 ) ) ;
#743 = ORIENTED_EDGE ( 'NONE', *, *, #2354, .F. ) ;
#744 =( NAMED_UNIT ( * ) PLANE_ANGLE_UNIT ( ) SI_UNIT ( $, .RADIAN. ) );
#745 = ORIENTED_EDGE ( 'NONE', *, *, #2885, .F. ) ;
#746 = CARTESIAN_POINT ( 'NONE',  ( 1.228618387575046711, 6.368045284272786155, 0.5623970655816848963 ) ) ;
#747 = CARTESIAN_POINT ( 'NONE',  ( -1.481373873274782094, 5.714563436847226008, -0.4136764289750038959 ) ) ;
#748 = CARTESIAN_POINT ( 'NONE',  ( -3.261522156184481602, 2.400279669574831853, -0.6071814981499281672 ) ) ;
#749 = CARTESIAN_POINT ( 'NONE',  ( -1.447962097436727547, 5.843217297177874414, -1.772008914324876283 ) ) ;
#750 = CARTESIAN_POINT ( 'NONE',  ( -3.497983394136691349, -1.285138250130028074E-15, 0.2085906620243119791 ) ) ;
#751 = DIRECTION ( 'NONE',  ( -0.8861680674780555433, -0.3821120668293656597, 0.2621002185531307038 ) ) ;
#752 = CARTESIAN_POINT ( 'NONE',  ( 2.103183703555735917, 3.346846680335464175, 0.8618406262120458239 ) ) ;
#753 = CARTESIAN_POINT ( 'NONE',  ( -2.370044915481855252, 6.933185623307238643, -1.399999999999999023 ) ) ;
#754 = VERTEX_POINT ( 'NONE', #1160 ) ;
#755 = CARTESIAN_POINT ( 'NONE',  ( -2.287100184472685260, 3.816169707514023290, -1.333376066503929813 ) ) ;
#756 = CARTESIAN_POINT ( 'NONE',  ( 2.121771394755324724, 4.961916239176827226, 2.506642906283339745 ) ) ;
#757 = AXIS2_PLACEMENT_3D ( 'NONE', #1423, #196, #2551 ) ;
#758 = EDGE_CURVE ( 'NONE', #189, #6, #2637, .T. ) ;
#759 = CYLINDRICAL_SURFACE ( 'NONE', #2518, 0.3000000000000018763 ) ;
#760 = ORIENTED_EDGE ( 'NONE', *, *, #2129, .T. ) ;
#761 = CARTESIAN_POINT ( 'NONE',  ( -1.899386238365355029, 4.704899162175376404, -2.140124273178940939 ) ) ;
#762 = CARTESIAN_POINT ( 'NONE',  ( -3.140500010598854086, 1.262591158275784053, -0.2754552641293930848 ) ) ;
#763 = CARTESIAN_POINT ( 'NONE',  ( -1.332865458123630331, 6.115405496720446088, -1.429438655742495845 ) ) ;
#764 = CARTESIAN_POINT ( 'NONE',  ( -3.383243719290173424, 0.3397097989292652831, 0.06322835893476168312 ) ) ;
#765 = CARTESIAN_POINT ( 'NONE',  ( -3.559213058287494125, 3.684745750747541848, -1.712010947176770159 ) ) ;
#766 = CARTESIAN_POINT ( 'NONE',  ( 3.750000000000000000, 0.0000000000000000000, 0.0000000000000000000 ) ) ;
#767 = FACE_OUTER_BOUND ( 'NONE', #3686, .T. ) ;
#768 = CARTESIAN_POINT ( 'NONE',  ( -2.766797657678622180, 5.544665842341052198, -2.234468425384854129 ) ) ;
#769 = PRESENTATION_LAYER_ASSIGNMENT (  '', '', ( #634 ) ) ;
#770 = CARTESIAN_POINT ( 'NONE',  ( -1.672923926089374014, 5.116074582759895684, -1.925736404472240482 ) ) ;
#771 = DIRECTION ( 'NONE',  ( 0.3959543702886355598, 0.9182701871722344089, 0.0000000000000000000 ) ) ;
#772 = CARTESIAN_POINT ( 'NONE',  ( -0.9227167487784928568, 5.478032060978080153, -1.400000000000020561 ) ) ;
#773 = FACE_OUTER_BOUND ( 'NONE', #2686, .T. ) ;
#774 = CIRCLE ( 'NONE', #1187, 0.6000000000000009770 ) ;
#775 = CARTESIAN_POINT ( 'NONE',  ( 1.563235336071459258, 5.688365213085475602, 1.998040732805430375 ) ) ;
#776 = CARTESIAN_POINT ( 'NONE',  ( -1.503046340245051793, 5.673103994162671526, -0.8040306354119032273 ) ) ;
#777 = DIRECTION ( 'NONE',  ( 0.3959543702886358374, -0.9182701871722340758, -0.0000000000000000000 ) ) ;
#778 = ADVANCED_FACE ( 'NONE', ( #3566 ), #486, .F. ) ;
#779 = DIRECTION ( 'NONE',  ( -3.673940397442059375E-16, 1.000000000000000000, 0.0000000000000000000 ) ) ;
#780 = CARTESIAN_POINT ( 'NONE',  ( 1.962115809820966339, 4.594230929146144504, 2.168825928356886923 ) ) ;
#781 = DIRECTION ( 'NONE',  ( 0.9182701871722342979, -0.3959543702886355598, 0.0000000000000000000 ) ) ;
#782 = CARTESIAN_POINT ( 'NONE',  ( -1.374570384678755142, 6.753591521865976333, -0.5748594445768062666 ) ) ;
#783 = CARTESIAN_POINT ( 'NONE',  ( -1.439917698166250259, 5.931200345728644407, -1.747707971076875477 ) ) ;
#784 = CARTESIAN_POINT ( 'NONE',  ( 2.735861764612001146, 2.608672387102890067, 1.442204652757312688 ) ) ;
#785 = CARTESIAN_POINT ( 'NONE',  ( -4.049999999999998934, -1.487945860964033588E-15, -8.419877014541156103E-17 ) ) ;
#786 = ORIENTED_EDGE ( 'NONE', *, *, #3778, .F. ) ;
#787 = CARTESIAN_POINT ( 'NONE',  ( 2.974545401696009783, 3.610628908835847639, 1.689328048382591652 ) ) ;
#788 = CARTESIAN_POINT ( 'NONE',  ( -2.311319278422348855, 5.145730279886794989, -1.195918423170509115 ) ) ;
#789 = VERTEX_POINT ( 'NONE', #2395 ) ;
#790 = DIRECTION ( 'NONE',  ( 0.3959543702886355598, 0.9182701871722344089, 0.0000000000000000000 ) ) ;
#791 = UNCERTAINTY_MEASURE_WITH_UNIT (LENGTH_MEASURE( 1.000000000000000082E-05 ), #2031, 'distance_accuracy_value', 'NONE');
#792 = CARTESIAN_POINT ( 'NONE',  ( -4.049999999999998934, -1.487945860964033588E-15, -0.1655745029769296606 ) ) ;
#793 = CARTESIAN_POINT ( 'NONE',  ( 1.826745966006704691, 5.146724380172158497, 2.273296609644883226 ) ) ;
#794 = CARTESIAN_POINT ( 'NONE',  ( 1.323150457420587456, 6.058022790959433301, 1.398071864791361474 ) ) ;
#795 = CARTESIAN_POINT ( 'NONE',  ( -1.637712289484582806, 6.905595643035318254, -0.3000000000000002665 ) ) ;
#796 = CARTESIAN_POINT ( 'NONE',  ( 2.747873952673412390, 2.638635783641346322, 1.406041581218986591 ) ) ;
#797 = CARTESIAN_POINT ( 'NONE',  ( -0.9312760365187557898, 6.208154741409545707, -1.399999999999998579 ) ) ;
#798 = CARTESIAN_POINT ( 'NONE',  ( -2.219089655764741043, 3.836397198100279127, -1.928155607399947069 ) ) ;
#799 = CARTESIAN_POINT ( 'NONE',  ( -3.084175544375058475, 5.078058523494763499, -1.908455824930549882 ) ) ;
#800 = ORIENTED_EDGE ( 'NONE', *, *, #1548, .F. ) ;
#801 = CARTESIAN_POINT ( 'NONE',  ( -3.453619243799833427, -1.268839125717950479E-15, -0.04873829586104568706 ) ) ;
#802 = CARTESIAN_POINT ( 'NONE',  ( 1.926529319477068736, 4.717923116652863236, 2.198832027794610511 ) ) ;
#803 = CARTESIAN_POINT ( 'NONE',  ( 1.290740326922557468, 6.134816253612353165, 1.254999546496863072 ) ) ;
#804 = CARTESIAN_POINT ( 'NONE',  ( -1.646622830119007341, 6.870322459156043671, -0.9042598410078909188 ) ) ;
#805 = ORIENTED_EDGE ( 'NONE', *, *, #1911, .T. ) ;
#806 = CARTESIAN_POINT ( 'NONE',  ( -3.035992313865181202, 3.459135093586102716, -1.900000000000019895 ) ) ;
#807 = CARTESIAN_POINT ( 'NONE',  ( -2.137527611402782579, 7.006797146258692877, -1.399999999999997691 ) ) ;
#808 = CARTESIAN_POINT ( 'NONE',  ( -2.561717611149837648, 5.476847368217524270, -1.232124189179593321 ) ) ;
#809 = AXIS2_PLACEMENT_3D ( 'NONE', #2759, #3630, #693 ) ;
#810 = EDGE_CURVE ( 'NONE', #832, #2967, #3613, .T. ) ;
#811 = CARTESIAN_POINT ( 'NONE',  ( -3.857637417314161900E-15, 10.49999999999999822, -0.6000000000000004219 ) ) ;
#812 = FACE_OUTER_BOUND ( 'NONE', #609, .T. ) ;
#813 = CARTESIAN_POINT ( 'NONE',  ( -2.931362423611993506, 1.796064980379967535, -1.342581832102294648 ) ) ;
#814 = CARTESIAN_POINT ( 'NONE',  ( 3.450672127485116203, 0.0000000000000000000, -0.02468043041677014590 ) ) ;
#815 = CARTESIAN_POINT ( 'NONE',  ( 1.246605537997387936, 6.450572716705999632, 0.3000000000000002665 ) ) ;
#816 = CARTESIAN_POINT ( 'NONE',  ( 1.393688654900210988, 5.929738626858171990, 1.632139459209729582 ) ) ;
#817 = CARTESIAN_POINT ( 'NONE',  ( 2.864755382521233074, 5.505883733258214896, 1.400000000022690649 ) ) ;
#818 = CARTESIAN_POINT ( 'NONE',  ( -1.625338168877310085, 6.140566125231577743, -1.996570086845422365 ) ) ;
#819 = LINE ( 'NONE', #136, #2352 ) ;
#820 = CARTESIAN_POINT ( 'NONE',  ( -1.446587243708794768, 5.850678146396332657, -1.766848308465336359 ) ) ;
#821 = CARTESIAN_POINT ( 'NONE',  ( -1.073058712760997180, 6.548065840489087464, -1.399999999999996358 ) ) ;
#822 = CARTESIAN_POINT ( 'NONE',  ( 1.899386238365353474, 4.704899162175377292, 2.140124273178940939 ) ) ;
#823 = CARTESIAN_POINT ( 'NONE',  ( -2.226355673300985938, 6.828450859217996438, -0.5634005289827980212 ) ) ;
#824 = CARTESIAN_POINT ( 'NONE',  ( -3.134842407771268213, 1.150504923151924652, -0.3590480057990261820 ) ) ;
#825 = CARTESIAN_POINT ( 'NONE',  ( -3.147448181039865123, 1.081068824503661929, -0.4155540425722291653 ) ) ;
#826 = CARTESIAN_POINT ( 'NONE',  ( 1.228703063009125129, 6.369715181118175806, 0.4281518352174675246 ) ) ;
#827 = ORIENTED_EDGE ( 'NONE', *, *, #3726, .F. ) ;
#828 = CARTESIAN_POINT ( 'NONE',  ( 1.268900708348854600, 5.925102878230474879, 0.5445743465132517613 ) ) ;
#829 = CARTESIAN_POINT ( 'NONE',  ( 3.552936992969506047, 5.280308283037813410, 1.400000000000001021 ) ) ;
#830 = CARTESIAN_POINT ( 'NONE',  ( -1.905842125364962003, 4.569965945262463691, -1.950132486572449642 ) ) ;
#831 = CARTESIAN_POINT ( 'NONE',  ( 3.974289277842451895, 1.919280871578954439, 1.460427000805402331 ) ) ;
#832 = VERTEX_POINT ( 'NONE', #2115 ) ;
#833 = CARTESIAN_POINT ( 'NONE',  ( 0.9227167487784925237, 5.478032060978083706, 1.400000000000029443 ) ) ;
#834 = EDGE_CURVE ( 'NONE', #3491, #1372, #1661, .T. ) ;
#835 = ORIENTED_EDGE ( 'NONE', *, *, #3367, .T. ) ;
#836 = CARTESIAN_POINT ( 'NONE',  ( 1.292338835264724706, 5.872544295070561304, 0.8879088085329851499 ) ) ;
#837 = CARTESIAN_POINT ( 'NONE',  ( -2.244819594173138366, 5.288355694123670681, -1.138962379128457769 ) ) ;
#838 = CARTESIAN_POINT ( 'NONE',  ( -3.371434866346837644, 0.2983699166423857130, -0.07646561450929327541 ) ) ;
#839 = CARTESIAN_POINT ( 'NONE',  ( 2.462681827731213247, 4.810072960367796746, 1.214734968666156600 ) ) ;
#840 = CARTESIAN_POINT ( 'NONE',  ( 1.531244048296801497, 5.626405960279587504, 1.929199188786720143 ) ) ;
#841 = CARTESIAN_POINT ( 'NONE',  ( 1.221358013330671621, 6.253889530480094550, 0.5581011132727735635 ) ) ;
#842 = CARTESIAN_POINT ( 'NONE',  ( 2.481543176858196365, 6.876727060339316466, 1.400000000000007905 ) ) ;
#843 = DIRECTION ( 'NONE',  ( -0.3959543702886357819, 0.9182701871722340758, 0.0000000000000000000 ) ) ;
#844 = CARTESIAN_POINT ( 'NONE',  ( 1.455020435850428617, 5.805927210332736621, 1.777712585355373243 ) ) ;
#845 = CARTESIAN_POINT ( 'NONE',  ( 1.073058712760997624, 6.548065840489090128, 1.399999999999997913 ) ) ;
#846 = CARTESIAN_POINT ( 'NONE',  ( 1.441880544384019247, 5.529517973598866654, 1.455660423106940993 ) ) ;
#847 = CARTESIAN_POINT ( 'NONE',  ( -1.273646416650771274, 6.460017413753547544, -0.8633273521072656331 ) ) ;
#848 = VERTEX_POINT ( 'NONE', #2972 ) ;
#849 = CARTESIAN_POINT ( 'NONE',  ( 2.728138657974347403, 2.578161101045876258, 1.480253524628418305 ) ) ;
#850 = FACE_OUTER_BOUND ( 'NONE', #182, .T. ) ;
#851 = CARTESIAN_POINT ( 'NONE',  ( 2.033070791315490400, 3.365227611756020920, 0.9522530648179319268 ) ) ;
#852 = CARTESIAN_POINT ( 'NONE',  ( 2.251508025950702319, 6.764100662067507486, 1.025722980623356317 ) ) ;
#853 = COLOUR_RGB ( '',0.7921568627450980005, 0.8196078431372548767, 0.9333333333333333481 ) ;
#854 = CARTESIAN_POINT ( 'NONE',  ( 1.658020605179850504, 5.188861688262478289, 1.989466130294171853 ) ) ;
#855 = CARTESIAN_POINT ( 'NONE',  ( 0.9312672706940423595, 6.208118215211909430, 1.400000000000001910 ) ) ;
#856 = CARTESIAN_POINT ( 'NONE',  ( 1.969297765748172724, 4.597327759334387309, 2.183419704845699805 ) ) ;
#857 = CARTESIAN_POINT ( 'NONE',  ( 3.137154027264508205, 1.703803159811319690, 1.525055140222361771 ) ) ;
#858 = CARTESIAN_POINT ( 'NONE',  ( 0.9312760365187685574, 6.208154741409565247, 1.400000000000019229 ) ) ;
#859 = CARTESIAN_POINT ( 'NONE',  ( 1.866013500583961537, 4.552792004231897671, 1.770383618439908657 ) ) ;
#860 = CYLINDRICAL_SURFACE ( 'NONE', #1692, 0.6000000000000009770 ) ;
#861 = CARTESIAN_POINT ( 'NONE',  ( -1.637712289484582806, 6.905595643035318254, -0.3000000000000002665 ) ) ;
#862 = CARTESIAN_POINT ( 'NONE',  ( 3.586954426168542209, 3.696707715759305568, 1.900000000000000133 ) ) ;
#863 = AXIS2_PLACEMENT_3D ( 'NONE', #766, #3699, #2533 ) ;
#864 = EDGE_CURVE ( 'NONE', #592, #3244, #2055, .T. ) ;
#865 = CARTESIAN_POINT ( 'NONE',  ( 2.442592659200210736, 6.308835818286795849, 1.809101755915192067 ) ) ;
#866 = FACE_OUTER_BOUND ( 'NONE', #1426, .T. ) ;
#867 = CARTESIAN_POINT ( 'NONE',  ( -3.857637417314161900E-15, 10.49999999999999822, -1.400000000000000355 ) ) ;
#868 = CARTESIAN_POINT ( 'NONE',  ( 1.509363608702115833, 5.374245378920604388, 1.582221681497820942 ) ) ;
#869 = CARTESIAN_POINT ( 'NONE',  ( 1.647497671088869797, 6.988879178064673070, 1.400000000000000133 ) ) ;
#870 = CARTESIAN_POINT ( 'NONE',  ( 3.212729601860179418, 0.8871104560621163593, 0.5822484036533653873 ) ) ;
#871 = CARTESIAN_POINT ( 'NONE',  ( -3.587382855551989547, 3.567999447001072078, -1.650304226277941488 ) ) ;
#872 = CARTESIAN_POINT ( 'NONE',  ( -2.728138657974348291, 2.578161101045875370, -1.480253524628418083 ) ) ;
#873 = CARTESIAN_POINT ( 'NONE',  ( -1.818696440759780542, 4.661813831839647371, -1.771188765940424847 ) ) ;
#874 = CARTESIAN_POINT ( 'NONE',  ( 1.221358013330671621, 6.253889530480094550, 0.5581011132727735635 ) ) ;
#875 = CARTESIAN_POINT ( 'NONE',  ( -1.274386053252954509, 6.375135836620883900, -1.035286087950783029 ) ) ;
#876 = CARTESIAN_POINT ( 'NONE',  ( -2.725886946185492210, 2.489941294163702690, -1.595720664229968389 ) ) ;
#877 = CARTESIAN_POINT ( 'NONE',  ( -1.994957732677359319, 4.749781038933758026, -2.303407210353249912 ) ) ;
#878 = ORIENTED_EDGE ( 'NONE', *, *, #1415, .F. ) ;
#879 = CARTESIAN_POINT ( 'NONE',  ( 2.108811319485704328, 3.345667409300349782, 0.8538503260640923909 ) ) ;
#880 = CARTESIAN_POINT ( 'NONE',  ( 2.227503514630279735, 6.827797763039690437, 0.4286419156844162304 ) ) ;
#881 = CARTESIAN_POINT ( 'NONE',  ( 4.111102133141198323, 0.4053868801203309724, -0.1316493982330204926 ) ) ;
#882 = CARTESIAN_POINT ( 'NONE',  ( -3.750000000000000000, -1.377727649040772192E-15, 0.0000000000000000000 ) ) ;
#883 = CARTESIAN_POINT ( 'NONE',  ( 1.267852536245849038, 5.926950836251358545, 0.4194474156306028378 ) ) ;
#884 = CARTESIAN_POINT ( 'NONE',  ( 2.682000346689359382, 6.738423475582092870, 1.400000000000007905 ) ) ;
#885 = EDGE_LOOP ( 'NONE', ( #1607, #1999, #889, #2176 ) ) ;
#886 = CARTESIAN_POINT ( 'NONE',  ( 1.757814385726696571, 5.094192715954898532, 2.156355320937775932 ) ) ;
#887 = CARTESIAN_POINT ( 'NONE',  ( 3.497983394136690904, 0.0000000000000000000, 0.2085906620243117848 ) ) ;
#888 = CARTESIAN_POINT ( 'NONE',  ( 3.134010062021240550, 1.200196141935764294, 0.3210133672389750004 ) ) ;
#889 = ORIENTED_EDGE ( 'NONE', *, *, #2158, .F. ) ;
#890 = CARTESIAN_POINT ( 'NONE',  ( -1.624155416639687655, 5.405473711217278598, -1.249535893869377468 ) ) ;
#891 = EDGE_CURVE ( 'NONE', #3491, #550, #2854, .T. ) ;
#892 = B_SPLINE_CURVE_WITH_KNOTS ( 'NONE', 3,
 ( #1932, #3444, #1676, #2275 ),
 .UNSPECIFIED., .F., .F.,
 ( 4, 4 ),
 ( 0.0000000000000000000, 1.000000000000000000 ),
 .UNSPECIFIED. ) ;
#893 = CARTESIAN_POINT ( 'NONE',  ( -1.472489117793823077, 5.902776674983109650, -1.821816068065163829 ) ) ;
#894 = CARTESIAN_POINT ( 'NONE',  ( 2.998434874397762240, 2.602425749736272831, 0.9984915784814478723 ) ) ;
#895 = CARTESIAN_POINT ( 'NONE',  ( -1.623565798725936427, 5.546068975189056616, -2.084928165736461114 ) ) ;
#896 = CARTESIAN_POINT ( 'NONE',  ( 3.068843188860392424, 3.754174226875064857, 1.213695740946269197 ) ) ;
#897 = CARTESIAN_POINT ( 'NONE',  ( 2.614541306678845878, 5.360601207980036698, 1.286198599397625042 ) ) ;
#898 = CARTESIAN_POINT ( 'NONE',  ( 4.049999999999998934, 0.0000000000000000000, 0.1655745029769296606 ) ) ;
#899 = CARTESIAN_POINT ( 'NONE',  ( -3.355333263749865402, 3.792349654791596247, -0.6117610478704360588 ) ) ;
#900 = ORIENTED_EDGE ( 'NONE', *, *, #1138, .T. ) ;
#901 = CARTESIAN_POINT ( 'NONE',  ( 3.571557094158499090, 3.100915788521859895, 1.310870230374131751 ) ) ;
#902 = CARTESIAN_POINT ( 'NONE',  ( -1.819940294801320135, 4.810717526001959676, -2.049981250107429265 ) ) ;
#903 = ORIENTED_EDGE ( 'NONE', *, *, #2724, .F. ) ;
#904 = CARTESIAN_POINT ( 'NONE',  ( -2.176081531221783827, 4.832443342204007841, -2.506208013905879550 ) ) ;
#905 = DIRECTION ( 'NONE',  ( -0.3959543702886357819, 0.9182701871722340758, 0.0000000000000000000 ) ) ;
#906 = CARTESIAN_POINT ( 'NONE',  ( -1.226605524686023019, 6.354895754463091073, -0.3000000000000002665 ) ) ;
#907 = CARTESIAN_POINT ( 'NONE',  ( 1.625338168877308087, 6.140566125231578631, 1.996570086845422365 ) ) ;
#908 = CARTESIAN_POINT ( 'NONE',  ( 3.908299957642362710, 0.8688174793683943742, 0.8054002495971449571 ) ) ;
#909 = CARTESIAN_POINT ( 'NONE',  ( 1.866013500583961537, 4.552792004231897671, 1.770383618439908657 ) ) ;
#910 =( BOUNDED_SURFACE ( )  B_SPLINE_SURFACE ( 3, 2, ( 
 ( #3310, #1817, #378 ),
 ( #2440, #1572, #3589 ),
 ( #412, #105, #2769 ),
 ( #3606, #3341, #2191 ),
 ( #1604, #1320, #3643 ),
 ( #2464, #2806, #3620 ) ),
 .UNSPECIFIED., .F., .F., .T. ) 
 B_SPLINE_SURFACE_WITH_KNOTS ( ( 4, 2, 4 ),
 ( 3, 3 ),
 ( 0.003971640880853006227, 0.004258620522528947482, 0.004545600164204888737 ),
 ( 0.0000000000000000000, 1.000000000000000000 ),
 .UNSPECIFIED. ) 
 GEOMETRIC_REPRESENTATION_ITEM ( )  RATIONAL_B_SPLINE_SURFACE ( (
 ( 1.000000000000000000, 0.4881615370346978899, 1.000000000000000000),
 ( 1.000000000000000000, 0.4800392662570461266, 1.000000000000000000),
 ( 1.000000000000000000, 0.4728880672253646389, 1.000000000000000000),
 ( 1.000000000000000000, 0.4638037503821694219, 1.000000000000000000),
 ( 1.000000000000000000, 0.4621238315356779314, 1.000000000000000000),
 ( 1.000000000000000000, 0.4630877828465400636, 1.000000000000000000) ) ) 
 REPRESENTATION_ITEM ( '' )  SURFACE ( )  );
#911 = CARTESIAN_POINT ( 'NONE',  ( 1.296965527475135715, 6.179756794219559701, 1.274796145179105222 ) ) ;
#912 = TOROIDAL_SURFACE ( 'NONE', #226, 6.699999999999999289, 0.8000000000000000444 ) ;
#913 = CARTESIAN_POINT ( 'NONE',  ( -2.291856112264915701, 5.186663828530191367, -1.184858692391623336 ) ) ;
#914 = CARTESIAN_POINT ( 'NONE',  ( -1.710194925549473499, 5.269499363376061396, -2.159132885894609721 ) ) ;
#915 = CARTESIAN_POINT ( 'NONE',  ( 2.475022790800051276, 3.290974201233477281, 1.748128288948933129 ) ) ;
#916 = CARTESIAN_POINT ( 'NONE',  ( -1.407965394898010869, 5.981834771006879770, -1.670220150029420925 ) ) ;
#917 = CARTESIAN_POINT ( 'NONE',  ( -1.588999962030067881, 5.490600365016328865, -2.011954265500718098 ) ) ;
#918 = CARTESIAN_POINT ( 'NONE',  ( 2.227926455670855344, 4.708847398638219772, 2.505792861893386014 ) ) ;
#919 = CARTESIAN_POINT ( 'NONE',  ( 4.148830380558504949, 1.613912230371199463, 0.3140862951810897696 ) ) ;
#920 = CARTESIAN_POINT ( 'NONE',  ( 3.787174988282910437, 4.127177783026440672, 0.9717537465489657356 ) ) ;
#921 = CARTESIAN_POINT ( 'NONE',  ( 1.714192562929684582, 5.203327551171062382, 1.397874840844471445 ) ) ;
#922 = CARTESIAN_POINT ( 'NONE',  ( -3.586864504442440982, 3.195978458675523104, -1.385181859169650531 ) ) ;
#923 = CARTESIAN_POINT ( 'NONE',  ( 3.668439694938140150, 3.991387720253596338, 0.8295974970331555509 ) ) ;
#924 = ORIENTED_EDGE ( 'NONE', *, *, #2281, .T. ) ;
#925 = CARTESIAN_POINT ( 'NONE',  ( 4.107130758768247070, 0.3552873708352483617, 0.05804671251276239535 ) ) ;
#926 = CARTESIAN_POINT ( 'NONE',  ( -2.083814718588381965, 5.622607221471358940, -0.6682004246312305273 ) ) ;
#927 = CARTESIAN_POINT ( 'NONE',  ( -1.800886288419760728, 5.128549692588666886, -2.237287782588400997 ) ) ;
#928 = CARTESIAN_POINT ( 'NONE',  ( 2.287100184472684372, 3.816169707514047271, 1.333376066503929147 ) ) ;
#929 = CARTESIAN_POINT ( 'NONE',  ( -1.423024328173133402, 6.019893148820214535, -1.696383788080068289 ) ) ;
#930 = CARTESIAN_POINT ( 'NONE',  ( -1.584223128789788992, 5.481353814558253212, -1.999024791874590035 ) ) ;
#931 = ORIENTED_EDGE ( 'NONE', *, *, #1357, .T. ) ;
#932 = CARTESIAN_POINT ( 'NONE',  ( 1.634962471703374387, 6.904582691050321408, 0.5763147137974159451 ) ) ;
#933 = CARTESIAN_POINT ( 'NONE',  ( 1.330100130885430332, 6.101006345838685618, 1.421651088305184940 ) ) ;
#934 = CARTESIAN_POINT ( 'NONE',  ( 3.055506617679907944, 3.746559136028891679, 1.268235859032008861 ) ) ;
#935 = CARTESIAN_POINT ( 'NONE',  ( 2.459742088701794227, 6.525289060175495592, 0.3000000000000002665 ) ) ;
#936 = DIRECTION ( 'NONE',  ( 0.1621624308655455760, -0.7856242535774904390, -0.5970744327188931555 ) ) ;
#937 = CARTESIAN_POINT ( 'NONE',  ( 3.329448598387879876, 3.779525907296942044, 0.6000000000000004219 ) ) ;
#938 = DIRECTION ( 'NONE',  ( -0.3959543702886360594, 0.9182701871722340758, -1.430981961573563256E-16 ) ) ;
#939 = AXIS2_PLACEMENT_3D ( 'NONE', #1390, #2013, #3769 ) ;
#940 = EDGE_CURVE ( 'NONE', #3097, #550, #3126, .T. ) ;
#941 = B_SPLINE_CURVE_WITH_KNOTS ( 'NONE', 3,
 ( #2873, #2303, #3754, #246, #833, #2364, #3204, #858, #593, #845, #3217, #565, #1763, #1146, #1478, #1504, #2905, #1464, #3776, #2053, #3492, #2043, #3481, #2957, #2634, #2946 ),
 .UNSPECIFIED., .F., .F.,
 ( 4, 2, 2, 2, 2, 2, 2, 2, 2, 2, 2, 2, 4 ),
 ( 0.0000000000000000000, 0.0007329499744981314872, 0.001465899948996262974, 0.001832374936245327254, 0.002198849923494391751, 0.002565324910743456248, 0.002931799897992520745, 0.003298274885241585241, 0.003664749872490649738, 0.004031224859739715102, 0.004397699846988780033, 0.005130649821486908159, 0.005863599795985034550 ),
 .UNSPECIFIED. ) ;
#942 = CARTESIAN_POINT ( 'NONE',  ( 2.613881164228421650, 2.833343280197561764, 0.6000000000000004219 ) ) ;
#943 = CARTESIAN_POINT ( 'NONE',  ( -6.699999999999999289, 10.49999999999999822, 0.6000000000000004219 ) ) ;
#944 = CARTESIAN_POINT ( 'NONE',  ( -1.535563931889162292, 5.636804367699053131, -1.941399690614109996 ) ) ;
#945 = CARTESIAN_POINT ( 'NONE',  ( -1.912345113398441487, 4.711151026258789898, -2.169659953292500276 ) ) ;
#946 = CARTESIAN_POINT ( 'NONE',  ( 3.497983394136690904, 0.0000000000000000000, 0.2085906620243117848 ) ) ;
#947 = ORIENTED_EDGE ( 'NONE', *, *, #2589, .T. ) ;
#948 = CARTESIAN_POINT ( 'NONE',  ( 2.372607275237061941, 5.868747986929210292, 0.3000000000000002665 ) ) ;
#949 = CARTESIAN_POINT ( 'NONE',  ( 1.582173905403839509, 6.621956929768064271, 1.399999999999643086 ) ) ;
#950 = CARTESIAN_POINT ( 'NONE',  ( 3.003962971367996282, 5.043471188222510726, 1.949820009341698857 ) ) ;
#951 = CIRCLE ( 'NONE', #1063, 6.699999999999999289 ) ;
#952 = CARTESIAN_POINT ( 'NONE',  ( 2.735861764612001146, 2.608672387102890067, 1.442204652757312688 ) ) ;
#953 = CARTESIAN_POINT ( 'NONE',  ( -2.613881164228422538, 2.833343280197560876, -0.6000000000000004219 ) ) ;
#954 = CARTESIAN_POINT ( 'NONE',  ( 2.807603802003774796, 3.618607534676846704, 1.380799061276831718 ) ) ;
#955 = CARTESIAN_POINT ( 'NONE',  ( 2.998434874397762240, 2.602425749736272831, 0.9984915784814478723 ) ) ;
#956 = CIRCLE ( 'NONE', #2332, 0.5999999999999995337 ) ;
#957 = CARTESIAN_POINT ( 'NONE',  ( -3.501788832853679256, 3.875243817550126924, -0.7031283159188608245 ) ) ;
#958 = CARTESIAN_POINT ( 'NONE',  ( -1.874203789277687715, 4.841008666701620555, -2.199689495915636339 ) ) ;
#959 = CARTESIAN_POINT ( 'NONE',  ( -1.289128379169811600, 6.090701339289005922, -1.234656840543998158 ) ) ;
#960 = ADVANCED_FACE ( 'NONE', ( #91 ), #1239, .T. ) ;
#961 = CARTESIAN_POINT ( 'NONE',  ( 1.236478297838574436, 6.303993152578824422, 0.8403301014753170595 ) ) ;
#962 = CARTESIAN_POINT ( 'NONE',  ( -3.559213058287466591, 3.684745750747532966, -1.712010947176781928 ) ) ;
#963 = CARTESIAN_POINT ( 'NONE',  ( 2.293735853103501920, 6.662362369203947310, 1.299331239493648038 ) ) ;
#964 = CARTESIAN_POINT ( 'NONE',  ( -1.396955960690484666, 5.942822017232482601, -1.641816819559704488 ) ) ;
#965 = DIRECTION ( 'NONE',  ( 0.5928832795163780922, 0.0000000000000000000, -0.8052884060197963434 ) ) ;
#966 = FACE_OUTER_BOUND ( 'NONE', #2196, .T. ) ;
#967 = CARTESIAN_POINT ( 'NONE',  ( 3.552981295672791529, 5.280205644835381129, 1.400000000000000355 ) ) ;
#968 = EDGE_CURVE ( 'NONE', #2496, #150, #2070, .T. ) ;
#969 = DIRECTION ( 'NONE',  ( 0.0000000000000000000, 1.000000000000000000, 0.0000000000000000000 ) ) ;
#970 = CARTESIAN_POINT ( 'NONE',  ( -3.219890191139302527, 2.651095763242467207, -0.8837474851960673838 ) ) ;
#971 = DIRECTION ( 'NONE',  ( 0.0000000000000000000, -1.000000000000000000, 0.0000000000000000000 ) ) ;
#972 = CARTESIAN_POINT ( 'NONE',  ( 0.0000000000000000000, 10.49999999999999822, 0.6000000000000004219 ) ) ;
#973 = CARTESIAN_POINT ( 'NONE',  ( 2.477764306196720057, 3.365356486486581922, 1.036258718207275775 ) ) ;
#974 = CARTESIAN_POINT ( 'NONE',  ( -1.531244048296803495, 5.626405960279586616, -1.929199188786720143 ) ) ;
#975 = CARTESIAN_POINT ( 'NONE',  ( -1.969297765748174944, 4.597327759334387309, -2.183419704845699361 ) ) ;
#976 = CARTESIAN_POINT ( 'NONE',  ( 3.147448181039864679, 1.081068824503663039, 0.4155540425722291653 ) ) ;
#977 = CARTESIAN_POINT ( 'NONE',  ( 2.958512559076241111, 2.601798138543735650, 1.036653860622341439 ) ) ;
#978 = CARTESIAN_POINT ( 'NONE',  ( 2.633618362939206481, 6.123009691992708170, 1.536308441053877871 ) ) ;
#979 = ORIENTED_EDGE ( 'NONE', *, *, #2456, .T. ) ;
#980 = CARTESIAN_POINT ( 'NONE',  ( -1.221521993010701745, 6.304142329447127935, -0.4269690646624403896 ) ) ;
#981 = SURFACE_STYLE_USAGE ( .BOTH. , #2746 ) ;
#982 = CARTESIAN_POINT ( 'NONE',  ( -2.562524619160835293, 3.322765998793014042, -1.087363560127597717 ) ) ;
#983 = ADVANCED_FACE ( 'NONE', ( #3385 ), #1278, .T. ) ;
#984 = CARTESIAN_POINT ( 'NONE',  ( 1.903867196644285720, 6.529021256120127958, 1.661460135189663623 ) ) ;
#985 = ORIENTED_EDGE ( 'NONE', *, *, #52, .F. ) ;
#986 = CARTESIAN_POINT ( 'NONE',  ( 3.841431907060878448, 4.481464610060860387, 1.278047601952343681 ) ) ;
#987 = DIRECTION ( 'NONE',  ( -0.0000000000000000000, -0.0000000000000000000, 1.000000000000000000 ) ) ;
#988 = EDGE_LOOP ( 'NONE', ( #3278, #393 ) ) ;
#989 = CARTESIAN_POINT ( 'NONE',  ( -3.552981295672793305, 5.280205644835379353, -1.400000000000000355 ) ) ;
#990 = FILL_AREA_STYLE ('',( #3600 ) ) ;
#991 = CARTESIAN_POINT ( 'NONE',  ( 3.450000000000000622, 0.0000000000000000000, -9.486769009248163798E-17 ) ) ;
#992 = CARTESIAN_POINT ( 'NONE',  ( -3.708388899123223670, 4.919869914342526407, -1.400000000000000355 ) ) ;
#993 = CARTESIAN_POINT ( 'NONE',  ( 1.646622830119004677, 6.870322459156044559, 0.9042598410078909188 ) ) ;
#994 = CARTESIAN_POINT ( 'NONE',  ( -1.692334619561959741, 5.247819979829309034, -2.118345358430162140 ) ) ;
#995 = CARTESIAN_POINT ( 'NONE',  ( 2.420260337248538729, 3.401243777960705206, 0.6000000000000004219 ) ) ;
#996 = CARTESIAN_POINT ( 'NONE',  ( 3.474558840764270684, 2.844004395397237595, 1.032421260632709670 ) ) ;
#997 = DIRECTION ( 'NONE',  ( 0.0000000000000000000, 0.0000000000000000000, 1.000000000000000000 ) ) ;
#998 = ORIENTED_EDGE ( 'NONE', *, *, #2846, .T. ) ;
#999 = STYLED_ITEM ( 'NONE', ( #1519 ), #2175 ) ;
#1000 = AXIS2_PLACEMENT_3D ( 'NONE', #3042, #1274, #1250 ) ;
#1001 = B_SPLINE_CURVE_WITH_KNOTS ( 'NONE', 3,
 ( #1874, #3336, #397, #986, #3626, #2112 ),
 .UNSPECIFIED., .F., .F.,
 ( 4, 2, 4 ),
 ( 8.940560153363745023E-19, 0.0003573715553635201363, 0.0007147431107270394053 ),
 .UNSPECIFIED. ) ;
#1002 = PLANE ( 'NONE',  #1000 ) ;
#1003 = ORIENTED_EDGE ( 'NONE', *, *, #3758, .F. ) ;
#1004 = CIRCLE ( 'NONE', #2455, 0.6000000000000009770 ) ;
#1005 = ADVANCED_FACE ( 'NONE', ( #2662 ), #1985, .T. ) ;
#1006 = CARTESIAN_POINT ( 'NONE',  ( -3.859637903760599453, 4.382944039279625947, -1.205779950624755292 ) ) ;
#1007 = CARTESIAN_POINT ( 'NONE',  ( 1.625338168877308087, 6.140566125231578631, 1.996570086845422365 ) ) ;
#1008 = CARTESIAN_POINT ( 'NONE',  ( -1.434718839948798896, 5.794997150163311517, -1.728782178505168021 ) ) ;
#1009 = CARTESIAN_POINT ( 'NONE',  ( -2.103183703555737250, 3.346846680335463287, -0.8618406262120458239 ) ) ;
#1010 = CARTESIAN_POINT ( 'NONE',  ( 1.965992055711660358, 6.523122537324410608, 1.668121789040571512 ) ) ;
#1011 = CARTESIAN_POINT ( 'NONE',  ( -3.749999999999990674, -25.00000000000000000, -0.3000000000000018763 ) ) ;
#1012 = CARTESIAN_POINT ( 'NONE',  ( -2.459742088701796892, 6.525289060175494704, -0.3000000000000002665 ) ) ;
#1013 = CARTESIAN_POINT ( 'NONE',  ( -4.082433802709752868, 3.910356407908962773, -1.524021894353547957 ) ) ;
#1014 = CARTESIAN_POINT ( 'NONE',  ( -3.059049317357518838, 3.619033427875613107, -1.529100095629178480 ) ) ;
#1015 = ORIENTED_EDGE ( 'NONE', *, *, #3389, .T. ) ;
#1016 = CARTESIAN_POINT ( 'NONE',  ( 2.479886949250313943, 6.479143977863837556, 0.9149451188525009604 ) ) ;
#1017 = CARTESIAN_POINT ( 'NONE',  ( -1.290740326922559689, 6.134816253612352277, -1.254999546496863072 ) ) ;
#1018 = AXIS2_PLACEMENT_3D ( 'NONE', #3685, #515, #3120 ) ;
#1019 = CARTESIAN_POINT ( 'NONE',  ( -2.894903079725106299, 2.062351019212992576, -0.9690166377317765978 ) ) ;
#1020 = EDGE_CURVE ( 'NONE', #295, #3596, #113, .T. ) ;
#1021 = CARTESIAN_POINT ( 'NONE',  ( -3.261522156184481602, 2.400279669574831853, -0.6071814981499281672 ) ) ;
#1022 = CARTESIAN_POINT ( 'NONE',  ( -3.249533150657272440, 4.587185298759267837, -1.413892393122134994 ) ) ;
#1023 = DIRECTION ( 'NONE',  ( 0.0000000000000000000, 0.0000000000000000000, -1.000000000000000000 ) ) ;
#1024 = ORIENTED_EDGE ( 'NONE', *, *, #3063, .T. ) ;
#1025 = B_SPLINE_CURVE_WITH_KNOTS ( 'NONE', 3,
 ( #2127, #2722, #3022, #3314 ),
 .UNSPECIFIED., .F., .F.,
 ( 4, 4 ),
 ( 0.003532259478271957027, 0.004063791257825346767 ),
 .UNSPECIFIED. ) ;
#1026 = CARTESIAN_POINT ( 'NONE',  ( -2.037113754285442280, 6.507857607042510928, -1.677255188114572082 ) ) ;
#1027 = CARTESIAN_POINT ( 'NONE',  ( -2.488093247620717374, 3.424370829714394215, -0.5437765859722548667 ) ) ;
#1028 = CARTESIAN_POINT ( 'NONE',  ( 1.290170580569568903, 6.419125910253431933, 1.046020501742308095 ) ) ;
#1029 = ORIENTED_EDGE ( 'NONE', *, *, #3583, .T. ) ;
#1030 = CARTESIAN_POINT ( 'NONE',  ( -1.268900708348856599, 5.925102878230473991, -0.5445743465132517613 ) ) ;
#1031 = CARTESIAN_POINT ( 'NONE',  ( -3.369404230750884022, 0.3148124175497622468, -0.01963384052960355855 ) ) ;
#1032 = DIRECTION ( 'NONE',  ( 0.0000000000000000000, 0.0000000000000000000, -1.000000000000000000 ) ) ;
#1033 = CARTESIAN_POINT ( 'NONE',  ( -2.728138657974336301, 2.578161101045875370, -1.480253524628416084 ) ) ;
#1034 = CARTESIAN_POINT ( 'NONE',  ( -2.752329489754192338, 5.054351101035972960, -1.322983201573013190 ) ) ;
#1035 = CARTESIAN_POINT ( 'NONE',  ( -3.356997835854551138, 5.728590077297280203, -1.400000000000005906 ) ) ;
#1036 = ADVANCED_FACE ( 'NONE', ( #1053 ), #3301, .T. ) ;
#1037 = APPLICATION_PROTOCOL_DEFINITION ( 'draft international standard', 'automotive_design', 1998, #2805 ) ;
#1038 = CARTESIAN_POINT ( 'NONE',  ( 1.370437363300509803, 6.225823706650660760, 1.484991184280594956 ) ) ;
#1039 = EDGE_CURVE ( 'NONE', #626, #3571, #3615, .T. ) ;
#1040 = CARTESIAN_POINT ( 'NONE',  ( -1.769129467646199716, 4.776019617615562929, -1.772032197984995117 ) ) ;
#1041 = ORIENTED_EDGE ( 'NONE', *, *, #685, .T. ) ;
#1042 = CARTESIAN_POINT ( 'NONE',  ( -3.945985377493595347, 0.4414308648643160971, 0.2950839005584534047 ) ) ;
#1043 = FACE_OUTER_BOUND ( 'NONE', #344, .T. ) ;
#1044 = CARTESIAN_POINT ( 'NONE',  ( 3.750000000000000000, 0.0000000000000000000, 0.3000000000000018763 ) ) ;
#1045 = CARTESIAN_POINT ( 'NONE',  ( -3.858972018966593698, 2.431958753261298067, -1.979753722139480976 ) ) ;
#1046 = CARTESIAN_POINT ( 'NONE',  ( -2.758425604367256589, 2.781825178111670294, -1.416863790586083249 ) ) ;
#1047 = CARTESIAN_POINT ( 'NONE',  ( -3.450000000000000622, -1.267509437117510795E-15, 7.453889935837842984E-17 ) ) ;
#1048 = CIRCLE ( 'NONE', #534, 7.500000000000000000 ) ;
#1049 = CARTESIAN_POINT ( 'NONE',  ( -1.770058050118637594, 7.016068970554094619, -1.399999999999998579 ) ) ;
#1050 = CIRCLE ( 'NONE', #1939, 0.6000000000000000888 ) ;
#1051 = CARTESIAN_POINT ( 'NONE',  ( 1.240694190805613051, 6.336507767781997202, 0.8453732546352312749 ) ) ;
#1052 = CARTESIAN_POINT ( 'NONE',  ( -1.658020605179852502, 5.188861688262477401, -1.989466130294171853 ) ) ;
#1053 = FACE_OUTER_BOUND ( 'NONE', #1603, .T. ) ;
#1054 = CARTESIAN_POINT ( 'NONE',  ( -3.587849318386977959, 0.4256288910031718054, 0.3133227930709813758 ) ) ;
#1055 = CARTESIAN_POINT ( 'NONE',  ( -1.238586244322096297, 6.320250460180410812, -0.8428516780552741672 ) ) ;
#1056 = CARTESIAN_POINT ( 'NONE',  ( -3.561082497797952939, 2.253122413202637730, -2.134159391243788395 ) ) ;
#1057 = CARTESIAN_POINT ( 'NONE',  ( -3.297758075989898341, 3.317837585908915532, -1.191612920968356359 ) ) ;
#1058 = CARTESIAN_POINT ( 'NONE',  ( -1.971996398703656173, 6.522795038459128669, -1.668694594342939652 ) ) ;
#1059 = CARTESIAN_POINT ( 'NONE',  ( 3.038221606551984699, 2.603051217568145059, 0.9604588952411747815 ) ) ;
#1060 = CARTESIAN_POINT ( 'NONE',  ( 1.535563931889160294, 5.636804367699054019, 1.941399690614109996 ) ) ;
#1061 = CARTESIAN_POINT ( 'NONE',  ( -1.352824396235819071, 5.734137053621005897, -1.199519072113761409 ) ) ;
#1062 =( NAMED_UNIT ( * ) PLANE_ANGLE_UNIT ( ) SI_UNIT ( $, .RADIAN. ) );
#1063 = AXIS2_PLACEMENT_3D ( 'NONE', #266, #251, #1707 ) ;
#1064 = EDGE_CURVE ( 'NONE', #550, #2770, #1183, .T. ) ;
#1065 = CARTESIAN_POINT ( 'NONE',  ( -3.458427827833292501, -1.270605770831452417E-15, 0.07217401147940989692 ) ) ;
#1066 = ORIENTED_EDGE ( 'NONE', *, *, #30, .F. ) ;
#1067 = CARTESIAN_POINT ( 'NONE',  ( 1.396955960690482446, 5.942822017232483489, 1.641816819559704488 ) ) ;
#1068 = DIRECTION ( 'NONE',  ( 0.1621624308655455760, -0.7856242535774904390, -0.5970744327188931555 ) ) ;
#1069 = CARTESIAN_POINT ( 'NONE',  ( -2.448616004293649784, 4.951036368535195464, -2.553771481480199501 ) ) ;
#1070 = CARTESIAN_POINT ( 'NONE',  ( -1.622263480045393669, 6.428967910054441681, -1.657098211753580630 ) ) ;
#1071 = DIRECTION ( 'NONE',  ( 0.9182701871722342979, -0.3959543702886353378, 0.0000000000000000000 ) ) ;
#1072 = ORIENTED_EDGE ( 'NONE', *, *, #2097, .T. ) ;
#1073 = ORIENTED_EDGE ( 'NONE', *, *, #3583, .F. ) ;
#1074 = CARTESIAN_POINT ( 'NONE',  ( -2.019017463612131191, 4.191419821683751934, -1.400000000000000577 ) ) ;
#1075 = CARTESIAN_POINT ( 'NONE',  ( 1.234432224915922083, 6.403650696439925127, 0.3000000000000002665 ) ) ;
#1076 = CARTESIAN_POINT ( 'NONE',  ( -1.740206559436366707, 5.078145244631913968, -2.112998668316564466 ) ) ;
#1077 = CARTESIAN_POINT ( 'NONE',  ( -3.212729601860179862, 0.8871104560621151380, -0.5822484036533653873 ) ) ;
#1078 = CARTESIAN_POINT ( 'NONE',  ( 1.226605524686020798, 6.354895754463091961, 0.3000000000000002665 ) ) ;
#1079 = CARTESIAN_POINT ( 'NONE',  ( -1.692334619561959741, 5.247819979829309034, -2.118345358430162140 ) ) ;
#1080 = CARTESIAN_POINT ( 'NONE',  ( -3.036013611326774164, 5.189792908917493897, -1.906424691615231870 ) ) ;
#1081 = CARTESIAN_POINT ( 'NONE',  ( -1.356662289000658772, 4.333394316836480797, -1.400000000000030997 ) ) ;
#1082 = CARTESIAN_POINT ( 'NONE',  ( 3.371445412458616175, 0.3232447833547729132, -0.008910518451434203471 ) ) ;
#1083 = ORIENTED_EDGE ( 'NONE', *, *, #2012, .F. ) ;
#1084 = CARTESIAN_POINT ( 'NONE',  ( 3.501788832853677924, 3.875243817550128256, 0.7031283159188608245 ) ) ;
#1085 = CARTESIAN_POINT ( 'NONE',  ( 3.165868847340191916, 2.630237306319382462, 0.8929373120150977394 ) ) ;
#1086 = CARTESIAN_POINT ( 'NONE',  ( -2.459403507814981626, 6.526199902902489747, -0.4210311630400542238 ) ) ;
#1087 = VERTEX_POINT ( 'NONE', #3641 ) ;
#1088 = AXIS2_PLACEMENT_3D ( 'NONE', #2721, #1872, #3036 ) ;
#1089 = EDGE_CURVE ( 'NONE', #2824, #189, #2355, .T. ) ;
#1090 = SURFACE_STYLE_FILL_AREA ( #3167 ) ;
#1091 = CARTESIAN_POINT ( 'NONE',  ( 3.750000000000000000, -25.00000000000000000, 0.0000000000000000000 ) ) ;
#1092 = CARTESIAN_POINT ( 'NONE',  ( 1.969297765748172724, 4.597327759334387309, 2.183419704845699805 ) ) ;
#1093 = CARTESIAN_POINT ( 'NONE',  ( 1.400223266480753903, 5.955905407606794988, 1.651494179909679394 ) ) ;
#1094 = CARTESIAN_POINT ( 'NONE',  ( 2.936872032256130804, 6.472852730372811614, 1.399999999999999245 ) ) ;
#1095 = CARTESIAN_POINT ( 'NONE',  ( -2.531575371581807676, 6.098670098247822580, -1.987336692143623296 ) ) ;
#1096 = CARTESIAN_POINT ( 'NONE',  ( -1.294075349993645263, 6.209464750336139538, -1.400000000000217293 ) ) ;
#1097 = CARTESIAN_POINT ( 'NONE',  ( 2.894903079725105410, 2.062351019212993464, 0.9690166377317765978 ) ) ;
#1098 = CARTESIAN_POINT ( 'NONE',  ( -1.873861857623655203, 3.443565740311779866, -1.128012511059166334 ) ) ;
#1099 = CARTESIAN_POINT ( 'NONE',  ( 2.420260337248528959, 3.401243777960703873, 0.5999999999999851008 ) ) ;
#1100 = CYLINDRICAL_SURFACE ( 'NONE', #1619, 0.6000000000000000888 ) ;
#1101 = CARTESIAN_POINT ( 'NONE',  ( -2.218492124002730659, 5.345046280630292301, -1.103106214042303135 ) ) ;
#1102 = CARTESIAN_POINT ( 'NONE',  ( 1.830321057774987326, 4.537479062593273049, 1.659107127158742534 ) ) ;
#1103 = CARTESIAN_POINT ( 'NONE',  ( -3.497983394136690904, -1.285138250130027877E-15, -0.2085906620243117848 ) ) ;
#1104 = CARTESIAN_POINT ( 'NONE',  ( 1.256352896108381190, 6.298247933252412167, 1.015331974136354676 ) ) ;
#1105 =( NAMED_UNIT ( * ) SI_UNIT ( $, .STERADIAN. ) SOLID_ANGLE_UNIT ( ) );
#1106 = CARTESIAN_POINT ( 'NONE',  ( -1.916203635878644063, 5.449116897825819095, -2.423983647698916499 ) ) ;
#1107 = CARTESIAN_POINT ( 'NONE',  ( 2.876171823895991242, 2.840125231317391918, 1.175768947309979495 ) ) ;
#1108 = CARTESIAN_POINT ( 'NONE',  ( -2.610524216116366425, 3.066282103366333445, -1.631815910045959273 ) ) ;
#1109 = EDGE_CURVE ( 'NONE', #2409, #2023, #2458, .T. ) ;
#1110 = EDGE_LOOP ( 'NONE', ( #3642, #3765, #2923 ) ) ;
#1111 = B_SPLINE_CURVE_WITH_KNOTS ( 'NONE', 3,
 ( #2470, #399, #101, #3010 ),
 .UNSPECIFIED., .F., .F.,
 ( 4, 4 ),
 ( 0.0005300057482675627710, 0.001113268697780690373 ),
 .UNSPECIFIED. ) ;
#1112 = CARTESIAN_POINT ( 'NONE',  ( 1.221152670079357350, 6.255641597557635158, 0.4260537394511400566 ) ) ;
#1113 = VERTEX_POINT ( 'NONE', #89 ) ;
#1114 = AXIS2_PLACEMENT_3D ( 'NONE', #3055, #1285, #781 ) ;
#1115 = CARTESIAN_POINT ( 'NONE',  ( 3.418789652673102974, 2.786352827005195820, 0.9677254999299533811 ) ) ;
#1116 = CARTESIAN_POINT ( 'NONE',  ( 1.967069330067384048, 4.736929589339939461, 2.266681011350692998 ) ) ;
#1117 = CARTESIAN_POINT ( 'NONE',  ( 1.867205811606576837, 4.837319654401004421, 2.185111565900982988 ) ) ;
#1118 = SURFACE_SIDE_STYLE ('',( #1090 ) ) ;
#1119 = ORIENTED_EDGE ( 'NONE', *, *, #2129, .F. ) ;
#1120 = CARTESIAN_POINT ( 'NONE',  ( -1.353077890900229452, 6.371734054826355909, -1.399999999999792966 ) ) ;
#1121 = CARTESIAN_POINT ( 'NONE',  ( 3.133932245042311937, 1.187646064549692904, 0.3305314306681547132 ) ) ;
#1122 = CARTESIAN_POINT ( 'NONE',  ( 1.847439540985613471, 4.826765330975702817, 2.141010846244125965 ) ) ;
#1123 = CARTESIAN_POINT ( 'NONE',  ( 2.763019944430820107, 3.512086863231152378, 1.546038017941525178 ) ) ;
#1124 = CARTESIAN_POINT ( 'NONE',  ( -2.110626801716968703, 5.572019537441187609, -0.8255144084628539547 ) ) ;
#1125 = CARTESIAN_POINT ( 'NONE',  ( -3.212729601860179862, 0.8871104560621151380, -0.5822484036533653873 ) ) ;
#1126 = DIRECTION ( 'NONE',  ( -1.000000000000000000, -4.625929269271485914E-16, 0.0000000000000000000 ) ) ;
#1127 = CARTESIAN_POINT ( 'NONE',  ( -4.049999999999998934, -1.487945860964033588E-15, 0.1655745029769294663 ) ) ;
#1128 = CARTESIAN_POINT ( 'NONE',  ( 1.246333381389093997, 6.449057492555404281, 0.4295097122670332168 ) ) ;
#1129 = CARTESIAN_POINT ( 'NONE',  ( 1.224636182978894094, 6.207892531744551690, 0.4251210788775311999 ) ) ;
#1130 = CARTESIAN_POINT ( 'NONE',  ( -3.857637417314161900E-15, 10.49999999999999822, -0.6000000000000004219 ) ) ;
#1131 = VERTEX_POINT ( 'NONE', #989 ) ;
#1132 = FACE_OUTER_BOUND ( 'NONE', #3248, .T. ) ;
#1133 = DIRECTION ( 'NONE',  ( 0.0000000000000000000, 1.000000000000000000, 0.0000000000000000000 ) ) ;
#1134 = CARTESIAN_POINT ( 'NONE',  ( 3.945985377493595347, 0.4414308648643175403, -0.2950839005584534047 ) ) ;
#1135 = CARTESIAN_POINT ( 'NONE',  ( 1.503046340245049572, 5.673103994162672414, 0.8040306354119032273 ) ) ;
#1136 = CARTESIAN_POINT ( 'NONE',  ( -2.752790940760989180, 5.846709386540583253, -1.749303134224761580 ) ) ;
#1137 = CARTESIAN_POINT ( 'NONE',  ( -2.978016465552879133, 2.224285852956804810, -2.013744414340959743 ) ) ;
#1138 = EDGE_CURVE ( 'NONE', #2461, #1131, #308, .T. ) ;
#1139 = TOROIDAL_SURFACE ( 'NONE', #1547, 6.699999999999999289, 0.8000000000000000444 ) ;
#1140 = CARTESIAN_POINT ( 'NONE',  ( 2.633618362939206481, 6.123009691992708170, 1.536308441053877871 ) ) ;
#1141 = CARTESIAN_POINT ( 'NONE',  ( 1.941957178243249205, 4.875039220790891470, 2.304162339419292493 ) ) ;
#1142 = CARTESIAN_POINT ( 'NONE',  ( 1.434718839948796676, 5.794997150163312405, 1.728782178505168021 ) ) ;
#1143 = CARTESIAN_POINT ( 'NONE',  ( 1.278030976426562715, 5.940094465354818887, 1.399999999999867573 ) ) ;
#1144 = CARTESIAN_POINT ( 'NONE',  ( 4.049999999999998934, 0.0000000000000000000, 8.419877014541156103E-17 ) ) ;
#1145 = CARTESIAN_POINT ( 'NONE',  ( 3.404945265595108239, 0.7858211816240412428, 0.7158138100036429696 ) ) ;
#1146 = CARTESIAN_POINT ( 'NONE',  ( 1.647554339644191845, 6.988896015467610745, 1.400000000000001243 ) ) ;
#1147 = CARTESIAN_POINT ( 'NONE',  ( 1.594875085188234731, 5.470885844128602571, 1.179787091645876140 ) ) ;
#1148 = CARTESIAN_POINT ( 'NONE',  ( 3.750000000000000000, -25.00000000000000000, 0.0000000000000000000 ) ) ;
#1149 = CARTESIAN_POINT ( 'NONE',  ( 1.873861857624175897, 3.443565740311047119, 1.128012511058913203 ) ) ;
#1150 = CARTESIAN_POINT ( 'NONE',  ( 2.459048828000442999, 6.527154054604676681, 0.5478171457455641713 ) ) ;
#1151 = CARTESIAN_POINT ( 'NONE',  ( 2.905732492973207126, 2.090631514076834563, 0.9333400884790856722 ) ) ;
#1152 = CARTESIAN_POINT ( 'NONE',  ( 1.266851940706927637, 5.928714915400679075, 0.3000000000000003220 ) ) ;
#1153 = CARTESIAN_POINT ( 'NONE',  ( 1.815261903185517500, 4.663952369399494202, 1.399999999994363087 ) ) ;
#1154 = CARTESIAN_POINT ( 'NONE',  ( 2.725886946185491322, 2.489941294163703578, 1.595720664229968389 ) ) ;
#1155 = AXIS2_PLACEMENT_3D ( 'NONE', #423, #2169, #706 ) ;
#1156 = EDGE_CURVE ( 'NONE', #1226, #1724, #3796, .T. ) ;
#1157 = VERTEX_POINT ( 'NONE', #1401 ) ;
#1158 = CARTESIAN_POINT ( 'NONE',  ( 1.493849562813792442, 5.692075279116562747, 0.7215087626989987735 ) ) ;
#1159 = CARTESIAN_POINT ( 'NONE',  ( -1.290170580569571346, 6.419125910253431044, -1.046020501742308095 ) ) ;
#1160 = CARTESIAN_POINT ( 'NONE',  ( -3.329448598387881209, 3.779525907296940712, -0.6000000000000004219 ) ) ;
#1161 = CARTESIAN_POINT ( 'NONE',  ( 2.785111808480640327, 3.730707048310089036, 1.248761916051360110 ) ) ;
#1162 = VERTEX_POINT ( 'NONE', #785 ) ;
#1163 = CARTESIAN_POINT ( 'NONE',  ( 2.638934681406423177, 5.307581664038274916, 1.301220920642439660 ) ) ;
#1164 = DIRECTION ( 'NONE',  ( 0.9182701871722338538, 0.3959543702886365035, 0.0000000000000000000 ) ) ;
#1165 = CARTESIAN_POINT ( 'NONE',  ( 1.676791482344655027, 5.226714809081304480, 2.076315855996915705 ) ) ;
#1166 = CARTESIAN_POINT ( 'NONE',  ( 0.9921063738583938418, 5.240218471871929573, 1.399999999999994138 ) ) ;
#1167 = CARTESIAN_POINT ( 'NONE',  ( 1.470847971561469070, 5.698583018186184290, 1.803357002095885342 ) ) ;
#1168 = DIRECTION ( 'NONE',  ( -1.000000000000000000, 0.0000000000000000000, 0.0000000000000000000 ) ) ;
#1169 = CARTESIAN_POINT ( 'NONE',  ( -1.811211605744434072, 4.985051048085376024, -1.478324977542865737 ) ) ;
#1170 = CARTESIAN_POINT ( 'NONE',  ( -1.991429580539018529, 6.037567053428752217, -2.233137225040786156 ) ) ;
#1171 = ORIENTED_EDGE ( 'NONE', *, *, #279, .T. ) ;
#1172 = CARTESIAN_POINT ( 'NONE',  ( -3.566795042200064714, 0.2200129083023736609, -0.3846440427572351273 ) ) ;
#1173 = CARTESIAN_POINT ( 'NONE',  ( -2.045552518829157673, 4.630208498750172375, -2.302686357637248715 ) ) ;
#1174 = PLANE ( 'NONE',  #1469 ) ;
#1175 = CARTESIAN_POINT ( 'NONE',  ( 2.932789463004469521, 5.153468550725579078, 2.270866558926024403 ) ) ;
#1176 = EDGE_LOOP ( 'NONE', ( #314, #1700, #745, #112, #2635, #3672, #760, #1295, #1546 ) ) ;
#1177 = FACE_OUTER_BOUND ( 'NONE', #2975, .T. ) ;
#1178 = CARTESIAN_POINT ( 'NONE',  ( 1.220956647364553449, 6.257314138256488967, 0.3000000000000002665 ) ) ;
#1179 = CARTESIAN_POINT ( 'NONE',  ( 1.785674732610214477, 6.514504851110152650, 1.654167349001703480 ) ) ;
#1180 = CARTESIAN_POINT ( 'NONE',  ( 2.267911669045892697, 3.725088863473375422, 1.899999999999998801 ) ) ;
#1181 = CARTESIAN_POINT ( 'NONE',  ( -1.934616354941635974, 4.705632990394796877, -1.496649497927859063 ) ) ;
#1182 = B_SPLINE_CURVE_WITH_KNOTS ( 'NONE', 3,
 ( #2323, #1392, #1695, #1406, #2002, #2875, #537, #1115, #2296, #3177 ),
 .UNSPECIFIED., .F., .F.,
 ( 4, 2, 2, 2, 4 ),
 ( 0.0000000000000000000, 0.0001541870461417090444, 0.0003083740922834180887, 0.0004625611384251271602, 0.0006167481845668361775 ),
 .UNSPECIFIED. ) ;
#1183 = CIRCLE ( 'NONE', #109, 6.699999999999999289 ) ;
#1184 = CARTESIAN_POINT ( 'NONE',  ( -2.121771394755326501, 4.961916239176826338, -2.506642906283339745 ) ) ;
#1185 = CARTESIAN_POINT ( 'NONE',  ( 1.834032512597294939, 3.470512818717114811, 1.169292753497997328 ) ) ;
#1186 = AXIS2_PLACEMENT_3D ( 'NONE', #2309, #3474, #2322 ) ;
#1187 = AXIS2_PLACEMENT_3D ( 'NONE', #1462, #68, #539 ) ;
#1188 = CARTESIAN_POINT ( 'NONE',  ( -1.335377931642318883, 6.309781587705736605, -1.327947199818665602 ) ) ;
#1189 = DIRECTION ( 'NONE',  ( -0.4781611101840407274, -0.5178408426885010574, 0.7093678977450480483 ) ) ;
#1190 = CARTESIAN_POINT ( 'NONE',  ( 2.372607275237061941, 5.868747986929210292, 0.3000000000000002665 ) ) ;
#1191 = ORIENTED_EDGE ( 'NONE', *, *, #2281, .F. ) ;
#1192 = CARTESIAN_POINT ( 'NONE',  ( 3.915574502976928883, 0.0000000000000000000, 0.2999999999999992117 ) ) ;
#1193 = CARTESIAN_POINT ( 'NONE',  ( 2.373859200488313448, 5.869124391411514097, 0.4092904779959009587 ) ) ;
#1194 =( BOUNDED_SURFACE ( )  B_SPLINE_SURFACE ( 3, 2, ( 
 ( #1989, #1429, #216 ),
 ( #3186, #3462, #2282 ),
 ( #1730, #1405, #2601 ),
 ( #1203, #2614, #2913 ),
 ( #1814, #1161, #851 ),
 ( #3486, #545, #573 ),
 ( #3783, #2643, #2085 ),
 ( #3235, #896, #879 ) ),
 .UNSPECIFIED., .F., .F., .F. ) 
 B_SPLINE_SURFACE_WITH_KNOTS ( ( 4, 2, 2, 4 ),
 ( 3, 3 ),
 ( -1.084202172485504434E-19, 0.0002972079315772029810, 0.0004458118973658045528, 0.0005944158631544060704 ),
 ( 0.0000000000000000000, 1.000000000000000000 ),
 .UNSPECIFIED. ) 
 GEOMETRIC_REPRESENTATION_ITEM ( )  RATIONAL_B_SPLINE_SURFACE ( (
 ( 1.000000000000000000, 0.6701071936517207783, 1.000000000000000000),
 ( 1.000000000000000000, 0.6488042975870531581, 1.000000000000000000),
 ( 1.000000000000000000, 0.6241947627456743142, 1.000000000000000000),
 ( 1.000000000000000000, 0.5776512391382716549, 1.000000000000000000),
 ( 1.000000000000000000, 0.5604791917936562395, 1.000000000000000000),
 ( 1.000000000000000000, 0.5220591972195260944, 1.000000000000000000),
 ( 1.000000000000000000, 0.5009319783755510347, 1.000000000000000000),
 ( 1.000000000000000000, 0.4776325708836806072, 1.000000000000000000) ) ) 
 REPRESENTATION_ITEM ( '' )  SURFACE ( )  );
#1195 = CARTESIAN_POINT ( 'NONE',  ( 1.238586244322093632, 6.320250460180410812, 0.8428516780552741672 ) ) ;
#1196 = CARTESIAN_POINT ( 'NONE',  ( -2.486946597324096508, 3.222388813472021329, -1.950000000000000400 ) ) ;
#1197 = CARTESIAN_POINT ( 'NONE',  ( 2.728138657974335413, 2.578161101045876258, 1.480253524628416084 ) ) ;
#1198 = CARTESIAN_POINT ( 'NONE',  ( -2.998434874397763128, 2.602425749736271499, -0.9984915784814478723 ) ) ;
#1199 = CARTESIAN_POINT ( 'NONE',  ( -1.509363608702117610, 5.374245378920603500, -1.582221681497820942 ) ) ;
#1200 = CARTESIAN_POINT ( 'NONE',  ( -1.491742944166266183, 5.937499026297803795, -1.848678919397052312 ) ) ;
#1201 = CARTESIAN_POINT ( 'NONE',  ( -1.472489117793823077, 5.902776674983109650, -1.821816068065163829 ) ) ;
#1202 = ORIENTED_EDGE ( 'NONE', *, *, #3185, .T. ) ;
#1203 = CARTESIAN_POINT ( 'NONE',  ( 2.683780303718863003, 2.930444741893680316, 1.538315208469696049 ) ) ;
#1204 = CARTESIAN_POINT ( 'NONE',  ( 2.184149300503965385, 5.579417890356880072, 2.466888783545859720 ) ) ;
#1205 = CARTESIAN_POINT ( 'NONE',  ( 3.137154027264508205, 1.703803159811319690, 1.525055140222361771 ) ) ;
#1206 = DIRECTION ( 'NONE',  ( -0.9182701871722339648, -0.3959543702886359484, 0.0000000000000000000 ) ) ;
#1207 = CARTESIAN_POINT ( 'NONE',  ( 1.531159542739123580, 5.612070601875571718, 0.9614636333052664074 ) ) ;
#1208 = ORIENTED_EDGE ( 'NONE', *, *, #606, .F. ) ;
#1209 = CARTESIAN_POINT ( 'NONE',  ( -3.566636244283204693, 3.083642046420399740, -1.292115523530874333 ) ) ;
#1210 = ORIENTED_EDGE ( 'NONE', *, *, #2642, .F. ) ;
#1211 = ADVANCED_FACE ( 'NONE', ( #2526 ), #2562, .F. ) ;
#1212 = CARTESIAN_POINT ( 'NONE',  ( 3.394759153521260675, 3.118180349562013731, 1.228500577260773996 ) ) ;
#1213 = CARTESIAN_POINT ( 'NONE',  ( -2.372810746275361371, 5.010716887767134864, -1.212707089150268702 ) ) ;
#1214 = EDGE_CURVE ( 'NONE', #3417, #2156, #941, .T. ) ;
#1215 = CARTESIAN_POINT ( 'NONE',  ( -1.889164105544685279, 4.848760604343299363, -2.227929926387120396 ) ) ;
#1216 = CARTESIAN_POINT ( 'NONE',  ( 2.329482923513853887, 3.583798037646934276, 1.866253867437066782 ) ) ;
#1217 = CARTESIAN_POINT ( 'NONE',  ( -1.323150457420589676, 6.058022790959432413, -1.398071864791361474 ) ) ;
#1218 = CARTESIAN_POINT ( 'NONE',  ( 2.983193558565133241, 5.034515501886937194, 2.272417852909211167 ) ) ;
#1219 = CARTESIAN_POINT ( 'NONE',  ( 3.944953522853804628, 2.840470537491926351, 1.465590363165937049 ) ) ;
#1220 = CARTESIAN_POINT ( 'NONE',  ( -3.537544459785839646, 2.924499094849795533, -1.131583848909202050 ) ) ;
#1221 = CARTESIAN_POINT ( 'NONE',  ( 2.752329489754190561, 5.054351101035973848, 1.322983201573013190 ) ) ;
#1222 = DIRECTION ( 'NONE',  ( -0.7479607494190069206, 0.3705537488056339090, -0.5506765262607884459 ) ) ;
#1223 = CARTESIAN_POINT ( 'NONE',  ( -3.315050714442267843, 2.607187873211243456, -1.601462783640562604 ) ) ;
#1224 = CARTESIAN_POINT ( 'NONE',  ( -2.948521701925326699, 2.601641081681926426, -1.046204260701130817 ) ) ;
#1225 = CARTESIAN_POINT ( 'NONE',  ( -2.244819594173138366, 5.288355694123670681, -1.138962379128457769 ) ) ;
#1226 = VERTEX_POINT ( 'NONE', #102 ) ;
#1227 = LINE ( 'NONE', #40, #3782 ) ;
#1229 = CIRCLE ( 'NONE', #3, 0.3000000000000018763 ) ;
#1228 = CARTESIAN_POINT ( 'NONE',  ( -1.948975003488323754, 4.588564666896521871, -2.139277942888250017 ) ) ;
#1230 = ORIENTED_EDGE ( 'NONE', *, *, #3255, .T. ) ;
#1231 = CARTESIAN_POINT ( 'NONE',  ( 1.794787776122244605, 5.737265845603769066, 2.296040309544398639 ) ) ;
#1232 = CARTESIAN_POINT ( 'NONE',  ( 1.531244048296801497, 5.626405960279587504, 1.929199188786720143 ) ) ;
#1233 = CARTESIAN_POINT ( 'NONE',  ( -2.802825194985986368, 3.551323055899299419, -1.443005586154558539 ) ) ;
#1234 = CARTESIAN_POINT ( 'NONE',  ( 1.552516534340043330, 5.565012090674680501, 1.048958290931799819 ) ) ;
#1235 = CARTESIAN_POINT ( 'NONE',  ( 1.919437216437754223, 4.714537071455827011, 2.184245990543555838 ) ) ;
#1236 = CARTESIAN_POINT ( 'NONE',  ( 3.747733348670619247, 4.828624968558143493, 1.400000000000000355 ) ) ;
#1237 = CARTESIAN_POINT ( 'NONE',  ( 3.558989803279405617, 2.971970213329931276, 1.192341880455765057 ) ) ;
#1238 = CARTESIAN_POINT ( 'NONE',  ( -3.510038889568910747, 3.853717495343250476, -1.794848732377419598 ) ) ;
#1239 = CYLINDRICAL_SURFACE ( 'NONE', #2081, 7.500000000000000000 ) ;
#1240 = B_SPLINE_CURVE_WITH_KNOTS ( 'NONE', 3,
 ( #2065, #2076, #589, #602, #2660, #899, #2954 ),
 .UNSPECIFIED., .F., .F.,
 ( 4, 3, 4 ),
 ( 0.0000000000000000000, 0.0001292250377298663337, 0.0002226925114254021650 ),
 .UNSPECIFIED. ) ;
#1241 = CARTESIAN_POINT ( 'NONE',  ( 3.837847633729728258, 4.487438193198512337, 1.275081525611396760 ) ) ;
#1242 = CARTESIAN_POINT ( 'NONE',  ( 3.443462133961552762, 2.809741649613493042, 0.9921759582385833998 ) ) ;
#1243 = CARTESIAN_POINT ( 'NONE',  ( -1.228618387575048931, 6.368045284272785267, -0.5623970655816848963 ) ) ;
#1244 = CARTESIAN_POINT ( 'NONE',  ( -1.330100130885432552, 6.101006345838684730, -1.421651088305184940 ) ) ;
#1245 = CARTESIAN_POINT ( 'NONE',  ( 1.224425847642792498, 6.336861405543630532, 0.4275648009652593395 ) ) ;
#1246 = CARTESIAN_POINT ( 'NONE',  ( 1.769129467646197940, 4.776019617615563817, 1.772032197984995117 ) ) ;
#1247 = CARTESIAN_POINT ( 'NONE',  ( 1.259885839262638196, 4.557932268171573043, 1.399999999999990141 ) ) ;
#1248 = CARTESIAN_POINT ( 'NONE',  ( -3.448326400772665057, 2.815101173773246757, -0.9984712959127124421 ) ) ;
#1249 = DIRECTION ( 'NONE',  ( 0.8861680674780556544, -0.3821120668293653266, -0.2621002185531307038 ) ) ;
#1250 = DIRECTION ( 'NONE',  ( 0.0000000000000000000, 0.0000000000000000000, -1.000000000000000000 ) ) ;
#1251 = DIRECTION ( 'NONE',  ( 1.000000000000000000, 0.0000000000000000000, 0.0000000000000000000 ) ) ;
#1252 = CARTESIAN_POINT ( 'NONE',  ( -1.883564440125410799, 4.697061114509587298, -2.094939931365392027 ) ) ;
#1253 = ORIENTED_EDGE ( 'NONE', *, *, #1261, .F. ) ;
#1254 = CARTESIAN_POINT ( 'NONE',  ( 1.294439011627310565, 6.164712379849262014, 1.268258479654102988 ) ) ;
#1255 = CARTESIAN_POINT ( 'NONE',  ( 2.697887643815341185, 5.706726326293900975, 2.191531126776162797 ) ) ;
#1256 = ORIENTED_EDGE ( 'NONE', *, *, #1335, .F. ) ;
#1257 = CARTESIAN_POINT ( 'NONE',  ( -1.221443964876307797, 6.305787100399027345, -0.3000000000000002665 ) ) ;
#1258 = FILL_AREA_STYLE_COLOUR ( '', #1361 ) ;
#1259 = CARTESIAN_POINT ( 'NONE',  ( -2.196140602149271981, 3.384770747158992510, -0.8919204573686567716 ) ) ;
#1260 = AXIS2_PLACEMENT_3D ( 'NONE', #3035, #3623, #1559 ) ;
#1261 = EDGE_CURVE ( 'NONE', #2137, #2598, #607, .T. ) ;
#1262 = B_SPLINE_CURVE_WITH_KNOTS ( 'NONE', 3,
 ( #23, #2916, #2675, #3529, #1458 ),
 .UNSPECIFIED., .F., .F.,
 ( 4, 1, 4 ),
 ( 0.0000000000000000000, 0.6956359512168475145, 1.000000000000000000 ),
 .UNSPECIFIED. ) ;
#1263 = CARTESIAN_POINT ( 'NONE',  ( 3.253080992645206226, 4.119656178634471644, 1.295625978410188006 ) ) ;
#1264 = CARTESIAN_POINT ( 'NONE',  ( 3.369835893652457948, 4.200234107820010721, 1.900000000000056755 ) ) ;
#1265 = CARTESIAN_POINT ( 'NONE',  ( -1.575955999166650079, 5.463226421807290123, -1.972825182480783646 ) ) ;
#1266 = ADVANCED_FACE ( 'NONE', ( #773 ), #2961, .F. ) ;
#1267 = CARTESIAN_POINT ( 'NONE',  ( -2.807603802003774351, 3.618607534676847148, -1.380799061276832163 ) ) ;
#1268 = CARTESIAN_POINT ( 'NONE',  ( 2.226355673300983273, 6.828450859217997326, 0.5634005289827980212 ) ) ;
#1269 = EDGE_LOOP ( 'NONE', ( #733, #3557, #2537, #3321, #2880 ) ) ;
#1270 = CARTESIAN_POINT ( 'NONE',  ( 3.280607471462765989, 5.162760105623306117, 1.457668239740461669 ) ) ;
#1271 = CIRCLE ( 'NONE', #1315, 0.6000000000000252909 ) ;
#1272 = CARTESIAN_POINT ( 'NONE',  ( 2.602719593130714326, 5.928972714934848121, 1.859406159339000331 ) ) ;
#1273 = DIRECTION ( 'NONE',  ( -3.673940397442059375E-16, 1.000000000000000000, 0.0000000000000000000 ) ) ;
#1274 = DIRECTION ( 'NONE',  ( -3.673940397442059375E-16, 1.000000000000000000, 0.0000000000000000000 ) ) ;
#1275 = LINE ( 'NONE', #1196, #2711 ) ;
#1276 = CARTESIAN_POINT ( 'NONE',  ( 3.035992313865200742, 3.459135093586123588, 1.900000000000000133 ) ) ;
#1277 = CARTESIAN_POINT ( 'NONE',  ( -1.444321485640157166, 5.831091395541183608, -1.761274870928619674 ) ) ;
#1278 = CYLINDRICAL_SURFACE ( 'NONE', #3777, 0.6000000000000009770 ) ;
#1279 = CARTESIAN_POINT ( 'NONE',  ( 1.637712289484580142, 6.905595643035319142, 0.3000000000000002665 ) ) ;
#1280 = AXIS2_PLACEMENT_3D ( 'NONE', #943, #622, #2989 ) ;
#1281 = EDGE_CURVE ( 'NONE', #1395, #2248, #3023, .T. ) ;
#1282 = ADVANCED_FACE ( 'NONE', ( #3425 ), #3524, .T. ) ;
#1283 = CARTESIAN_POINT ( 'NONE',  ( 3.750000000000000000, -25.00000000000000000, 0.0000000000000000000 ) ) ;
#1284 = CARTESIAN_POINT ( 'NONE',  ( -2.569499725561446901, 3.136738709337595132, -1.670277365011938464 ) ) ;
#1285 = DIRECTION ( 'NONE',  ( 0.3959543702886355043, 0.9182701871722344089, 9.629649721936179265E-35 ) ) ;
#1286 = ORIENTED_EDGE ( 'NONE', *, *, #111, .T. ) ;
#1287 = PRODUCT ( 'DE2E3SA103MA3BX02F', 'DE2E3SA103MA3BX02F', '', ( #3146 ) ) ;
#1288 = DIRECTION ( 'NONE',  ( -1.000000000000000000, -4.625929269271485914E-16, 0.0000000000000000000 ) ) ;
#1289 = CARTESIAN_POINT ( 'NONE',  ( 3.539446180705661416, 3.768085308092662178, 1.757012779835926519 ) ) ;
#1290 = AXIS2_PLACEMENT_3D ( 'NONE', #2734, #3017, #965 ) ;
#1291 = CARTESIAN_POINT ( 'NONE',  ( -1.299492043322963530, 6.194801208589857389, -1.281333810704107234 ) ) ;
#1292 = CARTESIAN_POINT ( 'NONE',  ( 1.962115809820966339, 4.594230929146144504, 2.168825928356886923 ) ) ;
#1293 = CARTESIAN_POINT ( 'NONE',  ( -2.998434874397763128, 2.602425749736264393, -0.9984915784814426543 ) ) ;
#1294 = CARTESIAN_POINT ( 'NONE',  ( 3.084175544375057143, 5.078058523494764387, 1.908455824930549882 ) ) ;
#1295 = ORIENTED_EDGE ( 'NONE', *, *, #1669, .F. ) ;
#1296 = CARTESIAN_POINT ( 'NONE',  ( -1.519583804666489346, 5.595544159746727253, -1.892272877312401791 ) ) ;
#1297 = CARTESIAN_POINT ( 'NONE',  ( 3.199007601937715606, 3.714902997244381666, 0.4962816451905990855 ) ) ;
#1298 = CARTESIAN_POINT ( 'NONE',  ( 2.809220958581464700, 5.491850108260121210, 1.936659276754893799 ) ) ;
#1299 = DIRECTION ( 'NONE',  ( -3.673940397442059375E-16, 1.000000000000000000, 0.0000000000000000000 ) ) ;
#1300 = PRODUCT_DEFINITION_CONTEXT ( 'detailed design', #2805, 'design' ) ;
#1301 = CARTESIAN_POINT ( 'NONE',  ( -2.936872032256502063, 6.472852730372443908, -1.399999999999989031 ) ) ;
#1302 = VERTEX_POINT ( 'NONE', #627 ) ;
#1303 = CARTESIAN_POINT ( 'NONE',  ( -2.199410236691901055, 3.883952681704281762, -1.934094119749412366 ) ) ;
#1304 = ADVANCED_FACE ( 'NONE', ( #530 ), #3027, .T. ) ;
#1305 = CARTESIAN_POINT ( 'NONE',  ( 1.221603731246120317, 6.302419352519335050, 0.5599752858048374637 ) ) ;
#1306 = CARTESIAN_POINT ( 'NONE',  ( -3.165868847340153724, 2.630237306319280766, -0.8929373120150547738 ) ) ;
#1307 = CARTESIAN_POINT ( 'NONE',  ( 2.236587985893588648, 6.800854401510854963, 0.8509515029401220065 ) ) ;
#1308 = EDGE_CURVE ( 'NONE', #128, #1162, #3745, .T. ) ;
#1309 = CARTESIAN_POINT ( 'NONE',  ( -4.042589267574303591, 2.306246730593690675, -0.9525624810904034234 ) ) ;
#1310 = CARTESIAN_POINT ( 'NONE',  ( -1.226605524686023019, 6.354895754463091073, -0.3000000000000002665 ) ) ;
#1311 = CARTESIAN_POINT ( 'NONE',  ( -3.617540397618456804, -1.329062780618905791E-15, 0.2999999999999991562 ) ) ;
#1312 = CARTESIAN_POINT ( 'NONE',  ( -3.463694379830922099, 3.977046900239279648, -1.840696336733012473 ) ) ;
#1313 = PLANE ( 'NONE',  #863 ) ;
#1314 = UNCERTAINTY_MEASURE_WITH_UNIT (LENGTH_MEASURE( 1.000000000000000082E-05 ), #1620, 'distance_accuracy_value', 'NONE');
#1315 = AXIS2_PLACEMENT_3D ( 'NONE', #3117, #1068, #727 ) ;
#1316 = B_SPLINE_CURVE_WITH_KNOTS ( 'NONE', 3,
 ( #3090, #1350, #3649, #3636 ),
 .UNSPECIFIED., .F., .F.,
 ( 4, 4 ),
 ( 0.0000000000000000000, 0.0002191227473138556889 ),
 .UNSPECIFIED. ) ;
#1317 = CARTESIAN_POINT ( 'NONE',  ( -2.137460899138858395, 7.006810381791883202, -1.399999999999999023 ) ) ;
#1318 = EDGE_LOOP ( 'NONE', ( #827, #1024, #2555, #2815 ) ) ;
#1319 = SHAPE_DEFINITION_REPRESENTATION ( #1929, #118 ) ;
#1320 = CARTESIAN_POINT ( 'NONE',  ( -3.078295905319936576, 3.658420553689695875, -1.490058233969180579 ) ) ;
#1321 = CARTESIAN_POINT ( 'NONE',  ( 1.274386053252952067, 6.375135836620884788, 1.035286087950783029 ) ) ;
#1322 = ORIENTED_EDGE ( 'NONE', *, *, #279, .F. ) ;
#1323 = CARTESIAN_POINT ( 'NONE',  ( -1.567321701341926721, 5.437196871376636764, -1.932692042519911224 ) ) ;
#1324 = CARTESIAN_POINT ( 'NONE',  ( -3.135291435700626739, 1.225217509122502824, -0.3023523335254252875 ) ) ;
#1325 = CARTESIAN_POINT ( 'NONE',  ( 3.371445412458616175, 0.3232447833547729132, -0.008910518451434203471 ) ) ;
#1326 = CARTESIAN_POINT ( 'NONE',  ( -3.371445412458616175, 0.3232447833547716365, 0.008910518451434203471 ) ) ;
#1327 = CIRCLE ( 'NONE', #3435, 6.699999999999999289 ) ;
#1328 = CARTESIAN_POINT ( 'NONE',  ( -2.773789479108482503, 6.654976010499529693, -1.399999999999989031 ) ) ;
#1329 = VECTOR ( 'NONE', #2924, 1000.000000000000227 ) ;
#1330 = CARTESIAN_POINT ( 'NONE',  ( -2.717913752570393804, 3.509293205670457105, -0.4380811821415201424 ) ) ;
#1331 = ORIENTED_EDGE ( 'NONE', *, *, #87, .F. ) ;
#1332 = CARTESIAN_POINT ( 'NONE',  ( 1.604437268511757608, 5.518357819715223656, 2.049915548066748361 ) ) ;
#1333 = CARTESIAN_POINT ( 'NONE',  ( -1.818696440759780542, 4.661813831839647371, -1.771188765940424847 ) ) ;
#1334 = CARTESIAN_POINT ( 'NONE',  ( -2.789916654395598439, 2.706222723754489135, -1.328529984455740554 ) ) ;
#1335 = EDGE_CURVE ( 'NONE', #2248, #1162, #1262, .T. ) ;
#1336 = CARTESIAN_POINT ( 'NONE',  ( -2.602719593130719211, 5.928972714934845456, -1.859406159338993891 ) ) ;
#1337 = CARTESIAN_POINT ( 'NONE',  ( -2.888163336067103959, 2.033586484913681769, -1.006469523615213024 ) ) ;
#1338 = DIRECTION ( 'NONE',  ( 0.0000000000000000000, 0.0000000000000000000, 1.000000000000000000 ) ) ;
#1339 = CARTESIAN_POINT ( 'NONE',  ( -3.474558840764271572, 2.844004395397236262, -1.032421260632709670 ) ) ;
#1340 = CARTESIAN_POINT ( 'NONE',  ( -1.785674732610381010, 6.514504851110293870, -1.654167349001611997 ) ) ;
#1341 = ADVANCED_FACE ( 'NONE', ( #3211 ), #2979, .T. ) ;
#1342 = CARTESIAN_POINT ( 'NONE',  ( -1.573451809109514210, 3.869553187135645000, -1.400000000000000799 ) ) ;
#1343 = CARTESIAN_POINT ( 'NONE',  ( 2.045552518829155897, 4.630208498750173263, 2.302686357637248715 ) ) ;
#1344 = ORIENTED_EDGE ( 'NONE', *, *, #1156, .F. ) ;
#1345 = ORIENTED_EDGE ( 'NONE', *, *, #2539, .T. ) ;
#1346 = CARTESIAN_POINT ( 'NONE',  ( -1.280458647787845017, 5.899447193280631829, -0.7707354389284541973 ) ) ;
#1347 =( NAMED_UNIT ( * ) SI_UNIT ( $, .STERADIAN. ) SOLID_ANGLE_UNIT ( ) );
#1348 = CARTESIAN_POINT ( 'NONE',  ( -1.444321485640157166, 5.831091395541183608, -1.761274870928619674 ) ) ;
#1349 = DIRECTION ( 'NONE',  ( 0.3959543702886355598, 0.9182701871722344089, 0.0000000000000000000 ) ) ;
#1350 = CARTESIAN_POINT ( 'NONE',  ( -3.511654869023411063, 2.884877250784114722, -1.080430856809174056 ) ) ;
#1351 = CARTESIAN_POINT ( 'NONE',  ( 1.512206032958801405, 3.972884793886122257, 1.400000000000000355 ) ) ;
#1352 = ORIENTED_EDGE ( 'NONE', *, *, #1823, .F. ) ;
#1353 = CARTESIAN_POINT ( 'NONE',  ( -2.720322483590552398, 5.925848095061020615, -1.399999999999446354 ) ) ;
#1354 = CARTESIAN_POINT ( 'NONE',  ( 2.103183703555735917, 3.346846680335464175, 0.8618406262120458239 ) ) ;
#1355 = CARTESIAN_POINT ( 'NONE',  ( -2.475022790800059713, 3.290974201233486163, -1.748128288948900266 ) ) ;
#1356 = CARTESIAN_POINT ( 'NONE',  ( 1.234106558882374971, 6.400446062449162810, 0.5635586161810350880 ) ) ;
#1357 = EDGE_CURVE ( 'NONE', #1945, #3070, #1327, .T. ) ;
#1358 = CARTESIAN_POINT ( 'NONE',  ( -1.221152670079359792, 6.255641597557634270, -0.4260537394511400566 ) ) ;
#1359 = ORIENTED_EDGE ( 'NONE', *, *, #633, .F. ) ;
#1360 = CARTESIAN_POINT ( 'NONE',  ( -2.919865518430071916, 2.118382134777960779, -0.8992847295112675887 ) ) ;
#1361 = COLOUR_RGB ( '',0.7921568627450980005, 0.8196078431372548767, 0.9333333333333333481 ) ;
#1362 = ADVANCED_FACE ( 'NONE', ( #3297 ), #3562, .F. ) ;
#1363 = CARTESIAN_POINT ( 'NONE',  ( -3.750000000000000000, -1.377727649040772192E-15, 0.0000000000000000000 ) ) ;
#1364 = CARTESIAN_POINT ( 'NONE',  ( -3.450000000000000622, -1.267509437117510795E-15, 0.008278725148846545132 ) ) ;
#1365 = CARTESIAN_POINT ( 'NONE',  ( 1.919437216437754223, 4.714537071455827011, 2.184245990543555838 ) ) ;
#1366 = FILL_AREA_STYLE_COLOUR ( '', #2757 ) ;
#1367 = CARTESIAN_POINT ( 'NONE',  ( -2.500756483319598988, 4.826490597015546058, -2.553980313491380105 ) ) ;
#1368 = ORIENTED_EDGE ( 'NONE', *, *, #1415, .T. ) ;
#1369 = CIRCLE ( 'NONE', #1186, 0.6000000000000252909 ) ;
#1370 = CARTESIAN_POINT ( 'NONE',  ( -1.423426176608398208, 6.892217692968022114, -1.400000000000002798 ) ) ;
#1371 = CARTESIAN_POINT ( 'NONE',  ( 3.035992313865200742, 3.459135093586123588, 1.900000000000000133 ) ) ;
#1372 = VERTEX_POINT ( 'NONE', #3771 ) ;
#1373 = CARTESIAN_POINT ( 'NONE',  ( -1.161435510527608184, 4.781836506616111926, -1.399999999999999689 ) ) ;
#1374 = FACE_OUTER_BOUND ( 'NONE', #2291, .T. ) ;
#1375 = CARTESIAN_POINT ( 'NONE',  ( 2.998434874397761796, 2.602425749736264837, 0.9984915784814428763 ) ) ;
#1376 = CARTESIAN_POINT ( 'NONE',  ( 1.262098160465932928, 6.329577288229469190, 1.023662555389673656 ) ) ;
#1377 = CARTESIAN_POINT ( 'NONE',  ( -1.320789579674884306, 6.015929167045562131, -1.373849514969913921 ) ) ;
#1378 = FACE_OUTER_BOUND ( 'NONE', #585, .T. ) ;
#1379 = CARTESIAN_POINT ( 'NONE',  ( -3.376193798541041513, 0.2905844993538302390, -0.1040888685906503630 ) ) ;
#1380 = CARTESIAN_POINT ( 'NONE',  ( -3.253080992645329683, 4.119656178634417465, -1.295625978410297696 ) ) ;
#1381 = CARTESIAN_POINT ( 'NONE',  ( 3.046513328219361050, 5.061715827612514040, 1.400000000000001021 ) ) ;
#1382 = CARTESIAN_POINT ( 'NONE',  ( -1.727051081639586538, 5.898241682367708627, -2.197029084195248227 ) ) ;
#1383 = ORIENTED_EDGE ( 'NONE', *, *, #3137, .T. ) ;
#1384 = CARTESIAN_POINT ( 'NONE',  ( 1.584179115980605790, 5.718787259598582473, 2.028612526444098840 ) ) ;
#1385 = DIRECTION ( 'NONE',  ( -0.3959543702886358929, 0.9182701871722342979, 0.0000000000000000000 ) ) ;
#1386 = CARTESIAN_POINT ( 'NONE',  ( -1.912997423301063593, 3.417088074245222540, -1.087451350124101435 ) ) ;
#1387 = ORIENTED_EDGE ( 'NONE', *, *, #3561, .T. ) ;
#1388 = CARTESIAN_POINT ( 'NONE',  ( 2.560876419011536953, 3.450251875616607844, 0.4992189339504715107 ) ) ;
#1389 = CARTESIAN_POINT ( 'NONE',  ( -2.705059129087374004, 5.957386294966671159, -1.678365457166074659 ) ) ;
#1390 = CARTESIAN_POINT ( 'NONE',  ( 1.989550825020609537, 3.007913779263245324, 1.524021894353543072 ) ) ;
#1391 = PRESENTATION_LAYER_ASSIGNMENT (  '', '', ( #999 ) ) ;
#1392 = CARTESIAN_POINT ( 'NONE',  ( 3.035972090198086892, 2.603015859573396984, 0.9626092420124023885 ) ) ;
#1393 = AXIS2_PLACEMENT_3D ( 'NONE', #972, #2145, #2739 ) ;
#1394 = CARTESIAN_POINT ( 'NONE',  ( 1.535563931889160294, 5.636804367699054019, 1.941399690614109996 ) ) ;
#1395 = VERTEX_POINT ( 'NONE', #9 ) ;
#1396 = CARTESIAN_POINT ( 'NONE',  ( 1.860207833935467736, 4.833630642100387398, 2.170533635886329638 ) ) ;
#1397 = DIRECTION ( 'NONE',  ( -0.0000000000000000000, -0.0000000000000000000, 1.000000000000000000 ) ) ;
#1398 = CARTESIAN_POINT ( 'NONE',  ( -2.705059129087374004, 5.957386294966671159, -1.678365457166074659 ) ) ;
#1399 = CARTESIAN_POINT ( 'NONE',  ( -1.665568435354350063, 4.988674367794812881, -1.400000000009226309 ) ) ;
#1400 = CARTESIAN_POINT ( 'NONE',  ( 2.905732492973207126, 2.090631514076834563, 0.9333400884790856722 ) ) ;
#1401 = CARTESIAN_POINT ( 'NONE',  ( 6.699999999999995737, 10.50000000000000178, -1.400000000000000355 ) ) ;
#1402 = ORIENTED_EDGE ( 'NONE', *, *, #2539, .F. ) ;
#1403 = CARTESIAN_POINT ( 'NONE',  ( 3.408450180805106200, 2.776704976409693604, 0.9579457535468748342 ) ) ;
#1404 = CARTESIAN_POINT ( 'NONE',  ( -2.089738733455986708, 5.613071287286659050, -0.7135094071153430528 ) ) ;
#1405 = CARTESIAN_POINT ( 'NONE',  ( 2.590497434554100753, 3.727653332236676942, 1.268827020603576328 ) ) ;
#1406 = CARTESIAN_POINT ( 'NONE',  ( 3.170706262225989835, 2.631604573110746692, 0.8910805753375964366 ) ) ;
#1407 = CARTESIAN_POINT ( 'NONE',  ( 3.504459282821642763, 5.392618941027735424, 1.400000000000001021 ) ) ;
#1408 = CARTESIAN_POINT ( 'NONE',  ( -2.932789463004471298, 5.153468550725578190, -2.270866558926024403 ) ) ;
#1409 = CARTESIAN_POINT ( 'NONE',  ( -0.9666557043073883415, 6.327836640465712037, -1.400000000000003686 ) ) ;
#1410 = DIRECTION ( 'NONE',  ( -0.9182701871722339648, -0.3959543702886359484, 0.0000000000000000000 ) ) ;
#1411 = CARTESIAN_POINT ( 'NONE',  ( -2.108811319485705660, 3.345667409300348893, -0.8538503260640927239 ) ) ;
#1412 = ORIENTED_EDGE ( 'NONE', *, *, #2205, .F. ) ;
#1413 = CARTESIAN_POINT ( 'NONE',  ( 1.512371522905971988, 5.565930744448899681, 1.854387777301909290 ) ) ;
#1414 = CARTESIAN_POINT ( 'NONE',  ( -2.462681827731215023, 4.810072960367795858, -1.214734968666156600 ) ) ;
#1415 = EDGE_CURVE ( 'NONE', #1550, #2294, #670, .T. ) ;
#1416 = DIRECTION ( 'NONE',  ( 0.9182701871722342979, -0.3959543702886353378, 0.0000000000000000000 ) ) ;
#1417 = CARTESIAN_POINT ( 'NONE',  ( 2.486946597324095176, 3.222388813472022218, 1.950000000000000400 ) ) ;
#1418 = CARTESIAN_POINT ( 'NONE',  ( 1.228783895022639072, 6.371309281294248450, 0.3000000000000002665 ) ) ;
#1419 = CARTESIAN_POINT ( 'NONE',  ( -3.543693832565496749, 3.750176698369320771, -1.747342463330368467 ) ) ;
#1420 = CARTESIAN_POINT ( 'NONE',  ( 2.535389740955224180, 6.045604196391604290, 1.828970601637409432 ) ) ;
#1421 = CARTESIAN_POINT ( 'NONE',  ( -1.735151688300338613, 6.687954183858862756, -1.399999999999685496 ) ) ;
#1422 = CARTESIAN_POINT ( 'NONE',  ( 2.722564548751381430, 2.518386784884997454, 1.557390040432259148 ) ) ;
#1423 = CARTESIAN_POINT ( 'NONE',  ( -3.035992313865181202, 3.459135093586102716, -1.900000000000019895 ) ) ;
#1424 = LINE ( 'NONE', #632, #1934 ) ;
#1425 = CARTESIAN_POINT ( 'NONE',  ( 1.320789579674882086, 6.015929167045563020, 1.373849514969913921 ) ) ;
#1426 = EDGE_LOOP ( 'NONE', ( #1757, #3525, #2391, #3446, #3412 ) ) ;
#1427 = CARTESIAN_POINT ( 'NONE',  ( -2.614541306678847654, 5.360601207980035809, -1.286198599397625042 ) ) ;
#1428 = CARTESIAN_POINT ( 'NONE',  ( -3.450672127485116203, -1.267756372749490452E-15, -0.02468043041677002794 ) ) ;
#1429 = CARTESIAN_POINT ( 'NONE',  ( 2.443328287559598522, 3.744214823450421115, 1.292395937706118714 ) ) ;
#1430 = CARTESIAN_POINT ( 'NONE',  ( -3.697886535163940724, 1.741948166270236076, -1.626781931465542508 ) ) ;
#1431 = ORIENTED_EDGE ( 'NONE', *, *, #708, .T. ) ;
#1432 = CARTESIAN_POINT ( 'NONE',  ( 1.234273173213973562, 6.402085588513866554, 0.4287191237299160518 ) ) ;
#1433 = CARTESIAN_POINT ( 'NONE',  ( 1.384383380886053727, 5.828870178880523056, 1.551848388353890051 ) ) ;
#1434 = CARTESIAN_POINT ( 'NONE',  ( 2.789916654395597551, 2.706222723754490023, 1.328529984455740554 ) ) ;
#1435 = CARTESIAN_POINT ( 'NONE',  ( 3.450672127485116203, 0.0000000000000000000, 0.02468043041677002794 ) ) ;
#1436 = CARTESIAN_POINT ( 'NONE',  ( -3.360754432930519453, 5.730262609101257176, -1.399999999999996803 ) ) ;
#1437 = EDGE_CURVE ( 'NONE', #2927, #1901, #1471, .T. ) ;
#1438 = CARTESIAN_POINT ( 'NONE',  ( 1.633889015982478821, 5.087516295483989204, 1.724042082599258618 ) ) ;
#1439 = CARTESIAN_POINT ( 'NONE',  ( -1.636369308783202081, 6.905100928448564268, -0.4349490612337083006 ) ) ;
#1440 = CARTESIAN_POINT ( 'NONE',  ( -3.369007875542803010, 0.3064322496552240871, -0.04830613395385479486 ) ) ;
#1441 = CARTESIAN_POINT ( 'NONE',  ( 1.894475590373388085, 4.565103488880176030, 1.801780722328250262 ) ) ;
#1442 = AXIS2_PLACEMENT_3D ( 'NONE', #69, #997, #2418 ) ;
#1443 = CARTESIAN_POINT ( 'NONE',  ( 2.373859200488313448, 5.869124391411514097, 0.4092904779959009587 ) ) ;
#1444 = CARTESIAN_POINT ( 'NONE',  ( 1.318876456240850370, 6.267839511037096578, 1.311633590193071575 ) ) ;
#1445 = CARTESIAN_POINT ( 'NONE',  ( 1.932874923685062640, 4.581622377961141801, 2.094084385914984914 ) ) ;
#1446 = CARTESIAN_POINT ( 'NONE',  ( 0.8921091545378937449, 5.841870549594146311, 1.400000000000021894 ) ) ;
#1447 = CLOSED_SHELL ( 'NONE', ( #2398, #699, #2799, #616 ) ) ;
#1448 = CARTESIAN_POINT ( 'NONE',  ( 1.919437216437754223, 4.714537071455827011, 2.184245990543555838 ) ) ;
#1449 = CARTESIAN_POINT ( 'NONE',  ( 3.371434866346837644, 0.2983699166423869897, 0.07646561450929327541 ) ) ;
#1450 = CARTESIAN_POINT ( 'NONE',  ( -3.831846692561807544, 4.212639726331320666, -1.057653797511962424 ) ) ;
#1451 = CARTESIAN_POINT ( 'NONE',  ( 1.236892218156656176, 6.176554662094362769, 0.8193610906947972339 ) ) ;
#1452 = CARTESIAN_POINT ( 'NONE',  ( -1.370437363300512246, 6.225823706650659872, -1.484991184280594956 ) ) ;
#1453 = CARTESIAN_POINT ( 'NONE',  ( -2.767852375579855639, 2.325482324436538129, -1.823511646268159314 ) ) ;
#1454 = CARTESIAN_POINT ( 'NONE',  ( -1.739494945219073552, 3.575496305895581095, -1.278232849222256107 ) ) ;
#1455 = DIRECTION ( 'NONE',  ( 0.0000000000000000000, 0.0000000000000000000, 1.000000000000000000 ) ) ;
#1456 = CARTESIAN_POINT ( 'NONE',  ( 2.390604048577837926, 5.843873589059890072, 0.7426297613316988899 ) ) ;
#1457 = CARTESIAN_POINT ( 'NONE',  ( 3.566795042200064714, 0.2200129083023749654, 0.3846440427572351273 ) ) ;
#1458 = CARTESIAN_POINT ( 'NONE',  ( -4.049999999999998934, -1.487945860964033588E-15, -8.419877014541156103E-17 ) ) ;
#1459 = CARTESIAN_POINT ( 'NONE',  ( 1.292338835264724706, 5.872544295070561304, 0.8879088085329851499 ) ) ;
#1460 = CARTESIAN_POINT ( 'NONE',  ( 1.145203558475295758, 6.650518959027489352, 1.399999999999998135 ) ) ;
#1461 = ORIENTED_EDGE ( 'NONE', *, *, #2912, .T. ) ;
#1462 = CARTESIAN_POINT ( 'NONE',  ( 3.035992313865179870, 3.459135093586104048, 1.900000000000019895 ) ) ;
#1463 = CARTESIAN_POINT ( 'NONE',  ( 3.915574502976929772, 0.0000000000000000000, -0.2999999999999991007 ) ) ;
#1464 = CARTESIAN_POINT ( 'NONE',  ( 2.370111961197503447, 6.933156513048998271, 1.399999999999995914 ) ) ;
#1465 = ORIENTED_EDGE ( 'NONE', *, *, #467, .T. ) ;
#1466 = CARTESIAN_POINT ( 'NONE',  ( 1.665591174484855719, 5.207121045150632455, 2.033228992917308187 ) ) ;
#1467 = CARTESIAN_POINT ( 'NONE',  ( -1.404817381320316638, 6.672857559387109561, -1.104991595169694918 ) ) ;
#1468 = CARTESIAN_POINT ( 'NONE',  ( -1.356741133272174160, 4.333428314165710837, -1.400000000000000355 ) ) ;
#1469 = AXIS2_PLACEMENT_3D ( 'NONE', #337, #20, #3221 ) ;
#1470 = EDGE_CURVE ( 'NONE', #1724, #2023, #88, .T. ) ;
#1471 = CIRCLE ( 'NONE', #306, 0.6000000000000003109 ) ;
#1472 = CARTESIAN_POINT ( 'NONE',  ( 2.468458550080705027, 6.505544045550367471, 0.7859632678571987219 ) ) ;
#1473 = DIRECTION ( 'NONE',  ( -1.000000000000000000, -2.589139516383294311E-16, 0.0000000000000000000 ) ) ;
#1474 = CARTESIAN_POINT ( 'NONE',  ( 1.665591174484855719, 5.207121045150632455, 2.033228992917308187 ) ) ;
#1475 = CARTESIAN_POINT ( 'NONE',  ( 1.665568435354339183, 4.988674367795100650, 1.400000000008907897 ) ) ;
#1476 = FACE_OUTER_BOUND ( 'NONE', #3048, .T. ) ;
#1477 = CARTESIAN_POINT ( 'NONE',  ( 3.261522156184480714, 2.400279669574833186, 0.6071814981499281672 ) ) ;
#1478 = CARTESIAN_POINT ( 'NONE',  ( 1.770118094188066760, 7.016078716011254990, 1.400000000000005462 ) ) ;
#1479 = CARTESIAN_POINT ( 'NONE',  ( -2.815169659659003010, 2.677058230711490072, -1.271532570469696699 ) ) ;
#1480 = FACE_OUTER_BOUND ( 'NONE', #988, .T. ) ;
#1481 = CARTESIAN_POINT ( 'NONE',  ( -1.508857536297995905, 5.537480412718967848, -1.815884324187669874 ) ) ;
#1482 = CARTESIAN_POINT ( 'NONE',  ( -2.932789463004471298, 5.153468550725578190, -2.270866558926024403 ) ) ;
#1483 = CARTESIAN_POINT ( 'NONE',  ( -2.931362423611993506, 1.796064980379967535, -1.342581832102294648 ) ) ;
#1484 = CARTESIAN_POINT ( 'NONE',  ( -1.258160465945374895, 6.415116458719455572, -0.8570492765379348343 ) ) ;
#1485 = CARTESIAN_POINT ( 'NONE',  ( 1.692334619561957743, 5.247819979829309922, 2.118345358430162140 ) ) ;
#1486 = CARTESIAN_POINT ( 'NONE',  ( 1.308296572100885680, 4.445670987207544833, 1.400000000000030997 ) ) ;
#1487 =( BOUNDED_SURFACE ( )  B_SPLINE_SURFACE ( 3, 2, ( 
 ( #2995, #1503, #2707 ),
 ( #901, #1819, #51 ),
 ( #3287, #2090, #923 ),
 ( #3252, #1805, #330 ),
 ( #2390, #342, #2691 ),
 ( #2677, #2403, #370 ) ),
 .UNSPECIFIED., .F., .F., .F. ) 
 B_SPLINE_SURFACE_WITH_KNOTS ( ( 4, 2, 4 ),
 ( 3, 3 ),
 ( 0.001259599893067806908, 0.001775591248130159623, 0.002291582603192512339 ),
 ( 0.0000000000000000000, 1.000000000000000000 ),
 .UNSPECIFIED. ) 
 GEOMETRIC_REPRESENTATION_ITEM ( )  RATIONAL_B_SPLINE_SURFACE ( (
 ( 1.000000000000000000, 0.5266867878996522867, 1.000000000000000000),
 ( 1.000000000000000000, 0.5718243856139614278, 1.000000000000000000),
 ( 1.000000000000000000, 0.5976841180967651379, 1.000000000000000000),
 ( 1.000000000000000000, 0.6394823055019958069, 1.000000000000000000),
 ( 1.000000000000000000, 0.6543737587844471459, 1.000000000000000000),
 ( 1.000000000000000000, 0.6701071936517422056, 1.000000000000000000) ) ) 
 REPRESENTATION_ITEM ( '' )  SURFACE ( )  );
#1488 = CARTESIAN_POINT ( 'NONE',  ( 1.730669169182595724, 4.978523704045079157, 1.940240181960641408 ) ) ;
#1489 = ORIENTED_EDGE ( 'NONE', *, *, #1138, .F. ) ;
#1490 = CARTESIAN_POINT ( 'NONE',  ( -3.044282419345750501, 3.813326464395808468, -1.314210667756184892 ) ) ;
#1491 = CARTESIAN_POINT ( 'NONE',  ( 3.286205156470189070, 3.587742008080484712, 1.045410662716750538 ) ) ;
#1492 = CARTESIAN_POINT ( 'NONE',  ( -2.462681827731215023, 4.810072960367795858, -1.214734968666156600 ) ) ;
#1493 = AXIS2_PLACEMENT_3D ( 'NONE', #56, #3291, #359 ) ;
#1494 = EDGE_CURVE ( 'NONE', #3571, #754, #1240, .T. ) ;
#1495 = B_SPLINE_CURVE_WITH_KNOTS ( 'NONE', 3,
 ( #560, #2925, #1454, #311, #3526, #2672 ),
 .UNSPECIFIED., .F., .F.,
 ( 4, 2, 4 ),
 ( 0.003248595642123521844, 0.003604674727421135465, 0.003960753812718749087 ),
 .UNSPECIFIED. ) ;
#1496 = CARTESIAN_POINT ( 'NONE',  ( -2.184149300503967606, 5.579417890356879184, -2.466888783545859720 ) ) ;
#1497 = CARTESIAN_POINT ( 'NONE',  ( 1.800023634287060803, 3.504273963592284158, 1.207494167087447945 ) ) ;
#1498 = CARTESIAN_POINT ( 'NONE',  ( -1.710194925549473499, 5.269499363376061396, -2.159132885894609721 ) ) ;
#1499 = CARTESIAN_POINT ( 'NONE',  ( 1.356825662707331848, 4.333232279303946832, 1.400000000000000355 ) ) ;
#1500 = CARTESIAN_POINT ( 'NONE',  ( 2.532263785393010114, 5.541449998188008763, 1.190345384070477630 ) ) ;
#1501 = CARTESIAN_POINT ( 'NONE',  ( 2.487993891076396125, 5.637973626525086601, 1.106946705203600834 ) ) ;
#1502 = CARTESIAN_POINT ( 'NONE',  ( 1.692334619561957743, 5.247819979829309922, 2.118345358430162140 ) ) ;
#1503 = CARTESIAN_POINT ( 'NONE',  ( 2.860206999631340175, 3.627737652354145137, 1.392751823502605957 ) ) ;
#1504 = CARTESIAN_POINT ( 'NONE',  ( 2.013388859633843619, 7.024908497617770031, 1.400000000000005240 ) ) ;
#1505 = CARTESIAN_POINT ( 'NONE',  ( -3.749999999999995559, -1.377727649040770614E-15, 0.3000000000000018763 ) ) ;
#1506 = CARTESIAN_POINT ( 'NONE',  ( -2.126427121637008089, 5.539742132788359363, -0.8879855554057604072 ) ) ;
#1507 = CARTESIAN_POINT ( 'NONE',  ( 1.778117768953541455, 5.059355392593163359, 1.460216349161322036 ) ) ;
#1508 = CARTESIAN_POINT ( 'NONE',  ( -1.731555457530251863, 5.291610911424764474, -2.196773989391285653 ) ) ;
#1509 = CARTESIAN_POINT ( 'NONE',  ( -1.941957178243250981, 4.875039220790890582, -2.304162339419292493 ) ) ;
#1510 = CARTESIAN_POINT ( 'NONE',  ( -1.226564455325961367, 6.353288293330902725, -0.4278583180913634321 ) ) ;
#1511 = ADVANCED_FACE ( 'NONE', ( #2393 ), #16, .F. ) ;
#1512 = CARTESIAN_POINT ( 'NONE',  ( 1.374570384678752699, 6.753591521865977221, 0.5748594445768062666 ) ) ;
#1513 = DIRECTION ( 'NONE',  ( 0.0000000000000000000, 0.0000000000000000000, -1.000000000000000000 ) ) ;
#1514 = CARTESIAN_POINT ( 'NONE',  ( 1.934616354941634198, 4.705632990394797766, 1.496649497927859063 ) ) ;
#1515 = CARTESIAN_POINT ( 'NONE',  ( 1.330100130885430332, 6.101006345838685618, 1.421651088305184940 ) ) ;
#1516 = EDGE_CURVE ( 'NONE', #2462, #2678, #583, .T. ) ;
#1517 = CARTESIAN_POINT ( 'NONE',  ( 2.813548889201590075, 3.523939539435782198, 1.472710560449090655 ) ) ;
#1518 = CARTESIAN_POINT ( 'NONE',  ( -2.110626801716968703, 5.572019537441187609, -0.8255144084628539547 ) ) ;
#1519 = PRESENTATION_STYLE_ASSIGNMENT (( #2796 ) ) ;
#1520 = CARTESIAN_POINT ( 'NONE',  ( -1.234432224915924303, 6.403650696439924239, -0.3000000000000002665 ) ) ;
#1521 = DIRECTION ( 'NONE',  ( -0.0000000000000000000, -0.0000000000000000000, -1.000000000000000000 ) ) ;
#1522 = AXIS2_PLACEMENT_3D ( 'NONE', #73, #375, #2728 ) ;
#1523 = CARTESIAN_POINT ( 'NONE',  ( -1.339638374401728171, 6.143875922935283285, -1.444504259344100872 ) ) ;
#1524 = CARTESIAN_POINT ( 'NONE',  ( -1.290740326922559689, 6.134816253612352277, -1.254999546496863072 ) ) ;
#1525 = CARTESIAN_POINT ( 'NONE',  ( 1.888008490472739442, 6.284297545950828123, 2.027484904370289165 ) ) ;
#1526 = ORIENTED_EDGE ( 'NONE', *, *, #1437, .T. ) ;
#1527 = CARTESIAN_POINT ( 'NONE',  ( 3.139587065637320595, 1.115014839940535296, 0.3874289492786707756 ) ) ;
#1528 = CARTESIAN_POINT ( 'NONE',  ( -3.558989803279406505, 2.971970213329929944, -1.192341880455764169 ) ) ;
#1529 = CARTESIAN_POINT ( 'NONE',  ( 1.980244752485677440, 4.602048055496407386, 1.496297429248325095 ) ) ;
#1530 = PLANE ( 'NONE',  #1650 ) ;
#1531 = CARTESIAN_POINT ( 'NONE',  ( -1.512206032958802293, 3.972884793886122257, -2.000000000000000444 ) ) ;
#1532 = ADVANCED_FACE ( 'NONE', ( #812 ), #1897, .F. ) ;
#1533 = CARTESIAN_POINT ( 'NONE',  ( 3.750000000000000000, 0.0000000000000000000, -0.3000000000000018763 ) ) ;
#1534 = CARTESIAN_POINT ( 'NONE',  ( 3.541098443217662428, 2.980241055341994905, 1.189296821182054709 ) ) ;
#1535 = CARTESIAN_POINT ( 'NONE',  ( 1.512206032958801627, 3.972884793886122257, 1.400000000000000577 ) ) ;
#1536 = CARTESIAN_POINT ( 'NONE',  ( -1.296965527475137936, 6.179756794219559701, -1.274796145179105222 ) ) ;
#1537 = ORIENTED_EDGE ( 'NONE', *, *, #3485, .T. ) ;
#1538 = CARTESIAN_POINT ( 'NONE',  ( -1.221358013330674064, 6.253889530480093661, -0.5581011132727735635 ) ) ;
#1539 = CARTESIAN_POINT ( 'NONE',  ( 1.262305719901800849, 6.495771447617111782, 0.3000000000000002665 ) ) ;
#1540 = CARTESIAN_POINT ( 'NONE',  ( 1.757814385726696571, 5.094192715954898532, 2.156355320937775932 ) ) ;
#1541 = CARTESIAN_POINT ( 'NONE',  ( -3.518342108140468660, 3.886087947922542085, -0.7163126836929272212 ) ) ;
#1542 = CARTESIAN_POINT ( 'NONE',  ( 1.503046340245049572, 5.673103994162672414, 0.8040306354119032273 ) ) ;
#1543 = VERTEX_POINT ( 'NONE', #962 ) ;
#1544 = CARTESIAN_POINT ( 'NONE',  ( 3.450000000000000622, 0.0000000000000000000, -0.008278725148846545132 ) ) ;
#1545 = DIRECTION ( 'NONE',  ( -3.673940397442059375E-16, 1.000000000000000000, 0.0000000000000000000 ) ) ;
#1546 = ORIENTED_EDGE ( 'NONE', *, *, #968, .F. ) ;
#1547 = AXIS2_PLACEMENT_3D ( 'NONE', #2785, #2542, #2215 ) ;
#1548 = EDGE_CURVE ( 'NONE', #754, #2755, #660, .T. ) ;
#1549 = B_SPLINE_CURVE_WITH_KNOTS ( 'NONE', 3,
 ( #992, #1900, #3095, #148, #1006, #130 ),
 .UNSPECIFIED., .F., .F.,
 ( 4, 2, 4 ),
 ( 8.940560153363745023E-19, 0.0003573715553635201363, 0.0007147431107270394053 ),
 .UNSPECIFIED. ) ;
#1550 = VERTEX_POINT ( 'NONE', #78 ) ;
#1551 = CARTESIAN_POINT ( 'NONE',  ( -7.500000000000000000, 10.49999999999999822, 1.400000000000000355 ) ) ;
#1552 = CARTESIAN_POINT ( 'NONE',  ( -1.400223266480755901, 5.955905407606794100, -1.651494179909679394 ) ) ;
#1553 = CARTESIAN_POINT ( 'NONE',  ( -1.224424478804576166, 6.335163516205918555, -0.5611950846274987859 ) ) ;
#1554 = ADVANCED_FACE ( 'NONE', ( #2209 ), #910, .F. ) ;
#1555 = CARTESIAN_POINT ( 'NONE',  ( 3.369007875542803010, 0.3064322496552253638, 0.04830613395385479486 ) ) ;
#1556 = CARTESIAN_POINT ( 'NONE',  ( 1.481373873274780095, 5.714563436847226896, 0.4136764289750038959 ) ) ;
#1557 = CARTESIAN_POINT ( 'NONE',  ( 2.037113754285596379, 6.507857607042487835, 1.677255188114538331 ) ) ;
#1558 = CARTESIAN_POINT ( 'NONE',  ( -1.605901540202142819, 5.284165890595883930, -1.899250859512965128 ) ) ;
#1559 = DIRECTION ( 'NONE',  ( 0.0000000000000000000, 0.0000000000000000000, -1.000000000000000000 ) ) ;
#1560 = CARTESIAN_POINT ( 'NONE',  ( 2.894903079725105410, 2.062351019212993464, 0.9690166377317765978 ) ) ;
#1561 = CARTESIAN_POINT ( 'NONE',  ( 2.760108695879092799, 5.602765303648848949, 1.923613045551789691 ) ) ;
#1562 = CARTESIAN_POINT ( 'NONE',  ( 3.508811345896916567, 2.881744206445787437, 1.076750760908389948 ) ) ;
#1563 = CARTESIAN_POINT ( 'NONE',  ( -1.811211605744434072, 4.985051048085376024, -1.478324977542865737 ) ) ;
#1564 = ORIENTED_EDGE ( 'NONE', *, *, #408, .F. ) ;
#1565 = CIRCLE ( 'NONE', #3784, 0.6000000000000252909 ) ;
#1566 = CARTESIAN_POINT ( 'NONE',  ( 3.520423750480423219, 3.823008858990264880, 1.781349992477906596 ) ) ;
#1567 = UNCERTAINTY_MEASURE_WITH_UNIT (LENGTH_MEASURE( 1.000000000000000082E-05 ), #95, 'distance_accuracy_value', 'NONE');
#1568 = CARTESIAN_POINT ( 'NONE',  ( -3.559213058287466591, 3.684745750747532966, -1.712010947176781928 ) ) ;
#1570 = CARTESIAN_POINT ( 'NONE',  ( -1.665591174484857717, 5.207121045150631566, -2.033228992917308187 ) ) ;
#1569 = CIRCLE ( 'NONE', #1667, 6.699999999999999289 ) ;
#1571 = ORIENTED_EDGE ( 'NONE', *, *, #737, .F. ) ;
#1572 = CARTESIAN_POINT ( 'NONE',  ( -3.055506617679639714, 3.746559136026794246, -1.268235859031990653 ) ) ;
#1573 = CARTESIAN_POINT ( 'NONE',  ( 1.376624327754381483, 6.755824975538842203, 0.3000000000000002665 ) ) ;
#1574 = SURFACE_STYLE_FILL_AREA ( #82 ) ;
#1575 = CARTESIAN_POINT ( 'NONE',  ( 3.329448598387879876, 3.779525907296942044, 0.6000000000000004219 ) ) ;
#1576 = CARTESIAN_POINT ( 'NONE',  ( 2.715681022051533056, 3.508426209360723025, 0.4386477723874285251 ) ) ;
#1577 = EDGE_CURVE ( 'NONE', #295, #2462, #3700, .T. ) ;
#1578 = CARTESIAN_POINT ( 'NONE',  ( 2.906956360582907184, 5.268415803579717505, 1.949011707982727382 ) ) ;
#1579 = B_SPLINE_CURVE_WITH_KNOTS ( 'NONE', 3,
 ( #937, #1297, #2735, #3062, #1576, #698, #2194, #427 ),
 .UNSPECIFIED., .F., .F.,
 ( 4, 2, 2, 4 ),
 ( 0.0000000000000000000, 0.0005326789092210341536, 0.0007990183638315509051, 0.001065357818442067657 ),
 .UNSPECIFIED. ) ;
#1580 = CARTESIAN_POINT ( 'NONE',  ( -3.845047280504668485, 4.293532878243691897, -1.128012511059170331 ) ) ;
#1581 = CIRCLE ( 'NONE', #2280, 0.6000000000000252909 ) ;
#1582 = CARTESIAN_POINT ( 'NONE',  ( -1.919437216437756000, 4.714537071455826123, -2.184245990543555838 ) ) ;
#1583 = CARTESIAN_POINT ( 'NONE',  ( -1.320789579674884306, 6.015929167045562131, -1.373849514969913921 ) ) ;
#1584 = CARTESIAN_POINT ( 'NONE',  ( -1.867205811606578614, 4.837319654401003532, -2.185111565900982988 ) ) ;
#1585 = CARTESIAN_POINT ( 'NONE',  ( 1.437621317501797558, 5.923930059137036963, 1.749521826545846315 ) ) ;
#1586 = ORIENTED_EDGE ( 'NONE', *, *, #1599, .T. ) ;
#1587 = CARTESIAN_POINT ( 'NONE',  ( 3.750000000000000000, -25.00000000000000000, 0.0000000000000000000 ) ) ;
#1588 = DIRECTION ( 'NONE',  ( -0.9182701871722342979, -0.3959543702886353378, 0.0000000000000000000 ) ) ;
#1589 = SURFACE_SIDE_STYLE ('',( #3118 ) ) ;
#1590 = ORIENTED_EDGE ( 'NONE', *, *, #1669, .T. ) ;
#1591 = CARTESIAN_POINT ( 'NONE',  ( -3.208702170712056656, 2.646526843642337923, -0.8851623182771369835 ) ) ;
#1592 = CARTESIAN_POINT ( 'NONE',  ( 2.442592659200210736, 6.308835818286795849, 1.809101755915192067 ) ) ;
#1593 = VERTEX_POINT ( 'NONE', #3330 ) ;
#1594 = CARTESIAN_POINT ( 'NONE',  ( -1.226564455325961367, 6.353288293330902725, -0.4278583180913634321 ) ) ;
#1595 = CARTESIAN_POINT ( 'NONE',  ( -3.749999999999990674, -25.00000000000000000, -0.3000000000000018763 ) ) ;
#1596 = DIRECTION ( 'NONE',  ( 0.0000000000000000000, -0.0000000000000000000, 1.000000000000000000 ) ) ;
#1597 = CARTESIAN_POINT ( 'NONE',  ( 3.518342108140467328, 3.886087947922542529, 0.7163126836929274432 ) ) ;
#1598 = AXIS2_PLACEMENT_3D ( 'NONE', #1363, #779, #1032 ) ;
#1599 = EDGE_CURVE ( 'NONE', #1945, #626, #1549, .T. ) ;
#1600 = B_SPLINE_CURVE_WITH_KNOTS ( 'NONE', 3,
 ( #3061, #3333, #81, #3609, #652, #3050 ),
 .UNSPECIFIED., .F., .F.,
 ( 4, 2, 4 ),
 ( 0.0000000000000000000, 0.0003552882958268461372, 0.0007105765916536922744 ),
 .UNSPECIFIED. ) ;
#1601 = CARTESIAN_POINT ( 'NONE',  ( 3.780307189712875715, 4.693412818358348559, 1.375060361059630143 ) ) ;
#1602 = CARTESIAN_POINT ( 'NONE',  ( 2.196140602149271981, 3.384770747158994286, 0.8919204573686567716 ) ) ;
#1603 = EDGE_LOOP ( 'NONE', ( #3668, #53, #2238, #1841, #1345, #235 ) ) ;
#1604 = CARTESIAN_POINT ( 'NONE',  ( -2.958512559076287740, 2.601798138543943484, -1.036653860622418044 ) ) ;
#1605 = CARTESIAN_POINT ( 'NONE',  ( 1.664815632739764073, 6.824133368943512856, 1.116244208919919823 ) ) ;
#1606 = CARTESIAN_POINT ( 'NONE',  ( -1.912345113398441487, 4.711151026258789898, -2.169659953292500276 ) ) ;
#1607 = ORIENTED_EDGE ( 'NONE', *, *, #535, .T. ) ;
#1608 = CARTESIAN_POINT ( 'NONE',  ( 3.015464720814656108, 5.048314022360226083, 1.801488287093344631 ) ) ;
#1609 = LINE ( 'NONE', #643, #258 ) ;
#1610 = CARTESIAN_POINT ( 'NONE',  ( 3.546795789237018326, 2.976912655769113236, 1.189527105776710281 ) ) ;
#1611 = CARTESIAN_POINT ( 'NONE',  ( -3.501788832853679256, 3.875243817550126924, -0.7031283159188608245 ) ) ;
#1612 = CARTESIAN_POINT ( 'NONE',  ( -2.641624456618405947, 6.116931029316063473, -1.400000000000455991 ) ) ;
#1613 = ORIENTED_EDGE ( 'NONE', *, *, #2333, .T. ) ;
#1614 = CARTESIAN_POINT ( 'NONE',  ( -3.830561477106094959, 4.204764052012736286, -1.050803757149234574 ) ) ;
#1615 = CARTESIAN_POINT ( 'NONE',  ( 1.221521993010699525, 6.304142329447128823, 0.4269690646624403896 ) ) ;
#1616 = CARTESIAN_POINT ( 'NONE',  ( -3.292948643830176714, 2.689999469412665878, -0.8927164952269898146 ) ) ;
#1617 = CARTESIAN_POINT ( 'NONE',  ( 1.441352192236597274, 6.056992444105580020, 1.720583043613409302 ) ) ;
#1618 = CARTESIAN_POINT ( 'NONE',  ( -1.531244048296803495, 5.626405960279586616, -1.929199188786720143 ) ) ;
#1619 = AXIS2_PLACEMENT_3D ( 'NONE', #3774, #843, #2404 ) ;
#1620 =( LENGTH_UNIT ( ) NAMED_UNIT ( * ) SI_UNIT ( .MILLI., .METRE. ) );
#1621 = EDGE_CURVE ( 'NONE', #2130, #3491, #3607, .T. ) ;
#1622 = CARTESIAN_POINT ( 'NONE',  ( -1.296965527475137936, 6.179756794219559701, -1.274796145179105222 ) ) ;
#1623 = CARTESIAN_POINT ( 'NONE',  ( -4.049999999999998934, -1.487945860964033588E-15, 0.1655745029769294663 ) ) ;
#1624 = ORIENTED_EDGE ( 'NONE', *, *, #383, .F. ) ;
#1625 = B_SPLINE_CURVE_WITH_KNOTS ( 'NONE', 3,
 ( #1568, #2117, #1238, #2128, #398, #3008 ),
 .UNSPECIFIED., .F., .F.,
 ( 4, 2, 4 ),
 ( 0.002946749218847473806, 0.003239504348559714766, 0.003532259478271957027 ),
 .UNSPECIFIED. ) ;
#1626 = ADVANCED_FACE ( 'NONE', ( #574 ), #2762, .F. ) ;
#1627 = CARTESIAN_POINT ( 'NONE',  ( -3.264338851125339502, 3.747269320369533752, -0.5482288635123201415 ) ) ;
#1628 = CARTESIAN_POINT ( 'NONE',  ( 1.456425531378755078, 5.867296318502447150, 1.792782566576710979 ) ) ;
#1629 = EDGE_LOOP ( 'NONE', ( #2503, #2827, #1191, #343, #2751 ) ) ;
#1630 = CARTESIAN_POINT ( 'NONE',  ( -1.224323609648172662, 6.209584854239362350, -0.3000000000000003220 ) ) ;
#1631 = CARTESIAN_POINT ( 'NONE',  ( -2.905732492973208014, 2.090631514076833675, -0.9333400884790856722 ) ) ;
#1632 = CARTESIAN_POINT ( 'NONE',  ( -2.760108695879096796, 5.602765303648846285, -1.923613045551785028 ) ) ;
#1633 = CARTESIAN_POINT ( 'NONE',  ( -3.932311991195582834, 1.781621843692097196, -0.1179369267963170653 ) ) ;
#1634 = ORIENTED_EDGE ( 'NONE', *, *, #1693, .T. ) ;
#1635 = CARTESIAN_POINT ( 'NONE',  ( -3.201577468469896104, 4.701334886544895397, -1.399999999999999689 ) ) ;
#1636 = CARTESIAN_POINT ( 'NONE',  ( 0.0000000000000000000, 10.49999999999999822, 0.6000000000000004219 ) ) ;
#1637 = CARTESIAN_POINT ( 'NONE',  ( -2.540799116269542690, 6.338116075956845563, -1.253333347040879397 ) ) ;
#1638 = CARTESIAN_POINT ( 'NONE',  ( 3.543693832565447899, 3.750176698369360739, 1.747342463330279871 ) ) ;
#1639 = ORIENTED_EDGE ( 'NONE', *, *, #358, .F. ) ;
#1640 = CARTESIAN_POINT ( 'NONE',  ( 3.051822487644145543, 3.630123012590322329, 1.619551811435415933 ) ) ;
#1641 = CARTESIAN_POINT ( 'NONE',  ( 1.623565798725934650, 5.546068975189057504, 2.084928165736461114 ) ) ;
#1642 = EDGE_CURVE ( 'NONE', #3329, #1945, #452, .T. ) ;
#1643 = CARTESIAN_POINT ( 'NONE',  ( -1.479835058573842677, 5.716026485751910968, -0.3000000000000003220 ) ) ;
#1644 = ADVANCED_FACE ( 'NONE', ( #2609 ), #2682, .F. ) ;
#1645 = CARTESIAN_POINT ( 'NONE',  ( -1.240694190805615493, 6.336507767781996314, -0.8453732546352312749 ) ) ;
#1646 = CARTESIAN_POINT ( 'NONE',  ( -2.919865518430071916, 2.118382134777960779, -0.8992847295112675887 ) ) ;
#1647 = CARTESIAN_POINT ( 'NONE',  ( 1.874203789277685939, 4.841008666701621443, 2.199689495915636339 ) ) ;
#1648 = CARTESIAN_POINT ( 'NONE',  ( -3.369835893652459280, 4.200234107820009832, -1.900000000000056755 ) ) ;
#1649 = CARTESIAN_POINT ( 'NONE',  ( -2.561717611149837648, 5.476847368217524270, -1.232124189179593321 ) ) ;
#1650 = AXIS2_PLACEMENT_3D ( 'NONE', #2089, #369, #13 ) ;
#1651 = ORIENTED_EDGE ( 'NONE', *, *, #247, .F. ) ;
#1652 = CARTESIAN_POINT ( 'NONE',  ( 1.991796515334852691, 4.607029128658276740, 2.226291505646815327 ) ) ;
#1653 = CARTESIAN_POINT ( 'NONE',  ( -1.326601504159609313, 5.794249697339413530, -1.088185420042022900 ) ) ;
#1654 = CARTESIAN_POINT ( 'NONE',  ( -3.716870078025554136, 2.993293955715218058, -1.202560594818258055 ) ) ;
#1655 = CARTESIAN_POINT ( 'NONE',  ( -1.588999962030067881, 5.490600365016328865, -2.011954265500718098 ) ) ;
#1656 = CARTESIAN_POINT ( 'NONE',  ( -3.450000000000000622, -1.267509437117510795E-15, 9.486769009248163798E-17 ) ) ;
#1657 = DIRECTION ( 'NONE',  ( 0.0000000000000000000, 0.0000000000000000000, -1.000000000000000000 ) ) ;
#1658 = CARTESIAN_POINT ( 'NONE',  ( 3.471429602031030459, 3.855737562487296710, 0.6796064149379215102 ) ) ;
#1659 = FACE_OUTER_BOUND ( 'NONE', #3094, .T. ) ;
#1660 = DIRECTION ( 'NONE',  ( -0.04833766493633691319, -0.7031789642738726087, 0.7093678977450462719 ) ) ;
#1661 = LINE ( 'NONE', #1551, #2810 ) ;
#1662 = ADVANCED_FACE ( 'NONE', ( #767 ), #3156, .F. ) ;
#1663 = CARTESIAN_POINT ( 'NONE',  ( 2.916075821647991617, 3.590210477032452552, 1.703906312760324893 ) ) ;
#1664 = ORIENTED_EDGE ( 'NONE', *, *, #1642, .T. ) ;
#1665 = CARTESIAN_POINT ( 'NONE',  ( 1.914305881613157734, 4.861424646466798727, 2.267481780330410590 ) ) ;
#1666 = CARTESIAN_POINT ( 'NONE',  ( -1.236892218156658396, 6.176554662094361881, -0.8193610906947972339 ) ) ;
#1667 = AXIS2_PLACEMENT_3D ( 'NONE', #2788, #420, #674 ) ;
#1668 = CARTESIAN_POINT ( 'NONE',  ( -3.497983394136691349, -1.285138250130028074E-15, 0.2085906620243119791 ) ) ;
#1669 = EDGE_CURVE ( 'NONE', #150, #295, #2304, .T. ) ;
#1670 = CARTESIAN_POINT ( 'NONE',  ( -1.764099019581873096, 5.099697179077667286, -2.170685104307220836 ) ) ;
#1671 = CARTESIAN_POINT ( 'NONE',  ( -3.716870078025554136, 2.993293955715218058, -1.202560594818258055 ) ) ;
#1672 = CARTESIAN_POINT ( 'NONE',  ( 1.224425847642792498, 6.336861405543630532, 0.4275648009652593395 ) ) ;
#1673 = CARTESIAN_POINT ( 'NONE',  ( -3.133932245042312381, 1.187646064549691571, -0.3305314306681547132 ) ) ;
#1674 = CARTESIAN_POINT ( 'NONE',  ( -2.394364298236388855, 6.422968588826575953, -1.683080698440686529 ) ) ;
#1675 = CARTESIAN_POINT ( 'NONE',  ( -0.9227224234640389877, 5.478009276707553887, -1.400000000000018341 ) ) ;
#1676 = CARTESIAN_POINT ( 'NONE',  ( -3.546795789237019214, 2.976912655769112792, -1.189527105776710059 ) ) ;
#1677 = DIRECTION ( 'NONE',  ( 1.000000000000000000, 0.0000000000000000000, 0.0000000000000000000 ) ) ;
#1678 = ORIENTED_EDGE ( 'NONE', *, *, #535, .F. ) ;
#1679 = CARTESIAN_POINT ( 'NONE',  ( -3.329448598387883429, 3.779525907296941600, -0.6000000000000010880 ) ) ;
#1680 = CARTESIAN_POINT ( 'NONE',  ( -2.293735853103504585, 6.662362369203946422, -1.299331239493648038 ) ) ;
#1681 = EDGE_LOOP ( 'NONE', ( #1041, #290, #1083, #1829 ) ) ;
#1682 = CARTESIAN_POINT ( 'NONE',  ( -1.819940294801320135, 4.810717526001959676, -2.049981250107429265 ) ) ;
#1683 = CARTESIAN_POINT ( 'NONE',  ( -3.930099880001786339, 0.2410328277239859873, -0.4014025305169577340 ) ) ;
#1684 = CARTESIAN_POINT ( 'NONE',  ( 1.236478297838574436, 6.303993152578824422, 0.8403301014753170595 ) ) ;
#1685 = CARTESIAN_POINT ( 'NONE',  ( 2.674960221289711004, 5.783732988192664237, 1.892634198024082837 ) ) ;
#1686 = CARTESIAN_POINT ( 'NONE',  ( -1.664815632739766738, 6.824133368943511968, -1.116244208919919823 ) ) ;
#1687 = CARTESIAN_POINT ( 'NONE',  ( -1.673673029650533106, 6.466184561177760415, -1.654172856857489382 ) ) ;
#1688 = CARTESIAN_POINT ( 'NONE',  ( 3.450000000000000622, 0.0000000000000000000, -0.008278725148846545132 ) ) ;
#1689 = CARTESIAN_POINT ( 'NONE',  ( -2.013388859633832961, 7.024908497617778025, -1.399999999999994804 ) ) ;
#1690 = CARTESIAN_POINT ( 'NONE',  ( 2.961552788391326629, 3.608919046401394493, 0.4255381794287268482 ) ) ;
#1691 = CARTESIAN_POINT ( 'NONE',  ( -2.890320035613412220, 5.527760188948890985, -1.874412255420205620 ) ) ;
#1692 = AXIS2_PLACEMENT_3D ( 'NONE', #1952, #1349, #3659 ) ;
#1693 = EDGE_CURVE ( 'NONE', #1162, #128, #2249, .T. ) ;
#1694 = DIRECTION ( 'NONE',  ( -0.0000000000000000000, -0.0000000000000000000, 1.000000000000000000 ) ) ;
#1695 = CARTESIAN_POINT ( 'NONE',  ( 3.077761850423063272, 2.607679232460704100, 0.9316369848298425849 ) ) ;
#1696 = CARTESIAN_POINT ( 'NONE',  ( 2.045552518829155897, 4.630208498750173263, 2.302686357637248715 ) ) ;
#1697 = CARTESIAN_POINT ( 'NONE',  ( 1.226521433189810217, 6.351604400239352799, 0.5617960751045918411 ) ) ;
#1698 = CARTESIAN_POINT ( 'NONE',  ( -1.531244048296803495, 5.626405960279586616, -1.929199188786720143 ) ) ;
#1699 = CARTESIAN_POINT ( 'NONE',  ( -1.714268594125664791, 6.702413433638336748, -1.435280464336057493 ) ) ;
#1700 = ORIENTED_EDGE ( 'NONE', *, *, #3758, .T. ) ;
#1701 = PRESENTATION_STYLE_ASSIGNMENT (( #2828 ) ) ;
#1702 = CARTESIAN_POINT ( 'NONE',  ( -1.308296572101125932, 4.445670987207352987, -1.400000000000030997 ) ) ;
#1703 = CARTESIAN_POINT ( 'NONE',  ( -2.033070791315484627, 3.365227611756012926, -0.9522530648179179380 ) ) ;
#1704 = CLOSED_SHELL ( 'NONE', ( #3100, #680, #653, #983, #2166, #2701, #3624, #1828, #1341, #1005, #35, #2981, #960, #3269, #3339, #1036, #1806, #3546, #3695, #1282, #1304, #1933, #117, #3308, #351, #1662, #3045, #1511, #778, #2415, #738, #2473, #455, #2257, #2720, #98, #2200, #2521, #1266, #3603, #1532, #3375, #1626, #133, #1554, #1362, #1211, #1644 ) ) ;
#1705 = CARTESIAN_POINT ( 'NONE',  ( 1.248789707909312874, 6.234884286923010777, 0.9979773374692234578 ) ) ;
#1706 = CARTESIAN_POINT ( 'NONE',  ( -2.394364298236388855, 6.422968588826575953, -1.683080698440686529 ) ) ;
#1707 = DIRECTION ( 'NONE',  ( -1.000000000000000000, -2.589139516383294311E-16, 0.0000000000000000000 ) ) ;
#1708 = FACE_OUTER_BOUND ( 'NONE', #1742, .T. ) ;
#1709 = CARTESIAN_POINT ( 'NONE',  ( -3.566795042200064714, 0.2200129083023736609, -0.3846440427572351273 ) ) ;
#1710 = CARTESIAN_POINT ( 'NONE',  ( 1.563235336071459258, 5.688365213085475602, 1.998040732805430375 ) ) ;
#1711 = CARTESIAN_POINT ( 'NONE',  ( -1.919437216437756000, 4.714537071455826123, -2.184245990543555838 ) ) ;
#1712 = CARTESIAN_POINT ( 'NONE',  ( -2.890320035613412220, 5.527760188948890985, -1.874412255420205620 ) ) ;
#1713 = EDGE_LOOP ( 'NONE', ( #3656, #2044, #3398 ) ) ;
#1714 = CARTESIAN_POINT ( 'NONE',  ( -1.459298049566676081, 5.381194633149352313, -1.400000000012832757 ) ) ;
#1715 = CARTESIAN_POINT ( 'NONE',  ( 3.133932245042311937, 1.187646064549692904, 0.3305314306681547132 ) ) ;
#1716 = EDGE_CURVE ( 'NONE', #1395, #243, #892, .T. ) ;
#1717 = CARTESIAN_POINT ( 'NONE',  ( 1.818696440759778765, 4.661813831839648259, 1.771188765940424847 ) ) ;
#1718 = CARTESIAN_POINT ( 'NONE',  ( -2.373859200488315668, 5.869124391411513209, -0.4092904779959009587 ) ) ;
#1719 = CARTESIAN_POINT ( 'NONE',  ( 1.593776795270344770, 5.499846915474405407, 2.024883739126845938 ) ) ;
#1720 = ORIENTED_EDGE ( 'NONE', *, *, #1765, .F. ) ;
#1721 = CARTESIAN_POINT ( 'NONE',  ( 1.912345113398439711, 4.711151026258790786, 2.169659953292500276 ) ) ;
#1722 = CARTESIAN_POINT ( 'NONE',  ( -1.458621639027501526, 6.151547189727091691, -1.699794847379404450 ) ) ;
#1723 = CARTESIAN_POINT ( 'NONE',  ( 3.369404230750884022, 0.3148124175497635235, 0.01963384052960355855 ) ) ;
#1724 = VERTEX_POINT ( 'NONE', #209 ) ;
#1725 = CARTESIAN_POINT ( 'NONE',  ( -3.143360172040858824, 6.168351565814100823, -1.399999999999996803 ) ) ;
#1726 = EDGE_LOOP ( 'NONE', ( #1286, #835, #1651, #2584 ) ) ;
#1727 = CARTESIAN_POINT ( 'NONE',  ( 1.224963618623631234, 6.206119742281325458, 0.5561914457499994580 ) ) ;
#1728 = CARTESIAN_POINT ( 'NONE',  ( -2.838636203443591022, 5.647631506593923767, -1.841796226010281368 ) ) ;
#1729 = CARTESIAN_POINT ( 'NONE',  ( -3.908299957642362710, 0.8688174793683930419, -0.8054002495971449571 ) ) ;
#1730 = CARTESIAN_POINT ( 'NONE',  ( 2.610524216116359764, 3.066282103366396505, 1.631815910045945950 ) ) ;
#1731 = CARTESIAN_POINT ( 'NONE',  ( -2.728138657974336301, 2.578161101045875370, -1.480253524628416084 ) ) ;
#1732 = CARTESIAN_POINT ( 'NONE',  ( 1.330100130885430332, 6.101006345838685618, 1.421651088305184940 ) ) ;
#1733 = CARTESIAN_POINT ( 'NONE',  ( 1.717166960096490502, 5.050748447291776522, 2.023442210372351280 ) ) ;
#1734 = CARTESIAN_POINT ( 'NONE',  ( -1.757814385726698569, 5.094192715954898532, -2.156355320937775932 ) ) ;
#1735 = CARTESIAN_POINT ( 'NONE',  ( 3.901962770910186507, 2.636214645376611987, 1.722672042652706237 ) ) ;
#1736 = CARTESIAN_POINT ( 'NONE',  ( 3.368997974598249012, 0.3120103285998389042, 0.02922186427374147757 ) ) ;
#1737 = CARTESIAN_POINT ( 'NONE',  ( -2.683780303718862115, 2.930444741893712735, -1.538315208469689388 ) ) ;
#1738 = B_SPLINE_CURVE_WITH_KNOTS ( 'NONE', 3,
 ( #2871, #3738, #3443, #2693 ),
 .UNSPECIFIED., .F., .F.,
 ( 4, 4 ),
 ( 0.0005300057482675611447, 0.001113268697780690373 ),
 .UNSPECIFIED. ) ;
#1739 = CARTESIAN_POINT ( 'NONE',  ( 1.326601504159607314, 5.794249697339414418, 1.088185420042022900 ) ) ;
#1740 = B_SPLINE_SURFACE_WITH_KNOTS ( 'NONE', 3, 3, ( 
 ( #3408, #3158, #1715, #1956, #184 ),
 ( #194, #2550, #3714, #1997, #1688 ),
 ( #784, #1097, #2852, #1082, #1984 ),
 ( #796, #1400, #3142, #2302, #2860 ),
 ( #3432, #3724, #2289, #2572, #2872 ),
 ( #1107, #3170, #3739, #2007, #233 ),
 ( #2621, #1477, #3468, #272, #2932 ),
 ( #2350, #564, #2042, #1134, #1463 ),
 ( #2362, #2338, #3480, #1762, #2633 ),
 ( #552, #831, #579, #3226, #2893 ),
 ( #528, #2033, #1777, #2022, #540 ),
 ( #2316, #857, #1145, #3793, #3193 ),
 ( #3764, #2650, #870, #260, #887 ),
 ( #1154, #3503, #3180, #3455, #2607 ),
 ( #1422, #1749, #2052, #1449, #3804 ),
 ( #2919, #2595, #245, #3203, #1435 ),
 ( #3216, #3753, #301, #1736, #2327 ),
 ( #3775, #285, #1121, #1723, #2067 ) ),
 .UNSPECIFIED., .T., .F., .F.,
 ( 4, 1, 1, 1, 1, 2, 2, 2, 1, 1, 1, 1, 4 ),
 ( 4, 1, 4 ),
 ( 0.0000000000000000000, 0.01249999999999995559, 0.02499999999999991118, 0.03750000000000008882, 0.05000000000000004441, 0.2499999999999999722, 0.4999999999999999445, 0.7500000000000000000, 0.9499999999999999556, 0.9625000000000000222, 0.9749999999999999778, 0.9875000000000000444, 1.000000000000000000 ),
 ( 0.0000000000000000000, 0.6956359512168475145, 1.000000000000000000 ),
 .UNSPECIFIED. ) ;
#1741 = CARTESIAN_POINT ( 'NONE',  ( -1.714268594125664791, 6.702413433638336748, -1.435280464336057493 ) ) ;
#1742 = EDGE_LOOP ( 'NONE', ( #197, #1402, #389, #1066, #1253 ) ) ;
#1743 = CARTESIAN_POINT ( 'NONE',  ( -3.915574502976928883, -1.438558734568105242E-15, -0.2999999999999992117 ) ) ;
#1744 = EDGE_CURVE ( 'NONE', #2130, #2824, #1848, .T. ) ;
#1745 = CIRCLE ( 'NONE', #1969, 0.3000000000000018763 ) ;
#1746 = CARTESIAN_POINT ( 'NONE',  ( 1.258160465945372453, 6.415116458719456460, 0.8570492765379348343 ) ) ;
#1747 = CARTESIAN_POINT ( 'NONE',  ( 1.519583804666487348, 5.595544159746728141, 1.892272877312401791 ) ) ;
#1748 = CARTESIAN_POINT ( 'NONE',  ( 1.672923926089477709, 5.116074582759634559, 1.925736404472304875 ) ) ;
#1749 = CARTESIAN_POINT ( 'NONE',  ( 2.884065454096268244, 1.977291909212770982, 1.082235016314956777 ) ) ;
#1750 = CARTESIAN_POINT ( 'NONE',  ( 3.450000000000000622, 0.0000000000000000000, -9.486769009248163798E-17 ) ) ;
#1751 = CYLINDRICAL_SURFACE ( 'NONE', #278, 0.6000000000000011990 ) ;
#1752 = CARTESIAN_POINT ( 'NONE',  ( 1.428265161567250807, 5.726071554509678307, 1.661519916682756559 ) ) ;
#1753 = CARTESIAN_POINT ( 'NONE',  ( -1.941957178243250981, 4.875039220790890582, -2.304162339419292493 ) ) ;
#1754 = CARTESIAN_POINT ( 'NONE',  ( 3.133932245042311937, 1.187646064549692904, 0.3305314306681547132 ) ) ;
#1755 = DIRECTION ( 'NONE',  ( 0.0000000000000000000, 0.0000000000000000000, 1.000000000000000000 ) ) ;
#1756 = CARTESIAN_POINT ( 'NONE',  ( 3.084175544375057143, 5.078058523494764387, 1.908455824930549882 ) ) ;
#1757 = ORIENTED_EDGE ( 'NONE', *, *, #1577, .T. ) ;
#1758 = DIRECTION ( 'NONE',  ( -3.673940397442059375E-16, 1.000000000000000000, 0.0000000000000000000 ) ) ;
#1759 = CARTESIAN_POINT ( 'NONE',  ( 1.251252117991136448, 6.142211219224877006, 0.9709081482809923669 ) ) ;
#1760 = CARTESIAN_POINT ( 'NONE',  ( 1.767156195021797771, 4.774410302988008503, 1.399999999990992672 ) ) ;
#1761 = CARTESIAN_POINT ( 'NONE',  ( -6.700000000000002842, 10.49999999999999645, -0.6000000000000004219 ) ) ;
#1762 = CARTESIAN_POINT ( 'NONE',  ( 4.111102133141198323, 0.4053868801203309724, -0.1316493982330204926 ) ) ;
#1763 = CARTESIAN_POINT ( 'NONE',  ( 1.423472600345744743, 6.892245324721484323, 1.400000000000001688 ) ) ;
#1764 = AXIS2_PLACEMENT_3D ( 'NONE', #271, #1545, #284 ) ;
#1765 = EDGE_CURVE ( 'NONE', #848, #1543, #2163, .T. ) ;
#1766 = B_SPLINE_CURVE_WITH_KNOTS ( 'NONE', 3,
 ( #849, #2910, #1754, #2047, #559 ),
 .UNSPECIFIED., .F., .F.,
 ( 4, 1, 4 ),
 ( 0.0000000000000000000, 0.6956359512168475145, 1.000000000000000000 ),
 .UNSPECIFIED. ) ;
#1767 = CARTESIAN_POINT ( 'NONE',  ( 1.268900708348854600, 5.925102878230474879, 0.5445743465132517613 ) ) ;
#1768 = CARTESIAN_POINT ( 'NONE',  ( -1.441352192236599272, 6.056992444105579132, -1.720583043613409302 ) ) ;
#1769 = CARTESIAN_POINT ( 'NONE',  ( 2.443328287559596301, 3.744214823449647067, 1.292395937706389386 ) ) ;
#1770 = CARTESIAN_POINT ( 'NONE',  ( -1.777677900921624365, 5.110964915931685226, -2.198438205196524553 ) ) ;
#1771 = VERTEX_POINT ( 'NONE', #2829 ) ;
#1772 = CARTESIAN_POINT ( 'NONE',  ( 2.485030201561863272, 3.221562471412932727, 1.900000000000000133 ) ) ;
#1773 = CARTESIAN_POINT ( 'NONE',  ( 2.752329489754190561, 5.054351101035973848, 1.322983201573013190 ) ) ;
#1774 = CARTESIAN_POINT ( 'NONE',  ( 1.575955999166648080, 5.463226421807291011, 1.972825182480783646 ) ) ;
#1775 = CARTESIAN_POINT ( 'NONE',  ( 2.073147161056160925, 6.682133029377345323, 1.400000000000185763 ) ) ;
#1776 = ORIENTED_EDGE ( 'NONE', *, *, #3275, .T. ) ;
#1777 = CARTESIAN_POINT ( 'NONE',  ( 3.908299957642362710, 0.8688174793683943742, 0.8054002495971449571 ) ) ;
#1778 = CARTESIAN_POINT ( 'NONE',  ( 2.199410236691900167, 3.883952681704281762, 1.934094119749412366 ) ) ;
#1779 = ORIENTED_EDGE ( 'NONE', *, *, #708, .F. ) ;
#1780 = DIRECTION ( 'NONE',  ( -4.898587196589412829E-16, 1.000000000000000000, 0.0000000000000000000 ) ) ;
#1781 = CARTESIAN_POINT ( 'NONE',  ( -1.679983997440307020, 4.981371631610797657, -1.749834903253995266 ) ) ;
#1782 = CARTESIAN_POINT ( 'NONE',  ( -1.374570384678755142, 6.753591521865976333, -0.5748594445768062666 ) ) ;
#1783 = CARTESIAN_POINT ( 'NONE',  ( -2.723045416166654853, 2.547779879598038644, -1.518845516995736666 ) ) ;
#1784 = CARTESIAN_POINT ( 'NONE',  ( -1.318876456240852590, 6.267839511037095690, -1.311633590193071575 ) ) ;
#1785 = CARTESIAN_POINT ( 'NONE',  ( 2.103183703555735917, 3.346846680335464175, 0.8618406262120458239 ) ) ;
#1786 = CARTESIAN_POINT ( 'NONE',  ( 2.876171823895991242, 2.840125231317391918, 1.175768947309979495 ) ) ;
#1787 = DIRECTION ( 'NONE',  ( 0.3959543702886355043, 0.9182701871722344089, 9.629649721936179265E-35 ) ) ;
#1788 = CARTESIAN_POINT ( 'NONE',  ( 1.493849562813792442, 5.692075279116562747, 0.7215087626989987735 ) ) ;
#1789 = CARTESIAN_POINT ( 'NONE',  ( 1.612320863295750417, 5.090302278587315321, 1.399999999993345678 ) ) ;
#1790 = ORIENTED_EDGE ( 'NONE', *, *, #307, .T. ) ;
#1791 = CARTESIAN_POINT ( 'NONE',  ( -3.599361930715041957, 3.432628243019551384, -1.561777236181265183 ) ) ;
#1792 = DIRECTION ( 'NONE',  ( 0.3959543702886357264, 0.9182701871722341869, 1.430981961573563256E-16 ) ) ;
#1793 = CARTESIAN_POINT ( 'NONE',  ( 3.369810486903518587, 0.3176145064996881429, 0.01004581678546564300 ) ) ;
#1794 = CARTESIAN_POINT ( 'NONE',  ( -1.384383380886055948, 5.828870178880522168, -1.551848388353890051 ) ) ;
#1795 = CLOSED_SHELL ( 'NONE', ( #75, #2142, #3326, #2833 ) ) ;
#1796 = FACE_OUTER_BOUND ( 'NONE', #1110, .T. ) ;
#1797 = B_SPLINE_CURVE_WITH_KNOTS ( 'NONE', 3,
 ( #58, #360, #2712, #635, #2134, #3319 ),
 .UNSPECIFIED., .F., .F.,
 ( 4, 2, 4 ),
 ( 0.003248595642123521844, 0.003604674727421135465, 0.003960753812718749087 ),
 .UNSPECIFIED. ) ;
#1798 = CARTESIAN_POINT ( 'NONE',  ( -1.727051081639586538, 5.898241682367708627, -2.197029084195248227 ) ) ;
#1799 = CARTESIAN_POINT ( 'NONE',  ( -1.889164105544685279, 4.848760604343299363, -2.227929926387120396 ) ) ;
#1800 = CARTESIAN_POINT ( 'NONE',  ( 3.845047280504666709, 4.293532878243693673, 1.128012511059170331 ) ) ;
#1801 = CARTESIAN_POINT ( 'NONE',  ( 2.985561591497714495, 5.306840233892668124, 1.904296978464740109 ) ) ;
#1802 = CARTESIAN_POINT ( 'NONE',  ( 3.438075710083974279, 0.3876873035952895230, -0.2176903901253355589 ) ) ;
#1803 = CARTESIAN_POINT ( 'NONE',  ( 1.969297765748173168, 4.597327759334387309, 2.183419704845699361 ) ) ;
#1804 = CARTESIAN_POINT ( 'NONE',  ( 1.479835058573840456, 5.716026485751911856, 0.3000000000000003220 ) ) ;
#1805 = CARTESIAN_POINT ( 'NONE',  ( 3.158689943211102857, 3.958876586907680739, 1.287918273258638502 ) ) ;
#1806 = ADVANCED_FACE ( 'NONE', ( #1850 ), #1751, .T. ) ;
#1807 = CARTESIAN_POINT ( 'NONE',  ( 3.474558840762385525, 2.844004395397266016, 1.032421260632207849 ) ) ;
#1808 = CIRCLE ( 'NONE', #1088, 0.2999999999999991562 ) ;
#1809 = CARTESIAN_POINT ( 'NONE',  ( -1.352824396235819071, 5.734137053621005897, -1.199519072113761409 ) ) ;
#1810 = CARTESIAN_POINT ( 'NONE',  ( -1.991796515334854245, 4.607029128658275852, -2.226291505646815327 ) ) ;
#1811 = CARTESIAN_POINT ( 'NONE',  ( 2.815169659659001233, 2.677058230711491404, 1.271532570469696921 ) ) ;
#1812 = ORIENTED_EDGE ( 'NONE', *, *, #2987, .T. ) ;
#1813 = CARTESIAN_POINT ( 'NONE',  ( -1.246048284211099810, 6.447470222152252184, -0.5651773843545071507 ) ) ;
#1814 = CARTESIAN_POINT ( 'NONE',  ( 2.708039453383971562, 2.883667219322418873, 1.502546147055187964 ) ) ;
#1815 = CARTESIAN_POINT ( 'NONE',  ( 1.492174701737811526, 6.459738728036506394, 1.591949988251628589 ) ) ;
#1816 = CARTESIAN_POINT ( 'NONE',  ( 3.023637890698781305, 2.281151378688862863, 0.7052394312620049455 ) ) ;
#1817 = CARTESIAN_POINT ( 'NONE',  ( -3.027487784925320113, 3.749318657982213754, -1.232147510044001137 ) ) ;
#1818 = CARTESIAN_POINT ( 'NONE',  ( 1.867205811606576837, 4.837319654401004421, 2.185111565900982988 ) ) ;
#1819 = CARTESIAN_POINT ( 'NONE',  ( 2.968984032210817414, 3.728895946436538544, 1.341596470427489196 ) ) ;
#1820 = ORIENTED_EDGE ( 'NONE', *, *, #758, .F. ) ;
#1821 = CARTESIAN_POINT ( 'NONE',  ( -1.769129467646199716, 4.776019617615562929, -1.772032197984995117 ) ) ;
#1822 = AXIS2_PLACEMENT_3D ( 'NONE', #1283, #969, #1596 ) ;
#1823 = EDGE_CURVE ( 'NONE', #77, #2512, #2131, .T. ) ;
#1824 = CARTESIAN_POINT ( 'NONE',  ( -1.941672013632277372, 4.725088032169486141, -2.227091691702612675 ) ) ;
#1825 = CARTESIAN_POINT ( 'NONE',  ( 2.365921023141485335, 3.769740786931516041, 1.305820093326381048 ) ) ;
#1826 = CARTESIAN_POINT ( 'NONE',  ( -1.545340569021595778, 5.657543360383827213, -1.965016839936291948 ) ) ;
#1827 = CARTESIAN_POINT ( 'NONE',  ( -1.226521433189812438, 6.351604400239352799, -0.5617960751045918411 ) ) ;
#1828 = ADVANCED_FACE ( 'NONE', ( #718 ), #1740, .T. ) ;
#1829 = ORIENTED_EDGE ( 'NONE', *, *, #1893, .F. ) ;
#1830 = CARTESIAN_POINT ( 'NONE',  ( 1.991429580539016531, 6.037567053428753105, 2.233137225040786156 ) ) ;
#1831 = CARTESIAN_POINT ( 'NONE',  ( 3.450000000000000622, 0.0000000000000000000, 0.008278725148846354312 ) ) ;
#1832 = DIRECTION ( 'NONE',  ( 0.0000000000000000000, 0.6050832675335582334, -0.7961621941231021848 ) ) ;
#1833 = CARTESIAN_POINT ( 'NONE',  ( 1.605901540202142153, 5.284165890595887483, 1.899250859512967127 ) ) ;
#1834 = CARTESIAN_POINT ( 'NONE',  ( 1.531244048296801497, 5.626405960279587504, 1.929199188786720143 ) ) ;
#1835 = CARTESIAN_POINT ( 'NONE',  ( -1.493849562813794662, 5.692075279116561859, -0.7215087626989987735 ) ) ;
#1836 = CARTESIAN_POINT ( 'NONE',  ( 1.709693404043491238, 3.625728397352177446, 1.304290134841061821 ) ) ;
#1837 = CARTESIAN_POINT ( 'NONE',  ( -1.969297765748174944, 4.597327759334387309, -2.183419704845699361 ) ) ;
#1838 = CARTESIAN_POINT ( 'NONE',  ( -1.233632552340827360, 6.271627716356001692, -0.8352141647979822725 ) ) ;
#1839 = CARTESIAN_POINT ( 'NONE',  ( 1.335377931642316440, 6.309781587705737493, 1.327947199818665602 ) ) ;
#1840 = CARTESIAN_POINT ( 'NONE',  ( 1.969297765748173168, 4.597327759334387309, 2.183419704845699361 ) ) ;
#1841 = ORIENTED_EDGE ( 'NONE', *, *, #2480, .T. ) ;
#1842 = CARTESIAN_POINT ( 'NONE',  ( 2.352170521167137096, 3.378029136398397636, 0.6322493546459297953 ) ) ;
#1843 = CARTESIAN_POINT ( 'NONE',  ( -3.708388899123223670, 4.919869914342526407, -1.400000000000000355 ) ) ;
#1844 = EDGE_CURVE ( 'NONE', #2225, #789, #956, .T. ) ;
#1845 = VECTOR ( 'NONE', #2546, 1000.000000000000000 ) ;
#1846 = PLANE ( 'NONE',  #1442 ) ;
#1847 = CARTESIAN_POINT ( 'NONE',  ( -2.413014300413451441, 5.798238007724484611, -0.8703508865466961231 ) ) ;
#1848 = B_SPLINE_CURVE_WITH_KNOTS ( 'NONE', 3,
 ( #221, #2264, #3703, #1354 ),
 .UNSPECIFIED., .F., .F.,
 ( 4, 4 ),
 ( 0.0000000000000000000, 0.0004136521395002281851 ),
 .UNSPECIFIED. ) ;
#1849 = CARTESIAN_POINT ( 'NONE',  ( -3.450000000000000622, -1.267509437117510795E-15, 7.453889935837842984E-17 ) ) ;
#1850 = FACE_OUTER_BOUND ( 'NONE', #15, .T. ) ;
#1851 = CARTESIAN_POINT ( 'NONE',  ( 2.438597759722569869, 3.357161464309308396, 1.781557396172832375 ) ) ;
#1852 = CARTESIAN_POINT ( 'NONE',  ( 2.728138657974347403, 2.578161101045876258, 1.480253524628418305 ) ) ;
#1853 = CARTESIAN_POINT ( 'NONE',  ( -1.429623287206083893, 5.760002088093165717, -1.695429704603159671 ) ) ;
#1854 = CARTESIAN_POINT ( 'NONE',  ( 3.458427827833292501, 0.0000000000000000000, 0.07217401147940971651 ) ) ;
#1855 = CARTESIAN_POINT ( 'NONE',  ( -2.420260337248540061, 3.401243777960704318, -0.6000000000000004219 ) ) ;
#1856 = CARTESIAN_POINT ( 'NONE',  ( 2.266689985000694296, 5.383986610539625239, 2.516874979757212749 ) ) ;
#1857 = CARTESIAN_POINT ( 'NONE',  ( 2.221097560584852637, 6.415101839934451711, 1.714167193769903674 ) ) ;
#1858 = CARTESIAN_POINT ( 'NONE',  ( -1.905842125364962003, 4.569965945262463691, -1.950132486572449642 ) ) ;
#1859 = ORIENTED_EDGE ( 'NONE', *, *, #1844, .T. ) ;
#1860 = CARTESIAN_POINT ( 'NONE',  ( 2.411863636142047351, 6.233537536137982116, 1.774571546449041914 ) ) ;
#1861 = CARTESIAN_POINT ( 'NONE',  ( -3.474558840764271572, 2.844004395397236262, -1.032421260632709670 ) ) ;
#1862 = CARTESIAN_POINT ( 'NONE',  ( 3.852633584534651323, 4.340021787485071059, 1.168447335329108050 ) ) ;
#1863 = B_SPLINE_SURFACE_WITH_KNOTS ( 'NONE', 3, 3, ( 
 ( #906, #1510, #1827, #361, #90, #2437, #1244, #2729, #59, #3602, #917, #3550, #2685, #2990, #376, #975 ),
 ( #45, #2700, #1553, #1881, #2118, #2107, #2148, #2974, #103, #2397, #930, #3268, #665, #2165, #945, #350 ),
 ( #2713, #2410, #3320, #1838, #611, #1524, #1217, #3026, #624, #2999, #1265, #3294, #2135, #3577, #388, #1228 ),
 ( #2449, #3282, #1538, #3564, #2421, #959, #1583, #636, #1853, #74, #2742, #1570, #647, #3012, #1252, #3307 ),
 ( #3587, #1865, #129, #116, #3083, #3145, #2054, #1794, #595, #1481, #17, #3547, #2091, #902, #2392, #2080 ),
 ( #566, #3228, #2353, #2653, #28, #620, #1809, #3505, #2366, #1199, #3279, #321, #1781, #1821, #873, #3560 ),
 ( #582, #2935, #346, #1835, #2668, #3806, #42, #2679, #890, #289, #2959, #2694, #1169, #2378, #1181, #3243 ),
 ( #3253, #2069, #2099, #926, #2405, #1518, #1506, #3536, #332, #2985, #1225, #913, #2968, #1213, #305, #1492 ),
 ( #3264, #2174, #656, #675, #70, #1847, #2750, #644, #688, #2723, #1649, #3105, #125, #702, #1034, #1917 ),
 ( #1012, #2802, #3065, #3371, #3091, #2491, #1637, #3662, #1928, #1398, #2859, #3132, #1712, #1995, #1080, #513 ),
 ( #1954, #3442, #2534, #3430, #501, #2244, #2548, #1674, #3155, #1095, #3735, #2570, #768, #2837, #1408, #2286 ),
 ( #795, #490, #3701, #804, #1686, #1699, #3684, #2850, #1982, #180, #3168, #3141, #2005, #470, #1069, #1367 ),
 ( #2870, #3406, #782, #3722, #1968, #192, #2559, #2261, #818, #1382, #3416, #1106, #231, #3711, #207, #2300 ),
 ( #2273, #2581, #479, #2879, #2061, #1188, #294, #2359, #324, #2396, #2383, #2106, #2657, #1509, #877, #1173 ),
 ( #3234, #598, #1813, #1484, #2699, #1784, #5, #929, #1201, #2072, #895, #310, #349, #34, #3540, #586 ),
 ( #2949, #2370, #336, #623, #3246, #2684, #1523, #916, #2973, #1826, #3497, #1498, #1770, #1799, #3058, #663 ),
 ( #401, #3044, #1243, #2448, #3292, #1291, #3619, #1552, #2460, #944, #2436, #2179, #2420, #958, #2147, #3306 ),
 ( #1880, #411, #679, #2741, #646, #1536, #3563, #3011, #1277, #974, #3025, #3576, #2756, #1864, #1582, #1837 ) ),
 .UNSPECIFIED., .T., .F., .F.,
 ( 4, 1, 1, 1, 1, 2, 2, 2, 1, 1, 1, 1, 4 ),
 ( 4, 1, 1, 1, 1, 1, 1, 1, 1, 1, 1, 1, 1, 4 ),
 ( 0.0000000000000000000, 0.01249999999999995559, 0.02499999999999991118, 0.03750000000000008882, 0.05000000000000004441, 0.2499999999999999445, 0.4999999999999999445, 0.7500000000000000000, 0.9499999999999999556, 0.9625000000000000222, 0.9749999999999999778, 0.9875000000000000444, 1.000000000000000000 ),
 ( 0.0000000000000000000, 0.1403350216917129134, 0.1470077060012605630, 0.2798993354313212278, 0.2932633789167218841, 0.4199430131487160156, 0.4399889669379167811, 0.5600176727370194119, 0.5800636242031601553, 0.7067433230878911177, 0.7201073642695713373, 0.8529961353934311097, 0.8596688436060806460, 1.000000000000000000 ),
 .UNSPECIFIED. ) ;
#1864 = CARTESIAN_POINT ( 'NONE',  ( -1.867205811606578614, 4.837319654401003532, -2.185111565900982988 ) ) ;
#1865 = CARTESIAN_POINT ( 'NONE',  ( -1.224636182978896537, 6.207892531744550801, -0.4251210788775311999 ) ) ;
#1866 = CARTESIAN_POINT ( 'NONE',  ( 1.440680873843584564, 5.818965493904493691, 1.750540827532363064 ) ) ;
#1867 = CARTESIAN_POINT ( 'NONE',  ( 2.187009052916563778, 3.341279781075526145, 0.7597748797322357861 ) ) ;
#1868 = CARTESIAN_POINT ( 'NONE',  ( 1.374570384678752699, 6.753591521865977221, 0.5748594445768062666 ) ) ;
#1869 = ORIENTED_EDGE ( 'NONE', *, *, #3206, .F. ) ;
#1870 = CARTESIAN_POINT ( 'NONE',  ( 1.356662289000657218, 4.333394316836481686, 1.400000000000030997 ) ) ;
#1871 = CARTESIAN_POINT ( 'NONE',  ( 3.416433885130849113, 5.221388150365186220, 1.400000000000000355 ) ) ;
#1872 = DIRECTION ( 'NONE',  ( 0.0000000000000000000, 1.000000000000000000, 0.0000000000000000000 ) ) ;
#1873 = ORIENTED_EDGE ( 'NONE', *, *, #2082, .T. ) ;
#1874 = CARTESIAN_POINT ( 'NONE',  ( 3.708388899123221893, 4.919869914342528183, 1.400000000000000355 ) ) ;
#1875 = AXIS2_PLACEMENT_3D ( 'NONE', #156, #3104, #1023 ) ;
#1876 = EDGE_CURVE ( 'NONE', #3192, #3066, #2432, .T. ) ;
#1877 = B_SPLINE_CURVE_WITH_KNOTS ( 'NONE', 3,
 ( #406, #110, #417, #3345, #2467, #2763 ),
 .UNSPECIFIED., .F., .F.,
 ( 4, 2, 4 ),
 ( 1.098488248806965540E-05, 0.0004526138367881070521, 0.0008942427910881443811 ),
 .UNSPECIFIED. ) ;
#1878 = ORIENTED_EDGE ( 'NONE', *, *, #2333, .F. ) ;
#1879 = CARTESIAN_POINT ( 'NONE',  ( -2.131304432155301853, 4.047169702587670059, -1.950000000000000178 ) ) ;
#1880 = CARTESIAN_POINT ( 'NONE',  ( -1.226605524686023019, 6.354895754463091073, -0.3000000000000002665 ) ) ;
#1881 = CARTESIAN_POINT ( 'NONE',  ( -1.236478297838576879, 6.303993152578823533, -0.8403301014753170595 ) ) ;
#1882 = CARTESIAN_POINT ( 'NONE',  ( 3.617540397618456360, 0.0000000000000000000, 0.2999999999999991562 ) ) ;
#1883 = CARTESIAN_POINT ( 'NONE',  ( -3.067832419377621189, 3.629015257408149342, -1.570510935889471105 ) ) ;
#1884 = CARTESIAN_POINT ( 'NONE',  ( 3.036013611326772388, 5.189792908917494785, 1.906424691615231870 ) ) ;
#1885 = CARTESIAN_POINT ( 'NONE',  ( -1.233632552340827360, 6.271627716356001692, -0.8352141647979822725 ) ) ;
#1886 = CARTESIAN_POINT ( 'NONE',  ( -2.432365025836745076, 3.379030804801328447, -1.010770648761049051 ) ) ;
#1887 = DIRECTION ( 'NONE',  ( 0.0000000000000000000, 0.0000000000000000000, 1.000000000000000000 ) ) ;
#1888 = CARTESIAN_POINT ( 'NONE',  ( 2.745102025513866284, 3.140732766465629044, 1.215736535188151057 ) ) ;
#1889 = ORIENTED_EDGE ( 'NONE', *, *, #2819, .T. ) ;
#1890 = CARTESIAN_POINT ( 'NONE',  ( -2.798547694355533633, 3.541126353360391388, -0.4231358890175337395 ) ) ;
#1891 = CARTESIAN_POINT ( 'NONE',  ( 2.448616004293648007, 4.951036368535196353, 2.553771481480199501 ) ) ;
#1892 = CARTESIAN_POINT ( 'NONE',  ( -1.251888751074759831, 6.266484413812212217, -1.006716206260314550 ) ) ;
#1893 = EDGE_CURVE ( 'NONE', #425, #2409, #1275, .T. ) ;
#1894 = DIRECTION ( 'NONE',  ( -0.9182701871722339648, -0.3959543702886360039, 0.0000000000000000000 ) ) ;
#1895 = CARTESIAN_POINT ( 'NONE',  ( 2.799876280824662889, 3.583872956384889452, 1.408888592206976043 ) ) ;
#1896 = CARTESIAN_POINT ( 'NONE',  ( -2.688684075344277336, 3.309377193568597608, -0.5074114197085358713 ) ) ;
#1897 =( BOUNDED_SURFACE ( )  B_SPLINE_SURFACE ( 3, 2, ( 
 ( #2689, #2977, #3029 ),
 ( #2993, #1233, #2095 ),
 ( #1220, #3285, #3002 ),
 ( #1528, #1267, #1541 ) ),
 .UNSPECIFIED., .F., .F., .F. ) 
 B_SPLINE_SURFACE_WITH_KNOTS ( ( 4, 4 ),
 ( 3, 3 ),
 ( 0.005672480272423623300, 0.005982520951919432887 ),
 ( 0.0000000000000000000, 1.000000000000000000 ),
 .UNSPECIFIED. ) 
 GEOMETRIC_REPRESENTATION_ITEM ( )  RATIONAL_B_SPLINE_SURFACE ( (
 ( 1.000000000000000000, 0.4977409883135682778, 1.000000000000000000),
 ( 1.000000000000000000, 0.5010850300636303656, 1.000000000000000000),
 ( 1.000000000000000000, 0.5056480826376488213, 1.000000000000000000),
 ( 1.000000000000000000, 0.5110805111697798164, 1.000000000000000000) ) ) 
 REPRESENTATION_ITEM ( '' )  SURFACE ( )  );
#1898 = CARTESIAN_POINT ( 'NONE',  ( 3.035992313865179870, 3.459135093586104048, 1.900000000000019895 ) ) ;
#1899 = LINE ( 'NONE', #1236, #678 ) ;
#1900 = CARTESIAN_POINT ( 'NONE',  ( -3.741669627529018438, 4.803770505785118772, -1.400000000000000799 ) ) ;
#1901 = VERTEX_POINT ( 'NONE', #3555 ) ;
#1902 = CARTESIAN_POINT ( 'NONE',  ( 1.714268594125662348, 6.702413433638337636, 1.435280464336057493 ) ) ;
#1903 = CARTESIAN_POINT ( 'NONE',  ( -1.226521433189812438, 6.351604400239352799, -0.5617960751045918411 ) ) ;
#1904 = CARTESIAN_POINT ( 'NONE',  ( -2.745102025513867616, 3.140732766465626824, -1.215736535188151279 ) ) ;
#1905 = CARTESIAN_POINT ( 'NONE',  ( 2.072508079121858415, 5.637260271438358394, 0.4073692834257113260 ) ) ;
#1906 = DIRECTION ( 'NONE',  ( -1.000000000000000000, -4.625929269271485914E-16, 0.0000000000000000000 ) ) ;
#1907 = EDGE_LOOP ( 'NONE', ( #2540, #1820, #705, #3276 ) ) ;
#1908 = CARTESIAN_POINT ( 'NONE',  ( -2.333403953251837581, 6.317303557641716694, -1.747475256700812718 ) ) ;
#1909 = CARTESIAN_POINT ( 'NONE',  ( 2.592244987963719272, 3.302458062598062849, 1.106378929820489132 ) ) ;
#1910 = CARTESIAN_POINT ( 'NONE',  ( -2.961552788391089042, 3.608919046401291464, -0.4255381794287639297 ) ) ;
#1911 = EDGE_CURVE ( 'NONE', #3244, #563, #2111, .T. ) ;
#1912 = ORIENTED_EDGE ( 'NONE', *, *, #1844, .F. ) ;
#1913 = CARTESIAN_POINT ( 'NONE',  ( -1.224425847642794940, 6.336861405543629644, -0.4275648009652593395 ) ) ;
#1914 = CARTESIAN_POINT ( 'NONE',  ( -1.226521433189812438, 6.351604400239352799, -0.5617960751045918411 ) ) ;
#1915 = CARTESIAN_POINT ( 'NONE',  ( -4.135036969360985637, 1.098722213624319988, -0.6990887867292130409 ) ) ;
#1916 = CARTESIAN_POINT ( 'NONE',  ( 3.355333263749864070, 3.792349654791597580, 0.6117610478704360588 ) ) ;
#1917 = CARTESIAN_POINT ( 'NONE',  ( -2.796897307286766221, 4.954185315965061953, -1.324704765378051707 ) ) ;
#1918 = B_SPLINE_CURVE_WITH_KNOTS ( 'NONE', 3,
 ( #2812, #3188, #288, #2098, #1491, #345, #1212, #1534 ),
 .UNSPECIFIED., .F., .F.,
 ( 4, 2, 2, 4 ),
 ( -2.015298686407664610E-05, 0.0002834984742873223901, 0.0005871499354387217347, 0.001194452857741519014 ),
 .UNSPECIFIED. ) ;
#1919 = CARTESIAN_POINT ( 'NONE',  ( -3.474558840762388190, 2.844004395397266016, -1.032421260632208071 ) ) ;
#1920 = CARTESIAN_POINT ( 'NONE',  ( 1.777677900921622367, 5.110964915931686114, 2.198438205196524553 ) ) ;
#1921 = CARTESIAN_POINT ( 'NONE',  ( -1.291325549053133015, 6.047466867518596523, -1.213956328478817515 ) ) ;
#1922 = ORIENTED_EDGE ( 'NONE', *, *, #2495, .T. ) ;
#1923 = CARTESIAN_POINT ( 'NONE',  ( -3.133932245042312381, 1.187646064549691571, -0.3305314306681547132 ) ) ;
#1924 = VECTOR ( 'NONE', #1299, 1000.000000000000000 ) ;
#1925 = CARTESIAN_POINT ( 'NONE',  ( -1.969297765748174944, 4.597327759334387309, -2.183419704845699361 ) ) ;
#1926 = CARTESIAN_POINT ( 'NONE',  ( -2.747873952673413278, 2.638635783641345878, -1.406041581218986591 ) ) ;
#1927 = CARTESIAN_POINT ( 'NONE',  ( -3.741254071223676370, 4.805220179438537187, -1.400000000000000133 ) ) ;
#1928 = CARTESIAN_POINT ( 'NONE',  ( -2.633618362939208701, 6.123009691992707282, -1.536308441053877871 ) ) ;
#1929 = PRODUCT_DEFINITION_SHAPE ( 'NONE', 'NONE',  #2310 ) ;
#1930 = LINE ( 'NONE', #1499, #2438 ) ;
#1931 = CARTESIAN_POINT ( 'NONE',  ( -2.955589419197950374, 5.155589951320371789, -1.949411455125098502 ) ) ;
#1932 = CARTESIAN_POINT ( 'NONE',  ( -3.558120453779945791, 2.970072736603916130, -1.189999226211279515 ) ) ;
#1933 = ADVANCED_FACE ( 'NONE', ( #1659 ), #1487, .F. ) ;
#1934 = VECTOR ( 'NONE', #2719, 1000.000000000000227 ) ;
#1935 = CARTESIAN_POINT ( 'NONE',  ( -3.708388899123223670, 4.919869914342528183, -2.000000000000000000 ) ) ;
#1936 = CARTESIAN_POINT ( 'NONE',  ( 1.273646416650768831, 6.460017413753548432, 0.8633273521072656331 ) ) ;
#1937 = CARTESIAN_POINT ( 'NONE',  ( -1.482985855917597240, 5.713030822531479203, -0.5327579729016639343 ) ) ;
#1938 = VECTOR ( 'NONE', #3648, 1000.000000000000227 ) ;
#1939 = AXIS2_PLACEMENT_3D ( 'NONE', #1531, #1792, #711 ) ;
#1940 = EDGE_CURVE ( 'NONE', #754, #2931, #3122, .T. ) ;
#1941 = CARTESIAN_POINT ( 'NONE',  ( -2.480647465531387041, 6.134518236906883359, -1.804355454934076342 ) ) ;
#1942 = CARTESIAN_POINT ( 'NONE',  ( -3.438075710083974279, 0.3876873035952883018, 0.2176903901253355589 ) ) ;
#1943 = DIRECTION ( 'NONE',  ( 0.0000000000000000000, 1.000000000000000000, 0.0000000000000000000 ) ) ;
#1944 = DIRECTION ( 'NONE',  ( 0.0000000000000000000, 0.0000000000000000000, 1.000000000000000000 ) ) ;
#1945 = VERTEX_POINT ( 'NONE', #1843 ) ;
#1946 = CARTESIAN_POINT ( 'NONE',  ( -1.819799614690006617, 6.704322945694753955, -1.400000000000564127 ) ) ;
#1947 = CARTESIAN_POINT ( 'NONE',  ( -2.069456230766729021, 4.077400223824438008, -1.413989325884043025 ) ) ;
#1948 = CARTESIAN_POINT ( 'NONE',  ( 1.472489117793820856, 5.902776674983110539, 1.821816068065163829 ) ) ;
#1949 = CARTESIAN_POINT ( 'NONE',  ( -1.562360586164920129, 5.412393273841991537, -1.891913437243346374 ) ) ;
#1950 = CARTESIAN_POINT ( 'NONE',  ( -3.932311991195582834, 1.781621843692097196, -0.1179369267963170653 ) ) ;
#1951 = CARTESIAN_POINT ( 'NONE',  ( 1.593776795270344770, 5.499846915474405407, 2.024883739126845938 ) ) ;
#1952 = CARTESIAN_POINT ( 'NONE',  ( -3.035992313865202075, 3.459135093586122256, -1.900000000000000133 ) ) ;
#1953 = CARTESIAN_POINT ( 'NONE',  ( 3.229444415084987696, 4.520549669343589372, 1.949999999999975753 ) ) ;
#1954 = CARTESIAN_POINT ( 'NONE',  ( -2.228599255406239710, 6.827174310917059508, -0.3000000000000002665 ) ) ;
#1955 = CARTESIAN_POINT ( 'NONE',  ( -3.552936992969508267, 5.280308283037812522, -1.400000000000001910 ) ) ;
#1956 = CARTESIAN_POINT ( 'NONE',  ( 3.369404230750884022, 0.3148124175497635235, 0.01963384052960355855 ) ) ;
#1957 = ORIENTED_EDGE ( 'NONE', *, *, #555, .T. ) ;
#1958 = B_SPLINE_CURVE_WITH_KNOTS ( 'NONE', 3,
 ( #3346, #123, #1610, #3635 ),
 .UNSPECIFIED., .F., .F.,
 ( 4, 4 ),
 ( 0.0000000000000000000, 1.000000000000000000 ),
 .UNSPECIFIED. ) ;
#1959 =( BOUNDED_SURFACE ( )  B_SPLINE_SURFACE ( 3, 2, ( 
 ( #500, #1381, #829 ),
 ( #525, #2314, #1407 ),
 ( #2580, #3763, #256 ),
 ( #2878, #817, #2558 ),
 ( #3453, #2569, #2325 ),
 ( #1685, #2605, #3710 ),
 ( #2849, #1981, #219 ),
 ( #1420, #206, #3749 ),
 ( #2869, #2272, #1094 ),
 ( #2018, #3441, #3154 ),
 ( #3734, #2930, #884 ),
 ( #1857, #283, #842 ),
 ( #3200, #3298, #2902 ),
 ( #1557, #1775, #578 ),
 ( #2718, #3773, #3580 ),
 ( #2337, #2040, #2140 ),
 ( #1179, #80, #869 ),
 ( #2631, #949, #65 ),
 ( #549, #3004, #3215 ),
 ( #380, #2442, #1460 ),
 ( #300, #2945, #2361 ),
 ( #269, #3490, #651 ),
 ( #3790, #3803, #855 ),
 ( #2051, #1143, #640 ),
 ( #368, #3239, #1446 ),
 ( #2066, #2349, #3478 ),
 ( #562, #2647, #1166 ),
 ( #1748, #1789, #3225 ),
 ( #2619, #1475, #3502 ),
 ( #2123, #1760, #1247 ),
 ( #2918, #1153, #1486 ),
 ( #3516, #2425, #1870 ) ),
 .UNSPECIFIED., .F., .F., .T. ) 
 B_SPLINE_SURFACE_WITH_KNOTS ( ( 4, 2, 2, 2, 2, 2, 2, 2, 2, 2, 2, 2, 2, 2, 2, 4 ),
 ( 3, 3 ),
 ( -1.117173549825033543E-07, 0.0003666270382138758148, 0.0007333657937827341329, 0.001100104549351592397, 0.001466843304920450661, 0.001833582060489308925, 0.002200320816058167189, 0.002567059571627025236, 0.002933798327195883716, 0.003300537082764742197, 0.003667275838333600244, 0.004034014593902458291, 0.004400753349471316772, 0.005134230860609033734, 0.005500969616177891347, 0.005867708371746749828 ),
 ( 0.0000000000000000000, 1.000000000000000000 ),
 .UNSPECIFIED. ) 
 GEOMETRIC_REPRESENTATION_ITEM ( )  RATIONAL_B_SPLINE_SURFACE ( (
 ( 1.000000000000000000, 0.7361838005988438072, 1.000000000000000000),
 ( 1.000000000000000000, 0.7362456694857169026, 1.000000000000000000),
 ( 1.000000000000000000, 0.7365886864052769711, 1.000000000000000000),
 ( 1.000000000000000000, 0.7431421874848292974, 1.000000000000000000),
 ( 1.000000000000000000, 0.7499414704998218495, 1.000000000000000000),
 ( 1.000000000000000000, 0.7678225280229672434, 1.000000000000000000),
 ( 1.000000000000000000, 0.7791743213735602414, 1.000000000000000000),
 ( 1.000000000000000000, 0.8016550662129457994, 1.000000000000000000),
 ( 1.000000000000000000, 0.8127771054588608379, 1.000000000000000000),
 ( 1.000000000000000000, 0.8333560758808702396, 1.000000000000000000),
 ( 1.000000000000000000, 0.8429138534915902037, 1.000000000000000000),
 ( 1.000000000000000000, 0.8592208599050704665, 1.000000000000000000),
 ( 1.000000000000000000, 0.8661880270346474786, 1.000000000000000000),
 ( 1.000000000000000000, 0.8769166360687997708, 1.000000000000000000),
 ( 1.000000000000000000, 0.8809626959102074828, 1.000000000000000000),
 ( 1.000000000000000000, 0.8864156175592532438, 1.000000000000000000),
 ( 1.000000000000000000, 0.8878028363070556983, 1.000000000000000000),
 ( 1.000000000000000000, 0.8878002509757317862, 1.000000000000000000),
 ( 1.000000000000000000, 0.8864303344914854499, 1.000000000000000000),
 ( 1.000000000000000000, 0.8810462412933741660, 1.000000000000000000),
 ( 1.000000000000000000, 0.8769799167792283745, 1.000000000000000000),
 ( 1.000000000000000000, 0.8661410565872703637, 1.000000000000000000),
 ( 1.000000000000000000, 0.8591774553983837492, 1.000000000000000000),
 ( 1.000000000000000000, 0.8427991567197572476, 1.000000000000000000),
 ( 1.000000000000000000, 0.8333044755436208595, 1.000000000000000000),
 ( 1.000000000000000000, 0.8028177164529322063, 1.000000000000000000),
 ( 1.000000000000000000, 0.7766660339297056792, 1.000000000000000000),
 ( 1.000000000000000000, 0.7496448870752914218, 1.000000000000000000),
 ( 1.000000000000000000, 0.7428152160963766848, 1.000000000000000000),
 ( 1.000000000000000000, 0.7362325883863628517, 1.000000000000000000),
 ( 1.000000000000000000, 0.7358864188820648522, 1.000000000000000000),
 ( 1.000000000000000000, 0.7358300314215721061, 1.000000000000000000) ) ) 
 REPRESENTATION_ITEM ( '' )  SURFACE ( )  );
#1960 = CARTESIAN_POINT ( 'NONE',  ( 3.292948643830288180, 2.689999469412653887, 0.8927164952269456277 ) ) ;
#1961 = CARTESIAN_POINT ( 'NONE',  ( 2.017437772806824903, 4.618085534602357711, 2.265916590379659201 ) ) ;
#1962 = AXIS2_PLACEMENT_3D ( 'NONE', #3249, #315, #3543 ) ;
#1963 = CARTESIAN_POINT ( 'NONE',  ( -1.251252117991138668, 6.142211219224876118, -0.9709081482809923669 ) ) ;
#1964 = CARTESIAN_POINT ( 'NONE',  ( -3.617540397618456804, -1.329062780618905791E-15, 0.2999999999999991562 ) ) ;
#1965 = CARTESIAN_POINT ( 'NONE',  ( -1.565328371195454649, 6.391566364232983410, -1.659660094979904077 ) ) ;
#1966 = CARTESIAN_POINT ( 'NONE',  ( 1.226564455325958702, 6.353288293330903613, 0.4278583180913634321 ) ) ;
#1967 = CARTESIAN_POINT ( 'NONE',  ( 3.501788832853677924, 3.875243817550128256, 0.7031283159188608245 ) ) ;
#1968 = CARTESIAN_POINT ( 'NONE',  ( -1.404817381320316638, 6.672857559387109561, -1.104991595169694918 ) ) ;
#1969 = AXIS2_PLACEMENT_3D ( 'NONE', #2510, #3660, #1657 ) ;
#1970 = CARTESIAN_POINT ( 'NONE',  ( -1.119106113664865232, 4.896425581531677729, -1.399999999999998135 ) ) ;
#1971 = CARTESIAN_POINT ( 'NONE',  ( -1.873861857624177230, 3.443565740311046230, -1.128012511058913203 ) ) ;
#1972 = ORIENTED_EDGE ( 'NONE', *, *, #3485, .F. ) ;
#1973 = CARTESIAN_POINT ( 'NONE',  ( -2.512771569443027264, 3.233524436424099147, -1.712010947176966003 ) ) ;
#1974 = CARTESIAN_POINT ( 'NONE',  ( -2.291856112264915701, 5.186663828530191367, -1.184858692391623336 ) ) ;
#1975 = ORIENTED_EDGE ( 'NONE', *, *, #383, .T. ) ;
#1976 = CIRCLE ( 'NONE', #86, 0.8000000000000000444 ) ;
#1977 = CARTESIAN_POINT ( 'NONE',  ( -1.233340770273440468, 6.223697259858746555, -0.8273593561261214369 ) ) ;
#1978 = CARTESIAN_POINT ( 'NONE',  ( -3.134842407771268213, 1.150504923151924652, -0.3590480057990261820 ) ) ;
#1979 = CARTESIAN_POINT ( 'NONE',  ( 1.246048284211097368, 6.447470222152253072, 0.5651773843545071507 ) ) ;
#1980 = CARTESIAN_POINT ( 'NONE',  ( 1.221603731246120317, 6.302419352519335050, 0.5599752858048374637 ) ) ;
#1981 = CARTESIAN_POINT ( 'NONE',  ( 2.720322483590425389, 5.925848095061062359, 1.399999999999094413 ) ) ;
#1982 = CARTESIAN_POINT ( 'NONE',  ( -1.888008490472741885, 6.284297545950827235, -2.027484904370289165 ) ) ;
#1983 = CARTESIAN_POINT ( 'NONE',  ( -0.8942354038373458991, 5.966245764250773576, -1.400000000000000133 ) ) ;
#1984 = CARTESIAN_POINT ( 'NONE',  ( 3.450672127485116203, 0.0000000000000000000, -0.02468043041677014590 ) ) ;
#1985 = CYLINDRICAL_SURFACE ( 'NONE', #2865, 0.6000000000000011990 ) ;
#1986 = DIRECTION ( 'NONE',  ( -0.9182701871722342979, 0.3959543702886352823, 0.0000000000000000000 ) ) ;
#1987 = CIRCLE ( 'NONE', #203, 7.500000000000000000 ) ;
#1988 = CARTESIAN_POINT ( 'NONE',  ( -2.532263785393012334, 5.541449998188007875, -1.190345384070477630 ) ) ;
#1989 = CARTESIAN_POINT ( 'NONE',  ( 2.512771569442890929, 3.233524436424672466, 1.712010947176774378 ) ) ;
#1990 = STYLED_ITEM ( 'NONE', ( #1701 ), #2627 ) ;
#1991 = CARTESIAN_POINT ( 'NONE',  ( -3.418029041153439529, 0.2457713997958044794, -0.2659107272257500432 ) ) ;
#1992 = AXIS2_PLACEMENT_3D ( 'NONE', #1587, #3616, #1887 ) ;
#1993 = CARTESIAN_POINT ( 'NONE',  ( 1.994957732677357543, 4.749781038933758914, 2.303407210353249912 ) ) ;
#1994 = CARTESIAN_POINT ( 'NONE',  ( -3.851637574148671472, 4.388550760484841717, -1.207257136344013659 ) ) ;
#1995 = CARTESIAN_POINT ( 'NONE',  ( -2.985561591497716272, 5.306840233892667236, -1.904296978464740109 ) ) ;
#1996 = CARTESIAN_POINT ( 'NONE',  ( -1.717148334812321542, 5.010513913704615518, -1.937883664783861981 ) ) ;
#1997 = CARTESIAN_POINT ( 'NONE',  ( 3.369810486903518587, 0.3176145064996881429, 0.01004581678546564300 ) ) ;
#1998 = CARTESIAN_POINT ( 'NONE',  ( -2.984659359410188895, 3.745438763128907222, -1.228083596649858222 ) ) ;
#1999 = ORIENTED_EDGE ( 'NONE', *, *, #3275, .F. ) ;
#2000 = CARTESIAN_POINT ( 'NONE',  ( -2.074379057515202351, 5.636898990699171108, -0.5198437880870451222 ) ) ;
#2001 = ORIENTED_EDGE ( 'NONE', *, *, #2866, .T. ) ;
#2002 = CARTESIAN_POINT ( 'NONE',  ( 3.219890191139303859, 2.651095763242468095, 0.8837474851960668287 ) ) ;
#2003 = CARTESIAN_POINT ( 'NONE',  ( 1.238586244322093632, 6.320250460180410812, 0.8428516780552741672 ) ) ;
#2004 = CARTESIAN_POINT ( 'NONE',  ( 1.588999962030065882, 5.490600365016329754, 2.011954265500718098 ) ) ;
#2005 = CARTESIAN_POINT ( 'NONE',  ( -2.266689985000696517, 5.383986610539624351, -2.516874979757212749 ) ) ;
#2006 = CARTESIAN_POINT ( 'NONE',  ( -1.363284508491952485, 5.566157004365596350, -1.400000000000072298 ) ) ;
#2007 = CARTESIAN_POINT ( 'NONE',  ( 3.438075710083974279, 0.3876873035952895230, -0.2176903901253355589 ) ) ;
#2008 = CARTESIAN_POINT ( 'NONE',  ( -2.682061729528371075, 6.738372771842000120, -1.400000000000000577 ) ) ;
#2009 = B_SPLINE_CURVE_WITH_KNOTS ( 'NONE', 3,
 ( #3467, #2982, #3558, #1834, #2996, #2620, #54, #2903, #1448, #856 ),
 .UNSPECIFIED., .F., .F.,
 ( 4, 1, 1, 1, 1, 1, 1, 4 ),
 ( 0.5368773578132715052, 0.5600176727370194119, 0.5800636242031601553, 0.7067433230878911177, 0.7201073642695713373, 0.8529961353934311097, 0.8596688436060806460, 1.000000000000000000 ),
 .UNSPECIFIED. ) ;
#2010 = CARTESIAN_POINT ( 'NONE',  ( 1.280458647787842796, 5.899447193280632717, 0.7707354389284541973 ) ) ;
#2011 = CARTESIAN_POINT ( 'NONE',  ( -2.459742088701796892, 6.525289060175494704, -0.3000000000000002665 ) ) ;
#2012 = EDGE_CURVE ( 'NONE', #2409, #526, #1050, .T. ) ;
#2013 = DIRECTION ( 'NONE',  ( 0.4781611101840408939, -0.5178408426885008353, -0.7093678977450480483 ) ) ;
#2014 = CARTESIAN_POINT ( 'NONE',  ( -3.908299957642362710, 0.8688174793683930419, -0.8054002495971449571 ) ) ;
#2015 = DIRECTION ( 'NONE',  ( -0.9182701871722342979, -0.3959543702886355598, 0.0000000000000000000 ) ) ;
#2016 = CARTESIAN_POINT ( 'NONE',  ( 1.604437268511757608, 5.518357819715223656, 2.049915548066748361 ) ) ;
#2017 = CARTESIAN_POINT ( 'NONE',  ( 1.441880544384019247, 5.529517973598866654, 1.455660423106940993 ) ) ;
#2018 = CARTESIAN_POINT ( 'NONE',  ( 2.387012776386599366, 6.257589266799849170, 1.766748230638264916 ) ) ;
#2019 = ORIENTED_EDGE ( 'NONE', *, *, #3367, .F. ) ;
#2020 = CIRCLE ( 'NONE', #57, 0.3000000000000018763 ) ;
#2021 = CARTESIAN_POINT ( 'NONE',  ( -1.553559556393065089, 5.417494899398130670, -1.876537254921745834 ) ) ;
#2022 = CARTESIAN_POINT ( 'NONE',  ( 3.930099880001786339, 0.2410328277239874306, 0.4014025305169577340 ) ) ;
#2023 = VERTEX_POINT ( 'NONE', #2125 ) ;
#2024 = CARTESIAN_POINT ( 'NONE',  ( 1.920327786707906048, 4.576212103523271679, 2.048228968874136857 ) ) ;
#2025 = CARTESIAN_POINT ( 'NONE',  ( -2.442592659200212957, 6.308835818286794961, -1.809101755915192067 ) ) ;
#2026 = CARTESIAN_POINT ( 'NONE',  ( -2.884065454096269132, 1.977291909212770094, -1.082235016314956777 ) ) ;
#2027 = CARTESIAN_POINT ( 'NONE',  ( -2.061251749499907415, 4.209631074000223627, -1.950000000000000400 ) ) ;
#2028 = CARTESIAN_POINT ( 'NONE',  ( -3.369007875542803010, 0.3064322496552240871, -0.04830613395385479486 ) ) ;
#2029 = CARTESIAN_POINT ( 'NONE',  ( 1.396955960690482446, 5.942822017232483489, 1.641816819559704488 ) ) ;
#2030 = CARTESIAN_POINT ( 'NONE',  ( 1.352824396235816851, 5.734137053621005897, 1.199519072113761409 ) ) ;
#2031 =( LENGTH_UNIT ( ) NAMED_UNIT ( * ) SI_UNIT ( .MILLI., .METRE. ) );
#2032 = DIRECTION ( 'NONE',  ( 0.0000000000000000000, 0.0000000000000000000, 1.000000000000000000 ) ) ;
#2033 = CARTESIAN_POINT ( 'NONE',  ( 3.697886535163940280, 1.741948166270237408, 1.626781931465542508 ) ) ;
#2034 = DIRECTION ( 'NONE',  ( -0.1621624308655452984, -0.7856242535774905500, 0.5970744327188931555 ) ) ;
#2035 = EDGE_CURVE ( 'NONE', #789, #2156, #2725, .T. ) ;
#2036 = CARTESIAN_POINT ( 'NONE',  ( 1.224636182978894094, 6.207892531744551690, 0.4251210788775311999 ) ) ;
#2037 = CARTESIAN_POINT ( 'NONE',  ( -1.375621204590675939, 6.754734181377648028, -0.4342383237834125387 ) ) ;
#2038 = DIRECTION ( 'NONE',  ( 0.0000000000000000000, 0.0000000000000000000, 1.000000000000000000 ) ) ;
#2039 = CARTESIAN_POINT ( 'NONE',  ( 0.0000000000000000000, 10.49999999999999822, 0.6000000000000004219 ) ) ;
#2040 = CARTESIAN_POINT ( 'NONE',  ( 1.819799614689771916, 6.704322945694701552, 1.400000000000824807 ) ) ;
#2041 = DIRECTION ( 'NONE',  ( 0.0000000000000000000, 0.6050832675335582334, 0.7961621941231021848 ) ) ;
#2042 = CARTESIAN_POINT ( 'NONE',  ( 3.932311991195582390, 1.781621843692098750, 0.1179369267963170653 ) ) ;
#2043 = CARTESIAN_POINT ( 'NONE',  ( 3.018463613230086384, 6.381717730039119019, 1.399999999999999467 ) ) ;
#2044 = ORIENTED_EDGE ( 'NONE', *, *, #606, .T. ) ;
#2045 = CARTESIAN_POINT ( 'NONE',  ( 1.714192562929684582, 5.203327551171062382, 1.397874840844471445 ) ) ;
#2046 = CARTESIAN_POINT ( 'NONE',  ( -1.994957732677359319, 4.749781038933758026, -2.303407210353249912 ) ) ;
#2047 = CARTESIAN_POINT ( 'NONE',  ( 3.369404230750884022, 0.3148124175497635235, 0.01963384052960355855 ) ) ;
#2048 = CARTESIAN_POINT ( 'NONE',  ( 2.178739585367158060, 5.430011983553250765, 1.031152745414280592 ) ) ;
#2049 = CARTESIAN_POINT ( 'NONE',  ( 3.148865696487447963, 1.299598537609053750, 0.2497559359925469735 ) ) ;
#2050 = CARTESIAN_POINT ( 'NONE',  ( 1.326601504159607314, 5.794249697339414418, 1.088185420042022900 ) ) ;
#2051 = CARTESIAN_POINT ( 'NONE',  ( 1.439917698165854798, 5.931200345727828172, 1.747707971076343236 ) ) ;
#2052 = CARTESIAN_POINT ( 'NONE',  ( 3.139587065637320595, 1.115014839940535296, 0.3874289492786707756 ) ) ;
#2053 = CARTESIAN_POINT ( 'NONE',  ( 2.682061729528366190, 6.738372771842008113, 1.399999999999989697 ) ) ;
#2054 = CARTESIAN_POINT ( 'NONE',  ( -1.322221060368465873, 5.974759813998362645, -1.349206997340776315 ) ) ;
#2055 = B_SPLINE_CURVE_WITH_KNOTS ( 'NONE', 3,
 ( #72, #2419, #19, #2697 ),
 .UNSPECIFIED., .F., .F.,
 ( 4, 4 ),
 ( 0.0000000000000000000, 0.0002191227473138556889 ),
 .UNSPECIFIED. ) ;
#2056 = CARTESIAN_POINT ( 'NONE',  ( 1.678346332959942178, 5.283943235811227268, 1.348906746939467327 ) ) ;
#2057 = CARTESIAN_POINT ( 'NONE',  ( -1.752933423787024214, 6.608589498273486740, -1.613361671691185162 ) ) ;
#2058 = ORIENTED_EDGE ( 'NONE', *, *, #173, .T. ) ;
#2059 = CARTESIAN_POINT ( 'NONE',  ( -3.453619243799833427, -1.268839125717950479E-15, -0.04873829586104568706 ) ) ;
#2060 = EDGE_CURVE ( 'NONE', #1131, #1945, #1424, .T. ) ;
#2061 = CARTESIAN_POINT ( 'NONE',  ( -1.290170580569571346, 6.419125910253431044, -1.046020501742308095 ) ) ;
#2062 = CARTESIAN_POINT ( 'NONE',  ( 2.705642484653357105, 5.159279741867817570, 1.321179777878584316 ) ) ;
#2063 = CARTESIAN_POINT ( 'NONE',  ( 3.818311087080815014, 2.439027858351039857, 0.7077808135571050929 ) ) ;
#2064 = ORIENTED_EDGE ( 'NONE', *, *, #3634, .F. ) ;
#2065 = CARTESIAN_POINT ( 'NONE',  ( -3.501788832853679256, 3.875243817550126924, -0.7031283159188608245 ) ) ;
#2066 = CARTESIAN_POINT ( 'NONE',  ( 1.490515213622072732, 5.601466580336130541, 1.827076156525232031 ) ) ;
#2067 = CARTESIAN_POINT ( 'NONE',  ( 3.450000000000000622, 0.0000000000000000000, -9.486769009248163798E-17 ) ) ;
#2068 = CARTESIAN_POINT ( 'NONE',  ( 2.730288195571515697, 2.588373895651641998, 1.467399440654077569 ) ) ;
#2069 = CARTESIAN_POINT ( 'NONE',  ( -2.072508079121860636, 5.637260271438357506, -0.4073692834257113260 ) ) ;
#2070 = CIRCLE ( 'NONE', #2478, 0.6000000000000009770 ) ;
#2071 = CARTESIAN_POINT ( 'NONE',  ( -1.258160465945374895, 6.415116458719455572, -0.8570492765379348343 ) ) ;
#2072 = CARTESIAN_POINT ( 'NONE',  ( -1.563235336071461479, 5.688365213085474714, -1.998040732805430375 ) ) ;
#2073 = DIRECTION ( 'NONE',  ( 0.0000000000000000000, 1.000000000000000000, 0.0000000000000000000 ) ) ;
#2074 = FACE_OUTER_BOUND ( 'NONE', #491, .T. ) ;
#2075 = CARTESIAN_POINT ( 'NONE',  ( 3.458427827833292501, 0.0000000000000000000, -0.07217401147940989692 ) ) ;
#2076 = CARTESIAN_POINT ( 'NONE',  ( -3.471429602031031791, 3.855737562487295378, -0.6796064149379215102 ) ) ;
#2077 = CARTESIAN_POINT ( 'NONE',  ( 1.886818339539048317, 4.814143360695878116, 1.497018307377081081 ) ) ;
#2078 = CARTESIAN_POINT ( 'NONE',  ( 1.444321485640154945, 5.831091395541184497, 1.761274870928619674 ) ) ;
#2079 = DIRECTION ( 'NONE',  ( -0.0000000000000000000, -0.0000000000000000000, -1.000000000000000000 ) ) ;
#2080 = CARTESIAN_POINT ( 'NONE',  ( -1.920327786707907602, 4.576212103523270791, -2.048228968874136857 ) ) ;
#2081 = AXIS2_PLACEMENT_3D ( 'NONE', #3549, #334, #2408 ) ;
#2082 = EDGE_CURVE ( 'NONE', #2755, #77, #3009, .T. ) ;
#2083 = CARTESIAN_POINT ( 'NONE',  ( -1.831672833502929532, 6.419103605130298540, -1.881153075609465208 ) ) ;
#2084 = ORIENTED_EDGE ( 'NONE', *, *, #3233, .F. ) ;
#2085 = CARTESIAN_POINT ( 'NONE',  ( 2.091154034933115025, 3.349302898912350113, 0.8791920287271725032 ) ) ;
#2086 = CARTESIAN_POINT ( 'NONE',  ( 4.042589267574302703, 2.306246730593692007, 0.9525624810904034234 ) ) ;
#2087 = CARTESIAN_POINT ( 'NONE',  ( 3.035992313865200742, 3.459135093586123588, 1.900000000000000133 ) ) ;
#2088 = CARTESIAN_POINT ( 'NONE',  ( 2.705642484653357105, 5.159279741867817570, 1.321179777878584316 ) ) ;
#2089 = CARTESIAN_POINT ( 'NONE',  ( 3.750000000000000000, 0.0000000000000000000, 0.0000000000000000000 ) ) ;
#2090 = CARTESIAN_POINT ( 'NONE',  ( 3.044282419345948121, 3.813326464395736082, 1.314210667756183115 ) ) ;
#2091 = CARTESIAN_POINT ( 'NONE',  ( -1.717166960096492501, 5.050748447291775634, -2.023442210372351280 ) ) ;
#2092 = CARTESIAN_POINT ( 'NONE',  ( -1.234106558882377414, 6.400446062449161921, -0.5635586161810350880 ) ) ;
#2093 = CARTESIAN_POINT ( 'NONE',  ( 1.937900880782990054, 2.985642533357920403, 2.000000000000000444 ) ) ;
#2094 = CARTESIAN_POINT ( 'NONE',  ( 1.261924990784362821, 6.494312087029554093, 0.4302388495603213237 ) ) ;
#2095 = CARTESIAN_POINT ( 'NONE',  ( -3.401320771508553165, 3.815132726512199923, -0.6326561024522778798 ) ) ;
#2096 = CARTESIAN_POINT ( 'NONE',  ( 2.157566549921691390, 5.474750827824880872, 0.9817147144770984601 ) ) ;
#2097 = EDGE_CURVE ( 'NONE', #3056, #2130, #1579, .T. ) ;
#2098 = CARTESIAN_POINT ( 'NONE',  ( 3.304094388037759344, 3.669793497748322864, 0.9836315274477114290 ) ) ;
#2099 = CARTESIAN_POINT ( 'NONE',  ( -2.074379057515202351, 5.636898990699171108, -0.5198437880870451222 ) ) ;
#2100 = ORIENTED_EDGE ( 'NONE', *, *, #3006, .T. ) ;
#2101 = CIRCLE ( 'NONE', #1290, 0.5999999999999997558 ) ;
#2102 = CARTESIAN_POINT ( 'NONE',  ( 1.811211605744432296, 4.985051048085376912, 1.478324977542865737 ) ) ;
#2103 = CARTESIAN_POINT ( 'NONE',  ( -1.262098160465935370, 6.329577288229468301, -1.023662555389673656 ) ) ;
#2104 = CARTESIAN_POINT ( 'NONE',  ( 1.627486013676055387, 3.765227230815595849, 1.375034978631036964 ) ) ;
#2105 = AXIS2_PLACEMENT_3D ( 'NONE', #3116, #751, #2800 ) ;
#2106 = CARTESIAN_POINT ( 'NONE',  ( -1.755703686576927103, 5.313978343874505406, -2.231651423078423679 ) ) ;
#2107 = CARTESIAN_POINT ( 'NONE',  ( -1.294439011627312786, 6.164712379849261126, -1.268258479654102988 ) ) ;
#2108 = CARTESIAN_POINT ( 'NONE',  ( 1.569872102182084506, 6.273093229202843624, 1.853757889379584078 ) ) ;
#2109 = CARTESIAN_POINT ( 'NONE',  ( 3.134842407771267769, 1.150504923151925762, 0.3590480057990261820 ) ) ;
#2110 = CARTESIAN_POINT ( 'NONE',  ( 1.594875085188234731, 5.470885844128602571, 1.179787091645876140 ) ) ;
#2111 = CIRCLE ( 'NONE', #2911, 0.6000000000000252909 ) ;
#2112 = CARTESIAN_POINT ( 'NONE',  ( 3.845047280504666709, 4.293532878243693673, 1.128012511059170331 ) ) ;
#2113 = VERTEX_POINT ( 'NONE', #1595 ) ;
#2114 =( BOUNDED_SURFACE ( )  B_SPLINE_SURFACE ( 3, 2, ( 
 ( #1807, #1517, #2765 ),
 ( #1562, #2738, #85 ),
 ( #3594, #1895, #2144 ),
 ( #1237, #954, #1597 ) ),
 .UNSPECIFIED., .F., .F., .T. ) 
 B_SPLINE_SURFACE_WITH_KNOTS ( ( 4, 4 ),
 ( 3, 3 ),
 ( 0.005672480272423623300, 0.005982520951919432887 ),
 ( 0.0000000000000000000, 1.000000000000000000 ),
 .UNSPECIFIED. ) 
 GEOMETRIC_REPRESENTATION_ITEM ( )  RATIONAL_B_SPLINE_SURFACE ( (
 ( 1.000000000000000000, 0.4977409883135677227, 1.000000000000000000),
 ( 1.000000000000000000, 0.5010850300636321419, 1.000000000000000000),
 ( 1.000000000000000000, 0.5056480826376446025, 1.000000000000000000),
 ( 1.000000000000000000, 0.5110805111697803715, 1.000000000000000000) ) ) 
 REPRESENTATION_ITEM ( '' )  SURFACE ( )  );
#2115 = CARTESIAN_POINT ( 'NONE',  ( 7.500000000000000000, 10.50000000000000000, 0.6000000000000004219 ) ) ;
#2116 = ORIENTED_EDGE ( 'NONE', *, *, #1716, .T. ) ;
#2117 = CARTESIAN_POINT ( 'NONE',  ( -3.539446180705662748, 3.768085308092660402, -1.757012779835926297 ) ) ;
#2118 = CARTESIAN_POINT ( 'NONE',  ( -1.251888751074759831, 6.266484413812212217, -1.006716206260314550 ) ) ;
#2119 = CARTESIAN_POINT ( 'NONE',  ( 1.752933423787021994, 6.608589498273487628, 1.613361671691185162 ) ) ;
#2120 = CARTESIAN_POINT ( 'NONE',  ( 3.212729601860179418, 0.8871104560621163593, 0.5822484036533653873 ) ) ;
#2121 = CARTESIAN_POINT ( 'NONE',  ( 3.664711546691646671, 3.988755083226506404, 0.8266680291075676479 ) ) ;
#2122 = CARTESIAN_POINT ( 'NONE',  ( 2.418789813652461262, 4.908065172585183156, 1.213744575373681522 ) ) ;
#2123 = CARTESIAN_POINT ( 'NONE',  ( 1.809582684840248312, 4.793179667351389561, 1.949566890449031531 ) ) ;
#2124 = CARTESIAN_POINT ( 'NONE',  ( -3.590190414138584085, 3.556363863622963084, -1.644154194128828683 ) ) ;
#2125 = CARTESIAN_POINT ( 'NONE',  ( -2.267911669045893586, 3.725088863473376311, -1.899999999999999023 ) ) ;
#2126 = CARTESIAN_POINT ( 'NONE',  ( 3.750000000000000000, 0.0000000000000000000, 0.0000000000000000000 ) ) ;
#2127 = CARTESIAN_POINT ( 'NONE',  ( -3.369835893652459280, 4.200234107820009832, -1.900000000000056755 ) ) ;
#2128 = CARTESIAN_POINT ( 'NONE',  ( -3.444199610576079706, 4.025907358857010898, -1.856843023321385067 ) ) ;
#2129 = EDGE_CURVE ( 'NONE', #722, #295, #1877, .T. ) ;
#2130 = VERTEX_POINT ( 'NONE', #995 ) ;
#2131 = B_SPLINE_CURVE_WITH_KNOTS ( 'NONE', 3,
 ( #3420, #2883, #503, #1971 ),
 .UNSPECIFIED., .F., .F.,
 ( 4, 4 ),
 ( 0.0000000000000000000, 0.0003673581684765944125 ),
 .UNSPECIFIED. ) ;
#2132 = CARTESIAN_POINT ( 'NONE',  ( 3.322482245059875883, 4.311998531608257856, 1.928177813837455012 ) ) ;
#2133 = CARTESIAN_POINT ( 'NONE',  ( 2.819328442268825619, 2.832652211350224825, 1.315842973294280682 ) ) ;
#2134 = CARTESIAN_POINT ( 'NONE',  ( 1.573600154925619998, 3.869302908019667253, 1.400000000000000577 ) ) ;
#2135 = CARTESIAN_POINT ( 'NONE',  ( -1.740206559436366707, 5.078145244631913968, -2.112998668316564466 ) ) ;
#2136 = EDGE_LOOP ( 'NONE', ( #1073, #3671 ) ) ;
#2137 = VERTEX_POINT ( 'NONE', #3299 ) ;
#2138 = CARTESIAN_POINT ( 'NONE',  ( 3.369404230750884022, 0.3148124175497635235, 0.01963384052960355855 ) ) ;
#2139 = CARTESIAN_POINT ( 'NONE',  ( 2.251508025950702319, 6.764100662067507486, 1.025722980623356317 ) ) ;
#2140 = CARTESIAN_POINT ( 'NONE',  ( 1.770058050118414439, 7.016068970553885009, 1.399999999999995914 ) ) ;
#2141 = CARTESIAN_POINT ( 'NONE',  ( 3.135291435700626295, 1.225217509122503934, 0.3023523335254252875 ) ) ;
#2142 = ADVANCED_FACE ( 'NONE', ( #2934 ), #2344, .T. ) ;
#2143 = CARTESIAN_POINT ( 'NONE',  ( -3.003962971367998058, 5.043471188222509838, -1.949820009341698857 ) ) ;
#2144 = CARTESIAN_POINT ( 'NONE',  ( 3.465307497437370543, 3.850647973074487584, 0.6728906971808379378 ) ) ;
#2145 = DIRECTION ( 'NONE',  ( 0.0000000000000000000, 0.0000000000000000000, 1.000000000000000000 ) ) ;
#2146 = DIRECTION ( 'NONE',  ( 0.3959543702886355598, 0.9182701871722344089, 0.0000000000000000000 ) ) ;
#2147 = CARTESIAN_POINT ( 'NONE',  ( -1.926529319477070512, 4.717923116652862348, -2.198832027794610511 ) ) ;
#2148 = CARTESIAN_POINT ( 'NONE',  ( -1.327334803647234995, 6.086607194956924261, -1.413863520867874035 ) ) ;
#2149 = CARTESIAN_POINT ( 'NONE',  ( 3.133854428063382880, 1.175095987163621292, 0.3400494940973343150 ) ) ;
#2150 = ORIENTED_EDGE ( 'NONE', *, *, #428, .F. ) ;
#2151 = CARTESIAN_POINT ( 'NONE',  ( 3.088196117874243640, 3.693826414791034018, 1.434457807745168179 ) ) ;
#2152 = CIRCLE ( 'NONE', #453, 0.8000000000000003775 ) ;
#2153 = CARTESIAN_POINT ( 'NONE',  ( 2.459048828000442999, 6.527154054604676681, 0.5478171457455641713 ) ) ;
#2154 = CARTESIAN_POINT ( 'NONE',  ( -1.238586244322096297, 6.320250460180410812, -0.8428516780552741672 ) ) ;
#2155 =( NAMED_UNIT ( * ) PLANE_ANGLE_UNIT ( ) SI_UNIT ( $, .RADIAN. ) );
#2156 = VERTEX_POINT ( 'NONE', #3582 ) ;
#2157 = AXIS2_PLACEMENT_3D ( 'NONE', #1935, #3134, #1986 ) ;
#2158 = EDGE_CURVE ( 'NONE', #77, #1593, #2752, .T. ) ;
#2159 = FACE_OUTER_BOUND ( 'NONE', #3014, .T. ) ;
#2160 = EDGE_LOOP ( 'NONE', ( #145, #2212, #1678, #800 ) ) ;
#2161 = CARTESIAN_POINT ( 'NONE',  ( -6.699999999999999289, 10.49999999999999822, 1.400000000000000355 ) ) ;
#2162 = DIRECTION ( 'NONE',  ( 0.9182701871722342979, -0.3959543702886352823, 0.0000000000000000000 ) ) ;
#2163 = CIRCLE ( 'NONE', #3539, 0.6000000000000009770 ) ;
#2164 = CARTESIAN_POINT ( 'NONE',  ( -2.267911669045893586, 3.725088863473376311, -1.899999999999999023 ) ) ;
#2165 = CARTESIAN_POINT ( 'NONE',  ( -1.860207833935469512, 4.833630642100386510, -2.170533635886329638 ) ) ;
#2166 = ADVANCED_FACE ( 'NONE', ( #1374 ), #1139, .T. ) ;
#2167 = LINE ( 'NONE', #739, #1938 ) ;
#2168 = CARTESIAN_POINT ( 'NONE',  ( 2.887830117619976544, 1.950546850169561752, 1.119784342334824379 ) ) ;
#2169 = DIRECTION ( 'NONE',  ( -0.0000000000000000000, -0.0000000000000000000, -1.000000000000000000 ) ) ;
#2170 = CARTESIAN_POINT ( 'NONE',  ( 2.890320035613410443, 5.527760188948891873, 1.874412255420205620 ) ) ;
#2171 = CARTESIAN_POINT ( 'NONE',  ( -1.962115809820968115, 4.594230929146144504, -2.168825928356886923 ) ) ;
#2172 = CARTESIAN_POINT ( 'NONE',  ( 2.244110925498988163, 6.403386723391008672, 1.718941897360866111 ) ) ;
#2173 = CARTESIAN_POINT ( 'NONE',  ( -3.501788832853679256, 3.875243817550126924, -0.7031283159188608245 ) ) ;
#2174 = CARTESIAN_POINT ( 'NONE',  ( -2.373859200488315668, 5.869124391411513209, -0.4092904779959009587 ) ) ;
#2175 = MANIFOLD_SOLID_BREP ( 'Sweep2', #1447 ) ;
#2176 = ORIENTED_EDGE ( 'NONE', *, *, #2082, .F. ) ;
#2177 = CARTESIAN_POINT ( 'NONE',  ( 3.201577468469893883, 4.701334886544897174, 1.399999999999999689 ) ) ;
#2178 = CARTESIAN_POINT ( 'NONE',  ( 3.444199610576078818, 4.025907358857010898, 1.856843023321384845 ) ) ;
#2179 = CARTESIAN_POINT ( 'NONE',  ( -1.697936991981078059, 5.254995737294656521, -2.132235299095480041 ) ) ;
#2180 = CARTESIAN_POINT ( 'NONE',  ( 1.912345113398439711, 4.711151026258790786, 2.169659953292500276 ) ) ;
#2181 = CARTESIAN_POINT ( 'NONE',  ( -2.815498278589563252, 3.547974650624373893, -1.674839415842965584 ) ) ;
#2182 = CARTESIAN_POINT ( 'NONE',  ( 2.060393202839395421, 5.873470619710890794, 2.334937496772657273 ) ) ;
#2183 = ORIENTED_EDGE ( 'NONE', *, *, #2224, .F. ) ;
#2184 = CARTESIAN_POINT ( 'NONE',  ( -1.294439011627312786, 6.164712379849261126, -1.268258479654102988 ) ) ;
#2185 = CARTESIAN_POINT ( 'NONE',  ( -1.817651930613648048, 4.774464742899453107, -1.949753618649809672 ) ) ;
#2186 = CARTESIAN_POINT ( 'NONE',  ( -2.300134242093657910, 3.360287811242300471, -0.6568952460030252904 ) ) ;
#2187 = DIRECTION ( 'NONE',  ( -1.000000000000000000, -4.625929269271485914E-16, 0.0000000000000000000 ) ) ;
#2188 = CARTESIAN_POINT ( 'NONE',  ( -3.433844883995344599, 3.849704757961494472, -0.7736915690346720664 ) ) ;
#2189 = EDGE_LOOP ( 'NONE', ( #1564, #3121, #1202 ) ) ;
#2190 = CARTESIAN_POINT ( 'NONE',  ( 0.0000000000000000000, 10.49999999999999822, 0.6000000000000004219 ) ) ;
#2191 = CARTESIAN_POINT ( 'NONE',  ( -2.291903563747856420, 3.360625169707213367, -0.6715010058832910911 ) ) ;
#2192 = CARTESIAN_POINT ( 'NONE',  ( 2.531575371581805456, 6.098670098247823468, 1.987336692143623296 ) ) ;
#2193 = CARTESIAN_POINT ( 'NONE',  ( -1.236478297838576879, 6.303993152578823533, -0.8403301014753170595 ) ) ;
#2194 = CARTESIAN_POINT ( 'NONE',  ( 2.486839560189494147, 3.423943395686488866, 0.5448157187636181176 ) ) ;
#2195 = CARTESIAN_POINT ( 'NONE',  ( 2.142437281258430914, 6.475158808901188223, 1.693379054135080164 ) ) ;
#2196 = EDGE_LOOP ( 'NONE', ( #1029, #3227, #1322, #29 ) ) ;
#2197 = CARTESIAN_POINT ( 'NONE',  ( -2.221097560584659902, 6.415101839934988170, -1.714167193769240427 ) ) ;
#2198 = ORIENTED_EDGE ( 'NONE', *, *, #3457, .T. ) ;
#2199 = CIRCLE ( 'NONE', #2287, 0.2999999999999991562 ) ;
#2200 = ADVANCED_FACE ( 'NONE', ( #3556 ), #521, .T. ) ;
#2201 = CARTESIAN_POINT ( 'NONE',  ( -2.779171688207896729, 3.528809603815628027, -1.634187734753888455 ) ) ;
#2202 = CARTESIAN_POINT ( 'NONE',  ( 1.423024328173131181, 6.019893148820215423, 1.696383788080068289 ) ) ;
#2203 = ORIENTED_EDGE ( 'NONE', *, *, #2610, .F. ) ;
#2204 = CARTESIAN_POINT ( 'NONE',  ( -1.860207833935469512, 4.833630642100386510, -2.170533635886329638 ) ) ;
#2205 = EDGE_CURVE ( 'NONE', #6, #592, #1182, .T. ) ;
#2206 = CARTESIAN_POINT ( 'NONE',  ( -1.919437216437756000, 4.714537071455826123, -2.184245990543555838 ) ) ;
#2207 = CARTESIAN_POINT ( 'NONE',  ( -3.369810486903518587, 0.3176145064996868661, -0.01004581678546564300 ) ) ;
#2208 = CARTESIAN_POINT ( 'NONE',  ( 3.369835893652457948, 4.200234107820010721, 1.900000000000056755 ) ) ;
#2209 = FACE_OUTER_BOUND ( 'NONE', #885, .T. ) ;
#2210 = B_SPLINE_CURVE_WITH_KNOTS ( 'NONE', 3,
 ( #3612, #2749, #2429, #356, #970, #687, #2997, #385, #1248, #1861 ),
 .UNSPECIFIED., .F., .F.,
 ( 4, 2, 2, 2, 4 ),
 ( 0.0000000000000000000, 0.0001541870461417090444, 0.0003083740922834180887, 0.0004625611384251271602, 0.0006167481845668361775 ),
 .UNSPECIFIED. ) ;
#2211 = CARTESIAN_POINT ( 'NONE',  ( 3.235514728182172561, 4.085802394984058061, 1.292395937706115383 ) ) ;
#2212 = ORIENTED_EDGE ( 'NONE', *, *, #3325, .F. ) ;
#2213 = CARTESIAN_POINT ( 'NONE',  ( 1.234273173213973562, 6.402085588513866554, 0.4287191237299160518 ) ) ;
#2214 = CARTESIAN_POINT ( 'NONE',  ( -1.717166960096492501, 5.050748447291775634, -2.023442210372351280 ) ) ;
#2215 = DIRECTION ( 'NONE',  ( -1.000000000000000000, -4.625929269271485914E-16, 0.0000000000000000000 ) ) ;
#2216 = CARTESIAN_POINT ( 'NONE',  ( -1.330100130885432552, 6.101006345838684730, -1.421651088305184940 ) ) ;
#2217 = CARTESIAN_POINT ( 'NONE',  ( -4.103159384395294040, 0.3051878615501643077, -0.2477428232585451306 ) ) ;
#2218 = CARTESIAN_POINT ( 'NONE',  ( -3.780307189712840188, 4.693412818358337013, -1.375060361059635250 ) ) ;
#2219 = CARTESIAN_POINT ( 'NONE',  ( 3.405151761142513500, 3.818614844522528973, 0.6386803046134990058 ) ) ;
#2220 = CARTESIAN_POINT ( 'NONE',  ( 1.370437363300509803, 6.225823706650660760, 1.484991184280594956 ) ) ;
#2221 = CARTESIAN_POINT ( 'NONE',  ( -3.456025660653941678, 5.504952424698951852, -1.400000000000005906 ) ) ;
#2222 = CARTESIAN_POINT ( 'NONE',  ( -1.800023634287077678, 3.504273963592308139, -1.207494167087463710 ) ) ;
#2223 = CARTESIAN_POINT ( 'NONE',  ( 1.826745966006704691, 5.146724380172158497, 2.273296609644883226 ) ) ;
#2224 = EDGE_CURVE ( 'NONE', #3066, #2137, #2803, .T. ) ;
#2225 = VERTEX_POINT ( 'NONE', #1092 ) ;
#2226 = EDGE_LOOP ( 'NONE', ( #1465, #2234, #1859 ) ) ;
#2227 = CARTESIAN_POINT ( 'NONE',  ( -1.508857536297995905, 5.537480412718967848, -1.815884324187669874 ) ) ;
#2228 = CARTESIAN_POINT ( 'NONE',  ( -2.747873952673413278, 2.638635783641345878, -1.406041581218986591 ) ) ;
#2229 = CARTESIAN_POINT ( 'NONE',  ( -1.299492043322963530, 6.194801208589857389, -1.281333810704107234 ) ) ;
#2230 = CARTESIAN_POINT ( 'NONE',  ( -3.974289277842452783, 1.919280871578952885, -1.460427000805402331 ) ) ;
#2231 = CARTESIAN_POINT ( 'NONE',  ( -2.717332894409129729, 2.867000322792729428, -1.492246349996950716 ) ) ;
#2232 = CARTESIAN_POINT ( 'NONE',  ( 3.438999990483712743, 3.836917312881949371, 0.6580393782197987429 ) ) ;
#2233 = CARTESIAN_POINT ( 'NONE',  ( -3.004007581367772683, 5.043368668463541482, -1.949640094083010533 ) ) ;
#2234 = ORIENTED_EDGE ( 'NONE', *, *, #408, .T. ) ;
#2235 = CARTESIAN_POINT ( 'NONE',  ( -2.061251749499907859, 4.209631074000223627, -1.950000000000000400 ) ) ;
#2236 = CARTESIAN_POINT ( 'NONE',  ( 1.400223266480753903, 5.955905407606794988, 1.651494179909679394 ) ) ;
#2237 = CARTESIAN_POINT ( 'NONE',  ( -1.948975003488323754, 4.588564666896521871, -2.139277942888250017 ) ) ;
#2238 = ORIENTED_EDGE ( 'NONE', *, *, #1744, .T. ) ;
#2239 = CARTESIAN_POINT ( 'NONE',  ( -2.819328442268826507, 2.832652211350221272, -1.315842973294279350 ) ) ;
#2240 = CARTESIAN_POINT ( 'NONE',  ( -1.254120823591571732, 6.282366173532310860, -1.011024090198334502 ) ) ;
#2241 = CARTESIAN_POINT ( 'NONE',  ( -3.133932245042312381, 1.187646064549691571, -0.3305314306681547132 ) ) ;
#2242 = CARTESIAN_POINT ( 'NONE',  ( 1.251888751074757611, 6.266484413812213106, 1.006716206260314550 ) ) ;
#2243 = CARTESIAN_POINT ( 'NONE',  ( -1.462220441022078932, 5.788959044505396001, -1.793529138607020679 ) ) ;
#2244 = CARTESIAN_POINT ( 'NONE',  ( -2.293735853103504585, 6.662362369203946422, -1.299331239493648038 ) ) ;
#2245 = VECTOR ( 'NONE', #2951, 1000.000000000000227 ) ;
#2246 = CARTESIAN_POINT ( 'NONE',  ( -2.629096294209737117, 5.876219582087275128, -1.871616466768432296 ) ) ;
#2247 = CARTESIAN_POINT ( 'NONE',  ( 3.035992313865179870, 3.459135093586104048, 1.900000000000019895 ) ) ;
#2248 = VERTEX_POINT ( 'NONE', #3376 ) ;
#2249 = CIRCLE ( 'NONE', #1018, 0.2999999999999991562 ) ;
#2250 = CARTESIAN_POINT ( 'NONE',  ( -2.365921023141486224, 3.769740786931536469, -1.305820093326381715 ) ) ;
#2251 = CARTESIAN_POINT ( 'NONE',  ( 1.941957178243249205, 4.875039220790891470, 2.304162339419292493 ) ) ;
#2252 = CARTESIAN_POINT ( 'NONE',  ( -1.633889015982480819, 5.087516295483988316, -1.724042082599258618 ) ) ;
#2253 = FACE_OUTER_BOUND ( 'NONE', #2794, .T. ) ;
#2254 = AXIS2_PLACEMENT_3D ( 'NONE', #167, #478, #741 ) ;
#2255 = CARTESIAN_POINT ( 'NONE',  ( -2.735861764612002034, 2.608672387102889179, -1.442204652757312688 ) ) ;
#2256 = EDGE_CURVE ( 'NONE', #1157, #526, #951, .T. ) ;
#2257 = ADVANCED_FACE ( 'NONE', ( #1796 ), #445, .T. ) ;
#2258 = CARTESIAN_POINT ( 'NONE',  ( 1.455020435850428617, 5.805927210332736621, 1.777712585355373243 ) ) ;
#2259 = CARTESIAN_POINT ( 'NONE',  ( 1.440680873843584564, 5.818965493904493691, 1.750540827532363064 ) ) ;
#2260 = CARTESIAN_POINT ( 'NONE',  ( -3.304094388037729146, 3.669793497748299327, -0.9836315274476730153 ) ) ;
#2261 = CARTESIAN_POINT ( 'NONE',  ( -1.569872102182086948, 6.273093229202842736, -1.853757889379584078 ) ) ;
#2262 = VERTEX_POINT ( 'NONE', #2554 ) ;
#2263 = CARTESIAN_POINT ( 'NONE',  ( -1.857474065406746755, 4.682120927629233265, -1.950044278188775460 ) ) ;
#2264 = CARTESIAN_POINT ( 'NONE',  ( 2.300134242093656578, 3.360287811242301359, 0.6568952460030252904 ) ) ;
#2265 = CARTESIAN_POINT ( 'NONE',  ( -1.770118094188056102, 7.016078716011257654, -1.399999999999995026 ) ) ;
#2266 = CARTESIAN_POINT ( 'NONE',  ( -2.430186026741658623, 5.762150040686426777, -0.9418306495484298768 ) ) ;
#2267 = CARTESIAN_POINT ( 'NONE',  ( -1.292338835264726926, 5.872544295070560416, -0.8879088085329851499 ) ) ;
#2268 = CARTESIAN_POINT ( 'NONE',  ( -2.883924956692771602, 2.004960804092449145, -1.044412198063279673 ) ) ;
#2269 = CARTESIAN_POINT ( 'NONE',  ( 1.623565798725934650, 5.546068975189057504, 2.084928165736461114 ) ) ;
#2270 = ORIENTED_EDGE ( 'NONE', *, *, #3113, .F. ) ;
#2271 = CARTESIAN_POINT ( 'NONE',  ( 1.224427154349402302, 6.338482227631935473, 0.3000000000000002665 ) ) ;
#2272 = CARTESIAN_POINT ( 'NONE',  ( 2.598401911353292348, 6.205845548589985050, 1.399999999999999245 ) ) ;
#2273 = CARTESIAN_POINT ( 'NONE',  ( -1.262305719901803069, 6.495771447617110894, -0.3000000000000002665 ) ) ;
#2274 = CARTESIAN_POINT ( 'NONE',  ( -0.9921063738584252611, 5.240218471871819439, -1.399999999999998135 ) ) ;
#2275 = CARTESIAN_POINT ( 'NONE',  ( -3.541098443217663760, 2.980241055341994016, -1.189296821182054709 ) ) ;
#2276 = ORIENTED_EDGE ( 'NONE', *, *, #2035, .F. ) ;
#2277 = CARTESIAN_POINT ( 'NONE',  ( -2.730833902095612942, 3.728612244905989304, -1.253820902431096895 ) ) ;
#2278 = CARTESIAN_POINT ( 'NONE',  ( 3.333013007566374419, 2.716533132285881447, 0.9080020328218344483 ) ) ;
#2279 = CARTESIAN_POINT ( 'NONE',  ( -2.697887643815343406, 5.706726326293900087, -2.191531126776162797 ) ) ;
#2280 = AXIS2_PLACEMENT_3D ( 'NONE', #1223, #371, #2041 ) ;
#2281 = EDGE_CURVE ( 'NONE', #3066, #3417, #3041, .T. ) ;
#2282 = CARTESIAN_POINT ( 'NONE',  ( 1.912997423301035838, 3.417088074245229201, 1.087451350124115868 ) ) ;
#2283 = CARTESIAN_POINT ( 'NONE',  ( -3.133854428063383324, 1.175095987163620403, -0.3400494940973343150 ) ) ;
#2284 = CARTESIAN_POINT ( 'NONE',  ( 2.454917095789542092, 4.806724839532150462, 1.900000000000000133 ) ) ;
#2285 = CARTESIAN_POINT ( 'NONE',  ( 1.423024328173131181, 6.019893148820215423, 1.696383788080068289 ) ) ;
#2286 = CARTESIAN_POINT ( 'NONE',  ( -2.983193558565135017, 5.034515501886936306, -2.272417852909211167 ) ) ;
#2287 = AXIS2_PLACEMENT_3D ( 'NONE', #2636, #2365, #3535 ) ;
#2288 = CARTESIAN_POINT ( 'NONE',  ( -1.073035303164019405, 6.548027830092535417, -1.400000000000003686 ) ) ;
#2289 = CARTESIAN_POINT ( 'NONE',  ( 3.148865696487447963, 1.299598537609053750, 0.2497559359925469735 ) ) ;
#2290 = CARTESIAN_POINT ( 'NONE',  ( -1.423472600345746963, 6.892245324721482547, -1.399999999999997691 ) ) ;
#2291 = EDGE_LOOP ( 'NONE', ( #2477, #1230, #2326, #1639 ) ) ;
#2292 = CARTESIAN_POINT ( 'NONE',  ( 1.434718839948796676, 5.794997150163312405, 1.728782178505168021 ) ) ;
#2293 = CARTESIAN_POINT ( 'NONE',  ( -2.157566549921693611, 5.474750827824879984, -0.9817147144770984601 ) ) ;
#2294 = VERTEX_POINT ( 'NONE', #3449 ) ;
#2295 = DIRECTION ( 'NONE',  ( 0.3959543702886355598, 0.9182701871722344089, 0.0000000000000000000 ) ) ;
#2296 = CARTESIAN_POINT ( 'NONE',  ( 3.448326400772664169, 2.815101173773247645, 0.9984712959127124421 ) ) ;
#2297 = CARTESIAN_POINT ( 'NONE',  ( 1.246200918985057138, 6.368559874825078460, 0.8502487490372889756 ) ) ;
#2298 = CARTESIAN_POINT ( 'NONE',  ( -3.235514728182172561, 4.085802394984055397, -1.292395937706114939 ) ) ;
#2299 = EDGE_LOOP ( 'NONE', ( #12, #211, #3267, #3716, #2671, #1922 ) ) ;
#2300 = CARTESIAN_POINT ( 'NONE',  ( -2.227926455670857120, 4.708847398638218884, -2.505792861893386014 ) ) ;
#2301 = CARTESIAN_POINT ( 'NONE',  ( -1.504504856306827065, 6.278183694487750266, -1.677122715946497644 ) ) ;
#2302 = CARTESIAN_POINT ( 'NONE',  ( 3.376227864077185004, 0.3315382713615473986, -0.03651238254896976843 ) ) ;
#2303 = CARTESIAN_POINT ( 'NONE',  ( 1.259928299950205721, 4.557953615935193881, 1.400000000000000577 ) ) ;
#2304 = CIRCLE ( 'NONE', #3507, 0.6000000000000009770 ) ;
#2305 = EDGE_CURVE ( 'NONE', #1724, #848, #1004, .T. ) ;
#2306 = CARTESIAN_POINT ( 'NONE',  ( 1.405226105225990008, 5.613795327500988641, 1.366096572991922109 ) ) ;
#2307 = CIRCLE ( 'NONE', #1764, 0.3000000000000018763 ) ;
#2308 = CARTESIAN_POINT ( 'NONE',  ( -2.514074934326459232, 6.400014582536412533, -1.131857507546788710 ) ) ;
#2309 = CARTESIAN_POINT ( 'NONE',  ( -3.315050714442267843, 2.607187873211243456, -1.601462783640562604 ) ) ;
#2310 = PRODUCT_DEFINITION ( 'UNKNOWN', '', #2698, #1300 ) ;
#2311 = CARTESIAN_POINT ( 'NONE',  ( -3.137154027264508649, 1.703803159811318579, -1.525055140222361771 ) ) ;
#2312 = CARTESIAN_POINT ( 'NONE',  ( 1.226605524686020798, 6.354895754463091961, 0.3000000000000002665 ) ) ;
#2313 = CARTESIAN_POINT ( 'NONE',  ( 1.224323609648170219, 6.209584854239363239, 0.3000000000000003220 ) ) ;
#2314 = CARTESIAN_POINT ( 'NONE',  ( 2.998266748854627739, 5.174025221864206436, 1.400000000001842659 ) ) ;
#2315 = CARTESIAN_POINT ( 'NONE',  ( -1.278030976426756560, 5.940094465355741704, -1.400000000000924505 ) ) ;
#2316 = CARTESIAN_POINT ( 'NONE',  ( 2.978016465552878245, 2.224285852956806142, 2.013744414340959743 ) ) ;
#2317 = CARTESIAN_POINT ( 'NONE',  ( -2.776185088109989874, 2.738647840106466447, -1.369497078218679498 ) ) ;
#2318 = CARTESIAN_POINT ( 'NONE',  ( 1.769129467646197940, 4.776019617615563817, 1.772032197984995117 ) ) ;
#2319 = CARTESIAN_POINT ( 'NONE',  ( -2.227503514630282400, 6.827797763039689549, -0.4286419156844162304 ) ) ;
#2320 = CARTESIAN_POINT ( 'NONE',  ( -3.369404230750884022, 0.3148124175497622468, -0.01963384052960355855 ) ) ;
#2321 = ORIENTED_EDGE ( 'NONE', *, *, #1516, .F. ) ;
#2322 = DIRECTION ( 'NONE',  ( 0.0000000000000000000, 0.6050832675335582334, 0.7961621941231021848 ) ) ;
#2323 = CARTESIAN_POINT ( 'NONE',  ( 2.998434874397762240, 2.602425749736272831, 0.9984915784814478723 ) ) ;
#2324 = CARTESIAN_POINT ( 'NONE',  ( 1.800886288419758730, 5.128549692588667774, 2.237287782588400997 ) ) ;
#2325 = CARTESIAN_POINT ( 'NONE',  ( 3.306363272718971569, 5.839875982812686495, 1.400000000000001910 ) ) ;
#2326 = ORIENTED_EDGE ( 'NONE', *, *, #2669, .F. ) ;
#2327 = CARTESIAN_POINT ( 'NONE',  ( 3.450000000000000622, 0.0000000000000000000, 0.008278725148846354312 ) ) ;
#2328 = CARTESIAN_POINT ( 'NONE',  ( 2.126427121637005868, 5.539742132788360252, 0.8879855554057604072 ) ) ;
#2329 = CARTESIAN_POINT ( 'NONE',  ( 1.322221060368463652, 5.974759813998363533, 1.349206997340776315 ) ) ;
#2330 = CARTESIAN_POINT ( 'NONE',  ( -1.634962471703377052, 6.904582691050320520, -0.5763147137974159451 ) ) ;
#2331 = CARTESIAN_POINT ( 'NONE',  ( -2.887830117619976988, 1.950546850169560642, -1.119784342334824379 ) ) ;
#2332 = AXIS2_PLACEMENT_3D ( 'NONE', #2956, #3274, #591 ) ;
#2333 = EDGE_CURVE ( 'NONE', #2248, #3288, #1369, .T. ) ;
#2334 = CARTESIAN_POINT ( 'NONE',  ( 2.705059129087371783, 5.957386294966672047, 1.678365457166074659 ) ) ;
#2335 = DIRECTION ( 'NONE',  ( 0.9182701871722342979, -0.3959543702886355598, 0.0000000000000000000 ) ) ;
#2336 = CARTESIAN_POINT ( 'NONE',  ( 1.429623287206081672, 5.760002088093166606, 1.695429704603159671 ) ) ;
#2337 = CARTESIAN_POINT ( 'NONE',  ( 1.847454294015066001, 6.526126031789154958, 1.657129743903815955 ) ) ;
#2338 = CARTESIAN_POINT ( 'NONE',  ( 4.042589267574302703, 2.306246730593692007, 0.9525624810904034234 ) ) ;
#2339 = CARTESIAN_POINT ( 'NONE',  ( -2.968984032210420843, 3.728895946437216669, -1.341596470427842025 ) ) ;
#2340 = ORIENTED_EDGE ( 'NONE', *, *, #132, .F. ) ;
#2341 = CARTESIAN_POINT ( 'NONE',  ( 1.932874923685062640, 4.581622377961141801, 2.094084385914984914 ) ) ;
#2342 = CARTESIAN_POINT ( 'NONE',  ( -1.246605537997390378, 6.450572716705998744, -0.3000000000000002665 ) ) ;
#2343 = CARTESIAN_POINT ( 'NONE',  ( -1.493335629087244154, 4.392288557992892528, -1.400000000000000355 ) ) ;
#2344 = CYLINDRICAL_SURFACE ( 'NONE', #1260, 0.3000000000000018763 ) ;
#2345 = CARTESIAN_POINT ( 'NONE',  ( 2.540799116269540914, 6.338116075956846451, 1.253333347040879397 ) ) ;
#2346 = CARTESIAN_POINT ( 'NONE',  ( 3.617540397618456804, 0.0000000000000000000, -0.2999999999999991562 ) ) ;
#2347 = CARTESIAN_POINT ( 'NONE',  ( 1.867205811606576837, 4.837319654401004421, 2.185111565900982988 ) ) ;
#2348 = CARTESIAN_POINT ( 'NONE',  ( 1.920327786707906048, 4.576212103523271679, 2.048228968874136857 ) ) ;
#2349 = CARTESIAN_POINT ( 'NONE',  ( 1.363284508493777913, 5.566157004363882166, 1.399999999995584110 ) ) ;
#2350 = CARTESIAN_POINT ( 'NONE',  ( 3.716870078025552804, 2.993293955715219390, 1.202560594818258055 ) ) ;
#2351 = CARTESIAN_POINT ( 'NONE',  ( 2.110626801716966483, 5.572019537441188497, 0.8255144084628539547 ) ) ;
#2352 = VECTOR ( 'NONE', #441, 1000.000000000000227 ) ;
#2353 = CARTESIAN_POINT ( 'NONE',  ( -1.268900708348856599, 5.925102878230473991, -0.5445743465132517613 ) ) ;
#2354 = EDGE_CURVE ( 'NONE', #498, #1087, #2561, .T. ) ;
#2355 = B_SPLINE_CURVE_WITH_KNOTS ( 'NONE', 3,
 ( #3338, #1602, #3629, #3327, #973, #692, #3586, #1909, #3617, #677, #2767, #422, #3024, #1888, #3318, #2133, #2780 ),
 .UNSPECIFIED., .F., .F.,
 ( 4, 2, 2, 2, 1, 2, 2, 2, 4 ),
 ( 0.0000000000000000000, 0.2500000000000011102, 0.3750000000000016653, 0.4375000000000018319, 0.4687500000000023315, 0.4843750000000024425, 0.5000000000000025535, 0.7500000000000013323, 1.000000000000000000 ),
 .UNSPECIFIED. ) ;
#2356 = CARTESIAN_POINT ( 'NONE',  ( 1.948975003488321978, 4.588564666896522759, 2.139277942888250017 ) ) ;
#2357 = CARTESIAN_POINT ( 'NONE',  ( -1.888008490472741885, 6.284297545950827235, -2.027484904370289165 ) ) ;
#2358 = CARTESIAN_POINT ( 'NONE',  ( -3.137154027264508649, 1.703803159811318579, -1.525055140222361771 ) ) ;
#2359 = CARTESIAN_POINT ( 'NONE',  ( -1.441352192236599272, 6.056992444105579132, -1.720583043613409302 ) ) ;
#2360 = CARTESIAN_POINT ( 'NONE',  ( 2.479886949250313943, 6.479143977863837556, 0.9149451188525009604 ) ) ;
#2361 = CARTESIAN_POINT ( 'NONE',  ( 1.073035303164199927, 6.548027830093009705, 1.400000000000000133 ) ) ;
#2362 = CARTESIAN_POINT ( 'NONE',  ( 3.944953522853804628, 2.840470537491926351, 1.465590363165937049 ) ) ;
#2363 = EDGE_LOOP ( 'NONE', ( #25, #3111, #3506, #303 ) ) ;
#2364 = CARTESIAN_POINT ( 'NONE',  ( 0.8921084710511456572, 5.841901008939021089, 1.400000000000029665 ) ) ;
#2365 = DIRECTION ( 'NONE',  ( 0.0000000000000000000, 1.000000000000000000, 0.0000000000000000000 ) ) ;
#2366 = CARTESIAN_POINT ( 'NONE',  ( -1.441880544384021245, 5.529517973598865765, -1.455660423106940993 ) ) ;
#2367 = ORIENTED_EDGE ( 'NONE', *, *, #3113, .T. ) ;
#2368 = CARTESIAN_POINT ( 'NONE',  ( -2.766797657678622180, 5.544665842341052198, -2.234468425384854129 ) ) ;
#2369 = DIRECTION ( 'NONE',  ( -0.9182701871722341869, -0.3959543702886359484, 0.0000000000000000000 ) ) ;
#2370 = CARTESIAN_POINT ( 'NONE',  ( -1.234273173213975783, 6.402085588513865666, -0.4287191237299160518 ) ) ;
#2371 = ORIENTED_EDGE ( 'NONE', *, *, #1357, .F. ) ;
#2372 = CARTESIAN_POINT ( 'NONE',  ( 2.487993891076396125, 5.637973626525086601, 1.106946705203600834 ) ) ;
#2373 = CARTESIAN_POINT ( 'NONE',  ( 3.422187852529165131, 1.692794592743489979, 0.02979559447998265595 ) ) ;
#2374 = CARTESIAN_POINT ( 'NONE',  ( 2.178739585367158060, 5.430011983553250765, 1.031152745414280592 ) ) ;
#2375 = CARTESIAN_POINT ( 'NONE',  ( 1.976479721675380663, 4.600424589522630114, 2.198013481334511798 ) ) ;
#2376 = DIRECTION ( 'NONE',  ( 0.0000000000000000000, 0.6050832675335582334, -0.7961621941231021848 ) ) ;
#2377 = CARTESIAN_POINT ( 'NONE',  ( -3.571557094157783663, 3.100915788522117023, -1.310870230373976320 ) ) ;
#2378 = CARTESIAN_POINT ( 'NONE',  ( -1.886818339539050093, 4.814143360695877227, -1.497018307377081081 ) ) ;
#2379 = CARTESIAN_POINT ( 'NONE',  ( -1.386682237677218987, 6.718685057656353266, -0.8978026669621502753 ) ) ;
#2380 = CARTESIAN_POINT ( 'NONE',  ( 2.909541400120424726, 2.613138683771998316, 1.101635904602624727 ) ) ;
#2381 = MECHANICAL_DESIGN_GEOMETRIC_PRESENTATION_REPRESENTATION (  '', ( #3039 ), #3232 ) ;
#2382 = AXIS2_PLACEMENT_3D ( 'NONE', #2126, #1133, #2032 ) ;
#2383 = CARTESIAN_POINT ( 'NONE',  ( -1.645649549361662745, 5.573616318914126566, -2.117352006862969649 ) ) ;
#2384 = CARTESIAN_POINT ( 'NONE',  ( 2.236587985893588648, 6.800854401510854963, 0.8509515029401220065 ) ) ;
#2385 = CARTESIAN_POINT ( 'NONE',  ( 2.978016465552878245, 2.224285852956806142, 2.013744414340959743 ) ) ;
#2386 = EDGE_LOOP ( 'NONE', ( #2704, #3020, #2001, #115, #1912, #3604, #161, #3034, #1208 ) ) ;
#2387 = FACE_OUTER_BOUND ( 'NONE', #2299, .T. ) ;
#2388 = CARTESIAN_POINT ( 'NONE',  ( 2.413014300413449220, 5.798238007724485499, 0.8703508865466961231 ) ) ;
#2389 = CARTESIAN_POINT ( 'NONE',  ( 1.926529319477068736, 4.717923116652863236, 2.198832027794610511 ) ) ;
#2390 = CARTESIAN_POINT ( 'NONE',  ( 3.587382855551904282, 3.567999447001073854, 1.650304226277709896 ) ) ;
#2391 = ORIENTED_EDGE ( 'NONE', *, *, #1437, .F. ) ;
#2392 = CARTESIAN_POINT ( 'NONE',  ( -1.871299677368208902, 4.690741884830448072, -2.049084763099773276 ) ) ;
#2393 = FACE_OUTER_BOUND ( 'NONE', #1907, .T. ) ;
#2394 = CARTESIAN_POINT ( 'NONE',  ( -2.017437772806826679, 4.618085534602356823, -2.265916590379659201 ) ) ;
#2395 = CARTESIAN_POINT ( 'NONE',  ( 3.003962971367996282, 5.043471188222510726, 1.949820009341698857 ) ) ;
#2396 = CARTESIAN_POINT ( 'NONE',  ( -1.584179115980608010, 5.718787259598581585, -2.028612526444098840 ) ) ;
#2397 = CARTESIAN_POINT ( 'NONE',  ( -1.526924164704444697, 5.616007552860120988, -1.916998686959330067 ) ) ;
#2398 = ADVANCED_FACE ( 'NONE', ( #3019 ), #759, .T. ) ;
#2399 = CARTESIAN_POINT ( 'NONE',  ( 2.500756483319597212, 4.826490597015546946, 2.553980313491380105 ) ) ;
#2400 = CARTESIAN_POINT ( 'NONE',  ( -3.199007601937717826, 3.714902997244380334, -0.4962816451905991966 ) ) ;
#2401 = CARTESIAN_POINT ( 'NONE',  ( 2.561717611149835427, 5.476847368217525158, 1.232124189179593321 ) ) ;
#2402 = EDGE_LOOP ( 'NONE', ( #1957, #1489, #195, #2781, #2270 ) ) ;
#2403 = CARTESIAN_POINT ( 'NONE',  ( 3.235514728182412370, 4.085802394984139774, 1.292395937706089626 ) ) ;
#2404 = DIRECTION ( 'NONE',  ( -0.9182701871722341869, -0.3959543702886359484, 0.0000000000000000000 ) ) ;
#2405 = CARTESIAN_POINT ( 'NONE',  ( -2.089738733455986708, 5.613071287286659050, -0.7135094071153430528 ) ) ;
#2406 = EDGE_CURVE ( 'NONE', #2967, #1372, #3207, .T. ) ;
#2407 = CARTESIAN_POINT ( 'NONE',  ( -1.234273173213975783, 6.402085588513865666, -0.4287191237299160518 ) ) ;
#2408 = DIRECTION ( 'NONE',  ( -1.000000000000000000, 0.0000000000000000000, 0.0000000000000000000 ) ) ;
#2409 = VERTEX_POINT ( 'NONE', #2027 ) ;
#2410 = CARTESIAN_POINT ( 'NONE',  ( -1.221521993010701745, 6.304142329447127935, -0.4269690646624403896 ) ) ;
#2411 = CARTESIAN_POINT ( 'NONE',  ( 1.261526158664712849, 6.492783336403949335, 0.5666703281413852933 ) ) ;
#2412 = CARTESIAN_POINT ( 'NONE',  ( 1.254120823591569289, 6.282366173532312636, 1.011024090198334502 ) ) ;
#2413 = CARTESIAN_POINT ( 'NONE',  ( 3.059049317357494413, 3.619033427875510966, 1.529100095629091438 ) ) ;
#2414 = CARTESIAN_POINT ( 'NONE',  ( 1.678346332959942178, 5.283943235811227268, 1.348906746939467327 ) ) ;
#2415 = ADVANCED_FACE ( 'NONE', ( #1177 ), #1194, .F. ) ;
#2416 = CARTESIAN_POINT ( 'NONE',  ( 1.980244752485677440, 4.602048055496407386, 1.496297429248325095 ) ) ;
#2417 = EDGE_LOOP ( 'NONE', ( #1331, #3140, #2371, #1586, #3260, #2950 ) ) ;
#2418 = DIRECTION ( 'NONE',  ( 1.000000000000000000, 0.0000000000000000000, -0.0000000000000000000 ) ) ;
#2419 = CARTESIAN_POINT ( 'NONE',  ( 3.511654869023410175, 2.884877250784116054, 1.080430856809174056 ) ) ;
#2420 = CARTESIAN_POINT ( 'NONE',  ( -1.764099019581873096, 5.099697179077667286, -2.170685104307220836 ) ) ;
#2421 = CARTESIAN_POINT ( 'NONE',  ( -1.248104854456821178, 6.188138469244814921, -0.9845635628925560878 ) ) ;
#2422 = CARTESIAN_POINT ( 'NONE',  ( 1.636369308783199417, 6.905100928448565156, 0.4349490612337083006 ) ) ;
#2423 = CARTESIAN_POINT ( 'NONE',  ( 2.722564548751381430, 2.518386784884997454, 1.557390040432259148 ) ) ;
#2424 = CARTESIAN_POINT ( 'NONE',  ( 3.501788832853677924, 3.875243817550128256, 0.7031283159188608245 ) ) ;
#2425 = CARTESIAN_POINT ( 'NONE',  ( 1.863777193317320391, 4.551845513461943327, 1.400000000000031219 ) ) ;
#2426 = CARTESIAN_POINT ( 'NONE',  ( -1.455020435850431726, 5.805927210332739286, -1.777712585355377239 ) ) ;
#2427 = EDGE_CURVE ( 'NONE', #2512, #1226, #3691, .T. ) ;
#2428 = DIRECTION ( 'NONE',  ( 0.0000000000000000000, 0.0000000000000000000, -1.000000000000000000 ) ) ;
#2429 = CARTESIAN_POINT ( 'NONE',  ( -3.077761850423064161, 2.607679232460704988, -0.9316369848298431400 ) ) ;
#2430 = EDGE_LOOP ( 'NONE', ( #3692, #374, #641, #416, #1210 ) ) ;
#2431 = VECTOR ( 'NONE', #329, 1000.000000000000000 ) ;
#2432 = B_SPLINE_CURVE_WITH_KNOTS ( 'NONE', 3,
 ( #844, #1167, #3532, #67, #1833, #319, #1488, #3263, #3545, #3241 ),
 .UNSPECIFIED., .F., .F.,
 ( 4, 2, 2, 2, 4 ),
 ( 0.002927519014134631354, 0.003260405218531802971, 0.003593291422928974153, 0.003926177627326145336, 0.004259063831723317387 ),
 .UNSPECIFIED. ) ;
#2433 = CARTESIAN_POINT ( 'NONE',  ( 3.851637574148709664, 4.388550760484850599, 1.207257136344002335 ) ) ;
#2434 = CARTESIAN_POINT ( 'NONE',  ( -3.664711546691647559, 3.988755083226504627, -0.8266680291075676479 ) ) ;
#2435 = MECHANICAL_DESIGN_GEOMETRIC_PRESENTATION_REPRESENTATION (  '', ( #634 ), #3395 ) ;
#2436 = CARTESIAN_POINT ( 'NONE',  ( -1.593776795270346547, 5.499846915474404518, -2.024883739126845938 ) ) ;
#2438 = VECTOR ( 'NONE', #599, 1000.000000000000227 ) ;
#2437 = CARTESIAN_POINT ( 'NONE',  ( -1.296965527475137936, 6.179756794219559701, -1.274796145179105222 ) ) ;
#2439 = CARTESIAN_POINT ( 'NONE',  ( 2.723045416166653965, 2.547779879598039532, 1.518845516995736666 ) ) ;
#2440 = CARTESIAN_POINT ( 'NONE',  ( -2.820160037301620459, 2.670855276571827641, -1.260144921428728804 ) ) ;
#2441 = CARTESIAN_POINT ( 'NONE',  ( 1.831672833502927089, 6.419103605130299428, 1.881153075609465208 ) ) ;
#2442 = CARTESIAN_POINT ( 'NONE',  ( 1.397939883528875216, 6.447204893246554214, 1.399999999998563061 ) ) ;
#2443 = CARTESIAN_POINT ( 'NONE',  ( -2.541837826824147939, 3.334679111684358599, -1.074578128279479072 ) ) ;
#2444 = CARTESIAN_POINT ( 'NONE',  ( 2.074379057515200575, 5.636898990699171996, 0.5198437880870451222 ) ) ;
#2445 = LINE ( 'NONE', #2775, #270 ) ;
#2446 = CARTESIAN_POINT ( 'NONE',  ( 3.159343182582117215, 4.683123634228428145, 1.950000000000000178 ) ) ;
#2447 = CARTESIAN_POINT ( 'NONE',  ( 3.559213058287465259, 3.684745750747534299, 1.712010947176781928 ) ) ;
#2448 = CARTESIAN_POINT ( 'NONE',  ( -1.240694190805615493, 6.336507767781996314, -0.8453732546352312749 ) ) ;
#2449 = CARTESIAN_POINT ( 'NONE',  ( -1.220956647364555891, 6.257314138256488079, -0.3000000000000002665 ) ) ;
#2450 = CARTESIAN_POINT ( 'NONE',  ( 1.686732247142839203, 5.240644222363961546, 2.104455417764844682 ) ) ;
#2451 = CARTESIAN_POINT ( 'NONE',  ( 2.394364298236386634, 6.422968588826576841, 1.683080698440686529 ) ) ;
#2452 = CARTESIAN_POINT ( 'NONE',  ( -2.606777818441605721, 3.291695238780098620, -1.115845767126407706 ) ) ;
#2453 = CARTESIAN_POINT ( 'NONE',  ( 2.480647465531383045, 6.134518236906887800, 1.804355454934082337 ) ) ;
#2454 = CARTESIAN_POINT ( 'NONE',  ( 1.356741133272172606, 4.333428314165711726, 1.400000000000000355 ) ) ;
#2455 = AXIS2_PLACEMENT_3D ( 'NONE', #3424, #2295, #1416 ) ;
#2456 = EDGE_CURVE ( 'NONE', #1113, #569, #1229, .T. ) ;
#2457 = ORIENTED_EDGE ( 'NONE', *, *, #2797, .T. ) ;
#2458 = B_SPLINE_CURVE_WITH_KNOTS ( 'NONE', 3,
 ( #3069, #1879, #1303, #2164 ),
 .UNSPECIFIED., .F., .F.,
 ( 4, 4 ),
 ( 0.0000000000000000000, 0.0005300057482675611447 ),
 .UNSPECIFIED. ) ;
#2459 = CARTESIAN_POINT ( 'NONE',  ( 0.0000000000000000000, 10.49999999999999822, 1.400000000000000355 ) ) ;
#2460 = CARTESIAN_POINT ( 'NONE',  ( -1.447962097436727547, 5.843217297177874414, -1.772008914324876283 ) ) ;
#2461 = VERTEX_POINT ( 'NONE', #2590 ) ;
#2462 = VERTEX_POINT ( 'NONE', #1800 ) ;
#2463 = CARTESIAN_POINT ( 'NONE',  ( 2.883924956692770714, 2.004960804092450033, 1.044412198063279673 ) ) ;
#2464 = CARTESIAN_POINT ( 'NONE',  ( -2.998434874397770233, 2.602425749736217764, -0.9984915784814292206 ) ) ;
#2465 = CARTESIAN_POINT ( 'NONE',  ( -1.969297765748174944, 4.597327759334387309, -2.183419704845699361 ) ) ;
#2466 =( NAMED_UNIT ( * ) SI_UNIT ( $, .STERADIAN. ) SOLID_ANGLE_UNIT ( ) );
#2467 = CARTESIAN_POINT ( 'NONE',  ( 3.590190414138582753, 3.556363863622964416, 1.644154194128828683 ) ) ;
#2468 = CARTESIAN_POINT ( 'NONE',  ( -3.079624718018336260, 5.076008011217858495, -1.658911199540926473 ) ) ;
#2469 = CARTESIAN_POINT ( 'NONE',  ( -2.512771569442897590, 3.233524436424673354, -1.712010947176776599 ) ) ;
#2470 = CARTESIAN_POINT ( 'NONE',  ( 2.267911669045892697, 3.725088863473375422, 1.899999999999998801 ) ) ;
#2471 = CARTESIAN_POINT ( 'NONE',  ( 3.193328697735513977, 3.713274771367250704, 0.5046393263326492962 ) ) ;
#2472 = DIRECTION ( 'NONE',  ( -0.9182701871722339648, -0.3959543702886359484, 0.0000000000000000000 ) ) ;
#2473 = ADVANCED_FACE ( 'NONE', ( #2708 ), #1174, .T. ) ;
#2474 = CARTESIAN_POINT ( 'NONE',  ( 2.500756483319597212, 4.826490597015546946, 2.553980313491380105 ) ) ;
#2475 = CARTESIAN_POINT ( 'NONE',  ( -1.686732247142841201, 5.240644222363960658, -2.104455417764844682 ) ) ;
#2476 = APPLICATION_PROTOCOL_DEFINITION ( 'draft international standard', 'automotive_design', 1998, #3033 ) ;
#2477 = ORIENTED_EDGE ( 'NONE', *, *, #2406, .F. ) ;
#2478 = AXIS2_PLACEMENT_3D ( 'NONE', #1898, #2486, #1588 ) ;
#2479 = CARTESIAN_POINT ( 'NONE',  ( -2.808411346729803970, 2.951025137995792136, -1.286148932272352718 ) ) ;
#2480 = EDGE_CURVE ( 'NONE', #2824, #498, #556, .T. ) ;
#2481 = FACE_OUTER_BOUND ( 'NONE', #3147, .T. ) ;
#2482 = DIRECTION ( 'NONE',  ( -0.3959543702886358374, 0.9182701871722340758, 0.0000000000000000000 ) ) ;
#2483 = CARTESIAN_POINT ( 'NONE',  ( -3.825422459555422261, 4.537403692495877827, -1.304006502192265105 ) ) ;
#2484 = B_SPLINE_CURVE_WITH_KNOTS ( 'NONE', 3,
 ( #179, #2243, #242, #1698, #2892, #1079, #1734, #3191, #1711, #230 ),
 .UNSPECIFIED., .F., .F.,
 ( 4, 1, 1, 1, 1, 1, 1, 4 ),
 ( 0.5368773578132699509, 0.5600176727370194119, 0.5800636242031601553, 0.7067433230878911177, 0.7201073642695713373, 0.8529961353934311097, 0.8596688436060806460, 1.000000000000000000 ),
 .UNSPECIFIED. ) ;
#2485 = CARTESIAN_POINT ( 'NONE',  ( 3.294456963594835752, 4.298750154056435235, 1.350420682850102194 ) ) ;
#2486 = DIRECTION ( 'NONE',  ( -0.3959543702886358929, 0.9182701871722342979, 0.0000000000000000000 ) ) ;
#2487 = AXIS2_PLACEMENT_3D ( 'NONE', #100, #1273, #2710 ) ;
#2488 = CARTESIAN_POINT ( 'NONE',  ( 1.569872102182084506, 6.273093229202843624, 1.853757889379584078 ) ) ;
#2489 = CARTESIAN_POINT ( 'NONE',  ( -1.224427154349404745, 6.338482227631934585, -0.3000000000000002665 ) ) ;
#2490 = CARTESIAN_POINT ( 'NONE',  ( -4.042589267574303591, 2.306246730593690675, -0.9525624810904034234 ) ) ;
#2491 = CARTESIAN_POINT ( 'NONE',  ( -2.514074934326459232, 6.400014582536412533, -1.131857507546788710 ) ) ;
#2492 = CARTESIAN_POINT ( 'NONE',  ( -2.437970319751034509, 6.441293487535434181, -1.399999999972741493 ) ) ;
#2493 = CARTESIAN_POINT ( 'NONE',  ( -3.408450180805126628, 2.776704976409607450, -0.9579457535468035578 ) ) ;
#2494 = CARTESIAN_POINT ( 'NONE',  ( 1.491742944166263962, 5.937499026297804683, 1.848678919397052312 ) ) ;
#2495 = EDGE_CURVE ( 'NONE', #2770, #3417, #1930, .T. ) ;
#2496 = VERTEX_POINT ( 'NONE', #1772 ) ;
#2497 = CARTESIAN_POINT ( 'NONE',  ( -1.575955999166650079, 5.463226421807290123, -1.972825182480783646 ) ) ;
#2498 = CARTESIAN_POINT ( 'NONE',  ( -3.369810486903518587, 0.3176145064996868661, -0.01004581678546564300 ) ) ;
#2499 = CARTESIAN_POINT ( 'NONE',  ( -2.244110925498992604, 6.403386723391008672, -1.718941897360862781 ) ) ;
#2500 = CARTESIAN_POINT ( 'NONE',  ( -3.945985377493595347, 0.4414308648643160971, 0.2950839005584534047 ) ) ;
#2501 = CARTESIAN_POINT ( 'NONE',  ( 3.750000000000000000, 0.0000000000000000000, 0.0000000000000000000 ) ) ;
#2502 = CARTESIAN_POINT ( 'NONE',  ( -2.907680405350771213, 5.266705354458381727, -1.948937413155229947 ) ) ;
#2503 = ORIENTED_EDGE ( 'NONE', *, *, #2035, .T. ) ;
#2504 = CARTESIAN_POINT ( 'NONE',  ( -0.8942372874330307697, 5.966278788460433802, -1.399999999999998357 ) ) ;
#2505 = CARTESIAN_POINT ( 'NONE',  ( -2.560876419011527183, 3.450251875616603847, -0.4992189339505387347 ) ) ;
#2506 = CARTESIAN_POINT ( 'NONE',  ( 1.941672013632275595, 4.725088032169487029, 2.227091691702612675 ) ) ;
#2507 = CARTESIAN_POINT ( 'NONE',  ( -1.509363608702117610, 5.374245378920603500, -1.582221681497820942 ) ) ;
#2508 = CARTESIAN_POINT ( 'NONE',  ( -3.134010062021240994, 1.200196141935763183, -0.3210133672389750004 ) ) ;
#2509 = CARTESIAN_POINT ( 'NONE',  ( -1.926529319477070512, 4.717923116652862348, -2.198832027794610511 ) ) ;
#2510 = CARTESIAN_POINT ( 'NONE',  ( -3.749999999999990674, -25.00000000000000000, 0.0000000000000000000 ) ) ;
#2511 = CARTESIAN_POINT ( 'NONE',  ( 3.159343182582117215, 4.683123634228428145, 1.950000000000000400 ) ) ;
#2512 = VERTEX_POINT ( 'NONE', #3210 ) ;
#2513 = LINE ( 'NONE', #1011, #1924 ) ;
#2514 = CARTESIAN_POINT ( 'NONE',  ( 2.798547694355292492, 3.541126353360295465, 0.4231358890175741516 ) ) ;
#2515 = CARTESIAN_POINT ( 'NONE',  ( 1.994957732677357543, 4.749781038933758914, 2.303407210353249912 ) ) ;
#2516 = CIRCLE ( 'NONE', #2254, 7.500000000000000000 ) ;
#2517 = CARTESIAN_POINT ( 'NONE',  ( -1.493849562813794662, 5.692075279116561859, -0.7215087626989987735 ) ) ;
#2518 = AXIS2_PLACEMENT_3D ( 'NONE', #1091, #2575, #520 ) ;
#2519 = CARTESIAN_POINT ( 'NONE',  ( -2.763366328197813804, 2.668011792183821118, -1.371596590138565830 ) ) ;
#2520 = EDGE_CURVE ( 'NONE', #2512, #526, #1495, .T. ) ;
#2521 = ADVANCED_FACE ( 'NONE', ( #2481 ), #1863, .T. ) ;
#2522 = CARTESIAN_POINT ( 'NONE',  ( -1.256352896108383632, 6.298247933252411279, -1.015331974136354676 ) ) ;
#2523 = CARTESIAN_POINT ( 'NONE',  ( -3.134010062021240994, 1.200196141935763183, -0.3210133672389750004 ) ) ;
#2524 = CARTESIAN_POINT ( 'NONE',  ( -2.481543176858040933, 6.876727060339685949, -1.400000000000001021 ) ) ;
#2525 = CARTESIAN_POINT ( 'NONE',  ( -1.259928299950207498, 4.557953615935192992, -1.400000000000000577 ) ) ;
#2526 = FACE_OUTER_BOUND ( 'NONE', #430, .T. ) ;
#2527 = CARTESIAN_POINT ( 'NONE',  ( 2.488093247620815962, 3.424370829714428854, 0.5437765859724489337 ) ) ;
#2528 = CARTESIAN_POINT ( 'NONE',  ( 1.996679119663054003, 5.258752408535379175, 2.471941011611471950 ) ) ;
#2529 = CARTESIAN_POINT ( 'NONE',  ( -1.429623287206083893, 5.760002088093165717, -1.695429704603159671 ) ) ;
#2530 = CARTESIAN_POINT ( 'NONE',  ( -3.450000000000000622, -1.267509437117510795E-15, 0.008278725148846545132 ) ) ;
#2531 = CARTESIAN_POINT ( 'NONE',  ( -1.228618387575048931, 6.368045284272785267, -0.5623970655816848963 ) ) ;
#2532 = CARTESIAN_POINT ( 'NONE',  ( -2.735861764612002034, 2.608672387102889179, -1.442204652757312688 ) ) ;
#2533 = DIRECTION ( 'NONE',  ( 0.0000000000000000000, 0.0000000000000000000, 1.000000000000000000 ) ) ;
#2534 = CARTESIAN_POINT ( 'NONE',  ( -2.226355673300985938, 6.828450859217996438, -0.5634005289827980212 ) ) ;
#2535 = CARTESIAN_POINT ( 'NONE',  ( -2.487862644902975706, 6.121833758748838505, -1.807399098936957715 ) ) ;
#2536 = DIRECTION ( 'NONE',  ( -0.9182701871722342979, -0.3959543702886353378, 0.0000000000000000000 ) ) ;
#2537 = ORIENTED_EDGE ( 'NONE', *, *, #2427, .T. ) ;
#2538 = CARTESIAN_POINT ( 'NONE',  ( 1.335377931642316440, 6.309781587705737493, 1.327947199818665602 ) ) ;
#2539 = EDGE_CURVE ( 'NONE', #498, #2770, #1797, .T. ) ;
#2540 = ORIENTED_EDGE ( 'NONE', *, *, #52, .T. ) ;
#2541 = CARTESIAN_POINT ( 'NONE',  ( -1.441880544384021245, 5.529517973598865765, -1.455660423106940993 ) ) ;
#2542 = DIRECTION ( 'NONE',  ( 0.0000000000000000000, 0.0000000000000000000, -1.000000000000000000 ) ) ;
#2543 = CARTESIAN_POINT ( 'NONE',  ( -2.906956360582907628, 5.268415803579716616, -1.949011707982735153 ) ) ;
#2544 = CARTESIAN_POINT ( 'NONE',  ( 1.755703686576925326, 5.313978343874506294, 2.231651423078423679 ) ) ;
#2545 = CARTESIAN_POINT ( 'NONE',  ( 1.757814385726696571, 5.094192715954898532, 2.156355320937775932 ) ) ;
#2546 = DIRECTION ( 'NONE',  ( 0.0000000000000000000, 1.000000000000000000, 0.0000000000000000000 ) ) ;
#2547 = ORIENTED_EDGE ( 'NONE', *, *, #2456, .F. ) ;
#2548 = CARTESIAN_POINT ( 'NONE',  ( -2.326844011083984753, 6.583319540387167379, -1.452388936165146527 ) ) ;
#2549 = CARTESIAN_POINT ( 'NONE',  ( -1.815261903186193848, 4.663952369399565256, -1.399999999993541300 ) ) ;
#2550 = CARTESIAN_POINT ( 'NONE',  ( 2.890006502762113794, 2.043215564122063732, 0.9938229902920276970 ) ) ;
#2551 = DIRECTION ( 'NONE',  ( 0.9182701871722342979, -0.3959543702886353378, 0.0000000000000000000 ) ) ;
#2552 = CARTESIAN_POINT ( 'NONE',  ( 3.067832419377503506, 3.629015257408763961, 1.570510935889469550 ) ) ;
#2553 = CARTESIAN_POINT ( 'NONE',  ( -2.228599255406239710, 6.827174310917059508, -0.3000000000000002665 ) ) ;
#2554 = CARTESIAN_POINT ( 'NONE',  ( 3.450000000000000622, 0.0000000000000000000, -7.453889935837842984E-17 ) ) ;
#2555 = ORIENTED_EDGE ( 'NONE', *, *, #3508, .T. ) ;
#2556 = CARTESIAN_POINT ( 'NONE',  ( 1.889164105544683503, 4.848760604343300251, 2.227929926387120396 ) ) ;
#2557 = CARTESIAN_POINT ( 'NONE',  ( 1.526924164704442699, 5.616007552860121876, 1.916998686959330067 ) ) ;
#2558 = CARTESIAN_POINT ( 'NONE',  ( 3.356997835854704793, 5.728590077296966676, 1.399999999999999245 ) ) ;
#2559 = CARTESIAN_POINT ( 'NONE',  ( -1.492174701737813969, 6.459738728036505506, -1.591949988251628589 ) ) ;
#2560 = ORIENTED_EDGE ( 'NONE', *, *, #555, .F. ) ;
#2561 = CIRCLE ( 'NONE', #939, 0.5999999999999997558 ) ;
#2562 =( BOUNDED_SURFACE ( )  B_SPLINE_SURFACE ( 3, 2, ( 
 ( #2754, #185, #1098 ),
 ( #2884, #3144, #1386 ),
 ( #1108, #3421, #210 ),
 ( #1737, #2277, #234 ),
 ( #3159, #3433, #1703 ),
 ( #3725, #3171, #3456 ),
 ( #2317, #1998, #3740 ),
 ( #222, #504, #1411 ) ),
 .UNSPECIFIED., .F., .F., .F. ) 
 B_SPLINE_SURFACE_WITH_KNOTS ( ( 4, 2, 2, 4 ),
 ( 3, 3 ),
 ( -1.084202172485504434E-19, 0.0002972079315772029810, 0.0004458118973658045528, 0.0005944158631544060704 ),
 ( 0.0000000000000000000, 1.000000000000000000 ),
 .UNSPECIFIED. ) 
 GEOMETRIC_REPRESENTATION_ITEM ( )  RATIONAL_B_SPLINE_SURFACE ( (
 ( 1.000000000000000000, 0.6701071936517204453, 1.000000000000000000),
 ( 1.000000000000000000, 0.6488042975870651485, 1.000000000000000000),
 ( 1.000000000000000000, 0.6241947627456576608, 1.000000000000000000),
 ( 1.000000000000000000, 0.5776512391382797595, 1.000000000000000000),
 ( 1.000000000000000000, 0.5604791917936287060, 1.000000000000000000),
 ( 1.000000000000000000, 0.5220591972195540720, 1.000000000000000000),
 ( 1.000000000000000000, 0.5009319783755298294, 1.000000000000000000),
 ( 1.000000000000000000, 0.4776325708836809958, 1.000000000000000000) ) ) 
 REPRESENTATION_ITEM ( '' )  SURFACE ( )  );
#2563 = CARTESIAN_POINT ( 'NONE',  ( 2.779171688207852320, 3.528809603815396212, 1.634187734753478782 ) ) ;
#2564 = CARTESIAN_POINT ( 'NONE',  ( -1.980244752485679216, 4.602048055496406498, -1.496297429248325095 ) ) ;
#2565 = CARTESIAN_POINT ( 'NONE',  ( -3.368997974598249012, 0.3120103285998376275, -0.02922186427374147757 ) ) ;
#2566 = DIRECTION ( 'NONE',  ( -0.3959543702886357264, 0.9182701871722340758, -9.629649721936177127E-35 ) ) ;
#2567 = CARTESIAN_POINT ( 'NONE',  ( 1.545340569021593558, 5.657543360383828102, 1.965016839936291948 ) ) ;
#2568 = CARTESIAN_POINT ( 'NONE',  ( -3.852633584534562061, 4.340021787485052407, -1.168447335329144909 ) ) ;
#2569 = CARTESIAN_POINT ( 'NONE',  ( 2.827308174806038910, 5.614383171723271282, 1.400000000007540324 ) ) ;
#2570 = CARTESIAN_POINT ( 'NONE',  ( -2.697887643815343406, 5.706726326293900087, -2.191531126776162797 ) ) ;
#2571 = CIRCLE ( 'NONE', #684, 0.5999999999999999778 ) ;
#2572 = CARTESIAN_POINT ( 'NONE',  ( 3.383243719290173424, 0.3397097989292665599, -0.06322835893476168312 ) ) ;
#2573 = CARTESIAN_POINT ( 'NONE',  ( -1.647554339644193844, 6.988896015467611633, -1.399999999999997469 ) ) ;
#2574 = ORIENTED_EDGE ( 'NONE', *, *, #3654, .T. ) ;
#2575 = DIRECTION ( 'NONE',  ( 0.0000000000000000000, 1.000000000000000000, 0.0000000000000000000 ) ) ;
#2576 = CARTESIAN_POINT ( 'NONE',  ( -3.858972018966593698, 2.431958753261298067, -1.979753722139480976 ) ) ;
#2577 = CARTESIAN_POINT ( 'NONE',  ( 1.262098160465932928, 6.329577288229469190, 1.023662555389673656 ) ) ;
#2578 = EDGE_LOOP ( 'NONE', ( #805, #1975, #2740, #1779, #3356, #3229, #3218, #3439 ) ) ;
#2579 = CARTESIAN_POINT ( 'NONE',  ( 1.254120823591569289, 6.282366173532312636, 1.011024090198334502 ) ) ;
#2580 = CARTESIAN_POINT ( 'NONE',  ( 2.907680405350603348, 5.266705354458765420, 1.948937413155191090 ) ) ;
#2581 = CARTESIAN_POINT ( 'NONE',  ( -1.261924990784365042, 6.494312087029553204, -0.4302388495603213237 ) ) ;
#2582 = CARTESIAN_POINT ( 'NONE',  ( -1.279503307753893315, 6.120454122179360468, -1.399999999999093303 ) ) ;
#2583 = DIRECTION ( 'NONE',  ( -0.3959543702886357819, 0.9182701871722340758, 0.0000000000000000000 ) ) ;
#2584 = ORIENTED_EDGE ( 'NONE', *, *, #2819, .F. ) ;
#2585 = CARTESIAN_POINT ( 'NONE',  ( 1.251252117991136448, 6.142211219224877006, 0.9709081482809923669 ) ) ;
#2586 = CARTESIAN_POINT ( 'NONE',  ( -2.985561591497716272, 5.306840233892667236, -1.904296978464740109 ) ) ;
#2587 = CARTESIAN_POINT ( 'NONE',  ( -3.497983394136690904, -1.285138250130027877E-15, -0.2085906620243117848 ) ) ;
#2588 = AXIS2_PLACEMENT_3D ( 'NONE', #1148, #3484, #2038 ) ;
#2589 = EDGE_CURVE ( 'NONE', #848, #2941, #3465, .T. ) ;
#2590 = CARTESIAN_POINT ( 'NONE',  ( -1.356741133272174160, 4.333428314165710837, -1.400000000000000355 ) ) ;
#2591 = CARTESIAN_POINT ( 'NONE',  ( -3.450000000000000622, -1.267509437117510795E-15, -0.008278725148846354312 ) ) ;
#2592 = CARTESIAN_POINT ( 'NONE',  ( 1.254120823591569289, 6.282366173532312636, 1.011024090198334502 ) ) ;
#2593 = CARTESIAN_POINT ( 'NONE',  ( 1.871299677368207126, 4.690741884830448960, 2.049084763099773276 ) ) ;
#2594 = DIRECTION ( 'NONE',  ( -1.000000000000000000, -4.625929269271485914E-16, 0.0000000000000000000 ) ) ;
#2595 = CARTESIAN_POINT ( 'NONE',  ( 2.883924956692770714, 2.004960804092450033, 1.044412198063279673 ) ) ;
#2596 = CARTESIAN_POINT ( 'NONE',  ( 1.429623287206081672, 5.760002088093166606, 1.695429704603159671 ) ) ;
#2597 = CARTESIAN_POINT ( 'NONE',  ( -2.591020234082844986, 5.958498762663503534, -2.076025035056642043 ) ) ;
#2598 = VERTEX_POINT ( 'NONE', #3328 ) ;
#2599 = CARTESIAN_POINT ( 'NONE',  ( -1.629251964841117228, 4.450856381959625629, -1.457716786208473447 ) ) ;
#2600 = CIRCLE ( 'NONE', #3614, 0.3000000000000018763 ) ;
#2601 = CARTESIAN_POINT ( 'NONE',  ( 1.953046635586400903, 3.396158557557114932, 1.044326818727859596 ) ) ;
#2602 = CARTESIAN_POINT ( 'NONE',  ( 2.218492124002728438, 5.345046280630293190, 1.103106214042303135 ) ) ;
#2603 = CARTESIAN_POINT ( 'NONE',  ( 1.240694190805613051, 6.336507767781997202, 0.8453732546352312749 ) ) ;
#2604 = CARTESIAN_POINT ( 'NONE',  ( 1.948975003488321978, 4.588564666896522759, 2.139277942888250017 ) ) ;
#2605 = CARTESIAN_POINT ( 'NONE',  ( 2.755138206607529838, 5.824172712773163063, 1.399999999992638244 ) ) ;
#2606 = CARTESIAN_POINT ( 'NONE',  ( 3.559213058287465259, 3.684745750747534299, 1.712010947176781928 ) ) ;
#2607 = CARTESIAN_POINT ( 'NONE',  ( 3.458427827833292501, 0.0000000000000000000, 0.07217401147940971651 ) ) ;
#2608 = CARTESIAN_POINT ( 'NONE',  ( 2.131304432155300521, 4.047169702587670059, 1.950000000000000178 ) ) ;
#2609 = FACE_OUTER_BOUND ( 'NONE', #1269, .T. ) ;
#2610 = EDGE_CURVE ( 'NONE', #1901, #3097, #3601, .T. ) ;
#2611 = CARTESIAN_POINT ( 'NONE',  ( 1.567321701341924944, 5.437196871376637652, 1.932692042519911224 ) ) ;
#2612 = CARTESIAN_POINT ( 'NONE',  ( -1.261526158664715291, 6.492783336403948447, -0.5666703281413852933 ) ) ;
#2613 = CARTESIAN_POINT ( 'NONE',  ( -2.728138657974336301, 2.578161101045875370, -1.480253524628416084 ) ) ;
#2614 = CARTESIAN_POINT ( 'NONE',  ( 2.730833902095622268, 3.728612244905966211, 1.253820902431113549 ) ) ;
#2615 = CARTESIAN_POINT ( 'NONE',  ( 3.036013611326772388, 5.189792908917494785, 1.906424691615231870 ) ) ;
#2616 = ORIENTED_EDGE ( 'NONE', *, *, #2060, .T. ) ;
#2617 = DIRECTION ( 'NONE',  ( 0.0000000000000000000, 0.0000000000000000000, -1.000000000000000000 ) ) ;
#2618 = CARTESIAN_POINT ( 'NONE',  ( 1.831909256521421669, 4.817988931496181237, 2.095836157768625085 ) ) ;
#2619 = CARTESIAN_POINT ( 'NONE',  ( 1.717148334812226063, 5.010513913704828681, 1.937883664783821347 ) ) ;
#2620 = CARTESIAN_POINT ( 'NONE',  ( 1.692334619561957743, 5.247819979829309922, 2.118345358430162140 ) ) ;
#2621 = CARTESIAN_POINT ( 'NONE',  ( 3.133804045780479441, 2.964457395469386913, 1.082145617915429403 ) ) ;
#2622 = CARTESIAN_POINT ( 'NONE',  ( -3.235514728182414590, 4.085802394984138886, -1.292395937706089404 ) ) ;
#2623 = CARTESIAN_POINT ( 'NONE',  ( 1.508857536297994129, 5.537480412718968736, 1.815884324187669874 ) ) ;
#2624 = CARTESIAN_POINT ( 'NONE',  ( -1.453917631664150001, 6.552367474375612844, -1.417631308251939615 ) ) ;
#2625 = CARTESIAN_POINT ( 'NONE',  ( 3.541098443217662428, 2.980241055341994905, 1.189296821182054709 ) ) ;
#2626 = CARTESIAN_POINT ( 'NONE',  ( 2.032635295797427410, 3.361892570612146525, 0.9609669423660237575 ) ) ;
#2627 = MANIFOLD_SOLID_BREP ( 'CirPattern1[1]', #1795 ) ;
#2628 = CARTESIAN_POINT ( 'NONE',  ( 2.375170652590952614, 5.869518693267210097, 0.5237775266618676095 ) ) ;
#2629 = CARTESIAN_POINT ( 'NONE',  ( 3.497983394136691349, 0.0000000000000000000, -0.2085906620243119791 ) ) ;
#2630 = CARTESIAN_POINT ( 'NONE',  ( 1.405226105225990008, 5.613795327500988641, 1.366096572991922109 ) ) ;
#2631 = CARTESIAN_POINT ( 'NONE',  ( 1.673673029650698529, 6.466184561177903412, 1.654172856857397012 ) ) ;
#2632 = ORIENTED_EDGE ( 'NONE', *, *, #2748, .T. ) ;
#2633 = CARTESIAN_POINT ( 'NONE',  ( 4.049999999999998934, 0.0000000000000000000, -0.1655745029769294663 ) ) ;
#2634 = CARTESIAN_POINT ( 'NONE',  ( 3.456023436672392091, 5.504832571106816452, 1.400000000000000799 ) ) ;
#2635 = ORIENTED_EDGE ( 'NONE', *, *, #1911, .F. ) ;
#2636 = CARTESIAN_POINT ( 'NONE',  ( 3.750000000000000000, 0.0000000000000000000, 0.0000000000000000000 ) ) ;
#2637 = B_SPLINE_CURVE_WITH_KNOTS ( 'NONE', 3,
 ( #3575, #1811, #597, #2380, #33, #894 ),
 .UNSPECIFIED., .F., .F.,
 ( 4, 2, 4 ),
 ( -5.999999994865137507E-08, 0.0002037881314535014529, 0.0004076362629069515920 ),
 .UNSPECIFIED. ) ;
#2638 = CARTESIAN_POINT ( 'NONE',  ( 1.291325549053131017, 6.047466867518597411, 1.213956328478817515 ) ) ;
#2639 = CARTESIAN_POINT ( 'NONE',  ( -1.246048284211099810, 6.447470222152252184, -0.5651773843545071507 ) ) ;
#2640 = CARTESIAN_POINT ( 'NONE',  ( -3.617540397618456360, -1.329062780618905791E-15, -0.2999999999999991562 ) ) ;
#2641 = AXIS2_PLACEMENT_3D ( 'NONE', #1636, #1944, #2825 ) ;
#2642 = EDGE_CURVE ( 'NONE', #1543, #2941, #1625, .T. ) ;
#2643 = CARTESIAN_POINT ( 'NONE',  ( 2.984659359410156920, 3.745438763128854820, 1.228083596649914844 ) ) ;
#2644 = CARTESIAN_POINT ( 'NONE',  ( 2.228599255406237045, 6.827174310917060396, 0.3000000000000002665 ) ) ;
#2645 = CARTESIAN_POINT ( 'NONE',  ( 3.974289277842451895, 1.919280871578954439, 1.460427000805402331 ) ) ;
#2646 = CARTESIAN_POINT ( 'NONE',  ( 3.830561477106091850, 4.204764052012736286, 1.050803757149234352 ) ) ;
#2647 = CARTESIAN_POINT ( 'NONE',  ( 1.459298049566397859, 5.381194633149857687, 1.400000000012829204 ) ) ;
#2648 = VERTEX_POINT ( 'NONE', #1852 ) ;
#2649 = CARTESIAN_POINT ( 'NONE',  ( 1.226521433189810217, 6.351604400239352799, 0.5617960751045918411 ) ) ;
#2650 = CARTESIAN_POINT ( 'NONE',  ( 2.931362423611992618, 1.796064980379968645, 1.342581832102294648 ) ) ;
#2651 = CARTESIAN_POINT ( 'NONE',  ( 2.890006502762113794, 2.043215564122063732, 0.9938229902920276970 ) ) ;
#2652 = DIRECTION ( 'NONE',  ( -1.000000000000000000, 0.0000000000000000000, 0.0000000000000000000 ) ) ;
#2653 = CARTESIAN_POINT ( 'NONE',  ( -1.280458647787845017, 5.899447193280631829, -0.7707354389284541973 ) ) ;
#2654 = ORIENTED_EDGE ( 'NONE', *, *, #2480, .F. ) ;
#2655 = CARTESIAN_POINT ( 'NONE',  ( -1.423024328173133402, 6.019893148820214535, -1.696383788080068289 ) ) ;
#2656 = CARTESIAN_POINT ( 'NONE',  ( 2.219089655764773461, 3.836397198100207184, 1.928155607399882232 ) ) ;
#2657 = CARTESIAN_POINT ( 'NONE',  ( -1.826745966006706468, 5.146724380172157609, -2.273296609644883226 ) ) ;
#2658 = CARTESIAN_POINT ( 'NONE',  ( 2.561717611149835427, 5.476847368217525158, 1.232124189179593321 ) ) ;
#2659 = CARTESIAN_POINT ( 'NONE',  ( 3.858972018966592810, 2.431958753261299400, 1.979753722139480976 ) ) ;
#2660 = CARTESIAN_POINT ( 'NONE',  ( -3.380643113815984258, 3.805362489792112335, -0.6246628887303103950 ) ) ;
#2661 = CARTESIAN_POINT ( 'NONE',  ( 2.072508079121858415, 5.637260271438358394, 0.4073692834257113260 ) ) ;
#2662 = FACE_OUTER_BOUND ( 'NONE', #1713, .T. ) ;
#2663 = CARTESIAN_POINT ( 'NONE',  ( 3.315050714442266955, 2.607187873211244789, 1.601462783640562604 ) ) ;
#2664 = DIRECTION ( 'NONE',  ( -0.3959543702886355043, -0.9182701871722341869, -0.0000000000000000000 ) ) ;
#2665 = CARTESIAN_POINT ( 'NONE',  ( -3.201624531698354925, 4.022201306827664524, -1.285651798481229457 ) ) ;
#2666 = CARTESIAN_POINT ( 'NONE',  ( -2.842608706004552399, 2.650952273530656988, -1.214493639473859687 ) ) ;
#2667 = ORIENTED_EDGE ( 'NONE', *, *, #153, .T. ) ;
#2668 = CARTESIAN_POINT ( 'NONE',  ( -1.503046340245051793, 5.673103994162671526, -0.8040306354119032273 ) ) ;
#2669 = EDGE_CURVE ( 'NONE', #3070, #1157, #1569, .T. ) ;
#2670 = CARTESIAN_POINT ( 'NONE',  ( -1.376624327754383925, 6.755824975538841315, -0.3000000000000002665 ) ) ;
#2671 = ORIENTED_EDGE ( 'NONE', *, *, #1064, .T. ) ;
#2672 = CARTESIAN_POINT ( 'NONE',  ( -1.512206032958802959, 3.972884793886121368, -1.400000000000000355 ) ) ;
#2673 = CARTESIAN_POINT ( 'NONE',  ( 2.393996259710794217, 5.081504257522025725, 2.553552719563844331 ) ) ;
#2674 = CARTESIAN_POINT ( 'NONE',  ( 3.697886535163940280, 1.741948166270237408, 1.626781931465542508 ) ) ;
#2675 = CARTESIAN_POINT ( 'NONE',  ( -4.141933674959745737, 1.356317221997758837, -0.5065875409551514608 ) ) ;
#2676 = CARTESIAN_POINT ( 'NONE',  ( 2.244819594173136590, 5.288355694123671569, 1.138962379128457769 ) ) ;
#2677 = CARTESIAN_POINT ( 'NONE',  ( 3.559213058287706399, 3.684745750747627557, 1.712010947176711761 ) ) ;
#2678 = VERTEX_POINT ( 'NONE', #1084 ) ;
#2679 = CARTESIAN_POINT ( 'NONE',  ( -1.594875085188236508, 5.470885844128601683, -1.179787091645876140 ) ) ;
#2680 = ORIENTED_EDGE ( 'NONE', *, *, #2305, .F. ) ;
#2681 = CARTESIAN_POINT ( 'NONE',  ( -1.305804360927314001, 6.224516688244835727, -1.293979557592031870 ) ) ;
#2682 =( BOUNDED_SURFACE ( )  B_SPLINE_SURFACE ( 3, 2, ( 
 ( #2863, #3674, #1973 ),
 ( #3664, #158, #1355 ),
 ( #2222, #2250, #483 ),
 ( #212, #755, #3409 ),
 ( #2817, #3688, #3108 ),
 ( #198, #456, #798 ),
 ( #1342, #1947, #170 ),
 ( #472, #1074, #2235 ) ),
 .UNSPECIFIED., .F., .F., .F. ) 
 B_SPLINE_SURFACE_WITH_KNOTS ( ( 4, 2, 2, 4 ),
 ( 3, 3 ),
 ( 0.004384471890420684262, 0.004685112705592362273, 0.004985753520764041151, 0.005587035151107398040 ),
 ( 0.0000000000000000000, 1.000000000000000000 ),
 .UNSPECIFIED. ) 
 GEOMETRIC_REPRESENTATION_ITEM ( )  RATIONAL_B_SPLINE_SURFACE ( (
 ( 1.000000000000000000, 0.6701071936518270267, 1.000000000000000000),
 ( 1.000000000000000000, 0.6784957882081028568, 1.000000000000000000),
 ( 1.000000000000000000, 0.6883879181623904220, 1.000000000000000000),
 ( 1.000000000000000000, 0.7074996683039206369, 1.000000000000000000),
 ( 1.000000000000000000, 0.7168086905515885787, 1.000000000000000000),
 ( 1.000000000000000000, 0.7385101320434254157, 1.000000000000000000),
 ( 1.000000000000000000, 0.7448964689455811472, 1.000000000000000000),
 ( 1.000000000000000000, 0.7359800721939872004, 1.000000000000000000) ) ) 
 REPRESENTATION_ITEM ( '' )  SURFACE ( )  );
#2683 = CARTESIAN_POINT ( 'NONE',  ( 2.089738733455984487, 5.613071287286659938, 0.7135094071153430528 ) ) ;
#2684 = CARTESIAN_POINT ( 'NONE',  ( -1.305804360927314001, 6.224516688244835727, -1.293979557592031870 ) ) ;
#2685 = CARTESIAN_POINT ( 'NONE',  ( -1.757814385726698569, 5.094192715954898532, -2.156355320937775932 ) ) ;
#2686 = EDGE_LOOP ( 'NONE', ( #2906, #286, #2340, #740 ) ) ;
#2687 = CARTESIAN_POINT ( 'NONE',  ( 1.727051081639584540, 5.898241682367709515, 2.197029084195248227 ) ) ;
#2688 = CARTESIAN_POINT ( 'NONE',  ( 4.103159384395294040, 0.3051878615501658620, 0.2477428232585451306 ) ) ;
#2689 = CARTESIAN_POINT ( 'NONE',  ( -3.474558840762388190, 2.844004395397265572, -1.032421260632208737 ) ) ;
#2690 = CARTESIAN_POINT ( 'NONE',  ( 2.462681827731213247, 4.810072960367796746, 1.214734968666156600 ) ) ;
#2691 = CARTESIAN_POINT ( 'NONE',  ( 3.831846692562023371, 4.212639726331359746, 1.057653797511869165 ) ) ;
#2692 = EDGE_CURVE ( 'NONE', #832, #3097, #1976, .T. ) ;
#2693 = CARTESIAN_POINT ( 'NONE',  ( -2.512771569442897590, 3.233524436424673354, -1.712010947176776599 ) ) ;
#2694 = CARTESIAN_POINT ( 'NONE',  ( -1.778117768953543454, 5.059355392593162470, -1.460216349161322036 ) ) ;
#2695 = B_SPLINE_CURVE_WITH_KNOTS ( 'NONE', 3,
 ( #177, #2888, #3184, #2599, #2343, #1468 ),
 .UNSPECIFIED., .F., .F.,
 ( 4, 2, 4 ),
 ( 0.0000000000000000000, 0.5000000000000000000, 1.000000000000000000 ),
 .UNSPECIFIED. ) ;
#2696 = CARTESIAN_POINT ( 'NONE',  ( -1.228703063009127572, 6.369715181118174918, -0.4281518352174675246 ) ) ;
#2697 = CARTESIAN_POINT ( 'NONE',  ( 3.558120453779944459, 2.970072736603917463, 1.189999226211279515 ) ) ;
#2698 = PRODUCT_DEFINITION_FORMATION_WITH_SPECIFIED_SOURCE ( 'ANY', '', #1287, .NOT_KNOWN. ) ;
#2699 = CARTESIAN_POINT ( 'NONE',  ( -1.274386053252954509, 6.375135836620883900, -1.035286087950783029 ) ) ;
#2700 = CARTESIAN_POINT ( 'NONE',  ( -1.224425847642794940, 6.336861405543629644, -0.4275648009652593395 ) ) ;
#2701 = ADVANCED_FACE ( 'NONE', ( #664 ), #3293, .T. ) ;
#2702 = CARTESIAN_POINT ( 'NONE',  ( 1.290170580569568903, 6.419125910253431933, 1.046020501742308095 ) ) ;
#2703 = CARTESIAN_POINT ( 'NONE',  ( 1.226605524686020798, 6.354895754463091961, 0.3000000000000002665 ) ) ;
#2704 = ORIENTED_EDGE ( 'NONE', *, *, #968, .T. ) ;
#2705 = CARTESIAN_POINT ( 'NONE',  ( 2.074379057515200575, 5.636898990699171996, 0.5198437880870451222 ) ) ;
#2706 = B_SPLINE_SURFACE_WITH_KNOTS ( 'NONE', 3, 3, ( 
 ( #1078, #1966, #1697, #3720, #2579, #3440, #2836, #1067, #511, #3733, #2004, #3130, #2545, #1117, #1365, #3415 ),
 ( #2271, #1672, #2877, #1684, #2242, #3698, #190, #816, #2259, #2557, #3452, #3153, #499, #1396, #1721, #780 ),
 ( #2848, #3709, #1980, #205, #489, #803, #794, #3772, #1142, #1747, #1774, #1165, #299, #3466, #3802, #2604 ),
 ( #1178, #3238, #841, #241, #2901, #2891, #3748, #3477, #2336, #3190, #268, #1474, #3789, #2618, #282, #1445 ),
 ( #2313, #1129, #524, #548, #1759, #577, #3489, #1433, #255, #2917, #3515, #854, #1733, #3501, #2593, #2348 ),
 ( #1152, #883, #828, #3214, #1459, #2050, #2030, #2630, #2017, #868, #2944, #2955, #603, #1246, #3286, #909 ),
 ( #1804, #1556, #2966, #1788, #1542, #1207, #1234, #2110, #639, #2414, #921, #3261, #11, #2077, #1514, #1529 ),
 ( #2994, #2661, #2705, #39, #49, #317, #3544, #2096, #2374, #3569, #2676, #64, #590, #2717, #2122, #2690 ),
 ( #948, #1193, #340, #3250, #366, #2388, #3003, #629, #1501, #3530, #2401, #2978, #24, #2088, #1221, #328 ),
 ( #935, #3631, #2153, #3342, #1016, #3074, #392, #79, #978, #2732, #3579, #3323, #2170, #3016, #1884, #1294 ),
 ( #682, #119, #1268, #1307, #2139, #963, #379, #2451, #1592, #2192, #3331, #1255, #93, #2760, #3355, #106 ),
 ( #1279, #131, #669, #993, #1605, #1902, #413, #2441, #3047, #3590, #2182, #3311, #1856, #3621, #1891, #2474 ),
 ( #1573, #694, #1868, #650, #424, #3030, #2771, #2488, #1007, #3059, #707, #3689, #2528, #756, #720, #149 ),
 ( #2792, #3096, #2818, #1936, #1028, #2538, #1038, #1617, #2494, #140, #186, #3644, #2223, #2251, #2515, #1343 ),
 ( #3397, #3086, #473, #3124, #1321, #3365, #2841, #2202, #1948, #775, #1641, #2807, #3377, #1665, #2830, #1961 ),
 ( #1075, #2213, #1356, #3135, #1376, #444, #436, #732, #1628, #3653, #1332, #159, #1920, #3665, #2506, #1652 ),
 ( #171, #457, #746, #1051, #3109, #3388, #3675, #2236, #464, #1060, #1951, #3473, #594, #1647, #2389, #2375 ),
 ( #3240, #66, #2649, #1195, #3251, #911, #1515, #3554, #2078, #630, #3273, #1502, #886, #1818, #1235, #3517 ) ),
 .UNSPECIFIED., .T., .F., .F.,
 ( 4, 1, 1, 1, 1, 2, 2, 2, 1, 1, 1, 1, 4 ),
 ( 4, 1, 1, 1, 1, 1, 1, 1, 1, 1, 1, 1, 1, 4 ),
 ( 0.0000000000000000000, 0.01249999999999995559, 0.02499999999999991118, 0.03750000000000008882, 0.05000000000000004441, 0.2499999999999999445, 0.4999999999999999445, 0.7500000000000000000, 0.9499999999999999556, 0.9625000000000000222, 0.9749999999999999778, 0.9875000000000000444, 1.000000000000000000 ),
 ( 0.0000000000000000000, 0.1403350216917129134, 0.1470077060012605630, 0.2798993354313212278, 0.2932633789167218841, 0.4199430131487160156, 0.4399889669379167811, 0.5600176727370194119, 0.5800636242031601553, 0.7067433230878911177, 0.7201073642695713373, 0.8529961353934311097, 0.8596688436060806460, 1.000000000000000000 ),
 .UNSPECIFIED. ) ;
#2707 = CARTESIAN_POINT ( 'NONE',  ( 3.484513235172957302, 3.864513109209767983, 0.6913611517626697678 ) ) ;
#2708 = FACE_OUTER_BOUND ( 'NONE', #2862, .T. ) ;
#2709 = CARTESIAN_POINT ( 'NONE',  ( 1.512206032958800739, 3.972884793886123145, 2.000000000000000444 ) ) ;
#2710 = DIRECTION ( 'NONE',  ( 0.0000000000000000000, 0.0000000000000000000, -1.000000000000000000 ) ) ;
#2711 = VECTOR ( 'NONE', #2664, 1000.000000000000227 ) ;
#2712 = CARTESIAN_POINT ( 'NONE',  ( 1.739494945219072886, 3.575496305895581095, 1.278232849222256329 ) ) ;
#2713 = CARTESIAN_POINT ( 'NONE',  ( -1.221443964876307797, 6.305787100399027345, -0.3000000000000002665 ) ) ;
#2714 = VECTOR ( 'NONE', #1521, 1000.000000000000000 ) ;
#2715 = CARTESIAN_POINT ( 'NONE',  ( 1.226521433189810217, 6.351604400239352799, 0.5617960751045918411 ) ) ;
#2716 = CARTESIAN_POINT ( 'NONE',  ( -2.715681022051533500, 3.508426209360720360, -0.4386477723874285806 ) ) ;
#2717 = CARTESIAN_POINT ( 'NONE',  ( 2.372810746275359595, 5.010716887767135752, 1.212707089150268702 ) ) ;
#2718 = CARTESIAN_POINT ( 'NONE',  ( 1.971996398703889097, 6.522795038459178407, 1.668694594342882365 ) ) ;
#2719 = DIRECTION ( 'NONE',  ( -0.3959543702886355043, -0.9182701871722341869, 0.0000000000000000000 ) ) ;
#2720 = ADVANCED_FACE ( 'NONE', ( #2159 ), #2929, .T. ) ;
#2721 = CARTESIAN_POINT ( 'NONE',  ( 3.750000000000000000, 0.0000000000000000000, 0.0000000000000000000 ) ) ;
#2722 = CARTESIAN_POINT ( 'NONE',  ( -3.301161126783980215, 4.359499911554811646, -1.934180390758530654 ) ) ;
#2723 = CARTESIAN_POINT ( 'NONE',  ( -2.532263785393012334, 5.541449998188007875, -1.190345384070477630 ) ) ;
#2724 = EDGE_CURVE ( 'NONE', #425, #1550, #568, .T. ) ;
#2725 = B_SPLINE_CURVE_WITH_KNOTS ( 'NONE', 3,
 ( #950, #1608, #3051, #1270, #1871, #967 ),
 .UNSPECIFIED., .F., .F.,
 ( 4, 2, 4 ),
 ( 0.0000000000000000000, 0.5000000000000000000, 1.000000000000000000 ),
 .UNSPECIFIED. ) ;
#2726 = CARTESIAN_POINT ( 'NONE',  ( 3.270016239932783897, 4.159285584850000994, 1.305717944370224926 ) ) ;
#2727 = B_SPLINE_SURFACE_WITH_KNOTS ( 'NONE', 3, 3, ( 
 ( #2761, #1594, #1903, #2154, #426, #3343, #3031, #964, #3622, #1618, #3591, #994, #3608, #1584, #94, #2465 ),
 ( #2489, #1913, #709, #2193, #1892, #2184, #120, #2784, #3075, #414, #2772, #2475, #671, #2204, #1606, #2171 ),
 ( #1257, #980, #437, #1885, #696, #1017, #108, #3049, #1008, #1296, #2497, #2733, #1076, #174, #761, #2237 ),
 ( #3138, #1358, #160, #1977, #3087, #2793, #1377, #3366, #2529, #3693, #1323, #3666, #734, #466, #2831, #3411 ),
 ( #1630, #3655, #2843, #1666, #1963, #1921, #3098, #3707, #151, #2227, #1949, #1052, #2214, #1682, #458, #721 ),
 ( #447, #200, #1030, #1346, #2267, #1653, #1061, #3676, #2541, #2507, #485, #2252, #2808, #1040, #1333, #3378 ),
 ( #1643, #747, #1937, #2517, #776, #187, #2820, #3110, #3390, #3125, #474, #3399, #1563, #144, #3704, #2564 ),
 ( #3410, #3162, #2000, #2856, #1404, #1124, #3448, #2293, #3743, #1101, #837, #1974, #788, #199, #213, #1414 ),
 ( #249, #1718, #3728, #495, #3423, #2864, #2266, #3175, #3756, #1988, #808, #1427, #3183, #237, #484, #225 ),
 ( #2011, #1086, #2896, #2874, #507, #2308, #3459, #3150, #517, #1389, #1136, #1728, #1691, #2586, #3717, #799 ),
 ( #2553, #2319, #823, #2887, #3434, #1680, #3196, #1706, #2025, #532, #2597, #2279, #2368, #3495, #1482, #3471 ),
 ( #861, #1439, #2330, #3767, #18, #1741, #2057, #2083, #2357, #1170, #571, #1496, #543, #322, #2947, #2909 ),
 ( #2670, #2037, #1782, #2379, #1467, #2624, #3220, #3522, #584, #1798, #3209, #596, #3780, #1184, #904, #2960 ),
 ( #264, #558, #2612, #847, #1159, #3797, #1452, #1768, #1200, #3510, #292, #1, #2922, #1753, #2046, #276 ),
 ( #2342, #3230, #2639, #2071, #875, #2937, #309, #2655, #893, #32, #347, #1508, #927, #3257, #608, #2394 ),
 ( #1520, #2407, #2092, #621, #2103, #2681, #3537, #3548, #2988, #333, #3265, #914, #2971, #1215, #1824, #1810 ),
 ( #43, #2696, #2531, #1645, #2522, #2229, #763, #3401, #749, #3114, #2822, #724, #1670, #3680, #2509, #476 ),
 ( #1310, #3696, #1914, #1055, #2240, #1622, #2216, #3088, #1348, #3392, #1655, #2847, #3101, #459, #2206, #1925 ) ),
 .UNSPECIFIED., .T., .F., .F.,
 ( 4, 1, 1, 1, 1, 2, 2, 2, 1, 1, 1, 1, 4 ),
 ( 4, 1, 1, 1, 1, 1, 1, 1, 1, 1, 1, 1, 1, 4 ),
 ( 0.0000000000000000000, 0.01249999999999995559, 0.02499999999999991118, 0.03750000000000008882, 0.05000000000000004441, 0.2499999999999999445, 0.4999999999999999445, 0.7500000000000000000, 0.9499999999999999556, 0.9625000000000000222, 0.9749999999999999778, 0.9875000000000000444, 1.000000000000000000 ),
 ( 0.0000000000000000000, 0.1403350216917129134, 0.1470077060012605630, 0.2798993354313212278, 0.2932633789167218841, 0.4199430131487160156, 0.4399889669379167811, 0.5600176727370194119, 0.5800636242031601553, 0.7067433230878911177, 0.7201073642695713373, 0.8529961353934311097, 0.8596688436060806460, 1.000000000000000000 ),
 .UNSPECIFIED. ) ;
#2728 = DIRECTION ( 'NONE',  ( 1.000000000000000000, 0.0000000000000000000, 0.0000000000000000000 ) ) ;
#2729 = CARTESIAN_POINT ( 'NONE',  ( -1.396955960690484666, 5.942822017232482601, -1.641816819559704488 ) ) ;
#2730 = CARTESIAN_POINT ( 'NONE',  ( 1.224424478804573724, 6.335163516205919443, 0.5611950846274987859 ) ) ;
#2731 = CARTESIAN_POINT ( 'NONE',  ( 3.027487784925321446, 3.749318657982215086, 1.232147510044001804 ) ) ;
#2732 = CARTESIAN_POINT ( 'NONE',  ( 2.705059129087371783, 5.957386294966672047, 1.678365457166074659 ) ) ;
#2733 = CARTESIAN_POINT ( 'NONE',  ( -1.676791482344657025, 5.226714809081303592, -2.076315855996915705 ) ) ;
#2734 = CARTESIAN_POINT ( 'NONE',  ( 3.595804486258910693, 3.241887979880697657, 0.6000000000000004219 ) ) ;
#2735 = CARTESIAN_POINT ( 'NONE',  ( 3.043575487281870107, 3.643005123315858906, 0.4264920330214133082 ) ) ;
#2736 = CARTESIAN_POINT ( 'NONE',  ( 3.750000000000000000, -25.00000000000000000, 0.3000000000000018763 ) ) ;
#2737 = ORIENTED_EDGE ( 'NONE', *, *, #1621, .T. ) ;
#2738 = CARTESIAN_POINT ( 'NONE',  ( 2.802825194986151125, 3.551323055898621739, 1.443005586154665787 ) ) ;
#2739 = DIRECTION ( 'NONE',  ( 1.000000000000000000, 0.0000000000000000000, 0.0000000000000000000 ) ) ;
#2740 = ORIENTED_EDGE ( 'NONE', *, *, #505, .T. ) ;
#2741 = CARTESIAN_POINT ( 'NONE',  ( -1.238586244322096297, 6.320250460180410812, -0.8428516780552741672 ) ) ;
#2742 = CARTESIAN_POINT ( 'NONE',  ( -1.567321701341926721, 5.437196871376636764, -1.932692042519911224 ) ) ;
#2743 = CARTESIAN_POINT ( 'NONE',  ( 3.376193798541041513, 0.2905844993538314602, 0.1040888685906503630 ) ) ;
#2744 = CARTESIAN_POINT ( 'NONE',  ( 2.420260337248524962, 3.401243777960633263, 0.5999999999999827693 ) ) ;
#2745 = CARTESIAN_POINT ( 'NONE',  ( -3.749999999999990674, -25.00000000000000000, 0.0000000000000000000 ) ) ;
#2746 = SURFACE_SIDE_STYLE ('',( #3597 ) ) ;
#2747 = CARTESIAN_POINT ( 'NONE',  ( -2.635553651688148147, 3.267012768642137299, -1.135266292658425380 ) ) ;
#2748 = EDGE_CURVE ( 'NONE', #3571, #243, #431, .T. ) ;
#2749 = CARTESIAN_POINT ( 'NONE',  ( -3.035972090198087781, 2.603015859573396096, -0.9626092420124026106 ) ) ;
#2750 = CARTESIAN_POINT ( 'NONE',  ( -2.430186026741658623, 5.762150040686426777, -0.9418306495484298768 ) ) ;
#2751 = ORIENTED_EDGE ( 'NONE', *, *, #467, .F. ) ;
#2752 = B_SPLINE_CURVE_WITH_KNOTS ( 'NONE', 3,
 ( #122, #1259, #382, #1886, #3633, #2443, #982, #395, #2452, #3018, #673, #2747, #2774, #1904, #2479, #2239, #1334 ),
 .UNSPECIFIED., .F., .F.,
 ( 4, 2, 2, 2, 1, 2, 2, 2, 4 ),
 ( 0.0000000000000000000, 0.2499999999999980571, 0.3749999999999971134, 0.4374999999999970579, 0.4687499999999966693, 0.4843749999999963918, 0.4999999999999961142, 0.7499999999999980016, 1.000000000000000000 ),
 .UNSPECIFIED. ) ;
#2753 = CARTESIAN_POINT ( 'NONE',  ( -3.857637417314161900E-15, 10.49999999999999822, -0.6000000000000004219 ) ) ;
#2754 = CARTESIAN_POINT ( 'NONE',  ( -2.512771569442892705, 3.233524436424671578, -1.712010947176774378 ) ) ;
#2755 = VERTEX_POINT ( 'NONE', #440 ) ;
#2756 = CARTESIAN_POINT ( 'NONE',  ( -1.757814385726698569, 5.094192715954898532, -2.156355320937775932 ) ) ;
#2757 = COLOUR_RGB ( '',0.0000000000000000000, 0.5882352941176470784, 1.000000000000000000 ) ;
#2758 = CARTESIAN_POINT ( 'NONE',  ( 3.450672127485116203, 0.0000000000000000000, 0.02468043041677002794 ) ) ;
#2759 = CARTESIAN_POINT ( 'NONE',  ( 4.082433802709751092, 3.910356407908964549, 1.524021894353547957 ) ) ;
#2760 = CARTESIAN_POINT ( 'NONE',  ( 2.879988666447095280, 5.278077784593275368, 2.269241501337035061 ) ) ;
#2761 = CARTESIAN_POINT ( 'NONE',  ( -1.226605524686023019, 6.354895754463091073, -0.3000000000000002665 ) ) ;
#2762 =( BOUNDED_SURFACE ( )  B_SPLINE_SURFACE ( 3, 2, ( 
 ( #1293, #1014, #2783 ),
 ( #3073, #1883, #1027 ),
 ( #3652, #404, #2505 ),
 ( #1306, #3354, #1330 ),
 ( #1591, #731, #1890 ),
 ( #1616, #2181, #1910 ),
 ( #139, #2201, #435 ),
 ( #2493, #719, #2791 ),
 ( #3085, #3364, #1627 ),
 ( #1919, #3386, #1679 ) ),
 .UNSPECIFIED., .F., .F., .T. ) 
 B_SPLINE_SURFACE_WITH_KNOTS ( ( 4, 2, 2, 2, 4 ),
 ( 3, 3 ),
 ( -4.011548038196366406E-18, 0.0002836409222074236952, 0.0005672818444148514019, 0.0008509227666222790544, 0.001134563688829706707 ),
 ( 0.0000000000000000000, 1.000000000000000000 ),
 .UNSPECIFIED. ) 
 GEOMETRIC_REPRESENTATION_ITEM ( )  RATIONAL_B_SPLINE_SURFACE ( (
 ( 1.000000000000000000, 0.4630877828465123081, 1.000000000000000000),
 ( 1.000000000000000000, 0.4495983326601383223, 1.000000000000000000),
 ( 1.000000000000000000, 0.4388029243130626145, 1.000000000000000000),
 ( 1.000000000000000000, 0.4261336687778147225, 1.000000000000000000),
 ( 1.000000000000000000, 0.4246920634573579378, 1.000000000000000000),
 ( 1.000000000000000000, 0.4323985293357555659, 1.000000000000000000),
 ( 1.000000000000000000, 0.4414092902440898136, 1.000000000000000000),
 ( 1.000000000000000000, 0.4660829425547414750, 1.000000000000000000),
 ( 1.000000000000000000, 0.4813372304414519909, 1.000000000000000000),
 ( 1.000000000000000000, 0.4977409883135686663, 1.000000000000000000) ) ) 
 REPRESENTATION_ITEM ( '' )  SURFACE ( )  );
#2763 = CARTESIAN_POINT ( 'NONE',  ( 3.559213058287465259, 3.684745750747534299, 1.712010947176781928 ) ) ;
#2764 = CARTESIAN_POINT ( 'NONE',  ( -3.552981295672793305, 5.280205644835379353, -1.400000000000000355 ) ) ;
#2765 = CARTESIAN_POINT ( 'NONE',  ( 3.329448598387879876, 3.779525907296942489, 0.6000000000000009770 ) ) ;
#2766 = CARTESIAN_POINT ( 'NONE',  ( -2.103183703555737250, 3.346846680335463287, -0.8618406262120458239 ) ) ;
#2767 = CARTESIAN_POINT ( 'NONE',  ( 2.629960563291027231, 3.272080414003633475, 1.131437666472951742 ) ) ;
#2768 = ORIENTED_EDGE ( 'NONE', *, *, #2305, .T. ) ;
#2769 = CARTESIAN_POINT ( 'NONE',  ( -2.187009052916568663, 3.341279781075517707, -0.7597748797321970393 ) ) ;
#2770 = VERTEX_POINT ( 'NONE', #1351 ) ;
#2771 = CARTESIAN_POINT ( 'NONE',  ( 1.492174701737811526, 6.459738728036506394, 1.591949988251628589 ) ) ;
#2772 = CARTESIAN_POINT ( 'NONE',  ( -1.584223128789788992, 5.481353814558253212, -1.999024791874590035 ) ) ;
#2773 = CARTESIAN_POINT ( 'NONE',  ( -1.730669169182597500, 4.978523704045080933, -1.940240181960642962 ) ) ;
#2774 = CARTESIAN_POINT ( 'NONE',  ( -2.693508951933394346, 3.212864432103967438, -1.175263646033920528 ) ) ;
#2775 = CARTESIAN_POINT ( 'NONE',  ( 2.485030201561859275, 3.221562471412941608, 1.900000000000000133 ) ) ;
#2776 = CARTESIAN_POINT ( 'NONE',  ( -2.622900673816616735, 3.044314025536399182, -1.618607930195961719 ) ) ;
#2777 = ORIENTED_EDGE ( 'NONE', *, *, #2797, .F. ) ;
#2778 = B_SPLINE_CURVE_WITH_KNOTS ( 'NONE', 3,
 ( #2834, #3647, #2543, #3077, #1632, #3368, #1336, #1941, #176, #2499, #3128, #468, #3658, #3358, #164, #1965, #142, #3380, #154, #449 ),
 .UNSPECIFIED., .F., .F.,
 ( 4, 2, 2, 2, 2, 2, 2, 2, 2, 4 ),
 ( 0.0000000000000000000, 0.0003659398767668290819, 0.0007318797535336581637, 0.001097819630300487246, 0.001463759507067316327, 0.001829699383834145626, 0.002012669322217559842, 0.002195639260600974491, 0.002561579137367801622, 0.002927519014134628752 ),
 .UNSPECIFIED. ) ;
#2779 = CARTESIAN_POINT ( 'NONE',  ( -3.504459282821301258, 5.392618941027883750, -1.400000000000001910 ) ) ;
#2780 = CARTESIAN_POINT ( 'NONE',  ( 2.789916654395597551, 2.706222723754490023, 1.328529984455740554 ) ) ;
#2781 = ORIENTED_EDGE ( 'NONE', *, *, #3706, .F. ) ;
#2782 = CARTESIAN_POINT ( 'NONE',  ( 1.860207833935467736, 4.833630642100387398, 2.170533635886329638 ) ) ;
#2783 = CARTESIAN_POINT ( 'NONE',  ( -2.420260337248529847, 3.401243777960703429, -0.5999999999999851008 ) ) ;
#2784 = CARTESIAN_POINT ( 'NONE',  ( -1.393688654900213209, 5.929738626858171102, -1.632139459209729582 ) ) ;
#2785 = CARTESIAN_POINT ( 'NONE',  ( -3.857637417314161900E-15, 10.49999999999999822, -0.6000000000000004219 ) ) ;
#2786 = CARTESIAN_POINT ( 'NONE',  ( -2.905732492973208014, 2.090631514076833675, -0.9333400884790856722 ) ) ;
#2787 = CARTESIAN_POINT ( 'NONE',  ( -3.239307144465926047, 4.497676706102143207, -1.949999992850482089 ) ) ;
#2788 = CARTESIAN_POINT ( 'NONE',  ( -3.857637417314161900E-15, 10.49999999999999822, -1.400000000000000355 ) ) ;
#2789 = CARTESIAN_POINT ( 'NONE',  ( -2.813044320496209227, 5.483162064664614199, -1.937300511358624355 ) ) ;
#2790 = CARTESIAN_POINT ( 'NONE',  ( 2.813548889201591852, 3.523939539435781310, 1.472710560449089323 ) ) ;
#2791 = CARTESIAN_POINT ( 'NONE',  ( -3.193328697735597022, 3.713274771367284455, -0.5046393263326245382 ) ) ;
#2792 = CARTESIAN_POINT ( 'NONE',  ( 1.262305719901800849, 6.495771447617111782, 0.3000000000000002665 ) ) ;
#2793 = CARTESIAN_POINT ( 'NONE',  ( -1.289128379169811600, 6.090701339289005922, -1.234656840543998158 ) ) ;
#2794 = EDGE_LOOP ( 'NONE', ( #2768, #947, #1015, #3584, #878, #903, #3627, #107, #518 ) ) ;
#2795 = AXIS2_PLACEMENT_3D ( 'NONE', #2190, #662, #127 ) ;
#2796 = SURFACE_STYLE_USAGE ( .BOTH. , #438 ) ;
#2797 = EDGE_CURVE ( 'NONE', #832, #3056, #2516, .T. ) ;
#2798 = FACE_OUTER_BOUND ( 'NONE', #2226, .T. ) ;
#2799 = ADVANCED_FACE ( 'NONE', ( #481 ), #1313, .T. ) ;
#2800 = DIRECTION ( 'NONE',  ( 0.3959543702886358374, -0.9182701871722340758, 1.390918233315530531E-17 ) ) ;
#2801 = CARTESIAN_POINT ( 'NONE',  ( -3.286205156470186850, 3.587742008080479827, -1.045410662716744987 ) ) ;
#2802 = CARTESIAN_POINT ( 'NONE',  ( -2.459403507814981626, 6.526199902902489747, -0.4210311630400542238 ) ) ;
#2803 = LINE ( 'NONE', #1417, #3788 ) ;
#2804 = CARTESIAN_POINT ( 'NONE',  ( -3.008593899475604072, 6.374206192106982805, -1.399999999999958611 ) ) ;
#2805 = APPLICATION_CONTEXT ( 'automotive_design' ) ;
#2806 = CARTESIAN_POINT ( 'NONE',  ( -3.059049317357491304, 3.619033427875507414, -1.529100095629091660 ) ) ;
#2807 = CARTESIAN_POINT ( 'NONE',  ( 1.731555457530249864, 5.291610911424765362, 2.196773989391285653 ) ) ;
#2808 = CARTESIAN_POINT ( 'NONE',  ( -1.679983997440307020, 4.981371631610797657, -1.749834903253995266 ) ) ;
#2809 =( LENGTH_UNIT ( ) NAMED_UNIT ( * ) SI_UNIT ( .MILLI., .METRE. ) );
#2810 = VECTOR ( 'NONE', #3523, 1000.000000000000000 ) ;
#2811 = CARTESIAN_POINT ( 'NONE',  ( -3.383243719290173424, 0.3397097989292652831, 0.06322835893476168312 ) ) ;
#2812 = CARTESIAN_POINT ( 'NONE',  ( 3.501788832853677924, 3.875243817550128256, 0.7031283159188608245 ) ) ;
#2813 = CARTESIAN_POINT ( 'NONE',  ( -2.763366328197813804, 2.668011792183821118, -1.371596590138565830 ) ) ;
#2814 = CARTESIAN_POINT ( 'NONE',  ( -3.430691168198665153, 4.057574183634380383, -1.866005690463095057 ) ) ;
#2815 = ORIENTED_EDGE ( 'NONE', *, *, #3137, .F. ) ;
#2816 = CARTESIAN_POINT ( 'NONE',  ( -1.847454294015308696, 6.526126031789201143, -1.657129743903761110 ) ) ;
#2817 = CARTESIAN_POINT ( 'NONE',  ( -1.709693404043484577, 3.625728397352142363, -1.304290134841047166 ) ) ;
#2818 = CARTESIAN_POINT ( 'NONE',  ( 1.261526158664712849, 6.492783336403949335, 0.5666703281413852933 ) ) ;
#2819 = EDGE_CURVE ( 'NONE', #569, #3143, #3509, .T. ) ;
#2820 = CARTESIAN_POINT ( 'NONE',  ( -1.552516534340045107, 5.565012090674679612, -1.048958290931799819 ) ) ;
#2821 = CARTESIAN_POINT ( 'NONE',  ( -3.422187852529165575, 1.692794592743488646, -0.02979559447998265595 ) ) ;
#2822 = CARTESIAN_POINT ( 'NONE',  ( -1.593776795270346547, 5.499846915474404518, -2.024883739126845938 ) ) ;
#2823 = CARTESIAN_POINT ( 'NONE',  ( -2.876171823895992130, 2.840125231317391030, -1.175768947309979495 ) ) ;
#2824 = VERTEX_POINT ( 'NONE', #752 ) ;
#2825 = DIRECTION ( 'NONE',  ( 1.000000000000000000, 0.0000000000000000000, 0.0000000000000000000 ) ) ;
#2826 = CARTESIAN_POINT ( 'NONE',  ( -3.197663903536761776, 6.058914372616797550, -1.400000000000005462 ) ) ;
#2827 = ORIENTED_EDGE ( 'NONE', *, *, #1214, .F. ) ;
#2828 = SURFACE_STYLE_USAGE ( .BOTH. , #1589 ) ;
#2829 = CARTESIAN_POINT ( 'NONE',  ( 4.049999999999998934, 0.0000000000000000000, 8.419877014541156103E-17 ) ) ;
#2830 = CARTESIAN_POINT ( 'NONE',  ( 1.967069330067384048, 4.736929589339939461, 2.266681011350692998 ) ) ;
#2831 = CARTESIAN_POINT ( 'NONE',  ( -1.883564440125410799, 4.697061114509587298, -2.094939931365392027 ) ) ;
#2832 = CARTESIAN_POINT ( 'NONE',  ( -3.438075710083974279, 0.3876873035952883018, 0.2176903901253355589 ) ) ;
#2833 = ADVANCED_FACE ( 'NONE', ( #215 ), #3360, .F. ) ;
#2834 = CARTESIAN_POINT ( 'NONE',  ( -3.003962971367998058, 5.043471188222509838, -1.949820009341698857 ) ) ;
#2835 = CARTESIAN_POINT ( 'NONE',  ( -3.376227864077185004, 0.3315382713615461774, 0.03651238254896976843 ) ) ;
#2836 = CARTESIAN_POINT ( 'NONE',  ( 1.330100130885430332, 6.101006345838685618, 1.421651088305184940 ) ) ;
#2837 = CARTESIAN_POINT ( 'NONE',  ( -2.879988666447097057, 5.278077784593274480, -2.269241501337035061 ) ) ;
#2838 = CARTESIAN_POINT ( 'NONE',  ( -1.767156195021808429, 4.774410302988250976, -1.399999999990675814 ) ) ;
#2839 = ORIENTED_EDGE ( 'NONE', *, *, #2692, .T. ) ;
#2840 = PRESENTATION_STYLE_ASSIGNMENT (( #981 ) ) ;
#2841 = CARTESIAN_POINT ( 'NONE',  ( 1.353349505186272728, 6.185469781863742078, 1.465543044824664021 ) ) ;
#2842 = ORIENTED_EDGE ( 'NONE', *, *, #2427, .F. ) ;
#2843 = CARTESIAN_POINT ( 'NONE',  ( -1.224963618623633677, 6.206119742281324569, -0.5561914457499994580 ) ) ;
#2844 = AXIS2_PLACEMENT_3D ( 'NONE', #2939, #1189, #325 ) ;
#2845 = CARTESIAN_POINT ( 'NONE',  ( -4.111102133141198323, 0.4053868801203294736, 0.1316493982330204926 ) ) ;
#2846 = EDGE_CURVE ( 'NONE', #2678, #3056, #690, .T. ) ;
#2847 = CARTESIAN_POINT ( 'NONE',  ( -1.692334619561959741, 5.247819979829309034, -2.118345358430162140 ) ) ;
#2848 = CARTESIAN_POINT ( 'NONE',  ( 1.221443964876305355, 6.305787100399028233, 0.3000000000000002665 ) ) ;
#2849 = CARTESIAN_POINT ( 'NONE',  ( 2.629096294209706031, 5.876219582087410132, 1.871616466768253106 ) ) ;
#2850 = CARTESIAN_POINT ( 'NONE',  ( -1.831672833502929532, 6.419103605130298540, -1.881153075609465208 ) ) ;
#2851 = CARTESIAN_POINT ( 'NONE',  ( -1.863777193317322389, 4.551845513461943327, -1.400000000000030553 ) ) ;
#2852 = CARTESIAN_POINT ( 'NONE',  ( 3.135291435700626295, 1.225217509122503934, 0.3023523335254252875 ) ) ;
#2853 = CARTESIAN_POINT ( 'NONE',  ( -1.145232841376303989, 6.650555977154159137, -1.400000000000000799 ) ) ;
#2854 = CIRCLE ( 'NONE', #1280, 0.8000000000000003775 ) ;
#2855 = CIRCLE ( 'NONE', #2382, 0.3000000000000018763 ) ;
#2856 = CARTESIAN_POINT ( 'NONE',  ( -2.083814718588381965, 5.622607221471358940, -0.6682004246312305273 ) ) ;
#2857 = CARTESIAN_POINT ( 'NONE',  ( -3.617540397618456360, -1.329062780618905791E-15, -0.2999999999999991562 ) ) ;
#2858 = CARTESIAN_POINT ( 'NONE',  ( 1.991796515334852691, 4.607029128658276740, 2.226291505646815327 ) ) ;
#2859 = CARTESIAN_POINT ( 'NONE',  ( -2.752790940760989180, 5.846709386540583253, -1.749303134224761580 ) ) ;
#2860 = CARTESIAN_POINT ( 'NONE',  ( 3.453619243799832983, 0.0000000000000000000, -0.04873829586104587441 ) ) ;
#2861 = CARTESIAN_POINT ( 'NONE',  ( -3.552981295672793305, 5.280205644835379353, -1.400000000000000355 ) ) ;
#2862 = EDGE_LOOP ( 'NONE', ( #900, #2616, #931, #3721, #442, #2667 ) ) ;
#2863 = CARTESIAN_POINT ( 'NONE',  ( -1.873861857623722482, 3.443565740311202994, -1.128012511059604872 ) ) ;
#2864 = CARTESIAN_POINT ( 'NONE',  ( -2.413014300413451441, 5.798238007724484611, -0.8703508865466961231 ) ) ;
#2865 = AXIS2_PLACEMENT_3D ( 'NONE', #1276, #387, #2472 ) ;
#2866 = EDGE_CURVE ( 'NONE', #3596, #2927, #135, .T. ) ;
#2867 = CARTESIAN_POINT ( 'NONE',  ( -2.767852375579855639, 2.325482324436538129, -1.823511646268159314 ) ) ;
#2868 = CARTESIAN_POINT ( 'NONE',  ( 1.976479721675380663, 4.600424589522630114, 2.198013481334511798 ) ) ;
#2869 = CARTESIAN_POINT ( 'NONE',  ( 2.487862644902951281, 6.121833758748766563, 1.807399098937135351 ) ) ;
#2870 = CARTESIAN_POINT ( 'NONE',  ( -1.376624327754383925, 6.755824975538841315, -0.3000000000000002665 ) ) ;
#2871 = CARTESIAN_POINT ( 'NONE',  ( -2.267911669045893586, 3.725088863473376311, -1.899999999999999023 ) ) ;
#2872 = CARTESIAN_POINT ( 'NONE',  ( 3.458427827833292501, 0.0000000000000000000, -0.07217401147940989692 ) ) ;
#2873 = CARTESIAN_POINT ( 'NONE',  ( 1.356741133272172606, 4.333428314165711726, 1.400000000000000355 ) ) ;
#2874 = CARTESIAN_POINT ( 'NONE',  ( -2.468458550080707692, 6.505544045550366583, -0.7859632678571987219 ) ) ;
#2875 = CARTESIAN_POINT ( 'NONE',  ( 3.310449429048182068, 2.700686224739435648, 0.8976108310384663946 ) ) ;
#2876 = CARTESIAN_POINT ( 'NONE',  ( 1.234106558882374971, 6.400446062449162810, 0.5635586161810350880 ) ) ;
#2877 = CARTESIAN_POINT ( 'NONE',  ( 1.224424478804573724, 6.335163516205919443, 0.5611950846274987859 ) ) ;
#2878 = CARTESIAN_POINT ( 'NONE',  ( 2.813044320496369100, 5.483162064664234947, 1.937300511358660549 ) ) ;
#2879 = CARTESIAN_POINT ( 'NONE',  ( -1.273646416650771274, 6.460017413753547544, -0.8633273521072656331 ) ) ;
#2880 = ORIENTED_EDGE ( 'NONE', *, *, #1109, .F. ) ;
#2881 = CYLINDRICAL_SURFACE ( 'NONE', #3281, 0.5999999999999999778 ) ;
#2882 = CARTESIAN_POINT ( 'NONE',  ( -0.8921091545374523202, 5.841870549592560913, -1.400000000000018341 ) ) ;
#2883 = CARTESIAN_POINT ( 'NONE',  ( -2.032635295797428743, 3.361892570612145636, -0.9609669423660237575 ) ) ;
#2884 = CARTESIAN_POINT ( 'NONE',  ( -2.561026617241453085, 3.151194938440526894, -1.676510848702436274 ) ) ;
#2885 = EDGE_CURVE ( 'NONE', #2648, #189, #1271, .T. ) ;
#2886 = CARTESIAN_POINT ( 'NONE',  ( 1.562360586164918130, 5.412393273841992425, 1.891913437243346374 ) ) ;
#2887 = CARTESIAN_POINT ( 'NONE',  ( -2.236587985893591313, 6.800854401510854075, -0.8509515029401220065 ) ) ;
#2888 = CARTESIAN_POINT ( 'NONE',  ( -1.894475590373389640, 4.565103488880175142, -1.801780722328250262 ) ) ;
#2889 = CARTESIAN_POINT ( 'NONE',  ( -3.133932245042312381, 1.187646064549691571, -0.3305314306681547132 ) ) ;
#2890 = CARTESIAN_POINT ( 'NONE',  ( 1.296965527475135715, 6.179756794219559701, 1.274796145179105222 ) ) ;
#2891 = CARTESIAN_POINT ( 'NONE',  ( 1.289128379169809380, 6.090701339289006810, 1.234656840543998158 ) ) ;
#2892 = CARTESIAN_POINT ( 'NONE',  ( -1.588999962030067881, 5.490600365016328865, -2.011954265500718098 ) ) ;
#2893 = CARTESIAN_POINT ( 'NONE',  ( 4.049999999999998934, 0.0000000000000000000, 0.1655745029769296606 ) ) ;
#2894 = CARTESIAN_POINT ( 'NONE',  ( -0.9666690035066194397, 6.327874608647454657, -1.399999999999995692 ) ) ;
#2895 = CARTESIAN_POINT ( 'NONE',  ( 1.352824396235816851, 5.734137053621005897, 1.199519072113761409 ) ) ;
#2896 = CARTESIAN_POINT ( 'NONE',  ( -2.459048828000445663, 6.527154054604675792, -0.5478171457455641713 ) ) ;
#2897 = CARTESIAN_POINT ( 'NONE',  ( -2.883924956692771602, 2.004960804092449145, -1.044412198063279673 ) ) ;
#2898 = CARTESIAN_POINT ( 'NONE',  ( 2.464416033069428913, 5.688935165603525412, 1.049511805435006551 ) ) ;
#2899 = CARTESIAN_POINT ( 'NONE',  ( 2.747873952673412390, 2.638635783641346322, 1.406041581218986591 ) ) ;
#2900 = CARTESIAN_POINT ( 'NONE',  ( 1.588999962030065882, 5.490600365016329754, 2.011954265500718098 ) ) ;
#2901 = CARTESIAN_POINT ( 'NONE',  ( 1.248104854456818957, 6.188138469244815809, 0.9845635628925560878 ) ) ;
#2902 = CARTESIAN_POINT ( 'NONE',  ( 2.370044915481619441, 6.933185623307451806, 1.400000000000001688 ) ) ;
#2903 = CARTESIAN_POINT ( 'NONE',  ( 1.867205811606576837, 4.837319654401004421, 2.185111565900982988 ) ) ;
#2904 = ORIENTED_EDGE ( 'NONE', *, *, #810, .F. ) ;
#2905 = CARTESIAN_POINT ( 'NONE',  ( 2.137527611402784355, 7.006797146258693765, 1.399999999999995914 ) ) ;
#2906 = ORIENTED_EDGE ( 'NONE', *, *, #2748, .F. ) ;
#2907 = ORIENTED_EDGE ( 'NONE', *, *, #1548, .T. ) ;
#2908 = CARTESIAN_POINT ( 'NONE',  ( 1.482985855917595019, 5.713030822531480091, 0.5327579729016639343 ) ) ;
#2909 = CARTESIAN_POINT ( 'NONE',  ( -2.500756483319598988, 4.826490597015546058, -2.553980313491380105 ) ) ;
#2910 = CARTESIAN_POINT ( 'NONE',  ( 2.888163336067103071, 2.033586484913682657, 1.006469523615213024 ) ) ;
#2911 = AXIS2_PLACEMENT_3D ( 'NONE', #3518, #605, #2376 ) ;
#2912 = EDGE_CURVE ( 'NONE', #3288, #128, #3350, .T. ) ;
#2913 = CARTESIAN_POINT ( 'NONE',  ( 2.013053611469195925, 3.372054637779292374, 0.9757955608566061256 ) ) ;
#2914 = UNCERTAINTY_MEASURE_WITH_UNIT (LENGTH_MEASURE( 1.000000000000000082E-05 ), #2809, 'distance_accuracy_value', 'NONE');
#2915 = CARTESIAN_POINT ( 'NONE',  ( 2.418789813652461262, 4.908065172585183156, 1.213744575373681522 ) ) ;
#2916 = CARTESIAN_POINT ( 'NONE',  ( -4.008439272708378631, 2.112763801086321447, -1.206494740947902766 ) ) ;
#2917 = CARTESIAN_POINT ( 'NONE',  ( 1.508857536297994129, 5.537480412718968736, 1.815884324187669874 ) ) ;
#2918 = CARTESIAN_POINT ( 'NONE',  ( 1.857474065406707675, 4.682120927629413565, 1.950044278189220659 ) ) ;
#2919 = CARTESIAN_POINT ( 'NONE',  ( 2.723045416166653965, 2.547779879598039532, 1.518845516995736666 ) ) ;
#2920 = CARTESIAN_POINT ( 'NONE',  ( -3.559213058287708176, 3.684745750747627113, -1.712010947176711539 ) ) ;
#2921 = CARTESIAN_POINT ( 'NONE',  ( 1.883564440125409023, 4.697061114509588187, 2.094939931365392027 ) ) ;
#2922 = CARTESIAN_POINT ( 'NONE',  ( -1.826745966006706468, 5.146724380172157609, -2.273296609644883226 ) ) ;
#2923 = ORIENTED_EDGE ( 'NONE', *, *, #2642, .T. ) ;
#2924 = DIRECTION ( 'NONE',  ( -0.3959543702886358374, 0.9182701871722340758, 0.0000000000000000000 ) ) ;
#2925 = CARTESIAN_POINT ( 'NONE',  ( -1.798776978290816952, 3.494365382171960466, -1.205832525065051675 ) ) ;
#2926 = CARTESIAN_POINT ( 'NONE',  ( 2.531575371581805456, 6.098670098247823468, 1.987336692143623296 ) ) ;
#2927 = VERTEX_POINT ( 'NONE', #191 ) ;
#2928 = DIRECTION ( 'NONE',  ( 0.3959543702886360039, -0.9182701871722341869, 1.613650434795789768E-15 ) ) ;
#2929 = TOROIDAL_SURFACE ( 'NONE', #714, 1.443036172492000668, 0.6000000000000007550 ) ;
#2930 = CARTESIAN_POINT ( 'NONE',  ( 2.437970319750818682, 6.441293487535972417, 1.399999999972108444 ) ) ;
#2931 = VERTEX_POINT ( 'NONE', #1339 ) ;
#2932 = CARTESIAN_POINT ( 'NONE',  ( 3.617540397618456804, 0.0000000000000000000, -0.2999999999999991562 ) ) ;
#2933 = CARTESIAN_POINT ( 'NONE',  ( -3.584588659783808140, 3.925813810475145438, -0.7587349320713301370 ) ) ;
#2934 = FACE_OUTER_BOUND ( 'NONE', #1318, .T. ) ;
#2935 = CARTESIAN_POINT ( 'NONE',  ( -1.481373873274782094, 5.714563436847226008, -0.4136764289750038959 ) ) ;
#2936 = FACE_OUTER_BOUND ( 'NONE', #362, .T. ) ;
#2937 = CARTESIAN_POINT ( 'NONE',  ( -1.318876456240852590, 6.267839511037095690, -1.311633590193071575 ) ) ;
#2938 = CARTESIAN_POINT ( 'NONE',  ( -2.722564548751382318, 2.518386784884996565, -1.557390040432259148 ) ) ;
#2939 = CARTESIAN_POINT ( 'NONE',  ( -1.989550825020610869, 3.007913779263244436, -1.524021894353543072 ) ) ;
#2940 = CARTESIAN_POINT ( 'NONE',  ( 2.879988666447095280, 5.278077784593275368, 2.269241501337035061 ) ) ;
#2941 = VERTEX_POINT ( 'NONE', #1648 ) ;
#2942 = CARTESIAN_POINT ( 'NONE',  ( 2.919865518430071027, 2.118382134777961667, 0.8992847295112675887 ) ) ;
#2943 = CARTESIAN_POINT ( 'NONE',  ( 1.919437216437754223, 4.714537071455827011, 2.184245990543555838 ) ) ;
#2944 = CARTESIAN_POINT ( 'NONE',  ( 1.554073707215556821, 5.271313891211342195, 1.644498577016663132 ) ) ;
#2945 = CARTESIAN_POINT ( 'NONE',  ( 1.353077890900385771, 6.371734054826727167, 1.399999999999775868 ) ) ;
#2946 = CARTESIAN_POINT ( 'NONE',  ( 3.552981295672791529, 5.280205644835381129, 1.400000000000000355 ) ) ;
#2947 = CARTESIAN_POINT ( 'NONE',  ( -2.448616004293649784, 4.951036368535195464, -2.553771481480199501 ) ) ;
#2948 = CARTESIAN_POINT ( 'NONE',  ( 2.061251749499906083, 4.209631074000224515, 1.950000000000000400 ) ) ;
#2949 = CARTESIAN_POINT ( 'NONE',  ( -1.234432224915924303, 6.403650696439924239, -0.3000000000000002665 ) ) ;
#2950 = ORIENTED_EDGE ( 'NONE', *, *, #1494, .T. ) ;
#2951 = DIRECTION ( 'NONE',  ( 0.3959543702886355043, 0.9182701871722341869, 0.0000000000000000000 ) ) ;
#2952 = CARTESIAN_POINT ( 'NONE',  ( 2.796897307286764445, 4.954185315965062841, 1.324704765378051707 ) ) ;
#2953 = CARTESIAN_POINT ( 'NONE',  ( 4.135036969360985637, 1.098722213624321542, 0.6990887867292130409 ) ) ;
#2954 = CARTESIAN_POINT ( 'NONE',  ( -3.329448598387881209, 3.779525907296940712, -0.6000000000000004219 ) ) ;
#2955 = CARTESIAN_POINT ( 'NONE',  ( 1.633889015982478821, 5.087516295483989204, 1.724042082599258618 ) ) ;
#2956 = CARTESIAN_POINT ( 'NONE',  ( 2.454917095789542092, 4.806724839532150462, 1.900000000000000133 ) ) ;
#2957 = CARTESIAN_POINT ( 'NONE',  ( 3.360754432930513680, 5.730262609101267834, 1.400000000000000577 ) ) ;
#2958 = EDGE_LOOP ( 'NONE', ( #1526, #3690, #2276, #2064 ) ) ;
#2959 = CARTESIAN_POINT ( 'NONE',  ( -1.714192562929686581, 5.203327551171061494, -1.397874840844471445 ) ) ;
#2960 = CARTESIAN_POINT ( 'NONE',  ( -2.227926455670857120, 4.708847398638218884, -2.505792861893386014 ) ) ;
#2961 =( BOUNDED_SURFACE ( )  B_SPLINE_SURFACE ( 3, 2, ( 
 ( #273, #3794, #261 ),
 ( #2377, #2339, #2933 ),
 ( #3242, #1490, #3519 ),
 ( #14, #580, #553 ),
 ( #871, #2665, #1450 ),
 ( #2920, #2622, #541 ) ),
 .UNSPECIFIED., .F., .F., .F. ) 
 B_SPLINE_SURFACE_WITH_KNOTS ( ( 4, 2, 4 ),
 ( 3, 3 ),
 ( 0.001259599893067806908, 0.001775591248130159623, 0.002291582603192512339 ),
 ( 0.0000000000000000000, 1.000000000000000000 ),
 .UNSPECIFIED. ) 
 GEOMETRIC_REPRESENTATION_ITEM ( )  RATIONAL_B_SPLINE_SURFACE ( (
 ( 1.000000000000000000, 0.5266867878996519536, 1.000000000000000000),
 ( 1.000000000000000000, 0.5718243856139972880, 1.000000000000000000),
 ( 1.000000000000000000, 0.5976841180967169542, 1.000000000000000000),
 ( 1.000000000000000000, 0.6394823055020437685, 1.000000000000000000),
 ( 1.000000000000000000, 0.6543737587844106196, 1.000000000000000000),
 ( 1.000000000000000000, 0.6701071936517424277, 1.000000000000000000) ) ) 
 REPRESENTATION_ITEM ( '' )  SURFACE ( )  );
#2962 = CARTESIAN_POINT ( 'NONE',  ( 2.366085067470006020, 3.503019124765414105, 1.840451850397478717 ) ) ;
#2963 = AXIS2_PLACEMENT_3D ( 'NONE', #2284, #2566, #2015 ) ;
#2964 = CARTESIAN_POINT ( 'NONE',  ( 1.453917631664147558, 6.552367474375613732, 1.417631308251939615 ) ) ;
#2965 = CARTESIAN_POINT ( 'NONE',  ( 3.930099880001786339, 0.2410328277239874306, 0.4014025305169577340 ) ) ;
#2966 = CARTESIAN_POINT ( 'NONE',  ( 1.482985855917595019, 5.713030822531480091, 0.5327579729016639343 ) ) ;
#2967 = VERTEX_POINT ( 'NONE', #3394 ) ;
#2968 = CARTESIAN_POINT ( 'NONE',  ( -2.311319278422348855, 5.145730279886794989, -1.195918423170509115 ) ) ;
#2969 = ORIENTED_EDGE ( 'NONE', *, *, #2520, .T. ) ;
#2970 = CIRCLE ( 'NONE', #2963, 0.5999999999999995337 ) ;
#2971 = CARTESIAN_POINT ( 'NONE',  ( -1.777677900921624365, 5.110964915931685226, -2.198438205196524553 ) ) ;
#2972 = CARTESIAN_POINT ( 'NONE',  ( -3.586954426168547538, 3.696707715759295354, -1.900000000000000133 ) ) ;
#2973 = CARTESIAN_POINT ( 'NONE',  ( -1.456425531378757299, 5.867296318502446262, -1.792782566576710979 ) ) ;
#2974 = CARTESIAN_POINT ( 'NONE',  ( -1.393688654900213209, 5.929738626858171102, -1.632139459209729582 ) ) ;
#2975 = EDGE_LOOP ( 'NONE', ( #257, #1003, #743, #2654 ) ) ;
#2976 = CARTESIAN_POINT ( 'NONE',  ( 1.637712289484580142, 6.905595643035319142, 0.3000000000000002665 ) ) ;
#2977 = CARTESIAN_POINT ( 'NONE',  ( -2.813548889201592296, 3.523939539435781310, -1.472710560449088879 ) ) ;
#2978 = CARTESIAN_POINT ( 'NONE',  ( 2.614541306678845878, 5.360601207980036698, 1.286198599397625042 ) ) ;
#2979 = CYLINDRICAL_SURFACE ( 'NONE', #172, 0.6000000000000011990 ) ;
#2980 = CARTESIAN_POINT ( 'NONE',  ( -3.595804486258911581, 3.241887979880696324, -0.6000000000000004219 ) ) ;
#2981 = ADVANCED_FACE ( 'NONE', ( #3418 ), #316, .T. ) ;
#2982 = CARTESIAN_POINT ( 'NONE',  ( 1.462220441022077599, 5.788959044505394225, 1.793529138607022677 ) ) ;
#2983 = DIRECTION ( 'NONE',  ( -0.0000000000000000000, -0.0000000000000000000, -1.000000000000000000 ) ) ;
#2984 = CIRCLE ( 'NONE', #1992, 0.3000000000000018763 ) ;
#2985 = CARTESIAN_POINT ( 'NONE',  ( -2.218492124002730659, 5.345046280630292301, -1.103106214042303135 ) ) ;
#2986 = AXIS2_PLACEMENT_3D ( 'NONE', #3514, #1787, #2335 ) ;
#2987 = EDGE_CURVE ( 'NONE', #3741, #1550, #2484, .T. ) ;
#2988 = CARTESIAN_POINT ( 'NONE',  ( -1.456425531378757299, 5.867296318502446262, -1.792782566576710979 ) ) ;
#2989 = DIRECTION ( 'NONE',  ( -1.000000000000000000, 0.0000000000000000000, 0.0000000000000000000 ) ) ;
#2990 = CARTESIAN_POINT ( 'NONE',  ( -1.867205811606578614, 4.837319654401003532, -2.185111565900982988 ) ) ;
#2991 = CARTESIAN_POINT ( 'NONE',  ( 1.376624327754381483, 6.755824975538842203, 0.3000000000000002665 ) ) ;
#2992 = CARTESIAN_POINT ( 'NONE',  ( 3.133932245042311937, 1.187646064549692904, 0.3305314306681547132 ) ) ;
#2993 = CARTESIAN_POINT ( 'NONE',  ( -3.508811345896885481, 2.881744206445647105, -1.076750760908252724 ) ) ;
#2994 = CARTESIAN_POINT ( 'NONE',  ( 2.070722024495497138, 5.637605153633652222, 0.3000000000000002665 ) ) ;
#2995 = CARTESIAN_POINT ( 'NONE',  ( 3.538659266036830342, 2.970467906729533425, 1.179517748352911566 ) ) ;
#2996 = CARTESIAN_POINT ( 'NONE',  ( 1.588999962030065882, 5.490600365016329754, 2.011954265500718098 ) ) ;
#2997 = CARTESIAN_POINT ( 'NONE',  ( -3.349414765359965074, 2.728666986667926064, -0.9168716881922545081 ) ) ;
#2998 = CARTESIAN_POINT ( 'NONE',  ( 3.249533150657147207, 4.587185298759253627, 1.413892393122180069 ) ) ;
#2999 = CARTESIAN_POINT ( 'NONE',  ( -1.519583804666489346, 5.595544159746727253, -1.892272877312401791 ) ) ;
#3000 = ORIENTED_EDGE ( 'NONE', *, *, #3706, .T. ) ;
#3001 = CARTESIAN_POINT ( 'NONE',  ( 1.224427154349402302, 6.338482227631935473, 0.3000000000000002665 ) ) ;
#3002 = CARTESIAN_POINT ( 'NONE',  ( -3.465307497437464246, 3.850647973074517338, -0.6728906971807212534 ) ) ;
#3003 = CARTESIAN_POINT ( 'NONE',  ( 2.430186026741656402, 5.762150040686427666, 0.9418306495484298768 ) ) ;
#3004 = CARTESIAN_POINT ( 'NONE',  ( 1.511780267595887572, 6.571482152762345486, 1.400000000001423661 ) ) ;
#3005 = CARTESIAN_POINT ( 'NONE',  ( -2.420260337248540061, 3.401243777960704318, -0.6000000000000004219 ) ) ;
#3006 = EDGE_CURVE ( 'NONE', #2755, #2967, #1048, .T. ) ;
#3007 = PLANE ( 'NONE',  #1822 ) ;
#3008 = CARTESIAN_POINT ( 'NONE',  ( -3.369835893652459280, 4.200234107820009832, -1.900000000000056755 ) ) ;
#3009 = B_SPLINE_CURVE_WITH_KNOTS ( 'NONE', 3,
 ( #3005, #2186, #97, #1009 ),
 .UNSPECIFIED., .F., .F.,
 ( 4, 4 ),
 ( 0.0000000000000000000, 0.0004136521395002281851 ),
 .UNSPECIFIED. ) ;
#3010 = CARTESIAN_POINT ( 'NONE',  ( 2.512771569442896702, 3.233524436424674242, 1.712010947176776599 ) ) ;
#3011 = CARTESIAN_POINT ( 'NONE',  ( -1.396955960690484666, 5.942822017232482601, -1.641816819559704488 ) ) ;
#3012 = CARTESIAN_POINT ( 'NONE',  ( -1.831909256521423224, 4.817988931496180349, -2.095836157768625085 ) ) ;
#3013 = CARTESIAN_POINT ( 'NONE',  ( 1.251888751074757611, 6.266484413812213106, 1.006716206260314550 ) ) ;
#3014 = EDGE_LOOP ( 'NONE', ( #1344, #1537, #717, #1878, #657, #2116, #2574, #1720, #2680 ) ) ;
#3015 = CARTESIAN_POINT ( 'NONE',  ( 2.851351198986695756, 2.644097749992815327, 1.197719777792412454 ) ) ;
#3016 = CARTESIAN_POINT ( 'NONE',  ( 2.985561591497714495, 5.306840233892668124, 1.904296978464740109 ) ) ;
#3017 = DIRECTION ( 'NONE',  ( 0.7479607494190068095, 0.3705537488056341866, 0.5506765262607884459 ) ) ;
#3018 = CARTESIAN_POINT ( 'NONE',  ( -2.620763993876841891, 3.280043054285787463, -1.125216152928907531 ) ) ;
#3019 = FACE_OUTER_BOUND ( 'NONE', #1726, .T. ) ;
#3020 = ORIENTED_EDGE ( 'NONE', *, *, #737, .T. ) ;
#3021 = CARTESIAN_POINT ( 'NONE',  ( -3.416433885130851777, 5.221388150365184444, -1.400000000000000577 ) ) ;
#3022 = CARTESIAN_POINT ( 'NONE',  ( -3.229444415084989473, 4.520549669343588484, -1.949999999999975753 ) ) ;
#3023 = CIRCLE ( 'NONE', #3324, 0.6000000000000252909 ) ;
#3024 = CARTESIAN_POINT ( 'NONE',  ( 2.693508951933393014, 3.212864432103968326, 1.175263646033921860 ) ) ;
#3025 = CARTESIAN_POINT ( 'NONE',  ( -1.588999962030067881, 5.490600365016328865, -2.011954265500718098 ) ) ;
#3026 = CARTESIAN_POINT ( 'NONE',  ( -1.388484493730915537, 5.903826696105719307, -1.612520102149744172 ) ) ;
#3027 = B_SPLINE_SURFACE_WITH_KNOTS ( 'NONE', 3, 3, ( 
 ( #2703, #3046, #2715, #104, #2412, #3271, #933, #377, #648, #1232, #3284, #3578, #1540, #3567, #637, #1840 ),
 ( #3001, #1245, #2730, #961, #3013, #1254, #3309, #3588, #1866, #92, #390, #2450, #667, #2782, #2180, #1292 ),
 ( #3072, #1615, #1305, #3148, #1705, #462, #3727, #223, #2292, #506, #3673, #3742, #291, #1122, #822, #2356 ),
 ( #275, #1112, #874, #3483, #570, #531, #1425, #3182, #2596, #1413, #2611, #1466, #3458, #263, #2921, #2341 ),
 ( #557, #2036, #1727, #1451, #2585, #2638, #2329, #3470, #1752, #2623, #2886, #542, #3755, #3173, #3219, #2024 ),
 ( #516, #248, #1767, #2010, #836, #1739, #2895, #2306, #846, #3447, #3494, #1438, #3779, #2318, #1717, #859 ),
 ( #3795, #236, #2908, #1158, #1135, #3195, #3766, #1147, #3208, #2056, #2045, #1507, #2102, #71, #3169, #2416 ),
 ( #3300, #1905, #2444, #143, #2683, #2351, #2328, #3527, #2048, #2602, #3475, #267, #313, #3237, #2915, #839 ),
 ( #1190, #1443, #2628, #3487, #1456, #3770, #280, #2898, #2372, #1500, #2658, #897, #1163, #2062, #1773, #2952 ),
 ( #296, #3512, #1150, #1472, #2360, #8, #2345, #21, #1140, #2334, #3247, #546, #575, #1801, #2615, #1756 ),
 ( #2644, #880, #326, #2384, #852, #3212, #3785, #561, #865, #2926, #3222, #3499, #3799, #2940, #1175, #1218 ),
 ( #2976, #2422, #932, #338, #3283, #600, #2119, #3565, #1525, #1830, #363, #1204, #3270, #2673, #61, #2399 ),
 ( #2991, #3259, #1512, #3551, #46, #2964, #1815, #2108, #907, #2687, #1231, #3541, #36, #612, #352, #918 ),
 ( #1539, #2094, #2411, #625, #2702, #1839, #2220, #3383, #3751, #1384, #477, #2544, #793, #1141, #1993, #1696 ),
 ( #815, #1128, #1979, #1746, #523, #1444, #3438, #2285, #218, #1710, #2269, #3451, #2324, #497, #1116, #3761 ),
 ( #3189, #1432, #2876, #2297, #2577, #488, #3719, #3178, #3199, #2567, #2016, #538, #204, #2556, #3732, #2858 ),
 ( #1418, #826, #510, #2603, #1104, #3747, #3152, #1093, #229, #1394, #1719, #240, #3427, #3476, #802, #2868 ),
 ( #2312, #3464, #3166, #2003, #2592, #2890, #1732, #2029, #254, #840, #2900, #1485, #327, #2347, #2943, #1803 ) ),
 .UNSPECIFIED., .T., .F., .F.,
 ( 4, 1, 1, 1, 1, 2, 2, 2, 1, 1, 1, 1, 4 ),
 ( 4, 1, 1, 1, 1, 1, 1, 1, 1, 1, 1, 1, 1, 4 ),
 ( 0.0000000000000000000, 0.01249999999999995559, 0.02499999999999991118, 0.03750000000000008882, 0.05000000000000004441, 0.2499999999999999445, 0.4999999999999999445, 0.7500000000000000000, 0.9499999999999999556, 0.9625000000000000222, 0.9749999999999999778, 0.9875000000000000444, 1.000000000000000000 ),
 ( 0.0000000000000000000, 0.1403350216917129134, 0.1470077060012605630, 0.2798993354313212278, 0.2932633789167218841, 0.4199430131487160156, 0.4399889669379167811, 0.5600176727370194119, 0.5800636242031601553, 0.7067433230878911177, 0.7201073642695713373, 0.8529961353934311097, 0.8596688436060806460, 1.000000000000000000 ),
 .UNSPECIFIED. ) ;
#3028 = CARTESIAN_POINT ( 'NONE',  ( 2.725886946185491322, 2.489941294163703578, 1.595720664229968389 ) ) ;
#3029 = CARTESIAN_POINT ( 'NONE',  ( -3.329448598387882985, 3.779525907296941600, -0.6000000000000013101 ) ) ;
#3030 = CARTESIAN_POINT ( 'NONE',  ( 1.453917631664147558, 6.552367474375613732, 1.417631308251939615 ) ) ;
#3031 = CARTESIAN_POINT ( 'NONE',  ( -1.330100130885432552, 6.101006345838684730, -1.421651088305184940 ) ) ;
#3032 = MANIFOLD_SOLID_BREP ( 'Combine2', #1704 ) ;
#3033 = APPLICATION_CONTEXT ( 'automotive_design' ) ;
#3034 = ORIENTED_EDGE ( 'NONE', *, *, #1261, .T. ) ;
#3035 = CARTESIAN_POINT ( 'NONE',  ( -3.749999999999990674, -25.00000000000000000, 0.0000000000000000000 ) ) ;
#3036 = DIRECTION ( 'NONE',  ( 0.0000000000000000000, 0.0000000000000000000, 1.000000000000000000 ) ) ;
#3037 = CARTESIAN_POINT ( 'NONE',  ( -4.134083746947412763, 3.932627653814324997, -2.000000000000000444 ) ) ;
#3038 = CARTESIAN_POINT ( 'NONE',  ( -3.857637417314161900E-15, 10.49999999999999822, -0.6000000000000004219 ) ) ;
#3039 = STYLED_ITEM ( 'NONE', ( #168 ), #3032 ) ;
#3040 = AXIS2_PLACEMENT_3D ( 'NONE', #942, #661, #3317 ) ;
#3041 = B_SPLINE_CURVE_WITH_KNOTS ( 'NONE', 3,
 ( #238, #1441, #1102, #3744, #536, #3759 ),
 .UNSPECIFIED., .F., .F.,
 ( 4, 2, 4 ),
 ( 0.0000000000000000000, 0.5000000000000000000, 1.000000000000000000 ),
 .UNSPECIFIED. ) ;
#3042 = CARTESIAN_POINT ( 'NONE',  ( -3.750000000000000000, -1.377727649040772192E-15, 0.0000000000000000000 ) ) ;
#3043 = CARTESIAN_POINT ( 'NONE',  ( -3.035992313865202075, 3.459135093586122256, -1.900000000000000133 ) ) ;
#3044 = CARTESIAN_POINT ( 'NONE',  ( -1.228703063009127572, 6.369715181118174918, -0.4281518352174675246 ) ) ;
#3045 = ADVANCED_FACE ( 'NONE', ( #262 ), #1959, .F. ) ;
#3046 = CARTESIAN_POINT ( 'NONE',  ( 1.226564455325958702, 6.353288293330903613, 0.4278583180913634321 ) ) ;
#3047 = CARTESIAN_POINT ( 'NONE',  ( 1.888008490472739442, 6.284297545950828123, 2.027484904370289165 ) ) ;
#3048 = EDGE_LOOP ( 'NONE', ( #480, #3493, #1634, #689, #1790, #1776, #3387, #2198 ) ) ;
#3049 = CARTESIAN_POINT ( 'NONE',  ( -1.388484493730915537, 5.903826696105719307, -1.612520102149744172 ) ) ;
#3050 = CARTESIAN_POINT ( 'NONE',  ( 2.789916654395597551, 2.706222723754490023, 1.328529984455740554 ) ) ;
#3051 = CARTESIAN_POINT ( 'NONE',  ( 3.079624718018334040, 5.076008011217861160, 1.658911199540927361 ) ) ;
#3052 = CARTESIAN_POINT ( 'NONE',  ( 3.003962971367996282, 5.043471188222510726, 1.949820009341698857 ) ) ;
#3053 = ORIENTED_EDGE ( 'NONE', *, *, #1716, .F. ) ;
#3054 = DIRECTION ( 'NONE',  ( 0.0000000000000000000, 1.000000000000000000, 0.0000000000000000000 ) ) ;
#3055 = CARTESIAN_POINT ( 'NONE',  ( -2.454917095789543868, 4.806724839532149574, -1.900000000000000133 ) ) ;
#3056 = VERTEX_POINT ( 'NONE', #1575 ) ;
#3057 = DIRECTION ( 'NONE',  ( 0.9182701871722342979, -0.3959543702886353378, 0.0000000000000000000 ) ) ;
#3058 = CARTESIAN_POINT ( 'NONE',  ( -1.941672013632277372, 4.725088032169486141, -2.227091691702612675 ) ) ;
#3059 = CARTESIAN_POINT ( 'NONE',  ( 1.727051081639584540, 5.898241682367709515, 2.197029084195248227 ) ) ;
#3060 = DIRECTION ( 'NONE',  ( -3.673940397442059375E-16, 1.000000000000000000, 0.0000000000000000000 ) ) ;
#3061 = CARTESIAN_POINT ( 'NONE',  ( 2.512771569442896702, 3.233524436424674242, 1.712010947176776599 ) ) ;
#3062 = CARTESIAN_POINT ( 'NONE',  ( 2.796851327602350779, 3.540434261198267318, 0.4232394839112978979 ) ) ;
#3063 = EDGE_CURVE ( 'NONE', #3736, #2113, #2600, .T. ) ;
#3064 = CARTESIAN_POINT ( 'NONE',  ( -7.500000000000000000, 10.49999999999999822, 0.6000000000000004219 ) ) ;
#3065 = CARTESIAN_POINT ( 'NONE',  ( -2.459048828000445663, 6.527154054604675792, -0.5478171457455641713 ) ) ;
#3066 = VERTEX_POINT ( 'NONE', #512 ) ;
#3067 = B_SPLINE_CURVE_WITH_KNOTS ( 'NONE', 3,
 ( #2469, #1284, #2776, #2231, #1046, #3103 ),
 .UNSPECIFIED., .F., .F.,
 ( 4, 2, 4 ),
 ( 0.0000000000000000000, 0.0003552882958268461372, 0.0007105765916536922744 ),
 .UNSPECIFIED. ) ;
#3068 = CARTESIAN_POINT ( 'NONE',  ( -2.766607395582083129, 5.587804327848258978, -1.925201268848939051 ) ) ;
#3069 = CARTESIAN_POINT ( 'NONE',  ( -2.061251749499907415, 4.209631074000223627, -1.950000000000000400 ) ) ;
#3070 = VERTEX_POINT ( 'NONE', #3332 ) ;
#3071 = TOROIDAL_SURFACE ( 'NONE', #2105, 1.443036172492000668, 0.6000000000000007550 ) ;
#3072 = CARTESIAN_POINT ( 'NONE',  ( 1.221443964876305355, 6.305787100399028233, 0.3000000000000002665 ) ) ;
#3073 = CARTESIAN_POINT ( 'NONE',  ( -3.038221606551862131, 2.603051217567710296, -0.9604588952410421099 ) ) ;
#3074 = CARTESIAN_POINT ( 'NONE',  ( 2.514074934326457011, 6.400014582536413421, 1.131857507546788710 ) ) ;
#3075 = CARTESIAN_POINT ( 'NONE',  ( -1.440680873843586562, 5.818965493904492803, -1.750540827532363064 ) ) ;
#3076 = CARTESIAN_POINT ( 'NONE',  ( -3.217269495966077919, 1.518749800605704747, -0.1031318945671349796 ) ) ;
#3077 = CARTESIAN_POINT ( 'NONE',  ( -2.809220958581465144, 5.491850108260122987, -1.936659276754900461 ) ) ;
#3078 = CARTESIAN_POINT ( 'NONE',  ( -2.894903079725106299, 2.062351019212992576, -0.9690166377317765978 ) ) ;
#3079 = CARTESIAN_POINT ( 'NONE',  ( -3.290511775168047048, 4.249167562779740059, -1.333489679814528150 ) ) ;
#3080 = CARTESIAN_POINT ( 'NONE',  ( -3.541098443217663760, 2.980241055341994016, -1.189296821182054709 ) ) ;
#3081 = CARTESIAN_POINT ( 'NONE',  ( -2.073147161055934440, 6.682133029377343547, -1.399999999999735678 ) ) ;
#3082 = CIRCLE ( 'NONE', #4, 0.6000000000000000888 ) ;
#3083 = CARTESIAN_POINT ( 'NONE',  ( -1.251252117991138668, 6.142211219224876118, -0.9709081482809923669 ) ) ;
#3084 =( BOUNDED_SURFACE ( )  B_SPLINE_SURFACE ( 3, 2, ( 
 ( #2233, #3106, #1955 ),
 ( #1931, #146, #2779 ),
 ( #2502, #461, #2221 ),
 ( #2789, #3670, #1035 ),
 ( #3068, #728, #3093 ),
 ( #169, #3651, #2826 ),
 ( #2246, #1353, #3663 ),
 ( #471, #1612, #2804 ),
 ( #2535, #3361, #1301 ),
 ( #3639, #3351, #1328 ),
 ( #1908, #2492, #157 ),
 ( #2197, #432, #2524 ),
 ( #3372, #716, #753 ),
 ( #1026, #3081, #1317 ),
 ( #1058, #454, #742 ),
 ( #2816, #1946, #1049 ),
 ( #1340, #1421, #3407 ),
 ( #1687, #3419, #1370 ),
 ( #1070, #514, #3454 ),
 ( #232, #3157, #220 ),
 ( #2301, #1120, #2288 ),
 ( #1722, #1096, #1409 ),
 ( #244, #2582, #3713 ),
 ( #783, #2315, #1983 ),
 ( #820, #208, #2882 ),
 ( #3752, #2006, #1675 ),
 ( #2021, #1714, #2274 ),
 ( #770, #527, #1970 ),
 ( #1996, #1399, #193 ),
 ( #492, #2838, #3702 ),
 ( #2263, #2549, #1702 ),
 ( #3723, #2851, #1081 ) ),
 .UNSPECIFIED., .F., .F., .F. ) 
 B_SPLINE_SURFACE_WITH_KNOTS ( ( 4, 2, 2, 2, 2, 2, 2, 2, 2, 2, 2, 2, 2, 2, 2, 4 ),
 ( 3, 3 ),
 ( -1.117173549825033543E-07, 0.0003666270382138758148, 0.0007333657937827341329, 0.001100104549351592397, 0.001466843304920450661, 0.001833582060489308925, 0.002200320816058167189, 0.002567059571627025236, 0.002933798327195883716, 0.003300537082764742197, 0.003667275838333600244, 0.004034014593902458291, 0.004400753349471316772, 0.005134230860609033734, 0.005500969616177891347, 0.005867708371746749828 ),
 ( 0.0000000000000000000, 1.000000000000000000 ),
 .UNSPECIFIED. ) 
 GEOMETRIC_REPRESENTATION_ITEM ( )  RATIONAL_B_SPLINE_SURFACE ( (
 ( 1.000000000000000000, 0.7361838005988445843, 1.000000000000000000),
 ( 1.000000000000000000, 0.7362456694857187900, 1.000000000000000000),
 ( 1.000000000000000000, 0.7365886864052729743, 1.000000000000000000),
 ( 1.000000000000000000, 0.7431421874848390674, 1.000000000000000000),
 ( 1.000000000000000000, 0.7499414704999254333, 1.000000000000000000),
 ( 1.000000000000000000, 0.7678225280228672123, 1.000000000000000000),
 ( 1.000000000000000000, 0.7791743213736384011, 1.000000000000000000),
 ( 1.000000000000000000, 0.8016550662128607563, 1.000000000000000000),
 ( 1.000000000000000000, 0.8127771054587429322, 1.000000000000000000),
 ( 1.000000000000000000, 0.8333560758809830382, 1.000000000000000000),
 ( 1.000000000000000000, 0.8429138534915537884, 1.000000000000000000),
 ( 1.000000000000000000, 0.8592208599051017748, 1.000000000000000000),
 ( 1.000000000000000000, 0.8661880270348395472, 1.000000000000000000),
 ( 1.000000000000000000, 0.8769166360685990425, 1.000000000000000000),
 ( 1.000000000000000000, 0.8809626959103159516, 1.000000000000000000),
 ( 1.000000000000000000, 0.8864156175591456632, 1.000000000000000000),
 ( 1.000000000000000000, 0.8878028363067655970, 1.000000000000000000),
 ( 1.000000000000000000, 0.8878002509760241079, 1.000000000000000000),
 ( 1.000000000000000000, 0.8864303344913504468, 1.000000000000000000),
 ( 1.000000000000000000, 0.8810462412935105014, 1.000000000000000000),
 ( 1.000000000000000000, 0.8769799167792562411, 1.000000000000000000),
 ( 1.000000000000000000, 0.8661410565872440515, 1.000000000000000000),
 ( 1.000000000000000000, 0.8591774553981701423, 1.000000000000000000),
 ( 1.000000000000000000, 0.8427991567199784040, 1.000000000000000000),
 ( 1.000000000000000000, 0.8333044755427414518, 1.000000000000000000),
 ( 1.000000000000000000, 0.8028177164546675959, 1.000000000000000000),
 ( 1.000000000000000000, 0.7766660339296391768, 1.000000000000000000),
 ( 1.000000000000000000, 0.7496448870753267268, 1.000000000000000000),
 ( 1.000000000000000000, 0.7428152160965403317, 1.000000000000000000),
 ( 1.000000000000000000, 0.7362325883862007592, 1.000000000000000000),
 ( 1.000000000000000000, 0.7358864188821883090, 1.000000000000000000),
 ( 1.000000000000000000, 0.7358300314215719951, 1.000000000000000000) ) ) 
 REPRESENTATION_ITEM ( '' )  SURFACE ( )  );
#3085 = CARTESIAN_POINT ( 'NONE',  ( -3.443462133961537663, 2.809741649613557435, -0.9921759582386382448 ) ) ;
#3086 = CARTESIAN_POINT ( 'NONE',  ( 1.246333381389093997, 6.449057492555404281, 0.4295097122670332168 ) ) ;
#3087 = CARTESIAN_POINT ( 'NONE',  ( -1.248104854456821178, 6.188138469244814921, -0.9845635628925560878 ) ) ;
#3088 = CARTESIAN_POINT ( 'NONE',  ( -1.396955960690484666, 5.942822017232482601, -1.641816819559704488 ) ) ;
#3089 = CARTESIAN_POINT ( 'NONE',  ( -3.450672127485116203, -1.267756372749490452E-15, 0.02468043041677014590 ) ) ;
#3090 = CARTESIAN_POINT ( 'NONE',  ( -3.474558840764271572, 2.844004395397236262, -1.032421260632709670 ) ) ;
#3091 = CARTESIAN_POINT ( 'NONE',  ( -2.479886949250316164, 6.479143977863836668, -0.9149451188525009604 ) ) ;
#3092 = ORIENTED_EDGE ( 'NONE', *, *, #891, .T. ) ;
#3093 = CARTESIAN_POINT ( 'NONE',  ( -3.306363272719424096, 5.839875982811624233, -1.400000000000005462 ) ) ;
#3094 = EDGE_LOOP ( 'NONE', ( #2084, #2321, #3163, #1119 ) ) ;
#3095 = CARTESIAN_POINT ( 'NONE',  ( -3.781043231659413806, 4.691429809566521669, -1.374625442887378757 ) ) ;
#3096 = CARTESIAN_POINT ( 'NONE',  ( 1.261924990784362821, 6.494312087029554093, 0.4302388495603213237 ) ) ;
#3097 = VERTEX_POINT ( 'NONE', #683 ) ;
#3098 = CARTESIAN_POINT ( 'NONE',  ( -1.322221060368465873, 5.974759813998362645, -1.349206997340776315 ) ) ;
#3099 = CARTESIAN_POINT ( 'NONE',  ( -3.944953522853805516, 2.840470537491925018, -1.465590363165937049 ) ) ;
#3100 = ADVANCED_FACE ( 'NONE', ( #163 ), #2727, .T. ) ;
#3101 = CARTESIAN_POINT ( 'NONE',  ( -1.757814385726698569, 5.094192715954898532, -2.156355320937775932 ) ) ;
#3102 = CARTESIAN_POINT ( 'NONE',  ( -2.730288195571516585, 2.588373895651641110, -1.467399440654077569 ) ) ;
#3103 = CARTESIAN_POINT ( 'NONE',  ( -2.789916654395598439, 2.706222723754489135, -1.328529984455740554 ) ) ;
#3104 = DIRECTION ( 'NONE',  ( -3.673940397442059375E-16, 1.000000000000000000, 0.0000000000000000000 ) ) ;
#3105 = CARTESIAN_POINT ( 'NONE',  ( -2.614541306678847654, 5.360601207980035809, -1.286198599397625042 ) ) ;
#3106 = CARTESIAN_POINT ( 'NONE',  ( -3.046513328219365047, 5.061715827612511376, -1.400000000000001910 ) ) ;
#3107 = CARTESIAN_POINT ( 'NONE',  ( -1.356741133272174160, 4.333428314165710837, -1.400000000000000355 ) ) ;
#3108 = CARTESIAN_POINT ( 'NONE',  ( -2.329482923513871651, 3.583798037646896972, -1.866253867437034586 ) ) ;
#3109 = CARTESIAN_POINT ( 'NONE',  ( 1.256352896108381190, 6.298247933252412167, 1.015331974136354676 ) ) ;
#3110 = CARTESIAN_POINT ( 'NONE',  ( -1.594875085188236508, 5.470885844128601683, -1.179787091645876140 ) ) ;
#3111 = ORIENTED_EDGE ( 'NONE', *, *, #810, .T. ) ;
#3112 =( GEOMETRIC_REPRESENTATION_CONTEXT ( 3 ) GLOBAL_UNCERTAINTY_ASSIGNED_CONTEXT ( ( #1314 ) ) GLOBAL_UNIT_ASSIGNED_CONTEXT ( ( #1620, #3357, #1347 ) ) REPRESENTATION_CONTEXT ( 'NONE', 'WORKASPACE' ) );
#3113 = EDGE_CURVE ( 'NONE', #2294, #3741, #2778, .T. ) ;
#3114 = CARTESIAN_POINT ( 'NONE',  ( -1.535563931889162292, 5.636804367699053131, -1.941399690614109996 ) ) ;
#3115 = CARTESIAN_POINT ( 'NONE',  ( -3.697886535163940724, 1.741948166270236076, -1.626781931465542508 ) ) ;
#3116 = CARTESIAN_POINT ( 'NONE',  ( 2.688684075344276003, 3.309377193568598496, 0.5074114197085358713 ) ) ;
#3117 = CARTESIAN_POINT ( 'NONE',  ( 3.315050714442266955, 2.607187873211244789, 1.601462783640562604 ) ) ;
#3118 = SURFACE_STYLE_FILL_AREA ( #990 ) ;
#3119 = DIRECTION ( 'NONE',  ( 0.0000000000000000000, 0.7101980824765889988, 0.7040019059964085502 ) ) ;
#3120 = DIRECTION ( 'NONE',  ( 0.0000000000000000000, 0.0000000000000000000, -1.000000000000000000 ) ) ;
#3121 = ORIENTED_EDGE ( 'NONE', *, *, #1876, .T. ) ;
#3122 = CIRCLE ( 'NONE', #335, 0.6000000000000000888 ) ;
#3123 = CARTESIAN_POINT ( 'NONE',  ( 3.079622575038061694, 2.608284539771355437, 0.9310880541548831602 ) ) ;
#3124 = CARTESIAN_POINT ( 'NONE',  ( 1.258160465945372453, 6.415116458719456460, 0.8570492765379348343 ) ) ;
#3125 = CARTESIAN_POINT ( 'NONE',  ( -1.678346332959944176, 5.283943235811226380, -1.348906746939467327 ) ) ;
#3126 = CIRCLE ( 'NONE', #1493, 6.699999999999999289 ) ;
#3127 = CARTESIAN_POINT ( 'NONE',  ( -3.450672127485116203, -1.267756372749490452E-15, 0.02468043041677014590 ) ) ;
#3128 = CARTESIAN_POINT ( 'NONE',  ( -2.142437281258458004, 6.475158808901222862, -1.693379054135023543 ) ) ;
#3129 = CARTESIAN_POINT ( 'NONE',  ( -3.587849318386977959, 0.4256288910031718054, 0.3133227930709813758 ) ) ;
#3130 = CARTESIAN_POINT ( 'NONE',  ( 1.692334619561957743, 5.247819979829309922, 2.118345358430162140 ) ) ;
#3131 = CARTESIAN_POINT ( 'NONE',  ( 3.301161126783978883, 4.359499911554813423, 1.934180390758530432 ) ) ;
#3132 = CARTESIAN_POINT ( 'NONE',  ( -2.838636203443591022, 5.647631506593923767, -1.841796226010281368 ) ) ;
#3133 = FACE_OUTER_BOUND ( 'NONE', #2958, .T. ) ;
#3134 = DIRECTION ( 'NONE',  ( -0.3959543702886356709, -0.9182701871722342979, -1.613650434795789768E-15 ) ) ;
#3135 = CARTESIAN_POINT ( 'NONE',  ( 1.246200918985057138, 6.368559874825078460, 0.8502487490372889756 ) ) ;
#3136 = AXIS2_PLACEMENT_3D ( 'NONE', #882, #1758, #1513 ) ;
#3137 = EDGE_CURVE ( 'NONE', #3305, #1302, #3687, .T. ) ;
#3138 = CARTESIAN_POINT ( 'NONE',  ( -1.220956647364555891, 6.257314138256488079, -0.3000000000000002665 ) ) ;
#3139 = CARTESIAN_POINT ( 'NONE',  ( -4.135036969360985637, 1.098722213624319988, -0.6990887867292130409 ) ) ;
#3140 = ORIENTED_EDGE ( 'NONE', *, *, #358, .T. ) ;
#3141 = CARTESIAN_POINT ( 'NONE',  ( -2.184149300503967606, 5.579417890356879184, -2.466888783545859720 ) ) ;
#3142 = CARTESIAN_POINT ( 'NONE',  ( 3.140500010598853642, 1.262591158275785164, 0.2754552641293930848 ) ) ;
#3143 = VERTEX_POINT ( 'NONE', #1044 ) ;
#3144 = CARTESIAN_POINT ( 'NONE',  ( -2.513411162243676333, 3.732924723508650455, -1.279619504105915961 ) ) ;
#3145 = CARTESIAN_POINT ( 'NONE',  ( -1.291325549053133015, 6.047466867518596523, -1.213956328478817515 ) ) ;
#3146 = PRODUCT_CONTEXT ( 'NONE', #3033, 'mechanical' ) ;
#3147 = EDGE_LOOP ( 'NONE', ( #3334, #3000, #3553 ) ) ;
#3148 = CARTESIAN_POINT ( 'NONE',  ( 1.233632552340824917, 6.271627716356002580, 0.8352141647979822725 ) ) ;
#3149 = CARTESIAN_POINT ( 'NONE',  ( 3.208702170711942081, 2.646526843642355242, 0.8851623182771836129 ) ) ;
#3150 = CARTESIAN_POINT ( 'NONE',  ( -2.595108264680304089, 6.212270780576036877, -1.436606219433993692 ) ) ;
#3151 = CARTESIAN_POINT ( 'NONE',  ( -3.369404230750884022, 0.3148124175497622468, -0.01963384052960355855 ) ) ;
#3152 = CARTESIAN_POINT ( 'NONE',  ( 1.332865458123628111, 6.115405496720446976, 1.429438655742495845 ) ) ;
#3153 = CARTESIAN_POINT ( 'NONE',  ( 1.686732247142839203, 5.240644222363961546, 2.104455417764844682 ) ) ;
#3154 = CARTESIAN_POINT ( 'NONE',  ( 2.773789479108852873, 6.654976010499154881, 1.399999999999999245 ) ) ;
#3155 = CARTESIAN_POINT ( 'NONE',  ( -2.442592659200212957, 6.308835818286794961, -1.809101755915192067 ) ) ;
#3156 =( BOUNDED_SURFACE ( )  B_SPLINE_SURFACE ( 3, 2, ( 
 ( #1375, #463, #1099 ),
 ( #1059, #2552, #2527 ),
 ( #3123, #1640, #1388 ),
 ( #1085, #787, #494 ),
 ( #3149, #1663, #2514 ),
 ( #1960, #3422, #1690 ),
 ( #2278, #2563, #3161 ),
 ( #1403, #1123, #2471 ),
 ( #1242, #137, #3352 ),
 ( #3640, #2790, #147 ) ),
 .UNSPECIFIED., .F., .F., .T. ) 
 B_SPLINE_SURFACE_WITH_KNOTS ( ( 4, 2, 2, 2, 4 ),
 ( 3, 3 ),
 ( -4.011548038196366406E-18, 0.0002836409222074236952, 0.0005672818444148514019, 0.0008509227666222790544, 0.001134563688829706707 ),
 ( 0.0000000000000000000, 1.000000000000000000 ),
 .UNSPECIFIED. ) 
 GEOMETRIC_REPRESENTATION_ITEM ( )  RATIONAL_B_SPLINE_SURFACE ( (
 ( 1.000000000000000000, 0.4630877828465119195, 1.000000000000000000),
 ( 1.000000000000000000, 0.4495983326601112884, 1.000000000000000000),
 ( 1.000000000000000000, 0.4388029243130999735, 1.000000000000000000),
 ( 1.000000000000000000, 0.4261336687777776966, 1.000000000000000000),
 ( 1.000000000000000000, 0.4246920634573280728, 1.000000000000000000),
 ( 1.000000000000000000, 0.4323985293357838766, 1.000000000000000000),
 ( 1.000000000000000000, 0.4414092902441821287, 1.000000000000000000),
 ( 1.000000000000000000, 0.4660829425546483828, 1.000000000000000000),
 ( 1.000000000000000000, 0.4813372304415245440, 1.000000000000000000),
 ( 1.000000000000000000, 0.4977409883135682778, 1.000000000000000000) ) ) 
 REPRESENTATION_ITEM ( '' )  SURFACE ( )  );
#3157 = CARTESIAN_POINT ( 'NONE',  ( -1.397939883528728666, 6.447204893246246904, -1.399999999998990718 ) ) ;
#3158 = CARTESIAN_POINT ( 'NONE',  ( 2.888163336067103071, 2.033586484913682657, 1.006469523615213024 ) ) ;
#3159 = CARTESIAN_POINT ( 'NONE',  ( -2.708039453383977335, 2.883667219322386455, -1.502546147055179748 ) ) ;
#3160 = ORIENTED_EDGE ( 'NONE', *, *, #3561, .F. ) ;
#3161 = CARTESIAN_POINT ( 'NONE',  ( 3.041271290043424891, 3.643787018980591874, 0.4429674123487785664 ) ) ;
#3162 = CARTESIAN_POINT ( 'NONE',  ( -2.072508079121860636, 5.637260271438357506, -0.4073692834257113260 ) ) ;
#3163 = ORIENTED_EDGE ( 'NONE', *, *, #1577, .F. ) ;
#3164 = AXIS2_PLACEMENT_3D ( 'NONE', #3197, #790, #3176 ) ;
#3165 = CARTESIAN_POINT ( 'NONE',  ( -2.886320169372092792, 2.023957405705300694, -1.019116056938398573 ) ) ;
#3166 = CARTESIAN_POINT ( 'NONE',  ( 1.226521433189810217, 6.351604400239352799, 0.5617960751045918411 ) ) ;
#3167 = FILL_AREA_STYLE ('',( #1366 ) ) ;
#3168 = CARTESIAN_POINT ( 'NONE',  ( -2.060393202839397198, 5.873470619710889906, -2.334937496772657273 ) ) ;
#3169 = CARTESIAN_POINT ( 'NONE',  ( 1.934616354941634198, 4.705632990394797766, 1.496649497927859063 ) ) ;
#3170 = CARTESIAN_POINT ( 'NONE',  ( 3.023637890698781305, 2.281151378688862863, 0.7052394312620049455 ) ) ;
#3171 = CARTESIAN_POINT ( 'NONE',  ( -2.910967050768124231, 3.738932916132009954, -1.235911708855099711 ) ) ;
#3172 = VECTOR ( 'NONE', #3224, 1000.000000000000227 ) ;
#3173 = CARTESIAN_POINT ( 'NONE',  ( 1.819940294801318581, 4.810717526001960564, 2.049981250107429265 ) ) ;
#3174 = CYLINDRICAL_SURFACE ( 'NONE', #3414, 0.3000000000000018763 ) ;
#3175 = CARTESIAN_POINT ( 'NONE',  ( -2.464416033069431133, 5.688935165603524524, -1.049511805435006551 ) ) ;
#3176 = DIRECTION ( 'NONE',  ( 0.9182701871722342979, -0.3959543702886353378, 0.0000000000000000000 ) ) ;
#3177 = CARTESIAN_POINT ( 'NONE',  ( 3.474558840764270684, 2.844004395397237595, 1.032421260632709670 ) ) ;
#3178 = CARTESIAN_POINT ( 'NONE',  ( 1.407965394898008871, 5.981834771006880658, 1.670220150029420925 ) ) ;
#3179 = SURFACE_STYLE_USAGE ( .BOTH. , #1118 ) ;
#3180 = CARTESIAN_POINT ( 'NONE',  ( 3.147448181039864679, 1.081068824503663039, 0.4155540425722291653 ) ) ;
#3181 = ORIENTED_EDGE ( 'NONE', *, *, #2097, .F. ) ;
#3182 = CARTESIAN_POINT ( 'NONE',  ( 1.384553932451160652, 5.865844756232218238, 1.582439178635763666 ) ) ;
#3183 = CARTESIAN_POINT ( 'NONE',  ( -2.638934681406424954, 5.307581664038274027, -1.301220920642439660 ) ) ;
#3184 = CARTESIAN_POINT ( 'NONE',  ( -1.830321057774988880, 4.537479062593272161, -1.659107127158742534 ) ) ;
#3185 = EDGE_CURVE ( 'NONE', #3066, #2225, #2970, .T. ) ;
#3186 = CARTESIAN_POINT ( 'NONE',  ( 2.561026617241469516, 3.151194938440495807, 1.676510848702424505 ) ) ;
#3187 = CARTESIAN_POINT ( 'NONE',  ( -2.725989120377156016, 2.567948306440110073, -1.493107608602754599 ) ) ;
#3188 = CARTESIAN_POINT ( 'NONE',  ( 3.433844883995344599, 3.849704757961495361, 0.7736915690346718444 ) ) ;
#3189 = CARTESIAN_POINT ( 'NONE',  ( 1.234432224915922083, 6.403650696439925127, 0.3000000000000002665 ) ) ;
#3190 = CARTESIAN_POINT ( 'NONE',  ( 1.512371522905971988, 5.565930744448899681, 1.854387777301909290 ) ) ;
#3191 = CARTESIAN_POINT ( 'NONE',  ( -1.867205811606578614, 4.837319654401003532, -2.185111565900982988 ) ) ;
#3192 = VERTEX_POINT ( 'NONE', #2258 ) ;
#3193 = CARTESIAN_POINT ( 'NONE',  ( 3.617540397618456360, 0.0000000000000000000, 0.2999999999999991562 ) ) ;
#3194 = CARTESIAN_POINT ( 'NONE',  ( -2.370111961197502115, 6.933156513048995606, -1.399999999999997247 ) ) ;
#3195 = CARTESIAN_POINT ( 'NONE',  ( 1.531159542739123580, 5.612070601875571718, 0.9614636333052664074 ) ) ;
#3196 = CARTESIAN_POINT ( 'NONE',  ( -2.326844011083984753, 6.583319540387167379, -1.452388936165146527 ) ) ;
#3197 = CARTESIAN_POINT ( 'NONE',  ( -3.035992313865202075, 3.459135093586122256, -1.900000000000000133 ) ) ;
#3198 =( BOUNDED_SURFACE ( )  B_SPLINE_SURFACE ( 3, 2, ( 
 ( #3496, #1769, #3798 ),
 ( #1185, #3538, #915 ),
 ( #1497, #1825, #1851 ),
 ( #610, #928, #2962 ),
 ( #1836, #3258, #1216 ),
 ( #2104, #3280, #2656 ),
 ( #323, #44, #348 ),
 ( #1535, #3245, #2948 ) ),
 .UNSPECIFIED., .F., .F., .T. ) 
 B_SPLINE_SURFACE_WITH_KNOTS ( ( 4, 2, 2, 4 ),
 ( 3, 3 ),
 ( 0.004384471890420684262, 0.004685112705592362273, 0.004985753520764041151, 0.005587035151107398040 ),
 ( 0.0000000000000000000, 1.000000000000000000 ),
 .UNSPECIFIED. ) 
 GEOMETRIC_REPRESENTATION_ITEM ( )  RATIONAL_B_SPLINE_SURFACE ( (
 ( 1.000000000000000000, 0.6701071936518269156, 1.000000000000000000),
 ( 1.000000000000000000, 0.6784957882081115166, 1.000000000000000000),
 ( 1.000000000000000000, 0.6883879181623787646, 1.000000000000000000),
 ( 1.000000000000000000, 0.7074996683039312950, 1.000000000000000000),
 ( 1.000000000000000000, 0.7168086905516055651, 1.000000000000000000),
 ( 1.000000000000000000, 0.7385101320433921090, 1.000000000000000000),
 ( 1.000000000000000000, 0.7448964689456056831, 1.000000000000000000),
 ( 1.000000000000000000, 0.7359800721939870893, 1.000000000000000000) ) ) 
 REPRESENTATION_ITEM ( '' )  SURFACE ( )  );
#3199 = CARTESIAN_POINT ( 'NONE',  ( 1.456425531378755078, 5.867296318502447150, 1.792782566576710979 ) ) ;
#3200 = CARTESIAN_POINT ( 'NONE',  ( 2.160881024833722908, 6.454378862205423673, 1.699696491965675627 ) ) ;
#3201 = ORIENTED_EDGE ( 'NONE', *, *, #3457, .F. ) ;
#3202 = FACE_OUTER_BOUND ( 'NONE', #1176, .T. ) ;
#3203 = CARTESIAN_POINT ( 'NONE',  ( 3.369007875542803010, 0.3064322496552253638, 0.04830613395385479486 ) ) ;
#3204 = CARTESIAN_POINT ( 'NONE',  ( 0.8942372874330326571, 5.966278788460454230, 1.400000000000019229 ) ) ;
#3205 = AXIS2_PLACEMENT_3D ( 'NONE', #2709, #938, #1894 ) ;
#3206 = EDGE_CURVE ( 'NONE', #3491, #832, #3374, .T. ) ;
#3207 = CIRCLE ( 'NONE', #3730, 7.500000000000000000 ) ;
#3208 = CARTESIAN_POINT ( 'NONE',  ( 1.624155416639685656, 5.405473711217279487, 1.249535893869377468 ) ) ;
#3209 = CARTESIAN_POINT ( 'NONE',  ( -1.794787776122246603, 5.737265845603768177, -2.296040309544398639 ) ) ;
#3210 = CARTESIAN_POINT ( 'NONE',  ( -1.873861857624177230, 3.443565740311046230, -1.128012511058913203 ) ) ;
#3211 = FACE_OUTER_BOUND ( 'NONE', #2386, .T. ) ;
#3212 = CARTESIAN_POINT ( 'NONE',  ( 2.293735853103501920, 6.662362369203947310, 1.299331239493648038 ) ) ;
#3213 = CARTESIAN_POINT ( 'NONE',  ( 3.708388899123221893, 4.919869914342529960, 2.000000000000000000 ) ) ;
#3214 = CARTESIAN_POINT ( 'NONE',  ( 1.280458647787842796, 5.899447193280632717, 0.7707354389284541973 ) ) ;
#3215 = CARTESIAN_POINT ( 'NONE',  ( 1.319437982805913290, 6.821759531754676864, 1.399999999999998135 ) ) ;
#3216 = CARTESIAN_POINT ( 'NONE',  ( 2.725989120377155128, 2.567948306440110517, 1.493107608602754599 ) ) ;
#3217 = CARTESIAN_POINT ( 'NONE',  ( 1.145232841376302435, 6.650555977154158249, 1.400000000000006350 ) ) ;
#3218 = ORIENTED_EDGE ( 'NONE', *, *, #2205, .T. ) ;
#3219 = CARTESIAN_POINT ( 'NONE',  ( 1.871299677368207126, 4.690741884830448960, 2.049084763099773276 ) ) ;
#3220 = CARTESIAN_POINT ( 'NONE',  ( -1.492174701737813969, 6.459738728036505506, -1.591949988251628589 ) ) ;
#3221 = DIRECTION ( 'NONE',  ( -1.000000000000000000, -3.673940397442059375E-16, 0.0000000000000000000 ) ) ;
#3222 = CARTESIAN_POINT ( 'NONE',  ( 2.591020234082842766, 5.958498762663504422, 2.076025035056642043 ) ) ;
#3223 = CARTESIAN_POINT ( 'NONE',  ( 3.140500010598853642, 1.262591158275785164, 0.2754552641293930848 ) ) ;
#3224 = DIRECTION ( 'NONE',  ( 0.3959543702886355043, 0.9182701871722341869, 0.0000000000000000000 ) ) ;
#3225 = CARTESIAN_POINT ( 'NONE',  ( 1.119106113664873448, 4.896425581531629767, 1.399999999999994138 ) ) ;
#3226 = CARTESIAN_POINT ( 'NONE',  ( 4.103159384395294040, 0.3051878615501658620, 0.2477428232585451306 ) ) ;
#3227 = ORIENTED_EDGE ( 'NONE', *, *, #3726, .T. ) ;
#3228 = CARTESIAN_POINT ( 'NONE',  ( -1.267852536245851258, 5.926950836251357657, -0.4194474156306028378 ) ) ;
#3229 = ORIENTED_EDGE ( 'NONE', *, *, #758, .T. ) ;
#3230 = CARTESIAN_POINT ( 'NONE',  ( -1.246333381389096440, 6.449057492555403392, -0.4295097122670332168 ) ) ;
#3231 = CARTESIAN_POINT ( 'NONE',  ( -3.930099880001786339, 0.2410328277239859873, -0.4014025305169577340 ) ) ;
#3232 =( GEOMETRIC_REPRESENTATION_CONTEXT ( 3 ) GLOBAL_UNCERTAINTY_ASSIGNED_CONTEXT ( ( #791 ) ) GLOBAL_UNIT_ASSIGNED_CONTEXT ( ( #2031, #3429, #1105 ) ) REPRESENTATION_CONTEXT ( 'NONE', 'WORKASPACE' ) );
#3233 = EDGE_CURVE ( 'NONE', #2678, #722, #1918, .T. ) ;
#3234 = CARTESIAN_POINT ( 'NONE',  ( -1.246605537997390378, 6.450572716705998744, -0.3000000000000002665 ) ) ;
#3235 = CARTESIAN_POINT ( 'NONE',  ( 2.795186430751541273, 2.689520724329281798, 1.311943545451798254 ) ) ;
#3236 = ORIENTED_EDGE ( 'NONE', *, *, #3233, .T. ) ;
#3237 = CARTESIAN_POINT ( 'NONE',  ( 2.372810746275359595, 5.010716887767135752, 1.212707089150268702 ) ) ;
#3238 = CARTESIAN_POINT ( 'NONE',  ( 1.221152670079357350, 6.255641597557635158, 0.4260537394511400566 ) ) ;
#3239 = CARTESIAN_POINT ( 'NONE',  ( 1.291384683562583291, 5.846388459753889322, 1.400000000002159739 ) ) ;
#3240 = CARTESIAN_POINT ( 'NONE',  ( 1.226605524686020798, 6.354895754463091961, 0.3000000000000002665 ) ) ;
#3241 = CARTESIAN_POINT ( 'NONE',  ( 1.905842125364960227, 4.569965945262464579, 1.950132486572449642 ) ) ;
#3242 = CARTESIAN_POINT ( 'NONE',  ( -3.589866484118476198, 3.219684751124570976, -1.404119811450463162 ) ) ;
#3243 = CARTESIAN_POINT ( 'NONE',  ( -1.980244752485679216, 4.602048055496406498, -1.496297429248325095 ) ) ;
#3244 = VERTEX_POINT ( 'NONE', #619 ) ;
#3245 = CARTESIAN_POINT ( 'NONE',  ( 2.019017463612129415, 4.191419821683753710, 1.400000000000000133 ) ) ;
#3246 = CARTESIAN_POINT ( 'NONE',  ( -1.262098160465935370, 6.329577288229468301, -1.023662555389673656 ) ) ;
#3247 = CARTESIAN_POINT ( 'NONE',  ( 2.752790940760986960, 5.846709386540584141, 1.749303134224761580 ) ) ;
#3248 = EDGE_LOOP ( 'NONE', ( #1664, #386, #2560, #465 ) ) ;
#3249 = CARTESIAN_POINT ( 'NONE',  ( -1.937900880782991164, 2.985642533357919515, -2.000000000000000444 ) ) ;
#3250 = CARTESIAN_POINT ( 'NONE',  ( 2.384140690739967372, 5.855251741487014883, 0.6851002046588888783 ) ) ;
#3251 = CARTESIAN_POINT ( 'NONE',  ( 1.254120823591569289, 6.282366173532312636, 1.011024090198334502 ) ) ;
#3252 = CARTESIAN_POINT ( 'NONE',  ( 3.598403340984398735, 3.454737526622075006, 1.576758701725010869 ) ) ;
#3253 = CARTESIAN_POINT ( 'NONE',  ( -2.070722024495499358, 5.637605153633651334, -0.3000000000000002665 ) ) ;
#3254 = AXIS2_PLACEMENT_3D ( 'NONE', #1761, #259, #3573 ) ;
#3255 = EDGE_CURVE ( 'NONE', #2967, #1157, #2152, .T. ) ;
#3256 = CYLINDRICAL_SURFACE ( 'NONE', #2588, 0.3000000000000018763 ) ;
#3257 = CARTESIAN_POINT ( 'NONE',  ( -1.914305881613159510, 4.861424646466797839, -2.267481780330410590 ) ) ;
#3258 = CARTESIAN_POINT ( 'NONE',  ( 2.247603381696253955, 3.847918455589603326, 1.350593635549262705 ) ) ;
#3259 = CARTESIAN_POINT ( 'NONE',  ( 1.375621204590673496, 6.754734181377648916, 0.4342383237834125387 ) ) ;
#3260 = ORIENTED_EDGE ( 'NONE', *, *, #1039, .T. ) ;
#3261 = CARTESIAN_POINT ( 'NONE',  ( 1.778117768953541455, 5.059355392593163359, 1.460216349161322036 ) ) ;
#3262 = ORIENTED_EDGE ( 'NONE', *, *, #247, .T. ) ;
#3263 = CARTESIAN_POINT ( 'NONE',  ( 1.817651930613646938, 4.774464742899452219, 1.949753618649809006 ) ) ;
#3264 = CARTESIAN_POINT ( 'NONE',  ( -2.372607275237064162, 5.868747986929209404, -0.3000000000000002665 ) ) ;
#3265 = CARTESIAN_POINT ( 'NONE',  ( -1.604437268511759385, 5.518357819715222767, -2.049915548066748361 ) ) ;
#3266 = CARTESIAN_POINT ( 'NONE',  ( 7.500000000000000000, 10.50000000000000000, 1.400000000000000355 ) ) ;
#3267 = ORIENTED_EDGE ( 'NONE', *, *, #2610, .T. ) ;
#3268 = CARTESIAN_POINT ( 'NONE',  ( -1.686732247142841201, 5.240644222363960658, -2.104455417764844682 ) ) ;
#3269 = ADVANCED_FACE ( 'NONE', ( #615 ), #3737, .T. ) ;
#3270 = CARTESIAN_POINT ( 'NONE',  ( 2.266689985000694296, 5.383986610539625239, 2.516874979757212749 ) ) ;
#3271 = CARTESIAN_POINT ( 'NONE',  ( 1.296965527475135715, 6.179756794219559701, 1.274796145179105222 ) ) ;
#3272 = CARTESIAN_POINT ( 'NONE',  ( 3.587733247302966610, 3.929384793549029808, 0.7623746616188173952 ) ) ;
#3273 = CARTESIAN_POINT ( 'NONE',  ( 1.588999962030065882, 5.490600365016329754, 2.011954265500718098 ) ) ;
#3274 = DIRECTION ( 'NONE',  ( -0.3959543702886357264, 0.9182701871722340758, -9.629649721936177127E-35 ) ) ;
#3275 = EDGE_CURVE ( 'NONE', #1593, #3791, #409, .T. ) ;
#3276 = ORIENTED_EDGE ( 'NONE', *, *, #1744, .F. ) ;
#3277 = CARTESIAN_POINT ( 'NONE',  ( -1.512206032958802959, 3.972884793886121368, -1.400000000000000355 ) ) ;
#3278 = ORIENTED_EDGE ( 'NONE', *, *, #1308, .F. ) ;
#3279 = CARTESIAN_POINT ( 'NONE',  ( -1.554073707215558597, 5.271313891211341307, -1.644498577016663132 ) ) ;
#3280 = CARTESIAN_POINT ( 'NONE',  ( 2.138204089769054406, 3.964589026503483993, 1.394780803605843111 ) ) ;
#3281 = AXIS2_PLACEMENT_3D ( 'NONE', #3037, #655, #2162 ) ;
#3282 = CARTESIAN_POINT ( 'NONE',  ( -1.221152670079359792, 6.255641597557634270, -0.4260537394511400566 ) ) ;
#3283 = CARTESIAN_POINT ( 'NONE',  ( 1.664815632739764073, 6.824133368943512856, 1.116244208919919823 ) ) ;
#3284 = CARTESIAN_POINT ( 'NONE',  ( 1.588999962030065882, 5.490600365016329754, 2.011954265500718098 ) ) ;
#3285 = CARTESIAN_POINT ( 'NONE',  ( -2.799876280825759345, 3.583872956383924446, -1.408888592206762436 ) ) ;
#3286 = CARTESIAN_POINT ( 'NONE',  ( 1.818696440759778765, 4.661813831839648259, 1.771188765940424847 ) ) ;
#3287 = CARTESIAN_POINT ( 'NONE',  ( 3.589866484118539258, 3.219684751124451960, 1.404119811450454058 ) ) ;
#3288 = VERTEX_POINT ( 'NONE', #872 ) ;
#3289 = LINE ( 'NONE', #50, #2431 ) ;
#3290 = CARTESIAN_POINT ( 'NONE',  ( 3.741254071223714117, 4.805220179438554950, 1.400000000000000133 ) ) ;
#3291 = DIRECTION ( 'NONE',  ( 0.0000000000000000000, 0.0000000000000000000, 1.000000000000000000 ) ) ;
#3292 = CARTESIAN_POINT ( 'NONE',  ( -1.256352896108383632, 6.298247933252411279, -1.015331974136354676 ) ) ;
#3294 = CARTESIAN_POINT ( 'NONE',  ( -1.676791482344657025, 5.226714809081303592, -2.076315855996915705 ) ) ;
#3293 = TOROIDAL_SURFACE ( 'NONE', #407, 6.699999999999999289, 0.8000000000000000444 ) ;
#3295 = CARTESIAN_POINT ( 'NONE',  ( 2.767852375579854751, 2.325482324436539017, 1.823511646268159314 ) ) ;
#3296 = CARTESIAN_POINT ( 'NONE',  ( -2.558727610395322039, 3.449472324762805187, -0.5003667305880113991 ) ) ;
#3297 = FACE_OUTER_BOUND ( 'NONE', #1681, .T. ) ;
#3298 = CARTESIAN_POINT ( 'NONE',  ( 2.231601945251675545, 6.613844011677735502, 1.399999999999815392 ) ) ;
#3299 = CARTESIAN_POINT ( 'NONE',  ( 2.061251749499905639, 4.209631074000224515, 1.950000000000000400 ) ) ;
#3300 = CARTESIAN_POINT ( 'NONE',  ( 2.070722024495497138, 5.637605153633652222, 0.3000000000000002665 ) ) ;
#3301 = TOROIDAL_SURFACE ( 'NONE', #2795, 6.699999999999999289, 0.8000000000000000444 ) ;
#3302 = PRESENTATION_LAYER_ASSIGNMENT (  '', '', ( #1990 ) ) ;
#3303 = EDGE_CURVE ( 'NONE', #2262, #1771, #2199, .T. ) ;
#3304 = CARTESIAN_POINT ( 'NONE',  ( 3.825422459555401833, 4.537403692495873386, 1.304006502192267769 ) ) ;
#3305 = VERTEX_POINT ( 'NONE', #1505 ) ;
#3306 = CARTESIAN_POINT ( 'NONE',  ( -1.976479721675382439, 4.600424589522629226, -2.198013481334511798 ) ) ;
#3307 = CARTESIAN_POINT ( 'NONE',  ( -1.932874923685064417, 4.581622377961140913, -2.094084385914984914 ) ) ;
#3308 = ADVANCED_FACE ( 'NONE', ( #659 ), #2114, .F. ) ;
#3309 = CARTESIAN_POINT ( 'NONE',  ( 1.327334803647232775, 6.086607194956924261, 1.413863520867874035 ) ) ;
#3310 = CARTESIAN_POINT ( 'NONE',  ( -2.790759660275730081, 2.707392049783045263, -1.327220353758516547 ) ) ;
#3311 = CARTESIAN_POINT ( 'NONE',  ( 2.184149300503965385, 5.579417890356880072, 2.466888783545859720 ) ) ;
#3312 = CARTESIAN_POINT ( 'NONE',  ( 0.0000000000000000000, 0.0000000000000000000, 0.0000000000000000000 ) ) ;
#3313 = CARTESIAN_POINT ( 'NONE',  ( 1.721694192415711644, 6.491777222461529995, 1.653212436607775171 ) ) ;
#3314 = CARTESIAN_POINT ( 'NONE',  ( -3.159343182582118992, 4.683123634228427257, -1.950000000000000400 ) ) ;
#3315 = DIRECTION ( 'NONE',  ( 0.0000000000000000000, 0.0000000000000000000, -1.000000000000000000 ) ) ;
#3316 = EDGE_LOOP ( 'NONE', ( #1359, #341, #786, #617, #3236 ) ) ;
#3317 = DIRECTION ( 'NONE',  ( -0.6088253388220343787, 0.0000000000000000000, -0.7933042964766010563 ) ) ;
#3318 = CARTESIAN_POINT ( 'NONE',  ( 2.808411346729802194, 2.951025137995794800, 1.286148932272353163 ) ) ;
#3319 = CARTESIAN_POINT ( 'NONE',  ( 1.512206032958801405, 3.972884793886122257, 1.400000000000000355 ) ) ;
#3320 = CARTESIAN_POINT ( 'NONE',  ( -1.221603731246122537, 6.302419352519334161, -0.5599752858048374637 ) ) ;
#3321 = ORIENTED_EDGE ( 'NONE', *, *, #173, .F. ) ;
#3322 = CARTESIAN_POINT ( 'NONE',  ( 2.884065454096268244, 1.977291909212770982, 1.082235016314956777 ) ) ;
#3323 = CARTESIAN_POINT ( 'NONE',  ( 2.838636203443588801, 5.647631506593924655, 1.841796226010281368 ) ) ;
#3324 = AXIS2_PLACEMENT_3D ( 'NONE', #287, #2034, #302 ) ;
#3325 = EDGE_CURVE ( 'NONE', #3791, #2931, #2210, .T. ) ;
#3326 = ADVANCED_FACE ( 'NONE', ( #1043 ), #3574, .T. ) ;
#3327 = CARTESIAN_POINT ( 'NONE',  ( 2.432365025836743300, 3.379030804801330223, 1.010770648761049273 ) ) ;
#3328 = CARTESIAN_POINT ( 'NONE',  ( 2.267911669045892697, 3.725088863473375422, 1.899999999999998801 ) ) ;
#3329 = VERTEX_POINT ( 'NONE', #3585 ) ;
#3330 = CARTESIAN_POINT ( 'NONE',  ( -2.789916654395598439, 2.706222723754489135, -1.328529984455740554 ) ) ;
#3331 = CARTESIAN_POINT ( 'NONE',  ( 2.591020234082842766, 5.958498762663504422, 2.076025035056642043 ) ) ;
#3332 = CARTESIAN_POINT ( 'NONE',  ( -6.700000000000002842, 10.49999999999999467, -1.400000000000000355 ) ) ;
#3333 = CARTESIAN_POINT ( 'NONE',  ( 2.569499725561446013, 3.136738709337596021, 1.670277365011937576 ) ) ;
#3334 = ORIENTED_EDGE ( 'NONE', *, *, #2987, .F. ) ;
#3335 = CARTESIAN_POINT ( 'NONE',  ( 1.780435866940246692, 6.513171764234975569, 1.653958778090592219 ) ) ;
#3336 = CARTESIAN_POINT ( 'NONE',  ( 3.741669627529016662, 4.803770505785120548, 1.400000000000000799 ) ) ;
#3337 = CARTESIAN_POINT ( 'NONE',  ( 3.239307144465919386, 4.497676706102155642, 1.949999992850488972 ) ) ;
#3338 = CARTESIAN_POINT ( 'NONE',  ( 2.103183703555735917, 3.346846680335464175, 0.8618406262120458239 ) ) ;
#3339 = ADVANCED_FACE ( 'NONE', ( #2387 ), #1846, .T. ) ;
#3340 = LINE ( 'NONE', #862, #1329 ) ;
#3341 = CARTESIAN_POINT ( 'NONE',  ( -3.088196117874369762, 3.693826414790881252, -1.434457807744958124 ) ) ;
#3342 = CARTESIAN_POINT ( 'NONE',  ( 2.468458550080705027, 6.505544045550367471, 0.7859632678571987219 ) ) ;
#3343 = CARTESIAN_POINT ( 'NONE',  ( -1.296965527475137936, 6.179756794219559701, -1.274796145179105222 ) ) ;
#3344 = CIRCLE ( 'NONE', #3254, 0.8000000000000003775 ) ;
#3345 = CARTESIAN_POINT ( 'NONE',  ( 3.599361930715040625, 3.432628243019553604, 1.561777236181265183 ) ) ;
#3346 = CARTESIAN_POINT ( 'NONE',  ( 3.558120453779944459, 2.970072736603917463, 1.189999226211279515 ) ) ;
#3347 = CARTESIAN_POINT ( 'NONE',  ( 6.699999999999999289, 10.49999999999999822, 0.6000000000000004219 ) ) ;
#3348 = AXIS2_PLACEMENT_3D ( 'NONE', #2039, #2079, #41 ) ;
#3349 = ORIENTED_EDGE ( 'NONE', *, *, #834, .T. ) ;
#3350 = B_SPLINE_CURVE_WITH_KNOTS ( 'NONE', 3,
 ( #3382, #3370, #1673, #3683, #1047 ),
 .UNSPECIFIED., .F., .F.,
 ( 4, 1, 4 ),
 ( 0.0000000000000000000, 0.6956359512168475145, 1.000000000000000000 ),
 .UNSPECIFIED. ) ;
#3351 = CARTESIAN_POINT ( 'NONE',  ( -2.496659328244537512, 6.367582265304386091, -1.400000000000420908 ) ) ;
#3352 = CARTESIAN_POINT ( 'NONE',  ( 3.264338851125294205, 3.747269320369513768, 0.5482288635124530352 ) ) ;
#3353 =( BOUNDED_SURFACE ( )  B_SPLINE_SURFACE ( 3, 2, ( 
 ( #3682, #1635, #726 ),
 ( #1927, #1022, #2787 ),
 ( #2218, #419, #124 ),
 ( #2483, #701, #2814 ),
 ( #713, #3079, #1312 ),
 ( #1994, #3428, #3403 ),
 ( #2568, #1380, #1419 ),
 ( #178, #2298, #765 ) ),
 .UNSPECIFIED., .F., .F., .F. ) 
 B_SPLINE_SURFACE_WITH_KNOTS ( ( 4, 2, 2, 4 ),
 ( 3, 3 ),
 ( 0.0000000000000000000, 0.0006043778166692364857, 0.0009065667250038547285, 0.001208755633338472971 ),
 ( 0.0000000000000000000, 1.000000000000000000 ),
 .UNSPECIFIED. ) 
 GEOMETRIC_REPRESENTATION_ITEM ( )  RATIONAL_B_SPLINE_SURFACE ( (
 ( 1.000000000000000000, 0.7359800721939869783, 1.000000000000000000),
 ( 1.000000000000000000, 0.7449447618500225632, 1.000000000000000000),
 ( 1.000000000000000000, 0.7385203374571959190, 1.000000000000000000),
 ( 1.000000000000000000, 0.7167204677968833648, 1.000000000000000000),
 ( 1.000000000000000000, 0.7075794069245083806, 1.000000000000000000),
 ( 1.000000000000000000, 0.6883202134308513687, 1.000000000000000000),
 ( 1.000000000000000000, 0.6783012029005898169, 1.000000000000000000),
 ( 1.000000000000000000, 0.6701071936517225547, 1.000000000000000000) ) ) 
 REPRESENTATION_ITEM ( '' )  SURFACE ( )  );
#3354 = CARTESIAN_POINT ( 'NONE',  ( -2.974545401695676272, 3.610628908835616713, -1.689328048382558789 ) ) ;
#3355 = CARTESIAN_POINT ( 'NONE',  ( 2.932789463004469521, 5.153468550725579078, 2.270866558926024403 ) ) ;
#3356 = ORIENTED_EDGE ( 'NONE', *, *, #2885, .T. ) ;
#3357 =( NAMED_UNIT ( * ) PLANE_ANGLE_UNIT ( ) SI_UNIT ( $, .RADIAN. ) );
#3358 = CARTESIAN_POINT ( 'NONE',  ( -1.780435866940251133, 6.513171764234972905, -1.653958778090598436 ) ) ;
#3359 = CARTESIAN_POINT ( 'NONE',  ( -3.818311087080815902, 2.439027858351038525, -0.7077808135571050929 ) ) ;
#3360 = PLANE ( 'NONE',  #1875 ) ;
#3361 = CARTESIAN_POINT ( 'NONE',  ( -2.598401911353296789, 6.205845548589865146, -1.399999999999545608 ) ) ;
#3362 = EDGE_LOOP ( 'NONE', ( #433, #10, #2058 ) ) ;
#3363 = CARTESIAN_POINT ( 'NONE',  ( -0.9921004852300513432, 5.240236278891413413, -1.399999999999999245 ) ) ;
#3364 = CARTESIAN_POINT ( 'NONE',  ( -2.780342972571358207, 3.513887313206196517, -1.502752926622682672 ) ) ;
#3365 = CARTESIAN_POINT ( 'NONE',  ( 1.318876456240850370, 6.267839511037096578, 1.311633590193071575 ) ) ;
#3366 = CARTESIAN_POINT ( 'NONE',  ( -1.384553932451162872, 5.865844756232217350, -1.582439178635763666 ) ) ;
#3367 = EDGE_CURVE ( 'NONE', #1113, #446, #1609, .T. ) ;
#3368 = CARTESIAN_POINT ( 'NONE',  ( -2.656859350129205488, 5.821078966954321032, -1.885283689555251607 ) ) ;
#3369 = CARTESIAN_POINT ( 'NONE',  ( -3.023637890698782194, 2.281151378688861531, -0.7052394312620049455 ) ) ;
#3370 = CARTESIAN_POINT ( 'NONE',  ( -2.888163336067103959, 2.033586484913681769, -1.006469523615213024 ) ) ;
#3371 = CARTESIAN_POINT ( 'NONE',  ( -2.468458550080707692, 6.505544045550366583, -0.7859632678571987219 ) ) ;
#3372 = CARTESIAN_POINT ( 'NONE',  ( -2.160881024833885888, 6.454378862205383705, -1.699696491965654532 ) ) ;
#3373 = ORIENTED_EDGE ( 'NONE', *, *, #3303, .F. ) ;
#3374 = CIRCLE ( 'NONE', #3348, 7.500000000000000000 ) ;
#3375 = ADVANCED_FACE ( 'NONE', ( #1132 ), #2881, .F. ) ;
#3376 = CARTESIAN_POINT ( 'NONE',  ( -3.901962770910187395, 2.636214645376610211, -1.722672042652706237 ) ) ;
#3377 = CARTESIAN_POINT ( 'NONE',  ( 1.800886288419758730, 5.128549692588667774, 2.237287782588400997 ) ) ;
#3378 = CARTESIAN_POINT ( 'NONE',  ( -1.866013500583963314, 4.552792004231896783, -1.770383618439908657 ) ) ;
#3379 = CARTESIAN_POINT ( 'NONE',  ( -2.728138657974336301, 2.578161101045875370, -1.480253524628416084 ) ) ;
#3380 = CARTESIAN_POINT ( 'NONE',  ( -1.434648030982536904, 6.046655728016899545, -1.720495890366705138 ) ) ;
#3381 = CARTESIAN_POINT ( 'NONE',  ( -3.148865696487448407, 1.299598537609052640, -0.2497559359925469735 ) ) ;
#3382 = CARTESIAN_POINT ( 'NONE',  ( -2.728138657974348291, 2.578161101045875370, -1.480253524628418083 ) ) ;
#3383 = CARTESIAN_POINT ( 'NONE',  ( 1.441352192236597274, 6.056992444105580020, 1.720583043613409302 ) ) ;
#3384 = CARTESIAN_POINT ( 'NONE',  ( 3.845047280504693354, 4.293532878243705220, 1.128012511059166112 ) ) ;
#3385 = FACE_OUTER_BOUND ( 'NONE', #3362, .T. ) ;
#3386 = CARTESIAN_POINT ( 'NONE',  ( -2.813548889201595404, 3.523939539435781754, -1.472710560449087991 ) ) ;
#3387 = ORIENTED_EDGE ( 'NONE', *, *, #3325, .T. ) ;
#3388 = CARTESIAN_POINT ( 'NONE',  ( 1.299492043322961310, 6.194801208589858277, 1.281333810704107234 ) ) ;
#3389 = EDGE_CURVE ( 'NONE', #2941, #3329, #1025, .T. ) ;
#3390 = CARTESIAN_POINT ( 'NONE',  ( -1.624155416639687655, 5.405473711217278598, -1.249535893869377468 ) ) ;
#3391 = CARTESIAN_POINT ( 'NONE',  ( -3.376227864077185004, 0.3315382713615461774, 0.03651238254896976843 ) ) ;
#3392 = CARTESIAN_POINT ( 'NONE',  ( -1.531244048296803495, 5.626405960279586616, -1.929199188786720143 ) ) ;
#3393 = CARTESIAN_POINT ( 'NONE',  ( -3.369404230750884022, 0.3148124175497622468, -0.01963384052960355855 ) ) ;
#3394 = CARTESIAN_POINT ( 'NONE',  ( 7.499999999999996447, 10.50000000000000000, -0.6000000000000004219 ) ) ;
#3395 =( GEOMETRIC_REPRESENTATION_CONTEXT ( 3 ) GLOBAL_UNCERTAINTY_ASSIGNED_CONTEXT ( ( #2914 ) ) GLOBAL_UNIT_ASSIGNED_CONTEXT ( ( #2809, #1062, #3450 ) ) REPRESENTATION_CONTEXT ( 'NONE', 'WORKASPACE' ) );
#3396 = EDGE_LOOP ( 'NONE', ( #2904, #2457, #1072, #2737, #3349, #631, #2907, #2100 ) ) ;
#3397 = CARTESIAN_POINT ( 'NONE',  ( 1.246605537997387936, 6.450572716705999632, 0.3000000000000002665 ) ) ;
#3398 = ORIENTED_EDGE ( 'NONE', *, *, #30, .T. ) ;
#3399 = CARTESIAN_POINT ( 'NONE',  ( -1.778117768953543454, 5.059355392593162470, -1.460216349161322036 ) ) ;
#3400 = CARTESIAN_POINT ( 'NONE',  ( -3.450000000000000622, -1.267509437117510795E-15, 9.486769009248163798E-17 ) ) ;
#3401 = CARTESIAN_POINT ( 'NONE',  ( -1.400223266480755901, 5.955905407606794100, -1.651494179909679394 ) ) ;
#3402 = CARTESIAN_POINT ( 'NONE',  ( -3.133804045780480330, 2.964457395469385581, -1.082145617915429403 ) ) ;
#3403 = CARTESIAN_POINT ( 'NONE',  ( -3.520423750480421443, 3.823008858990271097, -1.781349992477903710 ) ) ;
#3404 = CARTESIAN_POINT ( 'NONE',  ( -3.394759153521261563, 3.118180349562009734, -1.228500577260774218 ) ) ;
#3405 = ORIENTED_EDGE ( 'NONE', *, *, #3778, .T. ) ;
#3406 = CARTESIAN_POINT ( 'NONE',  ( -1.375621204590675939, 6.754734181377648028, -0.4342383237834125387 ) ) ;
#3407 = CARTESIAN_POINT ( 'NONE',  ( -1.647497671088393068, 6.988879178065039888, -1.400000000000002798 ) ) ;
#3408 = CARTESIAN_POINT ( 'NONE',  ( 2.728138657974335413, 2.578161101045876258, 1.480253524628416084 ) ) ;
#3409 = CARTESIAN_POINT ( 'NONE',  ( -2.366085067470018011, 3.503019124765382575, -1.840451850397494926 ) ) ;
#3410 = CARTESIAN_POINT ( 'NONE',  ( -2.070722024495499358, 5.637605153633651334, -0.3000000000000002665 ) ) ;
#3411 = CARTESIAN_POINT ( 'NONE',  ( -1.932874923685064417, 4.581622377961140913, -2.094084385914984914 ) ) ;
#3412 = ORIENTED_EDGE ( 'NONE', *, *, #1020, .F. ) ;
#3413 = CARTESIAN_POINT ( 'NONE',  ( -3.915574502976928883, -1.438558734568105242E-15, -0.2999999999999992117 ) ) ;
#3414 = AXIS2_PLACEMENT_3D ( 'NONE', #691, #676, #421 ) ;
#3415 = CARTESIAN_POINT ( 'NONE',  ( 1.969297765748173168, 4.597327759334387309, 2.183419704845699361 ) ) ;
#3416 = CARTESIAN_POINT ( 'NONE',  ( -1.794787776122246603, 5.737265845603768177, -2.296040309544398639 ) ) ;
#3417 = VERTEX_POINT ( 'NONE', #2454 ) ;
#3418 = FACE_OUTER_BOUND ( 'NONE', #60, .T. ) ;
#3419 = CARTESIAN_POINT ( 'NONE',  ( -1.582173905403838177, 6.621956929768074041, -1.400000000000320100 ) ) ;
#3420 = CARTESIAN_POINT ( 'NONE',  ( -2.103183703555737250, 3.346846680335463287, -0.8618406262120458239 ) ) ;
#3421 = CARTESIAN_POINT ( 'NONE',  ( -2.590497434554121181, 3.727653332236636974, -1.268827020603607414 ) ) ;
#3422 = CARTESIAN_POINT ( 'NONE',  ( 2.815498278589442460, 3.547974650624131865, 1.674839415842785950 ) ) ;
#3423 = CARTESIAN_POINT ( 'NONE',  ( -2.390604048577840146, 5.843873589059889184, -0.7426297613316988899 ) ) ;
#3424 = CARTESIAN_POINT ( 'NONE',  ( -3.035992313865181202, 3.459135093586102716, -1.900000000000019895 ) ) ;
#3425 = FACE_OUTER_BOUND ( 'NONE', #126, .T. ) ;
#3426 = CARTESIAN_POINT ( 'NONE',  ( -2.887830117619976988, 1.950546850169560642, -1.119784342334824379 ) ) ;
#3427 = CARTESIAN_POINT ( 'NONE',  ( 1.764099019581871097, 5.099697179077668174, 2.170685104307220836 ) ) ;
#3428 = CARTESIAN_POINT ( 'NONE',  ( -3.270016239932741264, 4.159285584850000106, -1.305717944370224926 ) ) ;
#3429 =( NAMED_UNIT ( * ) PLANE_ANGLE_UNIT ( ) SI_UNIT ( $, .RADIAN. ) );
#3430 = CARTESIAN_POINT ( 'NONE',  ( -2.236587985893591313, 6.800854401510854075, -0.8509515029401220065 ) ) ;
#3431 = FACE_OUTER_BOUND ( 'NONE', #405, .T. ) ;
#3432 = CARTESIAN_POINT ( 'NONE',  ( 2.763366328197812916, 2.668011792183822006, 1.371596590138565830 ) ) ;
#3433 = CARTESIAN_POINT ( 'NONE',  ( -2.785111808480699835, 3.730707048310088148, -1.248761916051334575 ) ) ;
#3434 = CARTESIAN_POINT ( 'NONE',  ( -2.251508025950704983, 6.764100662067506597, -1.025722980623356317 ) ) ;
#3435 = AXIS2_PLACEMENT_3D ( 'NONE', #867, #2617, #1473 ) ;
#3436 = EDGE_CURVE ( 'NONE', #1901, #2462, #1001, .T. ) ;
#3437 = CARTESIAN_POINT ( 'NONE',  ( -2.722564548751382318, 2.518386784884996565, -1.557390040432259148 ) ) ;
#3438 = CARTESIAN_POINT ( 'NONE',  ( 1.353349505186272728, 6.185469781863742078, 1.465543044824664021 ) ) ;
#3439 = ORIENTED_EDGE ( 'NONE', *, *, #864, .T. ) ;
#3440 = CARTESIAN_POINT ( 'NONE',  ( 1.296965527475135715, 6.179756794219559701, 1.274796145179105222 ) ) ;
#3441 = CARTESIAN_POINT ( 'NONE',  ( 2.496659328244532627, 6.367582265304288391, 1.399999999999999467 ) ) ;
#3442 = CARTESIAN_POINT ( 'NONE',  ( -2.227503514630282400, 6.827797763039689549, -0.4286419156844162304 ) ) ;
#3443 = CARTESIAN_POINT ( 'NONE',  ( -2.418362579449757632, 3.377205237584002706, -1.802339728550991671 ) ) ;
#3444 = CARTESIAN_POINT ( 'NONE',  ( -3.552462542031662451, 2.973511526604200927, -1.189775415621418864 ) ) ;
#3445 = ORIENTED_EDGE ( 'NONE', *, *, #3679, .T. ) ;
#3446 = ORIENTED_EDGE ( 'NONE', *, *, #2866, .F. ) ;
#3447 = CARTESIAN_POINT ( 'NONE',  ( 1.509363608702115833, 5.374245378920604388, 1.582221681497820942 ) ) ;
#3448 = CARTESIAN_POINT ( 'NONE',  ( -2.126427121637008089, 5.539742132788359363, -0.8879855554057604072 ) ) ;
#3449 = CARTESIAN_POINT ( 'NONE',  ( -3.003962971367998058, 5.043471188222509838, -1.949820009341698857 ) ) ;
#3450 =( NAMED_UNIT ( * ) SI_UNIT ( $, .STERADIAN. ) SOLID_ANGLE_UNIT ( ) );
#3451 = CARTESIAN_POINT ( 'NONE',  ( 1.731555457530249864, 5.291610911424765362, 2.196773989391285653 ) ) ;
#3452 = CARTESIAN_POINT ( 'NONE',  ( 1.584223128789786994, 5.481353814558254101, 1.999024791874590035 ) ) ;
#3453 = CARTESIAN_POINT ( 'NONE',  ( 2.766607395581929918, 5.587804327848617802, 1.925201268848788949 ) ) ;
#3454 = CARTESIAN_POINT ( 'NONE',  ( -1.319437982806010989, 6.821759531755260397, -1.400000000000000133 ) ) ;
#3455 = CARTESIAN_POINT ( 'NONE',  ( 3.376193798541041513, 0.2905844993538314602, 0.1040888685906503630 ) ) ;
#3456 = CARTESIAN_POINT ( 'NONE',  ( -2.072177922055227661, 3.353831686718551364, -0.9038634633945105135 ) ) ;
#3457 = EDGE_CURVE ( 'NONE', #2931, #1395, #1316, .T. ) ;
#3458 = CARTESIAN_POINT ( 'NONE',  ( 1.726888821731422219, 5.063738227680699922, 2.068563925007028459 ) ) ;
#3459 = CARTESIAN_POINT ( 'NONE',  ( -2.540799116269542690, 6.338116075956845563, -1.253333347040879397 ) ) ;
#3460 = ORIENTED_EDGE ( 'NONE', *, *, #111, .F. ) ;
#3461 = CARTESIAN_POINT ( 'NONE',  ( -2.886320169372092792, 2.023957405705300694, -1.019116056938398573 ) ) ;
#3462 = CARTESIAN_POINT ( 'NONE',  ( 2.513411162243687880, 3.732924723508600273, 1.279619504105920846 ) ) ;
#3463 = CARTESIAN_POINT ( 'NONE',  ( -3.458427827833292501, -1.270605770831452417E-15, -0.07217401147940971651 ) ) ;
#3464 = CARTESIAN_POINT ( 'NONE',  ( 1.226564455325958702, 6.353288293330903613, 0.4278583180913634321 ) ) ;
#3465 = LINE ( 'NONE', #587, #2245 ) ;
#3466 = CARTESIAN_POINT ( 'NONE',  ( 1.847439540985613471, 4.826765330975702817, 2.141010846244125965 ) ) ;
#3467 = CARTESIAN_POINT ( 'NONE',  ( 1.455020435850428617, 5.805927210332736621, 1.777712585355373243 ) ) ;
#3468 = CARTESIAN_POINT ( 'NONE',  ( 3.422187852529165131, 1.692794592743489979, 0.02979559447998265595 ) ) ;
#3469 = CARTESIAN_POINT ( 'NONE',  ( -3.456023436672392535, 5.504832571106813788, -1.400000000000000355 ) ) ;
#3470 = CARTESIAN_POINT ( 'NONE',  ( 1.384383380886053727, 5.828870178880523056, 1.551848388353890051 ) ) ;
#3471 = CARTESIAN_POINT ( 'NONE',  ( -2.983193558565135017, 5.034515501886936306, -2.272417852909211167 ) ) ;
#3472 = CARTESIAN_POINT ( 'NONE',  ( -3.147448181039865123, 1.081068824503661929, -0.4155540425722291653 ) ) ;
#3473 = CARTESIAN_POINT ( 'NONE',  ( 1.697936991981076282, 5.254995737294657410, 2.132235299095480041 ) ) ;
#3474 = DIRECTION ( 'NONE',  ( -0.1621624308655452984, -0.7856242535774905500, 0.5970744327188931555 ) ) ;
#3475 = CARTESIAN_POINT ( 'NONE',  ( 2.244819594173136590, 5.288355694123671569, 1.138962379128457769 ) ) ;
#3476 = CARTESIAN_POINT ( 'NONE',  ( 1.874203789277685939, 4.841008666701621443, 2.199689495915636339 ) ) ;
#3477 = CARTESIAN_POINT ( 'NONE',  ( 1.384553932451160652, 5.865844756232218238, 1.582439178635763666 ) ) ;
#3478 = CARTESIAN_POINT ( 'NONE',  ( 0.9227224234631541400, 5.478009276704389308, 1.400000000000021894 ) ) ;
#3479 = CARTESIAN_POINT ( 'NONE',  ( -3.857637417314161900E-15, 10.49999999999999822, -0.6000000000000004219 ) ) ;
#3480 = CARTESIAN_POINT ( 'NONE',  ( 4.148830380558504949, 1.613912230371199463, 0.3140862951810897696 ) ) ;
#3481 = CARTESIAN_POINT ( 'NONE',  ( 3.143360172040852163, 6.168351565814107929, 1.399999999999999689 ) ) ;
#3482 = B_SPLINE_CURVE_WITH_KNOTS ( 'NONE', 3,
 ( #1735, #551, #3792, #925, #1144 ),
 .UNSPECIFIED., .F., .F.,
 ( 4, 1, 4 ),
 ( 0.0000000000000000000, 0.6956359512168475145, 1.000000000000000000 ),
 .UNSPECIFIED. ) ;
#3483 = CARTESIAN_POINT ( 'NONE',  ( 1.233340770273438025, 6.223697259858747444, 0.8273593561261214369 ) ) ;
#3484 = DIRECTION ( 'NONE',  ( 0.0000000000000000000, 1.000000000000000000, 0.0000000000000000000 ) ) ;
#3485 = EDGE_CURVE ( 'NONE', #1226, #1593, #3067, .T. ) ;
#3486 = CARTESIAN_POINT ( 'NONE',  ( 2.754302431593701694, 2.787624016025093354, 1.417976095985515217 ) ) ;
#3487 = CARTESIAN_POINT ( 'NONE',  ( 2.384140690739967372, 5.855251741487014883, 0.6851002046588888783 ) ) ;
#3488 = CARTESIAN_POINT ( 'NONE',  ( 3.404945265595108239, 0.7858211816240412428, 0.7158138100036429696 ) ) ;
#3489 = CARTESIAN_POINT ( 'NONE',  ( 1.322221060368463652, 5.974759813998363533, 1.349206997340776315 ) ) ;
#3490 = CARTESIAN_POINT ( 'NONE',  ( 1.294075349993482060, 6.209464750335769168, 1.400000000000226841 ) ) ;
#3491 = VERTEX_POINT ( 'NONE', #3064 ) ;
#3492 = CARTESIAN_POINT ( 'NONE',  ( 2.773848734492049939, 6.654918423576637210, 1.399999999999999023 ) ) ;
#3493 = ORIENTED_EDGE ( 'NONE', *, *, #1335, .T. ) ;
#3494 = CARTESIAN_POINT ( 'NONE',  ( 1.554073707215556821, 5.271313891211342195, 1.644498577016663132 ) ) ;
#3495 = CARTESIAN_POINT ( 'NONE',  ( -2.879988666447097057, 5.278077784593274480, -2.269241501337035061 ) ) ;
#3496 = CARTESIAN_POINT ( 'NONE',  ( 1.873861857623721372, 3.443565740311203438, 1.128012511059605094 ) ) ;
#3497 = CARTESIAN_POINT ( 'NONE',  ( -1.604437268511759385, 5.518357819715222767, -2.049915548066748361 ) ) ;
#3498 = CARTESIAN_POINT ( 'NONE',  ( 1.950977949457556537, 3.391391855480830220, 1.048087293093942440 ) ) ;
#3499 = CARTESIAN_POINT ( 'NONE',  ( 2.697887643815341185, 5.706726326293900975, 2.191531126776162797 ) ) ;
#3500 = CARTESIAN_POINT ( 'NONE',  ( 3.261522156184480714, 2.400279669574833186, 0.6071814981499281672 ) ) ;
#3501 = CARTESIAN_POINT ( 'NONE',  ( 1.819940294801318581, 4.810717526001960564, 2.049981250107429265 ) ) ;
#3502 = CARTESIAN_POINT ( 'NONE',  ( 1.165271817265590704, 4.783301857215557007, 1.399999999999990141 ) ) ;
#3503 = CARTESIAN_POINT ( 'NONE',  ( 2.887830117619976544, 1.950546850169561752, 1.119784342334824379 ) ) ;
#3504 = CARTESIAN_POINT ( 'NONE',  ( 3.133932245042311937, 1.187646064549692904, 0.3305314306681547132 ) ) ;
#3505 = CARTESIAN_POINT ( 'NONE',  ( -1.405226105225992228, 5.613795327500987753, -1.366096572991922109 ) ) ;
#3506 = ORIENTED_EDGE ( 'NONE', *, *, #2406, .T. ) ;
#3507 = AXIS2_PLACEMENT_3D ( 'NONE', #2247, #1385, #2536 ) ;
#3508 = EDGE_CURVE ( 'NONE', #2113, #1302, #2513, .T. ) ;
#3509 = LINE ( 'NONE', #3661, #1845 ) ;
#3510 = CARTESIAN_POINT ( 'NONE',  ( -1.584179115980608010, 5.718787259598581585, -2.028612526444098840 ) ) ;
#3511 = CARTESIAN_POINT ( 'NONE',  ( -3.418029041153439529, 0.2457713997958044794, -0.2659107272257500432 ) ) ;
#3512 = CARTESIAN_POINT ( 'NONE',  ( 2.459403507814978962, 6.526199902902490635, 0.4210311630400542238 ) ) ;
#3513 = CARTESIAN_POINT ( 'NONE',  ( 3.133804045780479441, 2.964457395469386913, 1.082145617915429403 ) ) ;
#3514 = CARTESIAN_POINT ( 'NONE',  ( -2.454917095789543868, 4.806724839532149574, -1.900000000000000133 ) ) ;
#3515 = CARTESIAN_POINT ( 'NONE',  ( 1.562360586164918130, 5.412393273841992425, 1.891913437243346374 ) ) ;
#3516 = CARTESIAN_POINT ( 'NONE',  ( 1.905812794761909457, 4.569953298025710708, 1.950264997829784575 ) ) ;
#3517 = CARTESIAN_POINT ( 'NONE',  ( 1.969297765748173168, 4.597327759334387309, 2.183419704845699361 ) ) ;
#3518 = CARTESIAN_POINT ( 'NONE',  ( 3.315050714442266955, 2.607187873211244789, 1.601462783640562604 ) ) ;
#3519 = CARTESIAN_POINT ( 'NONE',  ( -3.668439694938144591, 3.991387720253599891, -0.8295974970331608800 ) ) ;
#3520 = CARTESIAN_POINT ( 'NONE',  ( 0.0000000000000000000, 10.49999999999999822, 1.400000000000000355 ) ) ;
#3521 = ORIENTED_EDGE ( 'NONE', *, *, #1516, .T. ) ;
#3522 = CARTESIAN_POINT ( 'NONE',  ( -1.569872102182086948, 6.273093229202842736, -1.853757889379584078 ) ) ;
#3523 = DIRECTION ( 'NONE',  ( -0.0000000000000000000, -0.0000000000000000000, -1.000000000000000000 ) ) ;
#3524 = B_SPLINE_SURFACE_WITH_KNOTS ( 'NONE', 3, 3, ( 
 ( #1197, #3534, #3504, #3805, #1750 ),
 ( #2068, #2651, #888, #1793, #1544 ),
 ( #952, #1560, #2141, #1325, #814 ),
 ( #2899, #1151, #3223, #3528, #37 ),
 ( #3786, #2942, #2049, #281, #2075 ),
 ( #1786, #1816, #576, #1802, #2629 ),
 ( #3513, #3500, #2373, #22, #2346 ),
 ( #3801, #2063, #613, #588, #601 ),
 ( #1219, #2086, #919, #881, #297 ),
 ( #2659, #2645, #2953, #2688, #898 ),
 ( #3542, #2674, #908, #2965, #1192 ),
 ( #2385, #1205, #3488, #1457, #1882 ),
 ( #3295, #364, #2120, #47, #946 ),
 ( #3028, #2168, #976, #2743, #1854 ),
 ( #2423, #3322, #1527, #402, #3605 ),
 ( #2439, #2463, #2109, #1555, #2758 ),
 ( #62, #681, #2149, #353, #1831 ),
 ( #76, #3552, #2992, #2138, #991 ) ),
 .UNSPECIFIED., .T., .F., .F.,
 ( 4, 1, 1, 1, 1, 2, 2, 2, 1, 1, 1, 1, 4 ),
 ( 4, 1, 4 ),
 ( 0.0000000000000000000, 0.01249999999999995559, 0.02499999999999991118, 0.03750000000000008882, 0.05000000000000004441, 0.2499999999999999722, 0.4999999999999999445, 0.7500000000000000000, 0.9499999999999999556, 0.9625000000000000222, 0.9749999999999999778, 0.9875000000000000444, 1.000000000000000000 ),
 ( 0.0000000000000000000, 0.6956359512168475145, 1.000000000000000000 ),
 .UNSPECIFIED. ) ;
#3525 = ORIENTED_EDGE ( 'NONE', *, *, #3436, .F. ) ;
#3526 = CARTESIAN_POINT ( 'NONE',  ( -1.573600154925621109, 3.869302908019666365, -1.400000000000000577 ) ) ;
#3527 = CARTESIAN_POINT ( 'NONE',  ( 2.157566549921691390, 5.474750827824880872, 0.9817147144770984601 ) ) ;
#3528 = CARTESIAN_POINT ( 'NONE',  ( 3.376227864077185004, 0.3315382713615473986, -0.03651238254896976843 ) ) ;
#3529 = CARTESIAN_POINT ( 'NONE',  ( -4.107130758768247070, 0.3552873708352468629, -0.05804671251276239535 ) ) ;
#3530 = CARTESIAN_POINT ( 'NONE',  ( 2.532263785393010114, 5.541449998188008763, 1.190345384070477630 ) ) ;
#3531 = CARTESIAN_POINT ( 'NONE',  ( -3.559213058287466591, 3.684745750747532966, -1.712010947176781928 ) ) ;
#3532 = CARTESIAN_POINT ( 'NONE',  ( 1.499298054219020626, 5.594138427064340391, 1.829791900645754810 ) ) ;
#3533 = ORIENTED_EDGE ( 'NONE', *, *, #3255, .F. ) ;
#3534 = CARTESIAN_POINT ( 'NONE',  ( 2.888163336067103071, 2.033586484913682657, 1.006469523615213024 ) ) ;
#3535 = DIRECTION ( 'NONE',  ( 0.0000000000000000000, 0.0000000000000000000, 1.000000000000000000 ) ) ;
#3536 = CARTESIAN_POINT ( 'NONE',  ( -2.157566549921693611, 5.474750827824879984, -0.9817147144770984601 ) ) ;
#3537 = CARTESIAN_POINT ( 'NONE',  ( -1.339638374401728171, 6.143875922935283285, -1.444504259344100872 ) ) ;
#3538 = CARTESIAN_POINT ( 'NONE',  ( 2.405831386832531393, 3.754913645745464379, 1.295698253942122680 ) ) ;
#3539 = AXIS2_PLACEMENT_3D ( 'NONE', #806, #771, #1071 ) ;
#3540 = CARTESIAN_POINT ( 'NONE',  ( -1.967069330067385824, 4.736929589339938573, -2.266681011350692998 ) ) ;
#3541 = CARTESIAN_POINT ( 'NONE',  ( 1.916203635878642064, 5.449116897825819983, 2.423983647698916499 ) ) ;
#3542 = CARTESIAN_POINT ( 'NONE',  ( 3.561082497797952051, 2.253122413202639063, 2.134159391243788395 ) ) ;
#3543 = DIRECTION ( 'NONE',  ( 0.9182701871722342979, -0.3959543702886352823, 0.0000000000000000000 ) ) ;
#3544 = CARTESIAN_POINT ( 'NONE',  ( 2.126427121637005868, 5.539742132788360252, 0.8879855554057604072 ) ) ;
#3545 = CARTESIAN_POINT ( 'NONE',  ( 1.861741571842222776, 4.672218384141901382, 1.950063735689418154 ) ) ;
#3546 = ADVANCED_FACE ( 'NONE', ( #3202 ), #3071, .T. ) ;
#3547 = CARTESIAN_POINT ( 'NONE',  ( -1.658020605179852502, 5.188861688262477401, -1.989466130294171853 ) ) ;
#3548 = CARTESIAN_POINT ( 'NONE',  ( -1.407965394898010869, 5.981834771006879770, -1.670220150029420925 ) ) ;
#3549 = CARTESIAN_POINT ( 'NONE',  ( 0.0000000000000000000, 10.49999999999999822, 1.400000000000000355 ) ) ;
#3550 = CARTESIAN_POINT ( 'NONE',  ( -1.692334619561959741, 5.247819979829309034, -2.118345358430162140 ) ) ;
#3551 = CARTESIAN_POINT ( 'NONE',  ( 1.386682237677216545, 6.718685057656354154, 0.8978026669621502753 ) ) ;
#3552 = CARTESIAN_POINT ( 'NONE',  ( 2.888163336067103071, 2.033586484913682657, 1.006469523615213024 ) ) ;
#3553 = ORIENTED_EDGE ( 'NONE', *, *, #2724, .T. ) ;
#3554 = CARTESIAN_POINT ( 'NONE',  ( 1.396955960690482446, 5.942822017232483489, 1.641816819559704488 ) ) ;
#3555 = CARTESIAN_POINT ( 'NONE',  ( 3.708388899123221893, 4.919869914342528183, 1.400000000000000355 ) ) ;
#3556 = FACE_OUTER_BOUND ( 'NONE', #3618, .T. ) ;
#3557 = ORIENTED_EDGE ( 'NONE', *, *, #2520, .F. ) ;
#3558 = CARTESIAN_POINT ( 'NONE',  ( 1.475892805966896759, 5.756747183344072205, 1.822267003094460325 ) ) ;
#3559 = CARTESIAN_POINT ( 'NONE',  ( -2.789916654395598439, 2.706222723754489135, -1.328529984455740554 ) ) ;
#3560 = CARTESIAN_POINT ( 'NONE',  ( -1.866013500583963314, 4.552792004231896783, -1.770383618439908657 ) ) ;
#3561 = EDGE_CURVE ( 'NONE', #446, #3143, #2020, .T. ) ;
#3562 = CYLINDRICAL_SURFACE ( 'NONE', #1962, 0.5999999999999999778 ) ;
#3563 = CARTESIAN_POINT ( 'NONE',  ( -1.330100130885432552, 6.101006345838684730, -1.421651088305184940 ) ) ;
#3564 = CARTESIAN_POINT ( 'NONE',  ( -1.233340770273440468, 6.223697259858746555, -0.8273593561261214369 ) ) ;
#3565 = CARTESIAN_POINT ( 'NONE',  ( 1.831672833502927089, 6.419103605130299428, 1.881153075609465208 ) ) ;
#3566 = FACE_OUTER_BOUND ( 'NONE', #695, .T. ) ;
#3567 = CARTESIAN_POINT ( 'NONE',  ( 1.867205811606576837, 4.837319654401004421, 2.185111565900982988 ) ) ;
#3568 = CARTESIAN_POINT ( 'NONE',  ( -3.043575487281872327, 3.643005123315857130, -0.4264920330214136412 ) ) ;
#3569 = CARTESIAN_POINT ( 'NONE',  ( 2.218492124002728438, 5.345046280630293190, 1.103106214042303135 ) ) ;
#3570 = CARTESIAN_POINT ( 'NONE',  ( -2.998434874397763128, 2.602425749736271499, -0.9984915784814478723 ) ) ;
#3571 = VERTEX_POINT ( 'NONE', #1611 ) ;
#3572 = DIRECTION ( 'NONE',  ( -0.5928832795163784253, 0.0000000000000000000, 0.8052884060197958993 ) ) ;
#3573 = DIRECTION ( 'NONE',  ( 1.000000000000000000, 0.0000000000000000000, 0.0000000000000000000 ) ) ;
#3574 = PLANE ( 'NONE',  #2487 ) ;
#3575 = CARTESIAN_POINT ( 'NONE',  ( 2.789916654395597551, 2.706222723754490023, 1.328529984455740554 ) ) ;
#3576 = CARTESIAN_POINT ( 'NONE',  ( -1.692334619561959741, 5.247819979829309034, -2.118345358430162140 ) ) ;
#3577 = CARTESIAN_POINT ( 'NONE',  ( -1.847439540985615247, 4.826765330975701929, -2.141010846244125965 ) ) ;
#3578 = CARTESIAN_POINT ( 'NONE',  ( 1.692334619561957743, 5.247819979829309922, 2.118345358430162140 ) ) ;
#3579 = CARTESIAN_POINT ( 'NONE',  ( 2.752790940760986960, 5.846709386540584141, 1.749303134224761580 ) ) ;
#3580 = CARTESIAN_POINT ( 'NONE',  ( 2.013322991789569638, 7.024913669048832077, 1.399999999999995914 ) ) ;
#3581 = CARTESIAN_POINT ( 'NONE',  ( -1.687759388185543274, 5.080248128763489746, -1.930249275505468320 ) ) ;
#3582 = CARTESIAN_POINT ( 'NONE',  ( 3.552981295672791529, 5.280205644835381129, 1.400000000000000355 ) ) ;
#3583 = EDGE_CURVE ( 'NONE', #2113, #3736, #1745, .T. ) ;
#3584 = ORIENTED_EDGE ( 'NONE', *, *, #658, .T. ) ;
#3585 = CARTESIAN_POINT ( 'NONE',  ( -3.159343182582118992, 4.683123634228427257, -1.950000000000000400 ) ) ;
#3586 = CARTESIAN_POINT ( 'NONE',  ( 2.562524619160833961, 3.322765998793013598, 1.087363560127596607 ) ) ;
#3587 = CARTESIAN_POINT ( 'NONE',  ( -1.224323609648172662, 6.209584854239362350, -0.3000000000000003220 ) ) ;
#3588 = CARTESIAN_POINT ( 'NONE',  ( 1.393688654900210988, 5.929738626858171990, 1.632139459209729582 ) ) ;
#3589 = CARTESIAN_POINT ( 'NONE',  ( -2.144219345691133150, 3.339594812813940106, -0.8069203084940197446 ) ) ;
#3590 = CARTESIAN_POINT ( 'NONE',  ( 1.991429580539016531, 6.037567053428753105, 2.233137225040786156 ) ) ;
#3591 = CARTESIAN_POINT ( 'NONE',  ( -1.588999962030067881, 5.490600365016328865, -2.011954265500718098 ) ) ;
#3592 = B_SPLINE_SURFACE_WITH_KNOTS ( 'NONE', 3, 3, ( 
 ( #1033, #1337, #2241, #3393, #1656 ),
 ( #3102, #439, #2523, #2207, #1364 ),
 ( #2532, #3078, #450, #1326, #3089 ),
 ( #1926, #2786, #469, #2835, #3681 ),
 ( #2813, #1646, #3381, #764, #1065 ),
 ( #2823, #3369, #3667, #1942, #750 ),
 ( #3402, #1021, #712, #3129, #1311 ),
 ( #1671, #3359, #1633, #2500, #165 ),
 ( #3697, #2490, #725, #155, #1623 ),
 ( #1045, #2230, #1915, #2217, #460 ),
 ( #1056, #3115, #1729, #3231, #1743 ),
 ( #1137, #2358, #519, #1172, #2640 ),
 ( #1453, #1483, #1125, #3511, #2587 ),
 ( #876, #2331, #3472, #265, #293 ),
 ( #2938, #2026, #572, #838, #2059 ),
 ( #1783, #2897, #824, #1440, #1428 ),
 ( #277, #3461, #3757, #544, #250 ),
 ( #2613, #3768, #2, #2320, #533 ) ),
 .UNSPECIFIED., .T., .F., .F.,
 ( 4, 1, 1, 1, 1, 2, 2, 2, 1, 1, 1, 1, 4 ),
 ( 4, 1, 4 ),
 ( 0.0000000000000000000, 0.01249999999999995559, 0.02499999999999991118, 0.03750000000000008882, 0.05000000000000004441, 0.2499999999999999722, 0.4999999999999999445, 0.7500000000000000000, 0.9499999999999999556, 0.9625000000000000222, 0.9749999999999999778, 0.9875000000000000444, 1.000000000000000000 ),
 ( 0.0000000000000000000, 0.6956359512168475145, 1.000000000000000000 ),
 .UNSPECIFIED. ) ;
#3593 = CARTESIAN_POINT ( 'NONE',  ( 1.434648030982533573, 6.046655728016898657, 1.720495890366706693 ) ) ;
#3594 = CARTESIAN_POINT ( 'NONE',  ( 3.537544459785384010, 2.924499094849935865, 1.131583848909063272 ) ) ;
#3595 = DIRECTION ( 'NONE',  ( -0.3959543702886355598, -0.9182701871722344089, 0.0000000000000000000 ) ) ;
#3596 = VERTEX_POINT ( 'NONE', #166 ) ;
#3597 = SURFACE_STYLE_FILL_AREA ( #672 ) ;
#3598 = CARTESIAN_POINT ( 'NONE',  ( 3.463694379830916326, 3.977046900239288973, 1.840696336733009808 ) ) ;
#3599 = EDGE_LOOP ( 'NONE', ( #2367, #1812, #1368 ) ) ;
#3600 = FILL_AREA_STYLE_COLOUR ( '', #853 ) ;
#3602 = CARTESIAN_POINT ( 'NONE',  ( -1.531244048296803495, 5.626405960279586616, -1.929199188786720143 ) ) ;
#3601 = CIRCLE ( 'NONE', #1522, 6.699999999999999289 ) ;
#3603 = ADVANCED_FACE ( 'NONE', ( #31 ), #3353, .F. ) ;
#3604 = ORIENTED_EDGE ( 'NONE', *, *, #3185, .F. ) ;
#3605 = CARTESIAN_POINT ( 'NONE',  ( 3.453619243799833427, 0.0000000000000000000, 0.04873829586104568706 ) ) ;
#3606 = CARTESIAN_POINT ( 'NONE',  ( -2.921145747725429676, 2.609158652106331022, -1.084798209321322870 ) ) ;
#3607 = CIRCLE ( 'NONE', #1155, 7.500000000000000000 ) ;
#3608 = CARTESIAN_POINT ( 'NONE',  ( -1.757814385726698569, 5.094192715954898532, -2.156355320937775932 ) ) ;
#3609 = CARTESIAN_POINT ( 'NONE',  ( 2.717332894409128841, 2.867000322792729428, 1.492246349996950716 ) ) ;
#3610 = FILL_AREA_STYLE_COLOUR ( '', #367 ) ;
#3611 = DIRECTION ( 'NONE',  ( 0.6088253388220343787, 0.0000000000000000000, 0.7933042964766010563 ) ) ;
#3612 = CARTESIAN_POINT ( 'NONE',  ( -2.998434874397763128, 2.602425749736271499, -0.9984915784814478723 ) ) ;
#3613 = LINE ( 'NONE', #3266, #2714 ) ;
#3614 = AXIS2_PLACEMENT_3D ( 'NONE', #2745, #3060, #394 ) ;
#3615 = B_SPLINE_CURVE_WITH_KNOTS ( 'NONE', 3,
 ( #1580, #1614, #645, #2434, #704, #957 ),
 .UNSPECIFIED., .F., .F.,
 ( 4, 2, 4 ),
 ( 0.0000000000000000000, 0.0003554901524451654048, 0.0007109803048903308095 ),
 .UNSPECIFIED. ) ;
#3616 = DIRECTION ( 'NONE',  ( 0.0000000000000000000, 1.000000000000000000, 0.0000000000000000000 ) ) ;
#3617 = CARTESIAN_POINT ( 'NONE',  ( 2.606777818441603500, 3.291695238780095956, 1.115845767126407484 ) ) ;
#3618 = EDGE_LOOP ( 'NONE', ( #1256, #1613, #1461, #357 ) ) ;
#3619 = CARTESIAN_POINT ( 'NONE',  ( -1.332865458123630331, 6.115405496720446088, -1.429438655742495845 ) ) ;
#3620 = CARTESIAN_POINT ( 'NONE',  ( -2.420260337248528071, 3.401243777960631931, -0.5999999999999816591 ) ) ;
#3621 = CARTESIAN_POINT ( 'NONE',  ( 2.393996259710794217, 5.081504257522025725, 2.553552719563844331 ) ) ;
#3622 = CARTESIAN_POINT ( 'NONE',  ( -1.444321485640157166, 5.831091395541183608, -1.761274870928619674 ) ) ;
#3623 = DIRECTION ( 'NONE',  ( -3.673940397442059375E-16, 1.000000000000000000, 0.0000000000000000000 ) ) ;
#3624 = ADVANCED_FACE ( 'NONE', ( #2798 ), #2706, .T. ) ;
#3625 = CARTESIAN_POINT ( 'NONE',  ( 3.901962770910186507, 2.636214645376611987, 1.722672042652706237 ) ) ;
#3626 = CARTESIAN_POINT ( 'NONE',  ( 3.859637903760597677, 4.382944039279626836, 1.205779950624754848 ) ) ;
#3627 = ORIENTED_EDGE ( 'NONE', *, *, #1893, .T. ) ;
#3628 = CARTESIAN_POINT ( 'NONE',  ( 3.284784313353877661, 4.458834861095404278, 1.394777538600741940 ) ) ;
#3629 = CARTESIAN_POINT ( 'NONE',  ( 2.293045980479944568, 3.399293692506070386, 0.9371059237002681286 ) ) ;
#3630 = DIRECTION ( 'NONE',  ( 0.04833766493633716993, -0.7031789642738726087, -0.7093678977450462719 ) ) ;
#3631 = CARTESIAN_POINT ( 'NONE',  ( 2.459403507814978962, 6.526199902902490635, 0.4210311630400542238 ) ) ;
#3632 = CARTESIAN_POINT ( 'NONE',  ( -1.499298054219024401, 5.594138427064344832, -1.829791900645769465 ) ) ;
#3633 = CARTESIAN_POINT ( 'NONE',  ( -2.477764306196721389, 3.365356486486579701, -1.036258718207275553 ) ) ;
#3634 = EDGE_CURVE ( 'NONE', #2927, #789, #1227, .T. ) ;
#3635 = CARTESIAN_POINT ( 'NONE',  ( 3.541098443217662428, 2.980241055341994905, 1.189296821182054709 ) ) ;
#3636 = CARTESIAN_POINT ( 'NONE',  ( -3.558120453779945791, 2.970072736603916130, -1.189999226211279515 ) ) ;
#3637 = DIRECTION ( 'NONE',  ( 0.0000000000000000000, 0.0000000000000000000, -1.000000000000000000 ) ) ;
#3638 = B_SPLINE_CURVE_WITH_KNOTS ( 'NONE', 3,
 ( #318, #1209, #922, #1791, #2124, #3531 ),
 .UNSPECIFIED., .F., .F.,
 ( 4, 2, 4 ),
 ( 1.098488248806965540E-05, 0.0004526138367881070521, 0.0008942427910881443811 ),
 .UNSPECIFIED. ) ;
#3639 = CARTESIAN_POINT ( 'NONE',  ( -2.387012776386573609, 6.257589266799780781, -1.766748230638431671 ) ) ;
#3640 = CARTESIAN_POINT ( 'NONE',  ( 3.474558840762386858, 2.844004395397266460, 1.032421260632208737 ) ) ;
#3641 = CARTESIAN_POINT ( 'NONE',  ( 2.512771569442896702, 3.233524436424674242, 1.712010947176776599 ) ) ;
#3642 = ORIENTED_EDGE ( 'NONE', *, *, #2589, .F. ) ;
#3643 = CARTESIAN_POINT ( 'NONE',  ( -2.352170521167218809, 3.378029136398422949, -0.6322493546460884462 ) ) ;
#3644 = CARTESIAN_POINT ( 'NONE',  ( 1.755703686576925326, 5.313978343874506294, 2.231651423078423679 ) ) ;
#3645 = ORIENTED_EDGE ( 'NONE', *, *, #2256, .F. ) ;
#3646 = CARTESIAN_POINT ( 'NONE',  ( -3.371445412458616175, 0.3232447833547716365, 0.008910518451434203471 ) ) ;
#3647 = CARTESIAN_POINT ( 'NONE',  ( -2.955437548028722716, 5.155941964101685926, -1.949410708672255854 ) ) ;
#3648 = DIRECTION ( 'NONE',  ( 0.3959543702886355043, 0.9182701871722341869, 0.0000000000000000000 ) ) ;
#3649 = CARTESIAN_POINT ( 'NONE',  ( -3.538300688385271897, 2.926857262920294023, -1.134546312020485948 ) ) ;
#3650 = CARTESIAN_POINT ( 'NONE',  ( 3.380643113815982925, 3.805362489792113667, 0.6246628887303103950 ) ) ;
#3651 = CARTESIAN_POINT ( 'NONE',  ( -2.755138206607239404, 5.824172712773650673, -1.399999999992302069 ) ) ;
#3652 = CARTESIAN_POINT ( 'NONE',  ( -3.079622575038104770, 2.608284539771457577, -0.9310880541549271250 ) ) ;
#3653 = CARTESIAN_POINT ( 'NONE',  ( 1.545340569021593558, 5.657543360383828102, 1.965016839936291948 ) ) ;
#3654 = EDGE_CURVE ( 'NONE', #243, #1543, #3638, .T. ) ;
#3655 = CARTESIAN_POINT ( 'NONE',  ( -1.224636182978896537, 6.207892531744550801, -0.4251210788775311999 ) ) ;
#3656 = ORIENTED_EDGE ( 'NONE', *, *, #227, .T. ) ;
#3657 = CARTESIAN_POINT ( 'NONE',  ( -3.453619243799832983, -1.268839125717950479E-15, 0.04873829586104587441 ) ) ;
#3658 = CARTESIAN_POINT ( 'NONE',  ( -1.903867196644290605, 6.529021256120122629, -1.661460135189669174 ) ) ;
#3659 = DIRECTION ( 'NONE',  ( 0.9182701871722342979, -0.3959543702886353378, 0.0000000000000000000 ) ) ;
#3660 = DIRECTION ( 'NONE',  ( -3.673940397442059375E-16, 1.000000000000000000, 0.0000000000000000000 ) ) ;
#3661 = CARTESIAN_POINT ( 'NONE',  ( 3.750000000000000000, -25.00000000000000000, 0.3000000000000018763 ) ) ;
#3662 = CARTESIAN_POINT ( 'NONE',  ( -2.595108264680304089, 6.212270780576036877, -1.436606219433993692 ) ) ;
#3663 = CARTESIAN_POINT ( 'NONE',  ( -3.139140788855709907, 6.166951084933693039, -1.399999999999958611 ) ) ;
#3664 = CARTESIAN_POINT ( 'NONE',  ( -1.834032512597313369, 3.470512818717117920, -1.169292753497995996 ) ) ;
#3665 = CARTESIAN_POINT ( 'NONE',  ( 1.889164105544683503, 4.848760604343300251, 2.227929926387120396 ) ) ;
#3666 = CARTESIAN_POINT ( 'NONE',  ( -1.665591174484857717, 5.207121045150631566, -2.033228992917308187 ) ) ;
#3667 = CARTESIAN_POINT ( 'NONE',  ( -3.217269495966077919, 1.518749800605704747, -0.1031318945671349796 ) ) ;
#3668 = ORIENTED_EDGE ( 'NONE', *, *, #891, .F. ) ;
#3669 = CARTESIAN_POINT ( 'NONE',  ( -3.377446739843653400, 3.800566445876245592, -0.8482921136028165332 ) ) ;
#3670 = CARTESIAN_POINT ( 'NONE',  ( -2.864755382521081639, 5.505883733258635004, -1.400000000022683544 ) ) ;
#3671 = ORIENTED_EDGE ( 'NONE', *, *, #3063, .F. ) ;
#3672 = ORIENTED_EDGE ( 'NONE', *, *, #633, .T. ) ;
#3673 = CARTESIAN_POINT ( 'NONE',  ( 1.575955999166648080, 5.463226421807291011, 1.972825182480783646 ) ) ;
#3674 = CARTESIAN_POINT ( 'NONE',  ( -2.443328287559597189, 3.744214823449645735, -1.292395937706389164 ) ) ;
#3675 = CARTESIAN_POINT ( 'NONE',  ( 1.332865458123628111, 6.115405496720446976, 1.429438655742495845 ) ) ;
#3676 = CARTESIAN_POINT ( 'NONE',  ( -1.405226105225992228, 5.613795327500987753, -1.366096572991922109 ) ) ;
#3677 =( GEOMETRIC_REPRESENTATION_CONTEXT ( 3 ) GLOBAL_UNCERTAINTY_ASSIGNED_CONTEXT ( ( #496 ) ) GLOBAL_UNIT_ASSIGNED_CONTEXT ( ( #443, #744, #729 ) ) REPRESENTATION_CONTEXT ( 'NONE', 'WORKASPACE' ) );
#3678 = CARTESIAN_POINT ( 'NONE',  ( -3.818311087080815902, 2.439027858351038525, -0.7077808135571050929 ) ) ;
#3679 = EDGE_CURVE ( 'NONE', #563, #2648, #1565, .T. ) ;
#3680 = CARTESIAN_POINT ( 'NONE',  ( -1.874203789277687715, 4.841008666701620555, -2.199689495915636339 ) ) ;
#3681 = CARTESIAN_POINT ( 'NONE',  ( -3.453619243799832983, -1.268839125717950479E-15, 0.04873829586104587441 ) ) ;
#3682 = CARTESIAN_POINT ( 'NONE',  ( -3.708388899123224114, 4.919869914342528183, -1.400000000000000133 ) ) ;
#3683 = CARTESIAN_POINT ( 'NONE',  ( -3.369404230750884022, 0.3148124175497622468, -0.01963384052960355855 ) ) ;
#3684 = CARTESIAN_POINT ( 'NONE',  ( -1.752933423787024214, 6.608589498273486740, -1.613361671691185162 ) ) ;
#3685 = CARTESIAN_POINT ( 'NONE',  ( -3.750000000000000000, -1.377727649040772192E-15, 0.0000000000000000000 ) ) ;
#3686 = EDGE_LOOP ( 'NONE', ( #3405, #1412, #985, #3181 ) ) ;
#3687 = CIRCLE ( 'NONE', #1598, 0.3000000000000018763 ) ;
#3688 = CARTESIAN_POINT ( 'NONE',  ( -2.247603381696255731, 3.847918455589580677, -1.350593635549184546 ) ) ;
#3689 = CARTESIAN_POINT ( 'NONE',  ( 1.916203635878642064, 5.449116897825819983, 2.423983647698916499 ) ) ;
#3690 = ORIENTED_EDGE ( 'NONE', *, *, #331, .F. ) ;
#3691 = CIRCLE ( 'NONE', #2844, 0.5999999999999997558 ) ;
#3692 = ORIENTED_EDGE ( 'NONE', *, *, #132, .T. ) ;
#3693 = CARTESIAN_POINT ( 'NONE',  ( -1.512371522905973986, 5.565930744448898793, -1.854387777301909290 ) ) ;
#3694 = CARTESIAN_POINT ( 'NONE',  ( -3.133804045780480330, 2.964457395469385581, -1.082145617915429403 ) ) ;
#3695 = ADVANCED_FACE ( 'NONE', ( #850 ), #1530, .F. ) ;
#3696 = CARTESIAN_POINT ( 'NONE',  ( -1.226564455325961367, 6.353288293330902725, -0.4278583180913634321 ) ) ;
#3697 = CARTESIAN_POINT ( 'NONE',  ( -3.944953522853805516, 2.840470537491925018, -1.465590363165937049 ) ) ;
#3698 = CARTESIAN_POINT ( 'NONE',  ( 1.294439011627310565, 6.164712379849262014, 1.268258479654102988 ) ) ;
#3699 = DIRECTION ( 'NONE',  ( 0.0000000000000000000, 1.000000000000000000, 0.0000000000000000000 ) ) ;
#3700 = CIRCLE ( 'NONE', #809, 0.6000000000000000888 ) ;
#3701 = CARTESIAN_POINT ( 'NONE',  ( -1.634962471703377052, 6.904582691050320520, -0.5763147137974159451 ) ) ;
#3702 = CARTESIAN_POINT ( 'NONE',  ( -1.259885839262346430, 4.557932268171841272, -1.399999999999992362 ) ) ;
#3703 = CARTESIAN_POINT ( 'NONE',  ( 2.191008900776516111, 3.331492377561392271, 0.7446738045490195468 ) ) ;
#3704 = CARTESIAN_POINT ( 'NONE',  ( -1.934616354941635974, 4.705632990394796877, -1.496649497927859063 ) ) ;
#3705 = AXIS2_PLACEMENT_3D ( 'NONE', #2093, #905, #2369 ) ;
#3706 = EDGE_CURVE ( 'NONE', #3741, #425, #715, .T. ) ;
#3707 = CARTESIAN_POINT ( 'NONE',  ( -1.384383380886055948, 5.828870178880522168, -1.551848388353890051 ) ) ;
#3708 = CARTESIAN_POINT ( 'NONE',  ( -3.371434866346837644, 0.2983699166423857130, -0.07646561450929327541 ) ) ;
#3709 = CARTESIAN_POINT ( 'NONE',  ( 1.221521993010699525, 6.304142329447128823, 0.4269690646624403896 ) ) ;
#3710 = CARTESIAN_POINT ( 'NONE',  ( 3.197663903537210750, 6.058914372615738841, 1.400000000000001910 ) ) ;
#3711 = CARTESIAN_POINT ( 'NONE',  ( -2.121771394755326501, 4.961916239176826338, -2.506642906283339745 ) ) ;
#3712 = AXIS2_PLACEMENT_3D ( 'NONE', #3520, #2983, #1168 ) ;
#3713 = CARTESIAN_POINT ( 'NONE',  ( -0.9312672706934655986, 6.208118215210630453, -1.400000000000000133 ) ) ;
#3714 = CARTESIAN_POINT ( 'NONE',  ( 3.134010062021240550, 1.200196141935764294, 0.3210133672389750004 ) ) ;
#3715 = CARTESIAN_POINT ( 'NONE',  ( -2.481608602809141750, 6.876690268228542458, -1.400000000000000799 ) ) ;
#3716 = ORIENTED_EDGE ( 'NONE', *, *, #940, .T. ) ;
#3717 = CARTESIAN_POINT ( 'NONE',  ( -3.036013611326774164, 5.189792908917493897, -1.906424691615231870 ) ) ;
#3718 = CARTESIAN_POINT ( 'NONE',  ( -4.103159384395294040, 0.3051878615501643077, -0.2477428232585451306 ) ) ;
#3719 = CARTESIAN_POINT ( 'NONE',  ( 1.339638374401725951, 6.143875922935284173, 1.444504259344100872 ) ) ;
#3720 = CARTESIAN_POINT ( 'NONE',  ( 1.238586244322093632, 6.320250460180410812, 0.8428516780552741672 ) ) ;
#3721 = ORIENTED_EDGE ( 'NONE', *, *, #2669, .T. ) ;
#3722 = CARTESIAN_POINT ( 'NONE',  ( -1.386682237677218987, 6.718685057656353266, -0.8978026669621502753 ) ) ;
#3723 = CARTESIAN_POINT ( 'NONE',  ( -1.905812794761911455, 4.569953298025709820, -1.950264997829784575 ) ) ;
#3724 = CARTESIAN_POINT ( 'NONE',  ( 2.919865518430071027, 2.118382134777961667, 0.8992847295112675887 ) ) ;
#3725 = CARTESIAN_POINT ( 'NONE',  ( -2.754302431593698142, 2.787624016025125773, -1.417976095985524321 ) ) ;
#3726 = EDGE_CURVE ( 'NONE', #3736, #3305, #3289, .T. ) ;
#3727 = CARTESIAN_POINT ( 'NONE',  ( 1.323150457420587456, 6.058022790959433301, 1.398071864791361474 ) ) ;
#3728 = CARTESIAN_POINT ( 'NONE',  ( -2.375170652590954390, 5.869518693267209208, -0.5237775266618676095 ) ) ;
#3729 = ORIENTED_EDGE ( 'NONE', *, *, #3006, .F. ) ;
#3730 = AXIS2_PLACEMENT_3D ( 'NONE', #811, #1694, #1126 ) ;
#3731 = CARTESIAN_POINT ( 'NONE',  ( -2.884065454096269132, 1.977291909212770094, -1.082235016314956777 ) ) ;
#3732 = CARTESIAN_POINT ( 'NONE',  ( 1.941672013632275595, 4.725088032169487029, 2.227091691702612675 ) ) ;
#3733 = CARTESIAN_POINT ( 'NONE',  ( 1.531244048296801497, 5.626405960279587504, 1.929199188786720143 ) ) ;
#3734 = CARTESIAN_POINT ( 'NONE',  ( 2.333403953251641294, 6.317303557642254930, 1.747475256700152579 ) ) ;
#3735 = CARTESIAN_POINT ( 'NONE',  ( -2.591020234082844986, 5.958498762663503534, -2.076025035056642043 ) ) ;
#3736 = VERTEX_POINT ( 'NONE', #381 ) ;
#3737 = CYLINDRICAL_SURFACE ( 'NONE', #3712, 7.500000000000000000 ) ;
#3738 = CARTESIAN_POINT ( 'NONE',  ( -2.343296412723227196, 3.550261742267327048, -1.862479960054964634 ) ) ;
#3739 = CARTESIAN_POINT ( 'NONE',  ( 3.217269495966077475, 1.518749800605705857, 0.1031318945671349796 ) ) ;
#3740 = CARTESIAN_POINT ( 'NONE',  ( -2.091154034933100370, 3.349302898912338566, -0.8791920287271555168 ) ) ;
#3741 = VERTEX_POINT ( 'NONE', #697 ) ;
#3742 = CARTESIAN_POINT ( 'NONE',  ( 1.676791482344655027, 5.226714809081304480, 2.076315855996915705 ) ) ;
#3743 = CARTESIAN_POINT ( 'NONE',  ( -2.178739585367160281, 5.430011983553249877, -1.031152745414280592 ) ) ;
#3744 = CARTESIAN_POINT ( 'NONE',  ( 1.629251964841116118, 4.450856381959626518, 1.457716786208473447 ) ) ;
#3745 = CIRCLE ( 'NONE', #3136, 0.2999999999999991562 ) ;
#3746 = CARTESIAN_POINT ( 'NONE',  ( -3.974289277842452783, 1.919280871578952885, -1.460427000805402331 ) ) ;
#3747 = CARTESIAN_POINT ( 'NONE',  ( 1.299492043322961310, 6.194801208589858277, 1.281333810704107234 ) ) ;
#3748 = CARTESIAN_POINT ( 'NONE',  ( 1.320789579674882086, 6.015929167045563020, 1.373849514969913921 ) ) ;
#3749 = CARTESIAN_POINT ( 'NONE',  ( 3.008593899475682676, 6.374206192106766977, 1.399999999999969491 ) ) ;
#3750 = TOROIDAL_SURFACE ( 'NONE', #1393, 6.699999999999999289, 0.8000000000000000444 ) ;
#3751 = CARTESIAN_POINT ( 'NONE',  ( 1.491742944166263962, 5.937499026297804683, 1.848678919397052312 ) ) ;
#3752 = CARTESIAN_POINT ( 'NONE',  ( -1.490515213622303659, 5.601466580336914802, -1.827076156526001638 ) ) ;
#3753 = CARTESIAN_POINT ( 'NONE',  ( 2.886320169372091904, 2.023957405705301582, 1.019116056938398573 ) ) ;
#3754 = CARTESIAN_POINT ( 'NONE',  ( 1.161435510527606629, 4.781836506616116367, 1.400000000000000577 ) ) ;
#3755 = CARTESIAN_POINT ( 'NONE',  ( 1.717166960096490502, 5.050748447291776522, 2.023442210372351280 ) ) ;
#3756 = CARTESIAN_POINT ( 'NONE',  ( -2.487993891076398345, 5.637973626525085713, -1.106946705203600834 ) ) ;
#3757 = CARTESIAN_POINT ( 'NONE',  ( -3.133854428063383324, 1.175095987163620403, -0.3400494940973343150 ) ) ;
#3758 = EDGE_CURVE ( 'NONE', #1087, #189, #1600, .T. ) ;
#3759 = CARTESIAN_POINT ( 'NONE',  ( 1.356741133272172606, 4.333428314165711726, 1.400000000000000355 ) ) ;
#3760 = CARTESIAN_POINT ( 'NONE',  ( -3.139587065637321039, 1.115014839940534186, -0.3874289492786707756 ) ) ;
#3761 = CARTESIAN_POINT ( 'NONE',  ( 2.017437772806824903, 4.618085534602357711, 2.265916590379659201 ) ) ;
#3762 = EDGE_LOOP ( 'NONE', ( #3262, #1387 ) ) ;
#3763 = CARTESIAN_POINT ( 'NONE',  ( 2.950936015981993066, 5.284887611503886973, 1.399999999977105780 ) ) ;
#3764 = CARTESIAN_POINT ( 'NONE',  ( 2.767852375579854751, 2.325482324436539017, 1.823511646268159314 ) ) ;
#3765 = ORIENTED_EDGE ( 'NONE', *, *, #1765, .T. ) ;
#3766 = CARTESIAN_POINT ( 'NONE',  ( 1.552516534340043330, 5.565012090674680501, 1.048958290931799819 ) ) ;
#3767 = CARTESIAN_POINT ( 'NONE',  ( -1.646622830119007341, 6.870322459156043671, -0.9042598410078909188 ) ) ;
#3768 = CARTESIAN_POINT ( 'NONE',  ( -2.888163336067103959, 2.033586484913681769, -1.006469523615213024 ) ) ;
#3769 = DIRECTION ( 'NONE',  ( 0.0000000000000000000, 0.8076857560047386864, -0.5896131948549437896 ) ) ;
#3770 = CARTESIAN_POINT ( 'NONE',  ( 2.413014300413449220, 5.798238007724485499, 0.8703508865466961231 ) ) ;
#3771 = CARTESIAN_POINT ( 'NONE',  ( -7.500000000000003553, 10.49999999999999822, -0.6000000000000004219 ) ) ;
#3772 = CARTESIAN_POINT ( 'NONE',  ( 1.388484493730913316, 5.903826696105720195, 1.612520102149744172 ) ) ;
#3773 = CARTESIAN_POINT ( 'NONE',  ( 1.987192617678361195, 6.701452169036477002, 1.399999999999162137 ) ) ;
#3774 = CARTESIAN_POINT ( 'NONE',  ( 4.134083746947410987, 3.932627653814326774, 2.000000000000000444 ) ) ;
#3775 = CARTESIAN_POINT ( 'NONE',  ( 2.728138657974335413, 2.578161101045876258, 1.480253524628416084 ) ) ;
#3776 = CARTESIAN_POINT ( 'NONE',  ( 2.481608602809135089, 6.876690268228548675, 1.399999999999990363 ) ) ;
#3777 = AXIS2_PLACEMENT_3D ( 'NONE', #3043, #2146, #3057 ) ;
#3778 = EDGE_CURVE ( 'NONE', #3056, #592, #2101, .T. ) ;
#3779 = CARTESIAN_POINT ( 'NONE',  ( 1.679983997440305465, 4.981371631610798545, 1.749834903253995266 ) ) ;
#3780 = CARTESIAN_POINT ( 'NONE',  ( -1.996679119663055779, 5.258752408535378287, -2.471941011611471950 ) ) ;
#3781 = ORIENTED_EDGE ( 'NONE', *, *, #1940, .F. ) ;
#3782 = VECTOR ( 'NONE', #604, 1000.000000000000227 ) ;
#3783 = CARTESIAN_POINT ( 'NONE',  ( 2.776185088109993426, 2.738647840106503750, 1.369497078218684161 ) ) ;
#3784 = AXIS2_PLACEMENT_3D ( 'NONE', #2663, #936, #1832 ) ;
#3785 = CARTESIAN_POINT ( 'NONE',  ( 2.326844011083982089, 6.583319540387168267, 1.452388936165146527 ) ) ;
#3786 = CARTESIAN_POINT ( 'NONE',  ( 2.763366328197812916, 2.668011792183822006, 1.371596590138565830 ) ) ;
#3787 = CARTESIAN_POINT ( 'NONE',  ( -2.485030201561860608, 3.221562471412940720, -1.900000000000000133 ) ) ;
#3788 = VECTOR ( 'NONE', #777, 1000.000000000000227 ) ;
#3789 = CARTESIAN_POINT ( 'NONE',  ( 1.726888821731422219, 5.063738227680699922, 2.068563925007028459 ) ) ;
#3790 = CARTESIAN_POINT ( 'NONE',  ( 1.445852405639113103, 6.080831529081256903, 1.714257396005373302 ) ) ;
#3791 = VERTEX_POINT ( 'NONE', #3570 ) ;
#3792 = CARTESIAN_POINT ( 'NONE',  ( 4.141933674959744849, 1.356317221997760614, 0.5065875409551514608 ) ) ;
#3793 = CARTESIAN_POINT ( 'NONE',  ( 3.566795042200064714, 0.2200129083023749654, 0.3846440427572351273 ) ) ;
#3794 = CARTESIAN_POINT ( 'NONE',  ( -2.860206999631343283, 3.627737652354142917, -1.392751823502605735 ) ) ;
#3795 = CARTESIAN_POINT ( 'NONE',  ( 1.479835058573840456, 5.716026485751911856, 0.3000000000000003220 ) ) ;
#3796 = CIRCLE ( 'NONE', #757, 0.6000000000000009770 ) ;
#3797 = CARTESIAN_POINT ( 'NONE',  ( -1.335377931642318883, 6.309781587705736605, -1.327947199818665602 ) ) ;
#3798 = CARTESIAN_POINT ( 'NONE',  ( 2.512771569443026376, 3.233524436424100035, 1.712010947176966225 ) ) ;
#3799 = CARTESIAN_POINT ( 'NONE',  ( 2.766797657678619959, 5.544665842341053086, 2.234468425384854129 ) ) ;
#3800 = ORIENTED_EDGE ( 'NONE', *, *, #1823, .T. ) ;
#3801 = CARTESIAN_POINT ( 'NONE',  ( 3.716870078025552804, 2.993293955715219390, 1.202560594818258055 ) ) ;
#3802 = CARTESIAN_POINT ( 'NONE',  ( 1.899386238365353474, 4.704899162175377292, 2.140124273178940939 ) ) ;
#3803 = CARTESIAN_POINT ( 'NONE',  ( 1.279503307754097374, 6.120454122180241541, 1.400000000000133138 ) ) ;
#3804 = CARTESIAN_POINT ( 'NONE',  ( 3.453619243799833427, 0.0000000000000000000, 0.04873829586104568706 ) ) ;
#3805 = CARTESIAN_POINT ( 'NONE',  ( 3.369404230750884022, 0.3148124175497635235, 0.01963384052960355855 ) ) ;
#3806 = CARTESIAN_POINT ( 'NONE',  ( -1.531159542739125801, 5.612070601875570830, -0.9614636333052664074 ) ) ;
ENDSEC;
END-ISO-10303-21;
