ISO-10303-21;
HEADER;
FILE_DESCRIPTION (( 'STEP AP203' ),
    '1' );
FILE_NAME ('95836A209_Black-Oxide 18-8 Stainless Steel Pan Head Phillips Screws.STEP',
    '2026-01-08T10:42:42',
    ( 'McMaster Carr Supply' ),
    ( 'McMaster Carr Supply' ),
    'SwSTEP 2.0',
    'SolidWorks 2024',
    '' );
FILE_SCHEMA (( 'CONFIG_CONTROL_DESIGN' ));
ENDSEC;

DATA;
#1 = EDGE_LOOP ( 'NONE', ( #3945, #1244, #1117, #2108 ) ) ;
#2 = CARTESIAN_POINT ( 'NONE',  ( 1.310756855676673327, -0.7567658234670897599, 0.08114583333333541537 ) ) ;
#3 = EDGE_CURVE ( 'NONE', #5088, #2120, #765, .T. ) ;
#4 = VERTEX_POINT ( 'NONE', #6277 ) ;
#5 = CARTESIAN_POINT ( 'NONE',  ( 0.2443528623747595885, -0.5899199943498315557, 6.259999999999999787 ) ) ;
#6 = CARTESIAN_POINT ( 'NONE',  ( 1.017788105676674437, -0.5876202367904426183, 2.823333333333336359 ) ) ;
#7 = DIRECTION ( 'NONE',  ( 0.000000000000000000, -0.9925461516413217611, 0.1218693434051494884 ) ) ;
#8 = B_SPLINE_CURVE_WITH_KNOTS ( 'NONE', 3,
 ( #2697, #3136, #729, #4605, #4086, #3581, #1746, #5531, #6097, #2602, #1174, #6127, #1273, #3677, #4123, #255 ),
 .UNSPECIFIED., .F., .F.,
 ( 4, 3, 3, 3, 3, 4 ),
 ( 0.000000000000000000, 1.057880444045549139E-05, 2.116330739910335130E-05, 3.166998053641271652E-05, 4.214963376976413258E-05, 4.711136014189866748E-05 ),
 .UNSPECIFIED. ) ;
#9 = EDGE_CURVE ( 'NONE', #4777, #1140, #4793, .T. ) ;
#10 = EDGE_LOOP ( 'NONE', ( #3630, #1024, #4274, #686 ) ) ;
#11 = CARTESIAN_POINT ( 'NONE',  ( 0.2609742164721196578, -1.182412698931619710, -6.259999999999997122 ) ) ;
#12 = CARTESIAN_POINT ( 'NONE',  ( 1.357050807568899176, -1.512294861022815158E-14, -3.572499999999996678 ) ) ;
#13 = ORIENTED_EDGE ( 'NONE', *, *, #1295, .F. ) ;
#14 = CARTESIAN_POINT ( 'NONE',  ( 1.299038105676672217, 0.7499999999999933387, -0.2808333333333293824 ) ) ;
#15 = CARTESIAN_POINT ( 'NONE',  ( -1.357050807568899176, -1.552095881995104081E-14, -0.3224999999999972888 ) ) ;
#16 = CARTESIAN_POINT ( 'NONE',  ( 0.1051267183062895294, 1.691972523627178990E-15, 4.596799999999999997 ) ) ;
#17 = ADVANCED_FACE ( 'NONE', ( #2468 ), #25, .T. ) ;
#18 = CARTESIAN_POINT ( 'NONE',  ( -1.328023899308126587, -0.2870500636019572283, 6.078446747423949859 ) ) ;
#19 = CARTESIAN_POINT ( 'NONE',  ( 0.000000000000000000, -4.151552649109528287E-16, 3.390000000000000568 ) ) ;
#20 = DIRECTION ( 'NONE',  ( 0.1218693434051478647, 0.000000000000000000, -0.9925461516413219831 ) ) ;
#21 = CARTESIAN_POINT ( 'NONE',  ( 1.747675807568897621, -1.527985648136890047E-14, -2.877187499999997566 ) ) ;
#22 = COORDINATED_UNIVERSAL_TIME_OFFSET ( 6, 0, .BEHIND. ) ;
#23 = CARTESIAN_POINT ( 'NONE',  ( -1.017788105676674881, 0.5876202367904108659, 0.5733333333333362480 ) ) ;
#24 = CARTESIAN_POINT ( 'NONE',  ( 1.017788105676674215, -0.5876202367904428403, -3.176666666666663641 ) ) ;
#25 = CYLINDRICAL_SURFACE ( 'NONE', #2041, 1.500000000000000888 ) ;
#26 = CARTESIAN_POINT ( 'NONE',  ( 1.439254484199213045E-16, -1.175240473580870360, 2.802500000000002434 ) ) ;
#27 = CARTESIAN_POINT ( 'NONE',  ( -1.017788105676674437, 0.5876202367904126422, -4.426666666666664085 ) ) ;
#28 = CARTESIAN_POINT ( 'NONE',  ( 0.8660254037844532515, -1.500000000000022649, -2.905833333333327939 ) ) ;
#29 = CARTESIAN_POINT ( 'NONE',  ( -2.878508968398425596E-16, 1.175240473580839273, -0.5099999999999970113 ) ) ;
#30 = CARTESIAN_POINT ( 'NONE',  ( 0.8660254037844468122, -1.500000000000035527, -0.4683333333333321025 ) ) ;
#31 = CARTESIAN_POINT ( 'NONE',  ( 1.017788105676675103, 0.5876202367904115320, -3.530833333333330160 ) ) ;
#32 = VERTEX_POINT ( 'NONE', #2904 ) ;
#33 = CARTESIAN_POINT ( 'NONE',  ( 1.853541686826127979E-16, -1.513531646934165087, 0.9978125000000017675 ) ) ;
#34 = ORIENTED_EDGE ( 'NONE', *, *, #5375, .T. ) ;
#35 = CARTESIAN_POINT ( 'NONE',  ( 0.000000000000000000, 1.175240473580839939, -5.509999999999996234 ) ) ;
#36 = CARTESIAN_POINT ( 'NONE',  ( 1.017788105676674437, -0.5876202367904427293, 3.323333333333335915 ) ) ;
#37 = CARTESIAN_POINT ( 'NONE',  ( 0.000000000000000000, 2.070106209874711453E-15, 4.596799999999999997 ) ) ;
#38 = DIRECTION ( 'NONE',  ( 0.000000000000000000, -1.000000000000000000, 0.000000000000000000 ) ) ;
#39 = ORIENTED_EDGE ( 'NONE', *, *, #518, .F. ) ;
#40 = CARTESIAN_POINT ( 'NONE',  ( 0.000000000000000000, -3.168163357082304046E-16, 6.259999999999999787 ) ) ;
#41 = CARTESIAN_POINT ( 'NONE',  ( -1.357050807568899176, -1.488241553461028395E-14, -2.822499999999996678 ) ) ;
#42 = ORIENTED_EDGE ( 'NONE', *, *, #3533, .T. ) ;
#43 = CARTESIAN_POINT ( 'NONE',  ( -0.8660254037844492547, 1.500000000000001110, 1.781666666666668286 ) ) ;
#44 = EDGE_CURVE ( 'NONE', #2319, #998, #2401, .T. ) ;
#45 = VECTOR ( 'NONE', #5625, 1000.000000000000000 ) ;
#46 = CARTESIAN_POINT ( 'NONE',  ( 1.017788105676674437, 0.5876202367904119761, 0.4691666666666698404 ) ) ;
#47 = CARTESIAN_POINT ( 'NONE',  ( 0.8660254037844526964, -1.500000000000024869, 1.094166666666670951 ) ) ;
#48 = CARTESIAN_POINT ( 'NONE',  ( -3.673940397442101283E-16, 1.500000000000001332, 1.240000000000002212 ) ) ;
#49 = AXIS2_PLACEMENT_3D ( 'NONE', #6122, #791, #3706 ) ;
#50 = CARTESIAN_POINT ( 'NONE',  ( 0.8660254037844451469, 1.500000000000006439, 1.760833333333336581 ) ) ;
#51 = CARTESIAN_POINT ( 'NONE',  ( 0.8660254037844523634, -1.500000000000024425, -1.905833333333328605 ) ) ;
#52 = EDGE_CURVE ( 'NONE', #630, #3491, #821, .T. ) ;
#53 = VECTOR ( 'NONE', #4647, 1000.000000000000114 ) ;
#54 = CARTESIAN_POINT ( 'NONE',  ( 0.000000000000000000, 1.513531646934134445, -1.752187499999997566 ) ) ;
#55 = CARTESIAN_POINT ( 'NONE',  ( 2.836735106140954491E-15, -1.406099999999998129, 6.259999999999999787 ) ) ;
#56 = CARTESIAN_POINT ( 'NONE',  ( -1.017788105676673993, -0.5876202367904430623, 0.1566666666666695351 ) ) ;
#57 = CARTESIAN_POINT ( 'NONE',  ( 0.6785254037844492547, -1.175240473580869915, -1.218333333333329715 ) ) ;
#58 = CARTESIAN_POINT ( 'NONE',  ( -1.299038105676671995, -0.7500000000000244249, 0.4691666666666706176 ) ) ;
#59 = CIRCLE ( 'NONE', #4924, 5.164680204508076855 ) ;
#60 = CARTESIAN_POINT ( 'NONE',  ( 0.6785254037844492547, -1.175240473580869471, -4.718333333333329271 ) ) ;
#61 = CARTESIAN_POINT ( 'NONE',  ( 1.732050807568896511, -1.553300914665731915E-14, 2.677500000000004210 ) ) ;
#62 = CARTESIAN_POINT ( 'NONE',  ( -1.357050807568898954, -1.563576945737110344E-14, 0.6150000000000026557 ) ) ;
#63 = CARTESIAN_POINT ( 'NONE',  ( 1.299038105676672661, -0.7500000000000237588, 3.073333333333335471 ) ) ;
#64 = CARTESIAN_POINT ( 'NONE',  ( 0.6785254037844502539, 1.175240473580839495, -4.489166666666664085 ) ) ;
#65 = AXIS2_PLACEMENT_3D ( 'NONE', #3294, #3324, #2378 ) ;
#66 = ORIENTED_EDGE ( 'NONE', *, *, #3849, .F. ) ;
#67 = CARTESIAN_POINT ( 'NONE',  ( -0.8738379037844482555, -1.513531646934165309, -0.04385416666666491770 ) ) ;
#68 = CARTESIAN_POINT ( 'NONE',  ( -1.439254484199213045E-16, -1.175240473580869027, -6.259999999999996234 ) ) ;
#69 = CARTESIAN_POINT ( 'NONE',  ( 1.439254484199212798E-16, -1.175240473580869915, 3.240000000000002434 ) ) ;
#70 = DIRECTION ( 'NONE',  ( -0.000000000000000000, -1.224646799147353207E-16, 1.000000000000000000 ) ) ;
#71 = LINE ( 'NONE', #101, #6235 ) ;
#72 = ORIENTED_EDGE ( 'NONE', *, *, #5140, .F. ) ;
#73 = CARTESIAN_POINT ( 'NONE',  ( 0.2607495332532969723, 1.358185157725192216, 6.071772086592591045 ) ) ;
#74 = CARTESIAN_POINT ( 'NONE',  ( 1.357050807568899176, -1.530664563010025430E-14, -2.072499999999997122 ) ) ;
#75 = VERTEX_POINT ( 'NONE', #6250 ) ;
#76 = CARTESIAN_POINT ( 'NONE',  ( 0.2848769957993553814, -1.338402268248516158, 6.075799443945358647 ) ) ;
#77 = CARTESIAN_POINT ( 'NONE',  ( 1.439254484199213045E-16, -1.175240473580870360, 2.802500000000002434 ) ) ;
#78 = CARTESIAN_POINT ( 'NONE',  ( 1.853541686826127732E-16, -1.513531646934164865, 3.044687500000003322 ) ) ;
#79 = B_SPLINE_CURVE_WITH_KNOTS ( 'NONE', 3,
 ( #3728, #3701, #5678, #3757, #4657, #5709, #4142 ),
 .UNSPECIFIED., .F., .F.,
 ( 4, 3, 4 ),
 ( 0.000000000000000000, 0.0007501447994906165111, 0.001501316942639895112 ),
 .UNSPECIFIED. ) ;
#80 = DIRECTION ( 'NONE',  ( 0.9925461516413217611, 0.000000000000000000, 0.1218693434051494884 ) ) ;
#81 = EDGE_CURVE ( 'NONE', #4995, #3015, #5593, .T. ) ;
#82 = CARTESIAN_POINT ( 'NONE',  ( -1.310756855676673327, -0.7567658234670896489, -1.085520833333330604 ) ) ;
#83 = MECHANICAL_CONTEXT ( 'NONE', #182, 'mechanical' ) ;
#84 = CARTESIAN_POINT ( 'NONE',  ( 1.017788105676674437, -0.5876202367904425072, 1.323333333333336137 ) ) ;
#85 = CARTESIAN_POINT ( 'NONE',  ( -1.747675807568897621, -1.439829734682235090E-14, -6.580312499999996234 ) ) ;
#86 = ORIENTED_EDGE ( 'NONE', *, *, #871, .T. ) ;
#87 = EDGE_CURVE ( 'NONE', #2150, #2105, #916, .T. ) ;
#88 = CARTESIAN_POINT ( 'NONE',  ( 0.000000000000000000, 2.070106209874711453E-15, 6.071772086592591045 ) ) ;
#89 = DIRECTION ( 'NONE',  ( 2.121150477449813337E-16, -0.8660254037844384856, 0.5000000000000002220 ) ) ;
#90 = CARTESIAN_POINT ( 'NONE',  ( 1.732050807568896511, -1.528368350261623673E-14, -2.822499999999995346 ) ) ;
#91 = CARTESIAN_POINT ( 'NONE',  ( -0.6785254037844491437, -1.175240473580869915, 0.6983333333333363591 ) ) ;
#92 = CARTESIAN_POINT ( 'NONE',  ( -1.299038105676672439, -0.7500000000000232037, -1.530833333333328605 ) ) ;
#93 = CARTESIAN_POINT ( 'NONE',  ( -1.017788105676674659, -0.5876202367904421742, -2.280833333333330160 ) ) ;
#94 = EDGE_CURVE ( 'NONE', #1752, #2635, #2802, .T. ) ;
#95 = EDGE_LOOP ( 'NONE', ( #1808, #4027, #2759, #4094 ) ) ;
#96 = CARTESIAN_POINT ( 'NONE',  ( -0.8738379037844482555, -1.513531646934165531, 1.456145833333335249 ) ) ;
#97 =( BOUNDED_CURVE ( )  B_SPLINE_CURVE ( 2, ( #1590, #1559, #1499, #3426, #3487, #5377, #1022 ),
 .UNSPECIFIED., .F., .F. ) 
 B_SPLINE_CURVE_WITH_KNOTS ( ( 3, 2, 2, 3 ),
 ( 0.1818181818181818232, 0.1969696969696969613, 0.2121212121212120993, 0.2272727272727272374 ),
 .UNSPECIFIED. ) 
 CURVE ( )  GEOMETRIC_REPRESENTATION_ITEM ( )  RATIONAL_B_SPLINE_CURVE ( ( 1.000000000000000000, 0.8660254037844387076, 1.000000000000000000, 0.8660254037844387076, 1.000000000000000000, 0.8660254037844389297, 0.9999999999999997780 ) ) 
 REPRESENTATION_ITEM ( '' )  );
#98 = CARTESIAN_POINT ( 'NONE',  ( 1.017788105676675103, 0.5876202367904116430, -4.593333333333330160 ) ) ;
#99 = CARTESIAN_POINT ( 'NONE',  ( -2.878508968398425596E-16, 1.175240473580838829, 3.490000000000002434 ) ) ;
#100 = CARTESIAN_POINT ( 'NONE',  ( -0.2790972187543589444, -1.347763492480329894, 6.073606227890842924 ) ) ;
#101 = CARTESIAN_POINT ( 'NONE',  ( 1.836970198721030920E-16, 1.500000000000000666, 6.259999999999999787 ) ) ;
#102 = EDGE_LOOP ( 'NONE', ( #163, #5146, #537, #292 ) ) ;
#103 = CARTESIAN_POINT ( 'NONE',  ( -1.199498189242980573, -0.07570317101014625849, 4.596799999999999997 ) ) ;
#104 = CARTESIAN_POINT ( 'NONE',  ( -1.017788105676674659, -0.5876202367904418411, -4.280833333333330160 ) ) ;
#105 = ORIENTED_EDGE ( 'NONE', *, *, #4078, .T. ) ;
#106 = CARTESIAN_POINT ( 'NONE',  ( -0.8836630409603449809, -0.3273190898542953642, 6.276629229193637194 ) ) ;
#107 = B_SPLINE_CURVE_WITH_KNOTS ( 'NONE', 3,
 ( #930, #6233, #4322, #1346, #3272, #5730, #5669, #5762, #1285, #3720, #2799, #1315, #5160 ),
 .UNSPECIFIED., .F., .F.,
 ( 4, 3, 3, 3, 4 ),
 ( 9.212688579630063905E-18, 1.074390853587545927E-05, 2.148009407416312316E-05, 3.232916462176745916E-05, 4.363786225071713144E-05 ),
 .UNSPECIFIED. ) ;
#108 = CARTESIAN_POINT ( 'NONE',  ( 1.439254484199213045E-16, -1.175240473580870360, 3.302500000000001990 ) ) ;
#109 = CARTESIAN_POINT ( 'NONE',  ( -0.8738379037844495878, 1.513531646934133335, 2.836354166666669840 ) ) ;
#110 = CARTESIAN_POINT ( 'NONE',  ( 0.000000000000000000, -3.718654534446915480E-16, 5.382891716295342910 ) ) ;
#111 = CARTESIAN_POINT ( 'NONE',  ( 0.6785254037844502539, 1.175240473580839495, -5.989166666666663197 ) ) ;
#112 = CARTESIAN_POINT ( 'NONE',  ( 0.1653534322263774947, 1.224754682401948847, 5.087307222383722127 ) ) ;
#113 = CARTESIAN_POINT ( 'NONE',  ( -1.853541686826127979E-16, -1.513531646934164421, -2.002187499999998010 ) ) ;
#114 = CARTESIAN_POINT ( 'NONE',  ( -0.6785254037844501429, 1.175240473580838607, 1.031666666666669396 ) ) ;
#115 = CARTESIAN_POINT ( 'NONE',  ( -1.017788105676674437, 0.5876202367904123092, -1.926666666666663419 ) ) ;
#116 = ORIENTED_EDGE ( 'NONE', *, *, #5643, .T. ) ;
#117 = B_SPLINE_CURVE_WITH_KNOTS ( 'NONE', 3,
 ( #5633, #709, #3144, #4283, #3303, #5309, #1436, #6227, #3838, #2761, #5788, #5666, #4253 ),
 .UNSPECIFIED., .F., .F.,
 ( 4, 3, 3, 3, 4 ),
 ( 0.000000000000000000, 1.092890576614305755E-05, 2.185616419262617226E-05, 3.280036097521564508E-05, 4.363305408207642351E-05 ),
 .UNSPECIFIED. ) ;
#118 = CARTESIAN_POINT ( 'NONE',  ( -0.6785254037844500319, -1.175240473580869471, -1.301666666666663419 ) ) ;
#119 = CARTESIAN_POINT ( 'NONE',  ( 1.186175250110404811, 0.09971858605910351170, 4.596799999999999997 ) ) ;
#120 = CARTESIAN_POINT ( 'NONE',  ( -1.017788105676673993, -0.5876202367904430623, 0.6566666666666695074 ) ) ;
#121 = CARTESIAN_POINT ( 'NONE',  ( 0.1210619955558858291, -0.8426359540446003438, 4.596799999999999997 ) ) ;
#122 = CARTESIAN_POINT ( 'NONE',  ( -1.357050807568899176, -1.494364787456765152E-14, -2.322499999999996234 ) ) ;
#123 = ORIENTED_EDGE ( 'NONE', *, *, #1991, .F. ) ;
#124 = CARTESIAN_POINT ( 'NONE',  ( -1.310756855676673771, 0.7567658234670580075, 3.331145833333335471 ) ) ;
#125 = FACE_OUTER_BOUND ( 'NONE', #2682, .T. ) ;
#126 = EDGE_CURVE ( 'NONE', #1869, #1404, #2845, .T. ) ;
#127 = CARTESIAN_POINT ( 'NONE',  ( -1.357050807568898954, -1.594193115715794131E-14, 3.115000000000003322 ) ) ;
#128 = CARTESIAN_POINT ( 'NONE',  ( -0.2847406313326165117, -1.338739425595979915, 6.075716793780182812 ) ) ;
#129 = CARTESIAN_POINT ( 'NONE',  ( -0.6785254037844494768, 1.175240473580840161, -6.468333333333330160 ) ) ;
#130 = ORIENTED_EDGE ( 'NONE', *, *, #2829, .F. ) ;
#131 = CARTESIAN_POINT ( 'NONE',  ( -1.169831414907571920, -0.1051267183062899319, 4.596799999999999997 ) ) ;
#132 =( BOUNDED_CURVE ( )  B_SPLINE_CURVE ( 2, ( #3195, #5174, #6212, #4661, #817, #4727, #5144 ),
 .UNSPECIFIED., .F., .F. ) 
 B_SPLINE_CURVE_WITH_KNOTS ( ( 3, 2, 2, 3 ),
 ( 0.2083333333333332871, 0.2222222222222221266, 0.2361111111111110772, 0.2499999999999999167 ),
 .UNSPECIFIED. ) 
 CURVE ( )  GEOMETRIC_REPRESENTATION_ITEM ( )  RATIONAL_B_SPLINE_CURVE ( ( 1.000000000000000888, 0.8660254037844379305, 1.000000000000000000, 0.8660254037844387076, 1.000000000000000000, 0.8660254037844394848, 0.9999999999999992228 ) ) 
 REPRESENTATION_ITEM ( '' )  );
#133 = CARTESIAN_POINT ( 'NONE',  ( 1.017788105676674215, -0.5876202367904429513, -2.114166666666663641 ) ) ;
#134 = ORIENTED_EDGE ( 'NONE', *, *, #752, .F. ) ;
#135 = CARTESIAN_POINT ( 'NONE',  ( 0.2708953847187257624, -1.354424127927897015, 6.072254178582585205 ) ) ;
#136 = CARTESIAN_POINT ( 'NONE',  ( -1.017788105676675103, 0.5876202367904107549, 2.135833333333335915 ) ) ;
#137 = CARTESIAN_POINT ( 'NONE',  ( -2.878508968398426089E-16, 1.175240473580839273, -0.9474999999999969003 ) ) ;
#138 = CARTESIAN_POINT ( 'NONE',  ( -0.1051267183062886273, -1.168159110932235789, 4.596799999999999997 ) ) ;
#139 = CARTESIAN_POINT ( 'NONE',  ( 1.439254484199213045E-16, -1.175240473580870137, 1.302500000000002434 ) ) ;
#140 = CARTESIAN_POINT ( 'NONE',  ( -1.439254484199213045E-16, -1.175240473580869027, -5.697499999999997122 ) ) ;
#141 = VERTEX_POINT ( 'NONE', #4790 ) ;
#142 = FACE_OUTER_BOUND ( 'NONE', #226, .T. ) ;
#143 = CARTESIAN_POINT ( 'NONE',  ( 1.357050807568899176, -1.487801925039867813E-14, -5.572499999999996234 ) ) ;
#144 = CARTESIAN_POINT ( 'NONE',  ( 1.439254484199212798E-16, -1.175240473580869693, 0.7400000000000027667 ) ) ;
#145 = AXIS2_PLACEMENT_3D ( 'NONE', #1489, #1828, #2595 ) ;
#146 = CARTESIAN_POINT ( 'NONE',  ( 0.000000000000000000, 1.175240473580839717, -2.509999999999996678 ) ) ;
#147 = VERTEX_POINT ( 'NONE', #436 ) ;
#148 = CARTESIAN_POINT ( 'NONE',  ( -1.495276984045020408, 0.4101042922456846762, 3.342216428208574452 ) ) ;
#149 = CARTESIAN_POINT ( 'NONE',  ( 1.017788105676675103, 0.5876202367904111989, -1.593333333333330382 ) ) ;
#150 = ORIENTED_EDGE ( 'NONE', *, *, #2112, .F. ) ;
#151 = DIRECTION ( 'NONE',  ( 0.000000000000000000, -1.000000000000000000, -1.224646799147353207E-16 ) ) ;
#152 = CARTESIAN_POINT ( 'NONE',  ( 1.439254484199212798E-16, -1.175240473580869693, 1.240000000000002878 ) ) ;
#153 = CARTESIAN_POINT ( 'NONE',  ( 1.338402268248514160, 0.2848769957993594892, 6.075799443945359535 ) ) ;
#154 = CARTESIAN_POINT ( 'NONE',  ( 0.6785254037844502539, 1.175240473580839273, -3.489166666666663641 ) ) ;
#155 = TOROIDAL_SURFACE ( 'NONE', #2585, 2.825240547497255061, 0.03163724999999999871 ) ;
#156 = ORIENTED_EDGE ( 'NONE', *, *, #3806, .T. ) ;
#157 = CARTESIAN_POINT ( 'NONE',  ( 1.310756855676673327, -0.7567658234670899819, 1.581145833333335249 ) ) ;
#158 = CARTESIAN_POINT ( 'NONE',  ( -0.6785254037844494768, 1.175240473580839717, -2.468333333333330160 ) ) ;
#159 = VECTOR ( 'NONE', #2317, 1000.000000000000000 ) ;
#160 = CARTESIAN_POINT ( 'NONE',  ( 0.8660254037844477004, -1.500000000000031974, -4.905833333333328383 ) ) ;
#161 = DIRECTION ( 'NONE',  ( 0.000000000000000000, -1.000000000000000000, 0.000000000000000000 ) ) ;
#162 = CARTESIAN_POINT ( 'NONE',  ( -0.1051267183062886135, -0.9227480026794849799, 4.596799999999999997 ) ) ;
#163 = ORIENTED_EDGE ( 'NONE', *, *, #470, .F. ) ;
#164 = CARTESIAN_POINT ( 'NONE',  ( 0.000000000000000000, 1.500000000000001776, -1.197499999999995790 ) ) ;
#165 = EDGE_CURVE ( 'NONE', #691, #4762, #2122, .T. ) ;
#166 = CARTESIAN_POINT ( 'NONE',  ( 0.000000000000000000, 1.175240473580839495, -1.447499999999996456 ) ) ;
#167 = VERTEX_POINT ( 'NONE', #2372 ) ;
#168 = CARTESIAN_POINT ( 'NONE',  ( 1.664761593629860031E-11, -1.490855286535984092, -6.015279702779322335 ) ) ;
#169 = CARTESIAN_POINT ( 'NONE',  ( -1.357050807568899176, -1.594958519965261383E-14, 3.177500000000003322 ) ) ;
#170 = CARTESIAN_POINT ( 'NONE',  ( -0.5207266841781147404, 0.9637750895952342800, 6.250925156629339341 ) ) ;
#171 = CARTESIAN_POINT ( 'NONE',  ( -1.261718781583319737, 0.4455294118013340965, -6.259999999999908304 ) ) ;
#172 = CARTESIAN_POINT ( 'NONE',  ( -1.017788105676674215, -0.5876202367904433954, 2.719166666666668952 ) ) ;
#173 = EDGE_CURVE ( 'NONE', #5793, #2858, #5427, .T. ) ;
#174 = FACE_OUTER_BOUND ( 'NONE', #5374, .T. ) ;
#175 = ORIENTED_EDGE ( 'NONE', *, *, #2807, .T. ) ;
#176 = FACE_OUTER_BOUND ( 'NONE', #5051, .T. ) ;
#177 = CARTESIAN_POINT ( 'NONE',  ( 0.6785254037844502539, 1.175240473580839273, -4.989166666666663197 ) ) ;
#178 = CARTESIAN_POINT ( 'NONE',  ( 1.357050807568898954, -1.564016574158270610E-14, 3.365000000000002434 ) ) ;
#179 = CARTESIAN_POINT ( 'NONE',  ( -1.017788105676674659, -0.5876202367904421742, -2.343333333333330160 ) ) ;
#180 = VERTEX_POINT ( 'NONE', #1163 ) ;
#181 = CARTESIAN_POINT ( 'NONE',  ( -0.07458509077001787557, -1.198475484481092757, 4.587917464159742664 ) ) ;
#182 = APPLICATION_CONTEXT ( 'configuration controlled 3d designs of mechanical parts and assemblies' ) ;
#183 = CARTESIAN_POINT ( 'NONE',  ( 0.6785254037844502539, 1.175240473580838829, -1.551666666666663863 ) ) ;
#184 = B_SPLINE_CURVE_WITH_KNOTS ( 'NONE', 3,
 ( #3584, #4692, #4026, #225, #5974, #2133, #3108 ),
 .UNSPECIFIED., .F., .F.,
 ( 4, 3, 4 ),
 ( 0.000000000000000000, 0.0007501447994906169448, 0.001501316942639895112 ),
 .UNSPECIFIED. ) ;
#185 = DIRECTION ( 'NONE',  ( -0.09315614143603848096, -0.09315614143603857811, -0.9912839485361889524 ) ) ;
#186 = CARTESIAN_POINT ( 'NONE',  ( -1.299038105676672217, 0.7499999999999935607, -2.614166666666662309 ) ) ;
#187 = CARTESIAN_POINT ( 'NONE',  ( 1.017788105676674215, -0.5876202367904429513, -1.614166666666662975 ) ) ;
#188 = ORIENTED_EDGE ( 'NONE', *, *, #1063, .T. ) ;
#189 = CARTESIAN_POINT ( 'NONE',  ( -3.707083373652255957E-16, 1.513531646934133779, 2.747812500000001990 ) ) ;
#190 = CARTESIAN_POINT ( 'NONE',  ( -1.017788105676674659, -0.5876202367904418411, -4.343333333333330160 ) ) ;
#191 = CARTESIAN_POINT ( 'NONE',  ( 0.08275259656694045063, -1.198448955679934702, 4.596799999999999997 ) ) ;
#192 = DIRECTION ( 'NONE',  ( 0.000000000000000000, 0.000000000000000000, 1.000000000000000000 ) ) ;
#193 = VERTEX_POINT ( 'NONE', #5927 ) ;
#194 = CARTESIAN_POINT ( 'NONE',  ( 1.299038105676672883, 0.7499999999999924505, -3.343333333333331936 ) ) ;
#195 = EDGE_CURVE ( 'NONE', #903, #3228, #3450, .T. ) ;
#196 = CARTESIAN_POINT ( 'NONE',  ( -1.357050807568899176, -1.500488021452501909E-14, -1.822499999999996678 ) ) ;
#197 = VERTEX_POINT ( 'NONE', #5521 ) ;
#198 = CARTESIAN_POINT ( 'NONE',  ( 0.2001335427732301997, -1.309299088090941643, 5.587203652454579839 ) ) ;
#199 = CARTESIAN_POINT ( 'NONE',  ( -1.017788105676674215, -0.5876202367904435064, 3.219166666666669396 ) ) ;
#200 = EDGE_CURVE ( 'NONE', #4313, #1058, #1736, .T. ) ;
#201 = LINE ( 'NONE', #5544, #3488 ) ;
#202 = CARTESIAN_POINT ( 'NONE',  ( -0.3212021873294851892, 2.673225556517598644E-15, 1.124629700242971930 ) ) ;
#203 = CARTESIAN_POINT ( 'NONE',  ( -0.8660254037844523634, -1.500000000000024869, -3.051666666666664529 ) ) ;
#204 = DIRECTION ( 'NONE',  ( 1.000000000000000000, 0.000000000000000000, 0.000000000000000000 ) ) ;
#205 = ORIENTED_EDGE ( 'NONE', *, *, #2066, .F. ) ;
#206 = CARTESIAN_POINT ( 'NONE',  ( 1.357050807568899176, -1.546412276420527590E-14, 1.927500000000002878 ) ) ;
#207 = ADVANCED_FACE ( 'NONE', ( #4560 ), #3002, .T. ) ;
#208 = CARTESIAN_POINT ( 'NONE',  ( 1.017788105676674215, -0.5876202367904423962, -6.114166666666663197 ) ) ;
#209 =( BOUNDED_CURVE ( )  B_SPLINE_CURVE ( 2, ( #6174, #4261, #14, #5794, #5705, #1924, #1951 ),
 .UNSPECIFIED., .F., .F. ) 
 B_SPLINE_CURVE_WITH_KNOTS ( ( 3, 2, 2, 3 ),
 ( 0.5833333333333332593, 0.5972222222222222099, 0.6111111111111110494, 0.6249999999999998890 ),
 .UNSPECIFIED. ) 
 CURVE ( )  GEOMETRIC_REPRESENTATION_ITEM ( )  RATIONAL_B_SPLINE_CURVE ( ( 1.000000000000000000, 0.8660254037844387076, 1.000000000000000000, 0.8660254037844387076, 1.000000000000000000, 0.8660254037844398178, 0.9999999999999988898 ) ) 
 REPRESENTATION_ITEM ( '' )  );
#210 = CARTESIAN_POINT ( 'NONE',  ( -1.017788105676673993, -0.5876202367904433954, 3.156666666666669396 ) ) ;
#211 = CARTESIAN_POINT ( 'NONE',  ( -1.853541686826127979E-16, -1.513531646934164199, -4.455312499999995346 ) ) ;
#212 = ORIENTED_EDGE ( 'NONE', *, *, #1520, .T. ) ;
#213 = CARTESIAN_POINT ( 'NONE',  ( -1.836970198721050395E-16, -1.500000000000031752, -2.947499999999995790 ) ) ;
#214 = CARTESIAN_POINT ( 'NONE',  ( -1.439254484199213045E-16, -1.175240473580869693, -1.259999999999997122 ) ) ;
#215 = CARTESIAN_POINT ( 'NONE',  ( -0.6785254037844501429, 1.175240473580838385, 2.531666666666669840 ) ) ;
#216 = FACE_OUTER_BOUND ( 'NONE', #1047, .T. ) ;
#217 = AXIS2_PLACEMENT_3D ( 'NONE', #4687, #4627, #2306 ) ;
#218 = CARTESIAN_POINT ( 'NONE',  ( -1.836970198721050395E-16, -1.500000000000031752, -3.447499999999995346 ) ) ;
#219 = EDGE_LOOP ( 'NONE', ( #2137, #1082, #2291, #1644 ) ) ;
#220 = CARTESIAN_POINT ( 'NONE',  ( -0.8738379037844482555, -1.513531646934165975, 2.956145833333335471 ) ) ;
#221 = CARTESIAN_POINT ( 'NONE',  ( 0.000000000000000000, 1.175240473580839495, -2.009999999999997122 ) ) ;
#222 = CARTESIAN_POINT ( 'NONE',  ( 0.2566886944630855649, -1.302949746266641284, 5.831173239129405772 ) ) ;
#223 = DIRECTION ( 'NONE',  ( -1.195896129535480906E-16, -0.9925461516413219831, -0.1218693434051479896 ) ) ;
#224 = CARTESIAN_POINT ( 'NONE',  ( 0.8660254037844441477, -1.500000000000038636, -2.968333333333331048 ) ) ;
#225 = CARTESIAN_POINT ( 'NONE',  ( -0.1959930849398288377, 1.250564887371538481, 5.336847168515000739 ) ) ;
#226 = EDGE_LOOP ( 'NONE', ( #305, #3896, #3326, #1879, #2861 ) ) ;
#227 = DIRECTION ( 'NONE',  ( 0.1218335514324818403, 0.02423420014170639750, 0.9922546494165903619 ) ) ;
#228 = CARTESIAN_POINT ( 'NONE',  ( -1.017788105676674437, 0.5876202367904127533, -5.426666666666663197 ) ) ;
#229 = ORIENTED_EDGE ( 'NONE', *, *, #4317, .F. ) ;
#230 = FACE_OUTER_BOUND ( 'NONE', #3236, .T. ) ;
#231 = CARTESIAN_POINT ( 'NONE',  ( 1.357050807568898954, -1.496661000205166278E-14, -2.134999999999997122 ) ) ;
#232 = CYLINDRICAL_SURFACE ( 'NONE', #5733, 1.500000000000000888 ) ;
#233 = CARTESIAN_POINT ( 'NONE',  ( -1.836970198721050395E-16, -1.500000000000031308, -5.947499999999996234 ) ) ;
#234 = CARTESIAN_POINT ( 'NONE',  ( 1.836970198721030920E-16, 1.500000000000000666, 6.259999999999999787 ) ) ;
#235 = CARTESIAN_POINT ( 'NONE',  ( 1.357050807568899176, -1.493925159035604886E-14, -5.072499999999997122 ) ) ;
#236 = ORIENTED_EDGE ( 'NONE', *, *, #2146, .T. ) ;
#237 = CARTESIAN_POINT ( 'NONE',  ( -0.6785254037844492547, -1.175240473580870137, 0.2608333333333360260 ) ) ;
#238 = CYLINDRICAL_SURFACE ( 'NONE', #3599, 1.500000000000000888 ) ;
#239 = CARTESIAN_POINT ( 'NONE',  ( -0.6785254037844500319, -1.175240473580869027, -5.239166666666663197 ) ) ;
#240 = CARTESIAN_POINT ( 'NONE',  ( -0.8738379037844481445, -1.513531646934164865, -2.496979166666663197 ) ) ;
#241 = CARTESIAN_POINT ( 'NONE',  ( 0.8738379037844482555, -1.513531646934165087, -3.913645833333329715 ) ) ;
#242 = ORIENTED_EDGE ( 'NONE', *, *, #276, .T. ) ;
#243 = DIRECTION ( 'NONE',  ( 0.1218693434051477120, 1.776356839400250149E-14, -0.9925461516413220942 ) ) ;
#244 = ADVANCED_FACE ( 'NONE', ( #3094 ), #6256, .F. ) ;
#245 = CARTESIAN_POINT ( 'NONE',  ( -0.2443528623747605044, -0.5899199943498313337, 6.259999999999999787 ) ) ;
#246 = CIRCLE ( 'NONE', #3789, 1.719999999999999973 ) ;
#247 = CARTESIAN_POINT ( 'NONE',  ( -1.017788105676674881, 0.5876202367904106438, 3.073333333333335915 ) ) ;
#248 = CARTESIAN_POINT ( 'NONE',  ( 2.836735106140954491E-15, -7.504273612502780044E-16, 6.071772086592593709 ) ) ;
#249 = CARTESIAN_POINT ( 'NONE',  ( -1.732050807568896511, -1.562046137238176154E-14, -0.07249999999999620637 ) ) ;
#250 = ORIENTED_EDGE ( 'NONE', *, *, #5451, .F. ) ;
#251 = CARTESIAN_POINT ( 'NONE',  ( -1.310756855676672883, -0.7567658234670910922, 3.414479166666668508 ) ) ;
#252 = EDGE_CURVE ( 'NONE', #4838, #3401, #4507, .T. ) ;
#253 = AXIS2_PLACEMENT_3D ( 'NONE', #5829, #2518, #4451 ) ;
#254 = CARTESIAN_POINT ( 'NONE',  ( -1.357050807568899176, -1.493599383207297900E-14, -2.384999999999996678 ) ) ;
#255 = CARTESIAN_POINT ( 'NONE',  ( -0.07570317101015146266, -1.199498189242980350, 4.596799999999999997 ) ) ;
#256 = CARTESIAN_POINT ( 'NONE',  ( 3.870091602193540700E-17, 0.3212021873294849672, 1.124629700242971708 ) ) ;
#257 = CARTESIAN_POINT ( 'NONE',  ( 2.836735106140954491E-15, -1.201884718306286404, 4.596799999999999997 ) ) ;
#258 = CIRCLE ( 'NONE', #3192, 1.382988518302598724 ) ;
#259 = ORIENTED_EDGE ( 'NONE', *, *, #4273, .F. ) ;
#260 = CARTESIAN_POINT ( 'NONE',  ( -0.8426359540445986784, 0.1210619955558960709, 4.596799999999999997 ) ) ;
#261 = CARTESIAN_POINT ( 'NONE',  ( 1.017788105676675103, 0.5876202367904111989, -1.030833333333329715 ) ) ;
#262 = EDGE_LOOP ( 'NONE', ( #4021, #299 ) ) ;
#263 = CARTESIAN_POINT ( 'NONE',  ( -1.732050807568896511, -1.495130191706232720E-14, -2.072499999999995790 ) ) ;
#264 = CARTESIAN_POINT ( 'NONE',  ( -1.017788105676674881, 0.5876202367904110879, -1.426666666666663863 ) ) ;
#265 = CARTESIAN_POINT ( 'NONE',  ( 0.000000000000000000, 2.070106209874711453E-15, 6.071772086592591045 ) ) ;
#266 = CARTESIAN_POINT ( 'NONE',  ( -0.8234078741651523758, -0.8385640366158095826, -6.260000000000000675 ) ) ;
#267 = CARTESIAN_POINT ( 'NONE',  ( -0.8660254037844482555, 1.500000000000001554, -3.218333333333331936 ) ) ;
#268 = CARTESIAN_POINT ( 'NONE',  ( 0.000000000000000000, 1.175240473580839717, -3.447499999999996678 ) ) ;
#269 = EDGE_CURVE ( 'NONE', #4231, #2544, #2746, .T. ) ;
#270 = ORIENTED_EDGE ( 'NONE', *, *, #5526, .T. ) ;
#271 = CARTESIAN_POINT ( 'NONE',  ( -1.017788105676674215, -0.5876202367904430623, -0.2808333333333308257 ) ) ;
#272 = DIRECTION ( 'NONE',  ( -0.000000000000000000, -1.224646799147353207E-16, 1.000000000000000000 ) ) ;
#273 = CARTESIAN_POINT ( 'NONE',  ( -3.707083373652255464E-16, 1.513531646934134445, -2.705312499999996234 ) ) ;
#274 = CARTESIAN_POINT ( 'NONE',  ( 0.000000000000000000, 1.513531646934134667, -5.705312499999996234 ) ) ;
#275 = ORIENTED_EDGE ( 'NONE', *, *, #3541, .T. ) ;
#276 = EDGE_CURVE ( 'NONE', #4379, #1760, #3888, .T. ) ;
#277 = CARTESIAN_POINT ( 'NONE',  ( 1.836970198721050642E-16, -1.500000000000033085, 2.990000000000001545 ) ) ;
#278 = FACE_OUTER_BOUND ( 'NONE', #3164, .T. ) ;
#279 = FACE_OUTER_BOUND ( 'NONE', #2417, .T. ) ;
#280 = LINE ( 'NONE', #1679, #4914 ) ;
#281 = EDGE_CURVE ( 'NONE', #6237, #1911, #1533, .T. ) ;
#282 = EDGE_LOOP ( 'NONE', ( #4454, #3288, #5855, #5824, #3038, #1919, #393, #5903, #3182, #6131, #1149, #4857, #5791, #5219, #5761, #205, #5208, #570, #1963, #13, #4515, #229, #3001, #6203, #5004 ) ) ;
#283 = CARTESIAN_POINT ( 'NONE',  ( -0.6785254037844492547, -1.175240473580870137, -0.2391666666666642238 ) ) ;
#284 = EDGE_CURVE ( 'NONE', #5601, #193, #822, .T. ) ;
#285 = CARTESIAN_POINT ( 'NONE',  ( -0.6785254037844494768, 1.175240473580839717, -3.468333333333330160 ) ) ;
#286 = CARTESIAN_POINT ( 'NONE',  ( 0.1354026319245557886, -1.196584477098022514, 4.843377528930627562 ) ) ;
#287 = CARTESIAN_POINT ( 'NONE',  ( -0.2972229608625789887, -0.9609583210510942441, 6.161298346890661470 ) ) ;
#288 = EDGE_CURVE ( 'NONE', #5549, #75, #1009, .T. ) ;
#289 = ORIENTED_EDGE ( 'NONE', *, *, #635, .F. ) ;
#290 = CARTESIAN_POINT ( 'NONE',  ( 1.299038105676672883, 0.7499999999999921174, -1.280833333333328605 ) ) ;
#291 = CARTESIAN_POINT ( 'NONE',  ( 0.6785254037844502539, 1.175240473580839273, -5.551666666666663197 ) ) ;
#292 = ORIENTED_EDGE ( 'NONE', *, *, #1450, .T. ) ;
#293 = CARTESIAN_POINT ( 'NONE',  ( -1.299038105676672217, 0.7499999999999935607, -2.114166666666662309 ) ) ;
#294 = CARTESIAN_POINT ( 'NONE',  ( 1.357050807568898954, -1.521153936188113308E-14, -0.1349999999999971223 ) ) ;
#295 = DIRECTION ( 'NONE',  ( 1.000000000000000000, -1.224646799147353207E-16, -1.499759782661857608E-32 ) ) ;
#296 = CARTESIAN_POINT ( 'NONE',  ( -1.328023899308126587, -0.2870500636019572283, 6.078446747423949859 ) ) ;
#297 = DIRECTION ( 'NONE',  ( 0.000000000000000000, -0.9925461516413217611, -0.1218693434051495161 ) ) ;
#298 = CARTESIAN_POINT ( 'NONE',  ( -1.017788105676674659, -0.5876202367904420631, -3.280833333333330160 ) ) ;
#299 = ORIENTED_EDGE ( 'NONE', *, *, #5677, .F. ) ;
#300 = CARTESIAN_POINT ( 'NONE',  ( 0.6785254037844500319, -1.175240473580869471, -0.1558333333333307424 ) ) ;
#301 = CARTESIAN_POINT ( 'NONE',  ( 0.8811735338144245366, -0.3148034922636827604, 6.174697866662547163 ) ) ;
#302 =( BOUNDED_CURVE ( )  B_SPLINE_CURVE ( 2, ( #6037, #2665, #3520 ),
 .UNSPECIFIED., .F., .F. ) 
 B_SPLINE_CURVE_WITH_KNOTS ( ( 3, 3 ),
 ( 0.8636363636363638685, 0.8730577043183354036 ),
 .UNSPECIFIED. ) 
 CURVE ( )  GEOMETRIC_REPRESENTATION_ITEM ( )  RATIONAL_B_SPLINE_CURVE ( ( 0.9999999999999980016, 0.9166934592973575713, 0.9369883463262062007 ) ) 
 REPRESENTATION_ITEM ( '' )  );
#303 = CARTESIAN_POINT ( 'NONE',  ( -0.8738379037844495878, 1.513531646934134001, -2.663645833333329271 ) ) ;
#304 = CARTESIAN_POINT ( 'NONE',  ( -1.853541686826127979E-16, -1.513531646934164421, -3.455312499999996234 ) ) ;
#305 = ORIENTED_EDGE ( 'NONE', *, *, #2424, .T. ) ;
#306 = CARTESIAN_POINT ( 'NONE',  ( 1.328023899308124811, -0.2870500636019608365, 6.078446747423949859 ) ) ;
#307 = CARTESIAN_POINT ( 'NONE',  ( -1.693672462196819621E-16, -1.382988518302598724, 6.071772086592593709 ) ) ;
#308 = CARTESIAN_POINT ( 'NONE',  ( -1.357050807568898954, -1.594193115715794131E-14, 3.115000000000003322 ) ) ;
#309 = FACE_OUTER_BOUND ( 'NONE', #2692, .T. ) ;
#310 = CARTESIAN_POINT ( 'NONE',  ( 0.6785254037844492547, -1.175240473580869915, -1.155833333333329938 ) ) ;
#311 = AXIS2_PLACEMENT_3D ( 'NONE', #4783, #2960, #4904 ) ;
#312 = VERTEX_POINT ( 'NONE', #2593 ) ;
#313 = CARTESIAN_POINT ( 'NONE',  ( 1.017788105676674659, -0.5876202367904423962, -0.6141666666666638630 ) ) ;
#314 = EDGE_CURVE ( 'NONE', #2966, #5914, #5448, .T. ) ;
#315 = CARTESIAN_POINT ( 'NONE',  ( -1.354467897180122504, 0.2708187198771067616, 6.072246455017671352 ) ) ;
#316 = DIRECTION ( 'NONE',  ( -0.000000000000000000, -1.224646799147353207E-16, 1.000000000000000000 ) ) ;
#317 = CARTESIAN_POINT ( 'NONE',  ( -0.2607495332532973609, -1.358185157725192438, 6.071772086592593709 ) ) ;
#318 = DIRECTION ( 'NONE',  ( -1.224646799147353454E-16, -1.000000000000000000, 0.000000000000000000 ) ) ;
#319 = ORIENTED_EDGE ( 'NONE', *, *, #2451, .T. ) ;
#320 = DIRECTION ( 'NONE',  ( 0.000000000000000000, -1.000000000000000000, -1.224646799147353207E-16 ) ) ;
#322 = EDGE_CURVE ( 'NONE', #421, #2064, #79, .T. ) ;
#321 = CARTESIAN_POINT ( 'NONE',  ( 0.6785254037844492547, -1.175240473580869471, -3.218333333333330160 ) ) ;
#323 = VERTEX_POINT ( 'NONE', #4109 ) ;
#324 = CYLINDRICAL_SURFACE ( 'NONE', #548, 1.500000000000000888 ) ;
#325 = CARTESIAN_POINT ( 'NONE',  ( -0.6785254037844501429, 1.175240473580838829, -0.9683333333333302706 ) ) ;
#326 = CARTESIAN_POINT ( 'NONE',  ( -1.836970198721050395E-16, -1.500000000000031752, -3.447499999999995346 ) ) ;
#327 = CARTESIAN_POINT ( 'NONE',  ( 0.9227480026794843138, 0.1051267183062889327, 4.596799999999999997 ) ) ;
#328 = CARTESIAN_POINT ( 'NONE',  ( -1.439254484199213045E-16, -1.175240473580869249, -4.697499999999997122 ) ) ;
#329 = ORIENTED_EDGE ( 'NONE', *, *, #4785, .T. ) ;
#330 = CARTESIAN_POINT ( 'NONE',  ( -2.878508968398426089E-16, 1.175240473580839051, 1.052500000000003100 ) ) ;
#331 = CARTESIAN_POINT ( 'NONE',  ( 0.000000000000000000, -3.168163357082304046E-16, 6.259999999999999787 ) ) ;
#332 = CARTESIAN_POINT ( 'NONE',  ( -1.747675807568897399, -1.562237488300542967E-14, -0.08031249999999660882 ) ) ;
#333 = CARTESIAN_POINT ( 'NONE',  ( -0.8738379037844486996, 1.513531646934134001, -2.163645833333329271 ) ) ;
#334 = DIRECTION ( 'NONE',  ( -0.1218335514324817015, 0.02423420014170760833, 0.9922546494165902509 ) ) ;
#335 =( BOUNDED_CURVE ( )  B_SPLINE_CURVE ( 3, ( #2664, #763, #2699, #2633 ),
 .UNSPECIFIED., .F., .F. ) 
 B_SPLINE_CURVE_WITH_KNOTS ( ( 4, 4 ),
 ( 2.946725557337479096, 3.336459749842107581 ),
 .UNSPECIFIED. ) 
 CURVE ( )  GEOMETRIC_REPRESENTATION_ITEM ( )  RATIONAL_B_SPLINE_CURVE ( ( 1.000000000000000000, 0.9873822754559015147, 0.9873822754559015147, 1.000000000000000000 ) ) 
 REPRESENTATION_ITEM ( '' )  );
#336 = DIRECTION ( 'NONE',  ( -0.000000000000000000, -1.224646799147353207E-16, 1.000000000000000000 ) ) ;
#337 = CARTESIAN_POINT ( 'NONE',  ( 0.000000000000000000, 1.513531646934134889, -5.752187499999997122 ) ) ;
#338 = CARTESIAN_POINT ( 'NONE',  ( -3.727190920956301940E-17, -0.3093420000000018932, 6.259999999999999787 ) ) ;
#339 = CARTESIAN_POINT ( 'NONE',  ( 0.6785254037844493658, 1.175240473580839273, -2.051666666666664085 ) ) ;
#340 = CARTESIAN_POINT ( 'NONE',  ( -1.439254484199213045E-16, -1.175240473580869027, -6.259999999999996234 ) ) ;
#341 = ORIENTED_EDGE ( 'NONE', *, *, #2523, .T. ) ;
#342 = CARTESIAN_POINT ( 'NONE',  ( 1.017788105676674437, 0.5876202367904119761, 0.4691666666666698404 ) ) ;
#343 = B_SPLINE_CURVE_WITH_KNOTS ( 'NONE', 3,
 ( #1694, #4160, #3624, #4188, #5573, #6010, #6135, #1245, #3175, #1787, #1661, #1213, #2704, #3684, #1181, #4644 ),
 .UNSPECIFIED., .F., .F.,
 ( 4, 3, 3, 3, 3, 4 ),
 ( 0.000000000000000000, 1.057880444045526777E-05, 2.116330739910317850E-05, 3.166998053641254711E-05, 4.214963376976407159E-05, 4.711136014189864715E-05 ),
 .UNSPECIFIED. ) ;
#344 = EDGE_CURVE ( 'NONE', #2974, #1350, #2129, .T. ) ;
#345 = DIRECTION ( 'NONE',  ( -0.000000000000000000, -1.224646799147353207E-16, 1.000000000000000000 ) ) ;
#346 = CARTESIAN_POINT ( 'NONE',  ( -0.4538728123416859161, -0.5671683580306329242, 6.242448403943561708 ) ) ;
#347 = DIRECTION ( 'NONE',  ( 0.1218335514324818680, -0.02423420014170692832, 0.9922546494165902509 ) ) ;
#348 = CARTESIAN_POINT ( 'NONE',  ( 1.299038105676672883, 0.7499999999999926725, -5.780833333333329271 ) ) ;
#349 = AXIS2_PLACEMENT_3D ( 'NONE', #4286, #2296, #388 ) ;
#350 = VERTEX_POINT ( 'NONE', #3222 ) ;
#351 = CARTESIAN_POINT ( 'NONE',  ( 1.017788105676675103, 0.5876202367904115320, -3.593333333333330160 ) ) ;
#352 = VERTEX_POINT ( 'NONE', #2683 ) ;
#353 = CARTESIAN_POINT ( 'NONE',  ( -3.673940397442101283E-16, 1.500000000000001332, 1.240000000000002212 ) ) ;
#354 = CARTESIAN_POINT ( 'NONE',  ( 0.6785254037844493658, 1.175240473580838829, 2.948333333333335471 ) ) ;
#355 = CARTESIAN_POINT ( 'NONE',  ( 1.732050807568896511, -1.491628946287203444E-14, -5.822499999999995346 ) ) ;
#356 = CARTESIAN_POINT ( 'NONE',  ( 0.5640605803204570279, 0.4507650346315113521, 6.209378226151474500 ) ) ;
#357 = EDGE_CURVE ( 'NONE', #2313, #4141, #4546, .T. ) ;
#358 = DIRECTION ( 'NONE',  ( -0.000000000000000000, -1.224646799147353207E-16, 1.000000000000000000 ) ) ;
#359 = CIRCLE ( 'NONE', #3900, 5.174808031888049165 ) ;
#360 = CARTESIAN_POINT ( 'NONE',  ( 0.000000000000000000, 1.175240473580839717, -2.447499999999996678 ) ) ;
#361 = ORIENTED_EDGE ( 'NONE', *, *, #2303, .T. ) ;
#362 = CARTESIAN_POINT ( 'NONE',  ( 1.017788105676674659, -0.5876202367904427293, 2.885833333333336803 ) ) ;
#363 = CARTESIAN_POINT ( 'NONE',  ( 0.6785254037844500319, -1.175240473580869471, -1.655833333333330826 ) ) ;
#364 = VECTOR ( 'NONE', #2340, 1000.000000000000000 ) ;
#365 = CARTESIAN_POINT ( 'NONE',  ( -0.8738379037844481445, -1.513531646934165087, 0.5030208333333370252 ) ) ;
#366 = EDGE_CURVE ( 'NONE', #5409, #1440, #1677, .T. ) ;
#367 = CARTESIAN_POINT ( 'NONE',  ( -1.338837842684890145, 0.5838666366289874121, -6.078755791783742701 ) ) ;
#368 = CARTESIAN_POINT ( 'NONE',  ( 0.06645360590912033349, -1.493797014774800758, -6.010364433062483691 ) ) ;
#369 = CARTESIAN_POINT ( 'NONE',  ( -1.299038105676672217, -0.7500000000000247580, 2.906666666666667620 ) ) ;
#370 = CARTESIAN_POINT ( 'NONE',  ( -1.853541686826127979E-16, -1.513531646934164199, -4.002187499999997122 ) ) ;
#371 = DIRECTION ( 'NONE',  ( 0.000000000000000000, -0.1218693434051479896, 0.9925461516413219831 ) ) ;
#372 = CARTESIAN_POINT ( 'NONE',  ( 1.357050807568898954, -1.502784234200903036E-14, -1.634999999999997344 ) ) ;
#373 = CARTESIAN_POINT ( 'NONE',  ( 1.357050807568899176, -1.499282988781874391E-14, -4.634999999999996234 ) ) ;
#374 = ORIENTED_EDGE ( 'NONE', *, *, #3420, .F. ) ;
#375 = CARTESIAN_POINT ( 'NONE',  ( 1.017788105676674659, -0.5876202367904423962, -0.1141666666666638907 ) ) ;
#376 =( BOUNDED_CURVE ( )  B_SPLINE_CURVE ( 2, ( #4636, #5054, #3167, #3202, #5116, #5565, #3615 ),
 .UNSPECIFIED., .F., .F. ) 
 B_SPLINE_CURVE_WITH_KNOTS ( ( 3, 2, 2, 3 ),
 ( 0.04744907806907674996, 0.06060606060606057999, 0.07575757575757570417, 0.09090909090909082835 ),
 .UNSPECIFIED. ) 
 CURVE ( )  GEOMETRIC_REPRESENTATION_ITEM ( )  RATIONAL_B_SPLINE_CURVE ( ( 0.9693706511602770970, 0.8836617060946981850, 1.000000000000000000, 0.8660254037844387076, 1.000000000000000000, 0.8660254037844394848, 0.9999999999999992228 ) ) 
 REPRESENTATION_ITEM ( '' )  );
#377 = LINE ( 'NONE', #2376, #1767 ) ;
#378 = CYLINDRICAL_SURFACE ( 'NONE', #4609, 1.500000000000000888 ) ;
#379 = CARTESIAN_POINT ( 'NONE',  ( -0.1067388246147450009, -1.227874302212330182, 4.843366928109173131 ) ) ;
#380 = CARTESIAN_POINT ( 'NONE',  ( 0.6785254037844502539, 1.175240473580839717, -5.989166666666663197 ) ) ;
#381 = B_SPLINE_CURVE_WITH_KNOTS ( 'NONE', 3,
 ( #2838, #5356, #909, #1003 ),
 .UNSPECIFIED., .F., .F.,
 ( 4, 4 ),
 ( 1.084202172485504434E-19, 8.279030431676530778E-05 ),
 .UNSPECIFIED. ) ;
#382 = ORIENTED_EDGE ( 'NONE', *, *, #2523, .F. ) ;
#383 = CARTESIAN_POINT ( 'NONE',  ( 1.836970198721050642E-16, -1.500000000000032863, 2.490000000000001545 ) ) ;
#384 = ORIENTED_EDGE ( 'NONE', *, *, #281, .T. ) ;
#385 = CARTESIAN_POINT ( 'NONE',  ( 1.836970198721030920E-16, 1.500000000000000666, 6.259999999999999787 ) ) ;
#386 = CARTESIAN_POINT ( 'NONE',  ( -1.357050807568898954, -1.569700179732847101E-14, 1.115000000000002656 ) ) ;
#387 = FACE_OUTER_BOUND ( 'NONE', #4633, .T. ) ;
#388 = DIRECTION ( 'NONE',  ( 0.000000000000000000, -1.000000000000000000, 0.000000000000000000 ) ) ;
#389 = ADVANCED_FACE ( 'NONE', ( #4237 ), #2715, .T. ) ;
#390 = CARTESIAN_POINT ( 'NONE',  ( 0.07570317101015060224, 1.199498189242980350, 4.596799999999999997 ) ) ;
#391 = CARTESIAN_POINT ( 'NONE',  ( 1.299038105676672439, 0.7499999999999931166, 2.656666666666668508 ) ) ;
#392 = CARTESIAN_POINT ( 'NONE',  ( 1.017788105676674215, -0.5876202367904429513, -2.114166666666663641 ) ) ;
#393 = ORIENTED_EDGE ( 'NONE', *, *, #5362, .F. ) ;
#394 = CARTESIAN_POINT ( 'NONE',  ( -0.08275259656693213783, 1.198448955679934924, 4.596799999999999997 ) ) ;
#395 = EDGE_CURVE ( 'NONE', #998, #5883, #814, .T. ) ;
#396 = CARTESIAN_POINT ( 'NONE',  ( 0.6785254037844494768, 1.175240473580839051, 0.5108333333333362480 ) ) ;
#397 = CARTESIAN_POINT ( 'NONE',  ( 1.310756855676672883, 0.7567658234670595618, -0.2886458333333297710 ) ) ;
#398 = CARTESIAN_POINT ( 'NONE',  ( -0.9125104491253948069, -1.190514460322534607, -5.999999999999999112 ) ) ;
#399 = CARTESIAN_POINT ( 'NONE',  ( -0.8660254037844531405, 1.499999999999994227, -0.6558333333333287163 ) ) ;
#400 = CARTESIAN_POINT ( 'NONE',  ( -0.2607495332532447363, 1.358185157725202430, 6.071772086592591045 ) ) ;
#401 = EDGE_CURVE ( 'NONE', #4762, #1058, #5617, .T. ) ;
#402 = CARTESIAN_POINT ( 'NONE',  ( 0.8738379037844496988, 1.513531646934134001, -5.293854166666664085 ) ) ;
#403 = CARTESIAN_POINT ( 'NONE',  ( 0.000000000000000000, 1.175240473580839495, -0.9787499999999970113 ) ) ;
#404 = CARTESIAN_POINT ( 'NONE',  ( 0.6785254037844499209, -1.175240473580869249, -0.2183333333333303816 ) ) ;
#405 = CARTESIAN_POINT ( 'NONE',  ( -0.6785254037844494768, 1.175240473580839495, -3.468333333333330160 ) ) ;
#406 = ORIENTED_EDGE ( 'NONE', *, *, #911, .F. ) ;
#407 = VECTOR ( 'NONE', #5884, 1000.000000000000000 ) ;
#408 = CARTESIAN_POINT ( 'NONE',  ( 1.439254484199213045E-16, -1.175240473580869915, -0.6974999999999973443 ) ) ;
#409 = CARTESIAN_POINT ( 'NONE',  ( -1.328023899308122813, 0.2870500636019687746, 6.078446747423950747 ) ) ;
#410 = CARTESIAN_POINT ( 'NONE',  ( -0.5671683580306277062, 0.4538728123416909677, 6.242448403943561708 ) ) ;
#411 = CARTESIAN_POINT ( 'NONE',  ( 0.000000000000000000, -1.500000000000001110, 6.259999999999999787 ) ) ;
#412 = CARTESIAN_POINT ( 'NONE',  ( -1.017788105676674659, -0.5876202367904417301, -5.780833333333329271 ) ) ;
#413 = ORIENTED_EDGE ( 'NONE', *, *, #4792, .F. ) ;
#414 = CARTESIAN_POINT ( 'NONE',  ( 1.747675807568897621, -1.497426404454633215E-14, -1.877187499999997788 ) ) ;
#415 = ORIENTED_EDGE ( 'NONE', *, *, #5059, .F. ) ;
#416 = DIRECTION ( 'NONE',  ( -0.000000000000000000, -1.224646799147353207E-16, 1.000000000000000000 ) ) ;
#417 = CARTESIAN_POINT ( 'NONE',  ( 1.357050807568898954, -1.545646872171060337E-14, 1.865000000000002878 ) ) ;
#418 = CARTESIAN_POINT ( 'NONE',  ( 1.299038105676671995, -0.7500000000000236478, -5.864166666666662309 ) ) ;
#419 = AXIS2_PLACEMENT_3D ( 'NONE', #970, #1863, #1928 ) ;
#420 = CARTESIAN_POINT ( 'NONE',  ( 0.8925303253935463754, -0.9268543071763223340, 3.239149393436302926 ) ) ;
#421 = VERTEX_POINT ( 'NONE', #1735 ) ;
#422 = CARTESIAN_POINT ( 'NONE',  ( -1.299038105676673105, 0.7499999999999921174, -0.1766666666666650010 ) ) ;
#423 = DIRECTION ( 'NONE',  ( -0.000000000000000000, -1.224646799147353207E-16, 1.000000000000000000 ) ) ;
#424 = B_SPLINE_CURVE_WITH_KNOTS ( 'NONE', 3,
 ( #2899, #3282, #3824, #5234 ),
 .UNSPECIFIED., .F., .F.,
 ( 4, 4 ),
 ( 2.235140038340936256E-19, 8.279030431676552462E-05 ),
 .UNSPECIFIED. ) ;
#425 = ORIENTED_EDGE ( 'NONE', *, *, #3645, .F. ) ;
#426 = CARTESIAN_POINT ( 'NONE',  ( -0.09750366069944943481, 1.189015705862474626, 4.596799999999999997 ) ) ;
#427 = CARTESIAN_POINT ( 'NONE',  ( -0.6785254037844492547, -1.175240473580870137, -0.2391666666666642238 ) ) ;
#428 = CARTESIAN_POINT ( 'NONE',  ( 1.853541686826127732E-16, -1.513531646934164643, 1.544687500000003544 ) ) ;
#429 = CARTESIAN_POINT ( 'NONE',  ( -1.436921846658512303, 0.2997777070931459398, -6.066581884505039213 ) ) ;
#430 = CARTESIAN_POINT ( 'NONE',  ( 0.8660254037844441477, 1.500000000000008882, 0.2608333333333376913 ) ) ;
#431 = DIRECTION ( 'NONE',  ( 0.9925461516413219831, -1.053088340227380698E-14, 0.1218693434051478647 ) ) ;
#432 = CARTESIAN_POINT ( 'NONE',  ( -1.310756855676673327, -0.7567658234670893158, -3.585520833333330604 ) ) ;
#433 = CARTESIAN_POINT ( 'NONE',  ( -1.357050807568898954, -1.545207243749900071E-14, -0.8849999999999970113 ) ) ;
#434 = CARTESIAN_POINT ( 'NONE',  ( 1.017788105676674215, -0.5876202367904426183, -5.176666666666663197 ) ) ;
#435 = ADVANCED_FACE ( 'NONE', ( #6177 ), #1261, .T. ) ;
#436 = CARTESIAN_POINT ( 'NONE',  ( 0.000000000000000000, 1.500000000000001554, -0.7599999999999982325 ) ) ;
#437 = CARTESIAN_POINT ( 'NONE',  ( -1.017788105676674215, -0.5876202367904433954, 2.219166666666669396 ) ) ;
#438 = CARTESIAN_POINT ( 'NONE',  ( -1.439254484199213045E-16, -1.175240473580869693, -1.759999999999996900 ) ) ;
#439 = CARTESIAN_POINT ( 'NONE',  ( -1.299038105676672217, -0.7500000000000246470, 0.9066666666666681751 ) ) ;
#440 = DIRECTION ( 'NONE',  ( -1.224646799147357645E-16, 1.000000000000000000, 0.000000000000000000 ) ) ;
#441 = CARTESIAN_POINT ( 'NONE',  ( 1.017788105676674215, -0.5876202367904423962, -6.114166666666663197 ) ) ;
#442 = EDGE_CURVE ( 'NONE', #1350, #3817, #5312, .T. ) ;
#443 = ORIENTED_EDGE ( 'NONE', *, *, #3178, .F. ) ;
#444 = CARTESIAN_POINT ( 'NONE',  ( -1.310756855676673771, 0.7567658234670584516, -0.6688541666666646401 ) ) ;
#445 = ORIENTED_EDGE ( 'NONE', *, *, #2953, .F. ) ;
#446 = DIRECTION ( 'NONE',  ( 0.000000000000000000, -1.000000000000000000, 0.000000000000000000 ) ) ;
#447 = CARTESIAN_POINT ( 'NONE',  ( -1.017788105676673993, -0.5876202367904431734, 1.156666666666669618 ) ) ;
#448 = CARTESIAN_POINT ( 'NONE',  ( 1.836970198721030920E-16, 1.500000000000000666, 6.259999999999999787 ) ) ;
#449 = CARTESIAN_POINT ( 'NONE',  ( 1.299038105676672439, 0.7499999999999932276, 1.656666666666668286 ) ) ;
#450 = ORIENTED_EDGE ( 'NONE', *, *, #4513, .F. ) ;
#451 = DIRECTION ( 'NONE',  ( -0.000000000000000000, -1.224646799147353207E-16, 1.000000000000000000 ) ) ;
#452 = CARTESIAN_POINT ( 'NONE',  ( -0.1210619955558798616, 0.8426359540446000107, 4.596799999999999997 ) ) ;
#453 = VECTOR ( 'NONE', #185, 999.9999999999998863 ) ;
#454 = ORIENTED_EDGE ( 'NONE', *, *, #1797, .F. ) ;
#455 = CARTESIAN_POINT ( 'NONE',  ( -0.09971858605909159068, 1.186175250110405921, 4.596799999999999997 ) ) ;
#456 = CARTESIAN_POINT ( 'NONE',  ( 1.017788105676674659, -0.5876202367904423962, -0.1141666666666638907 ) ) ;
#457 = CARTESIAN_POINT ( 'NONE',  ( -1.310756855676672661, -0.7567658234670905371, -0.03864583333332977100 ) ) ;
#458 = AXIS2_PLACEMENT_3D ( 'NONE', #2987, #641, #2487 ) ;
#459 = VECTOR ( 'NONE', #2667, 1000.000000000000000 ) ;
#460 = CARTESIAN_POINT ( 'NONE',  ( 1.310756855676673771, 0.7567658234670584516, -1.288645833333329049 ) ) ;
#461 = CARTESIAN_POINT ( 'NONE',  ( 0.3064976159286831869, 0.9628031646469216165, 6.236834350748982736 ) ) ;
#462 = LINE ( 'NONE', #3880, #4347 ) ;
#463 = AXIS2_PLACEMENT_3D ( 'NONE', #3168, #2102, #1175 ) ;
#464 = CARTESIAN_POINT ( 'NONE',  ( 0.000000000000000000, 1.513531646934134445, -2.252187499999997122 ) ) ;
#465 = DATE_AND_TIME ( #4815, #6047 ) ;
#466 = CARTESIAN_POINT ( 'NONE',  ( -0.6785254037844491437, -1.175240473580869471, -1.801666666666663863 ) ) ;
#467 = CARTESIAN_POINT ( 'NONE',  ( 0.6785254037844502539, 1.175240473580839273, -5.051666666666664085 ) ) ;
#468 = AXIS2_PLACEMENT_3D ( 'NONE', #1274, #5660, #440 ) ;
#469 = CARTESIAN_POINT ( 'NONE',  ( 0.000000000000000000, -3.168163357082304046E-16, 6.259999999999999787 ) ) ;
#470 = EDGE_CURVE ( 'NONE', #6039, #5088, #2844, .T. ) ;
#471 = CARTESIAN_POINT ( 'NONE',  ( -2.878508968398426089E-16, 1.175240473580839051, 1.552500000000003100 ) ) ;
#472 = CARTESIAN_POINT ( 'NONE',  ( -1.017788105676674437, 0.5876202367904124202, -2.926666666666663197 ) ) ;
#473 = CARTESIAN_POINT ( 'NONE',  ( 1.180013898932687155, 0.1030321941882472586, 4.596799999999999997 ) ) ;
#474 = EDGE_CURVE ( 'NONE', #323, #3683, #3153, .T. ) ;
#475 = CARTESIAN_POINT ( 'NONE',  ( -0.3148034922636792632, -0.8811735338144259799, 6.174697866662547163 ) ) ;
#476 = CARTESIAN_POINT ( 'NONE',  ( -1.836970198721050395E-16, -1.500000000000031974, -1.447499999999996012 ) ) ;
#477 = CARTESIAN_POINT ( 'NONE',  ( -1.017788105676674437, 0.5876202367904127533, -5.364166666666663197 ) ) ;
#478 = VERTEX_POINT ( 'NONE', #1899 ) ;
#479 = CARTESIAN_POINT ( 'NONE',  ( -1.310756855676673771, 0.7567658234670583406, -0.1688541666666645846 ) ) ;
#480 = ORIENTED_EDGE ( 'NONE', *, *, #3381, .F. ) ;
#481 = CARTESIAN_POINT ( 'NONE',  ( -1.199498189242980573, -0.07570317101014625849, 4.596799999999999997 ) ) ;
#482 = EDGE_CURVE ( 'NONE', #3401, #4477, #3455, .T. ) ;
#483 = CARTESIAN_POINT ( 'NONE',  ( -0.6785254037844491437, -1.175240473580869915, 0.6983333333333364701 ) ) ;
#484 = LINE ( 'NONE', #541, #4827 ) ;
#485 = CARTESIAN_POINT ( 'NONE',  ( 0.000000000000000000, 1.517883041479706208E-15, 1.085191030710668469 ) ) ;
#486 = ORIENTED_EDGE ( 'NONE', *, *, #4550, .T. ) ;
#487 = CARTESIAN_POINT ( 'NONE',  ( -1.439254484199213045E-16, -1.175240473580869027, -6.259999999999996234 ) ) ;
#488 = ORIENTED_EDGE ( 'NONE', *, *, #1139, .F. ) ;
#489 = CARTESIAN_POINT ( 'NONE',  ( -0.1013773601154042692, 1.183090911502125753, 4.596799999999999997 ) ) ;
#490 = CARTESIAN_POINT ( 'NONE',  ( 1.439254484199213045E-16, -1.175240473580869693, -1.197499999999997344 ) ) ;
#491 = CARTESIAN_POINT ( 'NONE',  ( 0.000000000000000000, 1.500000000000001554, -1.259999999999997788 ) ) ;
#492 = CARTESIAN_POINT ( 'NONE',  ( -1.277175687110940094, -0.2263357387547810795, 5.583968252727963488 ) ) ;
#493 = CARTESIAN_POINT ( 'NONE',  ( 0.000000000000000000, -2.749861645946508837, 3.740000000000000213 ) ) ;
#494 = CARTESIAN_POINT ( 'NONE',  ( -1.299038105676672217, -0.7500000000000244249, -0.5933333333333320470 ) ) ;
#495 = CIRCLE ( 'NONE', #5370, 1.201884718306285516 ) ;
#496 = CARTESIAN_POINT ( 'NONE',  ( -1.310756855676673327, -0.7567658234670895379, -2.085520833333330604 ) ) ;
#497 = PERSON_AND_ORGANIZATION_ROLE ( 'design_supplier' ) ;
#498 = CARTESIAN_POINT ( 'NONE',  ( 1.017788105676674215, 0.5876202367904117541, 1.406666666666669396 ) ) ;
#499 = CARTESIAN_POINT ( 'NONE',  ( 0.6785254037844492547, -1.175240473580869471, -2.718333333333329715 ) ) ;
#500 = VECTOR ( 'NONE', #4629, 1000.000000000000000 ) ;
#501 = VERTEX_POINT ( 'NONE', #3790 ) ;
#502 = CARTESIAN_POINT ( 'NONE',  ( -0.6785254037844492547, -1.175240473580870582, 3.260833333333335915 ) ) ;
#503 = CARTESIAN_POINT ( 'NONE',  ( 1.017788105676675103, 0.5876202367904115320, -4.093333333333330160 ) ) ;
#504 = CARTESIAN_POINT ( 'NONE',  ( 1.193751676872629730, 0.09230896470716756785, 4.596799999999999997 ) ) ;
#505 = CARTESIAN_POINT ( 'NONE',  ( 1.017788105676674215, 0.5876202367904119761, -0.5933333333333304926 ) ) ;
#506 = CARTESIAN_POINT ( 'NONE',  ( 1.299038105676672439, 0.7499999999999934497, -0.3433333333333314918 ) ) ;
#507 = CARTESIAN_POINT ( 'NONE',  ( -0.6785254037844500319, -1.175240473580869027, -4.739166666666662309 ) ) ;
#508 = ORIENTED_EDGE ( 'NONE', *, *, #3113, .T. ) ;
#509 = CARTESIAN_POINT ( 'NONE',  ( 1.747675807568897621, -1.528042574433317318E-14, 0.6228125000000021005 ) ) ;
#510 = EDGE_CURVE ( 'NONE', #1889, #3476, #2898, .T. ) ;
#511 = EDGE_LOOP ( 'NONE', ( #382, #5382, #5187, #1293 ) ) ;
#512 = CARTESIAN_POINT ( 'NONE',  ( -1.017788105676674659, -0.5876202367904417301, -5.343333333333330160 ) ) ;
#513 = CARTESIAN_POINT ( 'NONE',  ( 1.269983085977787418, -0.4410624271013146025, -6.259999999999999787 ) ) ;
#514 = CARTESIAN_POINT ( 'NONE',  ( -1.732050807568896511, -1.458390787731812176E-14, -5.072499999999996234 ) ) ;
#515 = CARTESIAN_POINT ( 'NONE',  ( -0.8426359540445995666, -0.1210619955558890765, 4.596799999999999997 ) ) ;
#516 = ORIENTED_EDGE ( 'NONE', *, *, #663, .F. ) ;
#517 = LINE ( 'NONE', #4447, #2783 ) ;
#518 = EDGE_CURVE ( 'NONE', #4945, #691, #3823, .T. ) ;
#519 = CARTESIAN_POINT ( 'NONE',  ( -1.017788105676674437, 0.5876202367904124202, -2.864166666666663197 ) ) ;
#520 = ORIENTED_EDGE ( 'NONE', *, *, #9, .F. ) ;
#521 = CARTESIAN_POINT ( 'NONE',  ( 0.000000000000000000, -8.205342323097497332E-18, 3.740000000000000657 ) ) ;
#522 = CARTESIAN_POINT ( 'NONE',  ( 0.6785254037844500319, -1.175240473580869471, -1.155833333333330826 ) ) ;
#523 = CARTESIAN_POINT ( 'NONE',  ( -0.8738379037844481445, -1.513531646934165309, 3.003020833333336803 ) ) ;
#524 = DIRECTION ( 'NONE',  ( -0.000000000000000000, 2.999224776947198600E-16, -1.000000000000000000 ) ) ;
#525 = FACE_OUTER_BOUND ( 'NONE', #219, .T. ) ;
#526 = CARTESIAN_POINT ( 'NONE',  ( 0.8660254037844491437, 1.500000000000001110, -5.239166666666663197 ) ) ;
#527 = CARTESIAN_POINT ( 'NONE',  ( 1.310756855676673771, 0.7567658234670584516, -1.335520833333330826 ) ) ;
#528 = CARTESIAN_POINT ( 'NONE',  ( -0.6785254037844491437, -1.175240473580869915, 2.198333333333335915 ) ) ;
#529 = CARTESIAN_POINT ( 'NONE',  ( 1.310756855676672883, -0.7567658234670899819, -6.371979166666663197 ) ) ;
#530 = CARTESIAN_POINT ( 'NONE',  ( 0.1051267183062885857, 0.9227480026794844248, 4.596799999999999997 ) ) ;
#531 = CARTESIAN_POINT ( 'NONE',  ( 1.357050807568899176, -1.534165808429054075E-14, 0.9275000000000027667 ) ) ;
#532 = CARTESIAN_POINT ( 'NONE',  ( -1.017788105676674659, -0.5876202367904418411, -4.843333333333329271 ) ) ;
#533 = CARTESIAN_POINT ( 'NONE',  ( 1.299038105676672439, -0.7500000000000236478, 2.635833333333337247 ) ) ;
#534 = CARTESIAN_POINT ( 'NONE',  ( 0.6785254037844493658, 1.175240473580839273, -0.05166666666666383523 ) ) ;
#535 = DIRECTION ( 'NONE',  ( 0.000000000000000000, -1.000000000000000000, 0.000000000000000000 ) ) ;
#536 = CARTESIAN_POINT ( 'NONE',  ( 1.017788105676674215, -0.5876202367904428403, -2.614166666666663641 ) ) ;
#537 = ORIENTED_EDGE ( 'NONE', *, *, #2840, .F. ) ;
#538 = CARTESIAN_POINT ( 'NONE',  ( -1.310756855676672883, -0.7567658234670905371, -1.085520833333331492 ) ) ;
#539 =( BOUNDED_CURVE ( )  B_SPLINE_CURVE ( 2, ( #48, #3022, #5862, #3469, #584, #2519, #611 ),
 .UNSPECIFIED., .F., .F. ) 
 B_SPLINE_CURVE_WITH_KNOTS ( ( 3, 2, 2, 3 ),
 ( 0.5833333333333333703, 0.5972222222222222099, 0.6111111111111111605, 0.6250000000000000000 ),
 .UNSPECIFIED. ) 
 CURVE ( )  GEOMETRIC_REPRESENTATION_ITEM ( )  RATIONAL_B_SPLINE_CURVE ( ( 1.000000000000000000, 0.8660254037844387076, 1.000000000000000000, 0.8660254037844387076, 1.000000000000000000, 0.8660254037844387076, 1.000000000000000000 ) ) 
 REPRESENTATION_ITEM ( '' )  );
#540 = CARTESIAN_POINT ( 'NONE',  ( -1.299038105676672439, -0.7500000000000227596, -5.530833333333328383 ) ) ;
#541 = CARTESIAN_POINT ( 'NONE',  ( 0.5671683580306305927, -0.4538728123416887472, 6.242448403943561708 ) ) ;
#542 = CARTESIAN_POINT ( 'NONE',  ( 1.836970198721050395E-16, -1.500000000000032196, 2.052500000000003322 ) ) ;
#543 = ORIENTED_EDGE ( 'NONE', *, *, #5710, .F. ) ;
#544 = DIRECTION ( 'NONE',  ( -0.000000000000000000, -1.224646799147353207E-16, 1.000000000000000000 ) ) ;
#545 = CARTESIAN_POINT ( 'NONE',  ( 1.017788105676675103, 0.5876202367904114210, -2.530833333333330160 ) ) ;
#546 = ORIENTED_EDGE ( 'NONE', *, *, #935, .F. ) ;
#547 = CARTESIAN_POINT ( 'NONE',  ( -3.673940397442101283E-16, 1.500000000000001554, 0.7400000000000019895 ) ) ;
#548 = AXIS2_PLACEMENT_3D ( 'NONE', #2229, #803, #2201 ) ;
#549 = CARTESIAN_POINT ( 'NONE',  ( 0.6785254037844494768, 1.175240473580838829, 1.510833333333336137 ) ) ;
#550 = EDGE_CURVE ( 'NONE', #5080, #5926, #4958, .T. ) ;
#551 = CARTESIAN_POINT ( 'NONE',  ( 1.747675807568897399, -1.546986329607628029E-14, 2.169687500000003322 ) ) ;
#552 = CARTESIAN_POINT ( 'NONE',  ( 1.836970198721030920E-16, 1.500000000000000666, 6.259999999999999787 ) ) ;
#553 = VECTOR ( 'NONE', #4959, 999.9999999999998863 ) ;
#554 = CARTESIAN_POINT ( 'NONE',  ( 1.017788105676674215, -0.5876202367904423962, -6.114166666666663197 ) ) ;
#555 = B_SPLINE_CURVE_WITH_KNOTS ( 'NONE', 3,
 ( #4152, #5503, #191, #2161, #3550, #4124, #762, #1625, #2572, #5085, #5473, #1238, #3043, #6098, #2698, #1717 ),
 .UNSPECIFIED., .F., .F.,
 ( 4, 3, 3, 3, 3, 4 ),
 ( 0.000000000000000000, 1.057880841792304714E-05, 2.116331355726197992E-05, 3.167000848053402407E-05, 4.214965269405497112E-05, 4.711135977139842648E-05 ),
 .UNSPECIFIED. ) ;
#556 = CARTESIAN_POINT ( 'NONE',  ( 0.000000000000000000, -3.168163357082304046E-16, 6.259999999999999787 ) ) ;
#557 = EDGE_CURVE ( 'NONE', #4405, #1889, #2760, .T. ) ;
#558 = CARTESIAN_POINT ( 'NONE',  ( -1.747675807568897621, -1.500488021452501909E-14, -1.627187499999997566 ) ) ;
#559 = CARTESIAN_POINT ( 'NONE',  ( -1.836970198721050395E-16, -1.500000000000031530, -4.947499999999996234 ) ) ;
#560 = CARTESIAN_POINT ( 'NONE',  ( -2.878508968398425596E-16, 1.175240473580838829, 2.490000000000002434 ) ) ;
#561 = CARTESIAN_POINT ( 'NONE',  ( 0.6785254037844502539, 1.175240473580839051, -2.551666666666664085 ) ) ;
#562 = VERTEX_POINT ( 'NONE', #493 ) ;
#563 = EDGE_LOOP ( 'NONE', ( #5447, #5306, #831, #3925 ) ) ;
#564 = VECTOR ( 'NONE', #70, 1000.000000000000000 ) ;
#565 = CARTESIAN_POINT ( 'NONE',  ( 1.017788105676674215, -0.5876202367904429513, -1.676666666666663197 ) ) ;
#566 = CARTESIAN_POINT ( 'NONE',  ( -1.732050807568896511, -1.598785541212596699E-14, 2.927500000000004210 ) ) ;
#567 = CARTESIAN_POINT ( 'NONE',  ( -1.017788105676674881, 0.5876202367904109769, 0.07333333333333627579 ) ) ;
#568 = CARTESIAN_POINT ( 'NONE',  ( -0.8660254037844519193, 1.499999999999994893, -1.655833333333328827 ) ) ;
#569 = CARTESIAN_POINT ( 'NONE',  ( -0.6785254037844500319, -1.175240473580869249, -3.239166666666663197 ) ) ;
#570 = ORIENTED_EDGE ( 'NONE', *, *, #5637, .F. ) ;
#571 = CARTESIAN_POINT ( 'NONE',  ( -1.310756855676672883, -0.7567658234670907591, 0.9144791666666685082 ) ) ;
#572 = CYLINDRICAL_SURFACE ( 'NONE', #4909, 0.2109150000000001024 ) ;
#573 = CARTESIAN_POINT ( 'NONE',  ( 1.299038105676671995, -0.7500000000000238698, -3.926666666666664973 ) ) ;
#574 = CARTESIAN_POINT ( 'NONE',  ( 0.000000000000000000, 1.344386060257486859, -0.8498437499999973443 ) ) ;
#575 = CARTESIAN_POINT ( 'NONE',  ( 1.664761593629860031E-11, -1.490855286535984092, -6.015279702779322335 ) ) ;
#576 = EDGE_LOOP ( 'NONE', ( #1260, #4700, #4054, #4413 ) ) ;
#577 = FACE_OUTER_BOUND ( 'NONE', #5061, .T. ) ;
#578 =( BOUNDED_CURVE ( )  B_SPLINE_CURVE ( 2, ( #1635, #777, #4648, #4164, #3150, #2674, #6079 ),
 .UNSPECIFIED., .F., .F. ) 
 B_SPLINE_CURVE_WITH_KNOTS ( ( 3, 2, 2, 3 ),
 ( 0.000000000000000000, 0.01388888888888884128, 0.02777777777777779705, 0.04166666666666663660 ),
 .UNSPECIFIED. ) 
 CURVE ( )  GEOMETRIC_REPRESENTATION_ITEM ( )  RATIONAL_B_SPLINE_CURVE ( ( 1.000000000000000000, 0.8660254037844387076, 1.000000000000000000, 0.8660254037844387076, 1.000000000000000000, 0.8660254037844385966, 1.000000000000000000 ) ) 
 REPRESENTATION_ITEM ( '' )  );
#579 = CARTESIAN_POINT ( 'NONE',  ( -0.6785254037844500319, -1.175240473580869249, -3.239166666666663197 ) ) ;
#580 = ORIENTED_EDGE ( 'NONE', *, *, #5375, .F. ) ;
#581 = CYLINDRICAL_SURFACE ( 'NONE', #5763, 1.544999999999999929 ) ;
#582 = CARTESIAN_POINT ( 'NONE',  ( -1.017788105676674215, -0.5876202367904433954, 2.719166666666668952 ) ) ;
#583 = CARTESIAN_POINT ( 'NONE',  ( -3.707083373652255464E-16, 1.513531646934133779, 2.794687500000003766 ) ) ;
#584 = CARTESIAN_POINT ( 'NONE',  ( -1.299038105676672217, -0.7500000000000246470, 1.406666666666668064 ) ) ;
#585 = CARTESIAN_POINT ( 'NONE',  ( -1.358185157725189107, 0.2607495332533108501, 6.071772086592593709 ) ) ;
#586 = ORIENTED_EDGE ( 'NONE', *, *, #81, .T. ) ;
#587 = CARTESIAN_POINT ( 'NONE',  ( 1.732050807568896511, -1.540614818253097188E-14, -1.822499999999995346 ) ) ;
#588 = CARTESIAN_POINT ( 'NONE',  ( 0.8738379037844496988, 1.513531646934134001, -2.793854166666664529 ) ) ;
#589 = CARTESIAN_POINT ( 'NONE',  ( 1.357050807568898954, -1.539523638175323896E-14, 1.365000000000002878 ) ) ;
#590 = CARTESIAN_POINT ( 'NONE',  ( -1.357050807568899176, -1.505845851198771414E-14, -1.384999999999996234 ) ) ;
#591 = ORIENTED_EDGE ( 'NONE', *, *, #284, .F. ) ;
#592 = CARTESIAN_POINT ( 'NONE',  ( 2.836735106140954491E-15, -7.504273612502780044E-16, 6.071772086592593709 ) ) ;
#593 = EDGE_CURVE ( 'NONE', #2635, #1280, #4812, .T. ) ;
#594 = PLANE ( 'NONE',  #2337 ) ;
#595 = CARTESIAN_POINT ( 'NONE',  ( -1.836970198721050395E-16, -1.500000000000031752, -2.947499999999995790 ) ) ;
#596 = CARTESIAN_POINT ( 'NONE',  ( -0.6785254037844501429, 1.175240473580838829, 0.03166666666666942409 ) ) ;
#597 = FACE_OUTER_BOUND ( 'NONE', #2228, .T. ) ;
#598 = CARTESIAN_POINT ( 'NONE',  ( 1.017788105676674215, -0.5876202367904427293, -3.614166666666663641 ) ) ;
#599 = ORIENTED_EDGE ( 'NONE', *, *, #4550, .F. ) ;
#600 = CARTESIAN_POINT ( 'NONE',  ( -0.8738379037844482555, -1.513531646934165975, 3.456145833333335027 ) ) ;
#601 = CARTESIAN_POINT ( 'NONE',  ( 1.017788105676675103, 0.5876202367904116430, -5.093333333333330160 ) ) ;
#602 = CARTESIAN_POINT ( 'NONE',  ( 1.836970198721050642E-16, -1.500000000000032641, 0.4900000000000013789 ) ) ;
#603 = DIRECTION ( 'NONE',  ( -0.000000000000000000, -1.224646799147353207E-16, 1.000000000000000000 ) ) ;
#604 = CARTESIAN_POINT ( 'NONE',  ( -1.017788105676674659, -0.5876202367904416191, -6.343333333333330160 ) ) ;
#605 = ORIENTED_EDGE ( 'NONE', *, *, #4575, .F. ) ;
#606 = CARTESIAN_POINT ( 'NONE',  ( 0.6785254037844492547, -1.175240473580869471, -2.655833333333330160 ) ) ;
#607 = EDGE_LOOP ( 'NONE', ( #3976, #1338, #4622, #3009 ) ) ;
#608 = CARTESIAN_POINT ( 'NONE',  ( -1.836970198721050395E-16, -1.500000000000031530, -5.447499999999994458 ) ) ;
#609 = CARTESIAN_POINT ( 'NONE',  ( -0.6785254037844492547, -1.175240473580870360, 1.260833333333335915 ) ) ;
#610 = CARTESIAN_POINT ( 'NONE',  ( 1.299038105676672217, 0.7499999999999931166, 1.219166666666670507 ) ) ;
#611 = CARTESIAN_POINT ( 'NONE',  ( 1.836970198721050642E-16, -1.500000000000032863, 1.490000000000001323 ) ) ;
#612 =( BOUNDED_CURVE ( )  B_SPLINE_CURVE ( 2, ( #2059, #4436, #2001, #90, #1043, #28, #595 ),
 .UNSPECIFIED., .F., .F. ) 
 B_SPLINE_CURVE_WITH_KNOTS ( ( 3, 2, 2, 3 ),
 ( 0.2727272727272725961, 0.2878787878787877341, 0.3030303030303028167, 0.3181818181818180657 ),
 .UNSPECIFIED. ) 
 CURVE ( )  GEOMETRIC_REPRESENTATION_ITEM ( )  RATIONAL_B_SPLINE_CURVE ( ( 1.000000000000000888, 0.8660254037844377084, 1.000000000000000000, 0.8660254037844387076, 1.000000000000000000, 0.8660254037844401509, 0.9999999999999985567 ) ) 
 REPRESENTATION_ITEM ( '' )  );
#613 = CARTESIAN_POINT ( 'NONE',  ( -0.6785254037844500319, -1.175240473580869027, -5.239166666666663197 ) ) ;
#614 = ADVANCED_FACE ( 'NONE', ( #4267 ), #5090, .T. ) ;
#615 = AXIS2_PLACEMENT_3D ( 'NONE', #4388, #6208, #1419 ) ;
#616 = CARTESIAN_POINT ( 'NONE',  ( -0.9125104491253948069, -1.190514460322534607, -5.999999999999999112 ) ) ;
#617 = B_SPLINE_CURVE_WITH_KNOTS ( 'NONE', 3,
 ( #1198, #2625, #4533, #153, #1583, #2186, #2155, #5049, #5524, #6061, #1106, #2125, #3064 ),
 .UNSPECIFIED., .F., .F.,
 ( 4, 3, 3, 3, 4 ),
 ( 0.000000000000000000, 1.092890576614305755E-05, 2.185616419262624680E-05, 3.280036097521569252E-05, 4.363305408207675555E-05 ),
 .UNSPECIFIED. ) ;
#618 = CARTESIAN_POINT ( 'NONE',  ( -1.017788105676674659, -0.5876202367904416191, -6.280833333333330160 ) ) ;
#619 = CARTESIAN_POINT ( 'NONE',  ( -1.357050807568898954, -1.563576945737110344E-14, 0.6150000000000026557 ) ) ;
#620 = CARTESIAN_POINT ( 'NONE',  ( 0.6785254037844502539, 1.175240473580838829, -1.551666666666663863 ) ) ;
#621 = ORIENTED_EDGE ( 'NONE', *, *, #3259, .F. ) ;
#622 = DIRECTION ( 'NONE',  ( 0.000000000000000000, 0.000000000000000000, 1.000000000000000000 ) ) ;
#623 = CARTESIAN_POINT ( 'NONE',  ( 1.357050807568899176, -1.529899158760558178E-14, -2.134999999999997122 ) ) ;
#624 = ORIENTED_EDGE ( 'NONE', *, *, #2720, .F. ) ;
#625 = CYLINDRICAL_SURFACE ( 'NONE', #3585, 1.500000000000000888 ) ;
#626 = CARTESIAN_POINT ( 'NONE',  ( -0.6785254037844491437, -1.175240473580869915, 1.698333333333335915 ) ) ;
#627 = CARTESIAN_POINT ( 'NONE',  ( -1.732050807568896511, -1.489006957710495963E-14, -2.572499999999995346 ) ) ;
#628 = CARTESIAN_POINT ( 'NONE',  ( -1.017788105676674437, 0.5876202367904125312, -3.864166666666663197 ) ) ;
#629 = EDGE_CURVE ( 'NONE', #3491, #4522, #3408, .T. ) ;
#630 = VERTEX_POINT ( 'NONE', #3879 ) ;
#631 = CARTESIAN_POINT ( 'NONE',  ( 1.853541686826127979E-16, -1.513531646934165309, 2.997812500000001990 ) ) ;
#632 = CARTESIAN_POINT ( 'NONE',  ( 0.000000000000000000, 1.175240473580839939, -6.009999999999996234 ) ) ;
#633 = CARTESIAN_POINT ( 'NONE',  ( -1.732050807568896511, -1.452267553736075418E-14, -5.572499999999995346 ) ) ;
#634 = DIRECTION ( 'NONE',  ( 0.000000000000000000, -0.1218693434051479896, 0.9925461516413220942 ) ) ;
#635 = EDGE_CURVE ( 'NONE', #1058, #4945, #381, .T. ) ;
#636 = CARTESIAN_POINT ( 'NONE',  ( -1.299038105676673105, 0.7499999999999918954, 2.323333333333334583 ) ) ;
#637 = ORIENTED_EDGE ( 'NONE', *, *, #2953, .T. ) ;
#638 = DIRECTION ( 'NONE',  ( 1.000000000000000000, -3.506518110792579178E-15, -0.000000000000000000 ) ) ;
#639 = CARTESIAN_POINT ( 'NONE',  ( -0.6785254037844500319, -1.175240473580869249, -2.239166666666663641 ) ) ;
#640 = ORIENTED_EDGE ( 'NONE', *, *, #1803, .F. ) ;
#641 = DIRECTION ( 'NONE',  ( -0.000000000000000000, -0.000000000000000000, -1.000000000000000000 ) ) ;
#642 = CARTESIAN_POINT ( 'NONE',  ( 1.439254484199213045E-16, -1.175240473580870137, 2.302500000000001990 ) ) ;
#643 = CARTESIAN_POINT ( 'NONE',  ( -0.8660254037844407060, 1.500000000000014655, -4.718333333333331936 ) ) ;
#644 = CARTESIAN_POINT ( 'NONE',  ( -0.2870500636019552854, -1.328023899308126365, 6.078446747423950747 ) ) ;
#645 = B_SPLINE_CURVE_WITH_KNOTS ( 'NONE', 3,
 ( #4867, #2579, #3966, #76, #4516, #2075, #2925, #1031, #4033, #135, #5981, #1631, #2015 ),
 .UNSPECIFIED., .F., .F.,
 ( 4, 3, 3, 3, 4 ),
 ( 0.000000000000000000, 1.092890576614307788E-05, 2.185616419262632133E-05, 3.280036097521566541E-05, 4.363305408207618634E-05 ),
 .UNSPECIFIED. ) ;
#646 = CARTESIAN_POINT ( 'NONE',  ( 0.6785254037844494768, 1.175240473580838829, 1.510833333333336137 ) ) ;
#647 = CARTESIAN_POINT ( 'NONE',  ( 0.9227480026794846468, -0.1051267183062923882, 4.596799999999999997 ) ) ;
#648 = VERTEX_POINT ( 'NONE', #1035 ) ;
#649 = CARTESIAN_POINT ( 'NONE',  ( -1.017788105676674215, -0.5876202367904430623, -0.7808333333333308257 ) ) ;
#650 = UNCERTAINTY_MEASURE_WITH_UNIT (LENGTH_MEASURE( 1.000000000000000082E-05 ), #4875, 'distance_accuracy_value', 'NONE');
#651 = CARTESIAN_POINT ( 'NONE',  ( 0.6785254037844492547, -1.175240473580869471, -5.155833333333330160 ) ) ;
#652 = CARTESIAN_POINT ( 'NONE',  ( -3.707083373652255464E-16, 1.513531646934134445, -1.705312499999996234 ) ) ;
#653 = CIRCLE ( 'NONE', #4196, 1.382988518302596725 ) ;
#654 = CARTESIAN_POINT ( 'NONE',  ( 0.000000000000000000, 1.513531646934134889, -6.205312499999995346 ) ) ;
#655 = ORIENTED_EDGE ( 'NONE', *, *, #3412, .F. ) ;
#656 = CARTESIAN_POINT ( 'NONE',  ( 1.836970198721030920E-16, 1.500000000000000666, 6.259999999999999787 ) ) ;
#657 = CARTESIAN_POINT ( 'NONE',  ( 1.017788105676675103, 0.5876202367904113100, -2.093333333333329715 ) ) ;
#658 = AXIS2_PLACEMENT_3D ( 'NONE', #3963, #4863, #4349 ) ;
#659 = FACE_OUTER_BOUND ( 'NONE', #5250, .T. ) ;
#660 = CARTESIAN_POINT ( 'NONE',  ( -0.9413395249543407006, -0.7200330627680550100, 3.166055725682974664 ) ) ;
#661 = CARTESIAN_POINT ( 'NONE',  ( -3.673940397442101283E-16, 1.500000000000001332, 1.740000000000002212 ) ) ;
#662 = CARTESIAN_POINT ( 'NONE',  ( -1.357050807568899176, -1.475995085469554880E-14, -3.822499999999997122 ) ) ;
#663 = EDGE_CURVE ( 'NONE', #3198, #193, #1538, .T. ) ;
#664 = AXIS2_PLACEMENT_3D ( 'NONE', #5222, #3331, #3632 ) ;
#665 = VERTEX_POINT ( 'NONE', #4871 ) ;
#666 = CARTESIAN_POINT ( 'NONE',  ( 1.310756855676673105, 0.7567658234670594508, 2.164479166666668508 ) ) ;
#667 = ADVANCED_FACE ( 'NONE', ( #525 ), #2462, .T. ) ;
#668 = CARTESIAN_POINT ( 'NONE',  ( 1.357050807568899176, -1.517652690769084663E-14, -3.134999999999996678 ) ) ;
#669 = EDGE_CURVE ( 'NONE', #3683, #4995, #1026, .T. ) ;
#670 = AXIS2_PLACEMENT_3D ( 'NONE', #4951, #4917, #5432 ) ;
#671 = CARTESIAN_POINT ( 'NONE',  ( 1.836970198721030920E-16, 1.500000000000000666, 6.259999999999999787 ) ) ;
#672 = DIRECTION ( 'NONE',  ( 0.000000000000000000, -0.1218693434051475871, -0.9925461516413220942 ) ) ;
#673 = CARTESIAN_POINT ( 'NONE',  ( -1.017788105676674437, 0.5876202367904127533, -5.426666666666663197 ) ) ;
#674 = ORIENTED_EDGE ( 'NONE', *, *, #2416, .F. ) ;
#675 = CARTESIAN_POINT ( 'NONE',  ( -0.1051267183062895294, 3.185497379460631612E-15, 4.596799999999999997 ) ) ;
#677 = EDGE_CURVE ( 'NONE', #1983, #180, #5612, .T. ) ;
#676 = CARTESIAN_POINT ( 'NONE',  ( -0.6785254037844494768, 1.175240473580839717, -4.968333333333329271 ) ) ;
#678 = VERTEX_POINT ( 'NONE', #647 ) ;
#679 = DIRECTION ( 'NONE',  ( 0.000000000000000000, -1.000000000000000000, 0.000000000000000000 ) ) ;
#680 = CARTESIAN_POINT ( 'NONE',  ( 1.357050807568899176, -1.558658744412001105E-14, 2.927500000000002878 ) ) ;
#681 = DIRECTION ( 'NONE',  ( -0.000000000000000000, -1.224646799147353207E-16, 1.000000000000000000 ) ) ;
#682 = CARTESIAN_POINT ( 'NONE',  ( 1.299038105676672439, 0.7499999999999932276, 2.156666666666668064 ) ) ;
#683 = CARTESIAN_POINT ( 'NONE',  ( 1.017788105676674437, 0.5876202367904116430, 3.469166666666669840 ) ) ;
#684 = CARTESIAN_POINT ( 'NONE',  ( -1.017788105676674659, -0.5876202367904417301, -5.280833333333330160 ) ) ;
#685 = VECTOR ( 'NONE', #3753, 1000.000000000000114 ) ;
#686 = ORIENTED_EDGE ( 'NONE', *, *, #1520, .F. ) ;
#687 = CARTESIAN_POINT ( 'NONE',  ( -0.6785254037844494768, 1.175240473580840161, -6.405833333333330160 ) ) ;
#688 = COORDINATED_UNIVERSAL_TIME_OFFSET ( 6, 0, .BEHIND. ) ;
#689 = CARTESIAN_POINT ( 'NONE',  ( 1.017788105676674215, 0.5876202367904115320, 2.906666666666669396 ) ) ;
#690 = CARTESIAN_POINT ( 'NONE',  ( -1.747675807568897621, -1.464322670665181804E-14, -4.580312499999995346 ) ) ;
#691 = VERTEX_POINT ( 'NONE', #5513 ) ;
#692 = DIRECTION ( 'NONE',  ( -0.9169930745742567169, 0.3798309680908735220, -0.1218693434051478369 ) ) ;
#693 = CARTESIAN_POINT ( 'NONE',  ( 0.3037169132267188987, -0.9067387578785622848, 6.170957365736448708 ) ) ;
#694 = CARTESIAN_POINT ( 'NONE',  ( 1.017788105676674437, -0.5876202367904426183, 2.823333333333336359 ) ) ;
#695 = LINE ( 'NONE', #2658, #1993 ) ;
#696 = CARTESIAN_POINT ( 'NONE',  ( 0.000000000000000000, 1.175240473580839495, -1.447499999999996456 ) ) ;
#697 = VERTEX_POINT ( 'NONE', #3597 ) ;
#698 = CARTESIAN_POINT ( 'NONE',  ( 1.747675807568897621, -1.540289042424790833E-14, 1.622812500000002212 ) ) ;
#699 = CARTESIAN_POINT ( 'NONE',  ( -1.017788105676674437, 0.5876202367904123092, -2.426666666666663641 ) ) ;
#700 = CARTESIAN_POINT ( 'NONE',  ( -0.8335557454221262930, -0.8284775132834566458, 3.176519237886486824 ) ) ;
#701 = CARTESIAN_POINT ( 'NONE',  ( -1.836970198721050395E-16, -1.500000000000031752, -2.009999999999998455 ) ) ;
#702 = CARTESIAN_POINT ( 'NONE',  ( -1.732050807568896511, -1.451502149486607850E-14, -5.634999999999998010 ) ) ;
#703 = FACE_OUTER_BOUND ( 'NONE', #282, .T. ) ;
#704 = EDGE_CURVE ( 'NONE', #350, #4501, #1518, .T. ) ;
#705 = ORIENTED_EDGE ( 'NONE', *, *, #94, .T. ) ;
#706 = LINE ( 'NONE', #2165, #6036 ) ;
#707 = CARTESIAN_POINT ( 'NONE',  ( -1.357050807568899176, -1.444613511241403840E-14, -6.384999999999996234 ) ) ;
#708 = ORIENTED_EDGE ( 'NONE', *, *, #4985, .F. ) ;
#709 = CARTESIAN_POINT ( 'NONE',  ( -1.331544374147324072, -0.2869359040243269487, 6.077516992275658225 ) ) ;
#710 = CARTESIAN_POINT ( 'NONE',  ( -0.6785254037844501429, 1.175240473580838829, -1.968333333333330382 ) ) ;
#711 = CARTESIAN_POINT ( 'NONE',  ( 0.000000000000000000, 1.216441456824255867E-15, -6.259999999999999787 ) ) ;
#712 = ADVANCED_FACE ( 'NONE', ( #174 ), #2115, .T. ) ;
#713 = CARTESIAN_POINT ( 'NONE',  ( 0.1004375725309607087, 1.185093882767644269, 4.596799999999999997 ) ) ;
#714 = CARTESIAN_POINT ( 'NONE',  ( -1.175159077848084488, 0.01383157596917293855, 3.176519237886480607 ) ) ;
#715 = CARTESIAN_POINT ( 'NONE',  ( -0.6785254037844494768, 1.175240473580839717, -3.905833333333330160 ) ) ;
#716 = CARTESIAN_POINT ( 'NONE',  ( 0.6785254037844494768, 1.175240473580839273, 0.5108333333333362480 ) ) ;
#717 = CARTESIAN_POINT ( 'NONE',  ( 1.357050807568899176, -1.493925159035604886E-14, -5.072499999999997122 ) ) ;
#718 = CARTESIAN_POINT ( 'NONE',  ( 1.747675807568897399, -1.510246925633207485E-14, -0.8303124999999964562 ) ) ;
#719 = CARTESIAN_POINT ( 'NONE',  ( -1.747675807568897621, -1.458199436669445362E-14, -5.080312499999996234 ) ) ;
#720 = ORIENTED_EDGE ( 'NONE', *, *, #2230, .F. ) ;
#721 = FACE_OUTER_BOUND ( 'NONE', #102, .T. ) ;
#722 = CARTESIAN_POINT ( 'NONE',  ( 0.6785254037844496988, -1.175240473580869471, 2.281666666666670285 ) ) ;
#723 = CARTESIAN_POINT ( 'NONE',  ( 0.000000000000000000, 2.209771045283686827E-16, 5.409328210823626470 ) ) ;
#724 = VECTOR ( 'NONE', #3406, 1000.000000000000114 ) ;
#725 = CARTESIAN_POINT ( 'NONE',  ( 1.836970198721050395E-16, -1.500000000000031974, -0.4474999999999959011 ) ) ;
#726 = EDGE_LOOP ( 'NONE', ( #655, #4012, #6100, #2889 ) ) ;
#727 = CARTESIAN_POINT ( 'NONE',  ( 1.853541686826127979E-16, -1.513531646934165087, 2.497812500000001545 ) ) ;
#728 = CARTESIAN_POINT ( 'NONE',  ( -0.6785254037844500319, -1.175240473580869027, -4.301666666666664085 ) ) ;
#729 = CARTESIAN_POINT ( 'NONE',  ( -0.1045235934800809174, -1.175260624440228163, 4.596799999999999997 ) ) ;
#730 = CARTESIAN_POINT ( 'NONE',  ( 0.8836630409603452030, 0.3273190898542938654, 6.276629229193637194 ) ) ;
#731 = DIRECTION ( 'NONE',  ( -1.000000000000000000, 1.224646799147353207E-16, 1.499759782661857608E-32 ) ) ;
#732 = DIRECTION ( 'NONE',  ( 0.000000000000000000, 0.000000000000000000, 1.000000000000000000 ) ) ;
#733 = ORIENTED_EDGE ( 'NONE', *, *, #6187, .T. ) ;
#734 = CARTESIAN_POINT ( 'NONE',  ( 0.000000000000000000, 1.500000000000001998, -4.197499999999995346 ) ) ;
#735 = CARTESIAN_POINT ( 'NONE',  ( -1.439254484199213045E-16, -1.175240473580869027, -6.259999999999996234 ) ) ;
#736 = ORIENTED_EDGE ( 'NONE', *, *, #3924, .F. ) ;
#737 = CARTESIAN_POINT ( 'NONE',  ( -1.017788105676674881, 0.5876202367904109769, -0.4266666666666637520 ) ) ;
#738 = LINE ( 'NONE', #6046, #1770 ) ;
#739 = ADVANCED_FACE ( 'NONE', ( #5548 ), #4156, .T. ) ;
#740 = CARTESIAN_POINT ( 'NONE',  ( 2.465513527709969390E-15, -7.965299035831909888E-16, 4.596799999999999997 ) ) ;
#741 = CARTESIAN_POINT ( 'NONE',  ( 0.4507650346315100198, -0.5640605803204593593, 6.209378226151474500 ) ) ;
#742 = CARTESIAN_POINT ( 'NONE',  ( -1.439254484199213045E-16, -1.175240473580869249, -4.197499999999996234 ) ) ;
#743 = ORIENTED_EDGE ( 'NONE', *, *, #5103, .F. ) ;
#744 = CARTESIAN_POINT ( 'NONE',  ( -2.878508968398426089E-16, 1.175240473580839051, 1.552500000000003100 ) ) ;
#745 = ADVANCED_FACE ( 'NONE', ( #2143 ), #1065, .T. ) ;
#746 =( BOUNDED_CURVE ( )  B_SPLINE_CURVE ( 2, ( #3180, #5607, #1664, #5129, #4134, #4585, #2738 ),
 .UNSPECIFIED., .F., .F. ) 
 B_SPLINE_CURVE_WITH_KNOTS ( ( 3, 2, 2, 3 ),
 ( 0.3750000000000000000, 0.3888888888888888951, 0.4027777777777777346, 0.4166666666666666297 ),
 .UNSPECIFIED. ) 
 CURVE ( )  GEOMETRIC_REPRESENTATION_ITEM ( )  RATIONAL_B_SPLINE_CURVE ( ( 1.000000000000000000, 0.8660254037844387076, 1.000000000000000000, 0.8660254037844387076, 1.000000000000000000, 0.8660254037844392627, 0.9999999999999994449 ) ) 
 REPRESENTATION_ITEM ( '' )  );
#747 = CARTESIAN_POINT ( 'NONE',  ( 0.6785254037844499209, -1.175240473580869471, 3.281666666666669396 ) ) ;
#748 = CARTESIAN_POINT ( 'NONE',  ( -1.310756855676673327, -0.7567658234670892048, -5.038645833333329271 ) ) ;
#749 = ORIENTED_EDGE ( 'NONE', *, *, #5997, .T. ) ;
#750 = CARTESIAN_POINT ( 'NONE',  ( 1.664761593629860031E-11, -1.490855286535984092, -6.015279702779322335 ) ) ;
#751 = LINE ( 'NONE', #5202, #4658 ) ;
#752 = EDGE_CURVE ( 'NONE', #6117, #4183, #1042, .T. ) ;
#753 = AXIS2_PLACEMENT_3D ( 'NONE', #4538, #316, #1778 ) ;
#754 = CARTESIAN_POINT ( 'NONE',  ( 0.6785254037844493658, 1.175240473580838829, 2.448333333333336359 ) ) ;
#755 = CARTESIAN_POINT ( 'NONE',  ( -0.8660254037844519193, 1.499999999999995115, -2.655833333333328383 ) ) ;
#756 = CARTESIAN_POINT ( 'NONE',  ( 0.8660254037844472563, 1.500000000000004885, -3.239166666666662309 ) ) ;
#757 = ORIENTED_EDGE ( 'NONE', *, *, #195, .T. ) ;
#758 = CARTESIAN_POINT ( 'NONE',  ( 1.017788105676674437, 0.5876202367904121981, -1.030833333333330160 ) ) ;
#759 = AXIS2_PLACEMENT_3D ( 'NONE', #485, #3489, #6264 ) ;
#760 = CARTESIAN_POINT ( 'NONE',  ( -1.439254484199213045E-16, -1.175240473580869471, -2.759999999999996678 ) ) ;
#761 = DIRECTION ( 'NONE',  ( -3.480381056527773280E-15, -0.9925461516413219831, -0.1218693434051478647 ) ) ;
#762 = CARTESIAN_POINT ( 'NONE',  ( 0.09491567479641367655, -1.191375156007332237, 4.596799999999999997 ) ) ;
#763 = CARTESIAN_POINT ( 'NONE',  ( 0.8681195217894811522, -0.1105063561783081461, 4.596799999999999997 ) ) ;
#764 = VECTOR ( 'NONE', #5355, 1000.000000000000000 ) ;
#765 = B_SPLINE_CURVE_WITH_KNOTS ( 'NONE', 3,
 ( #5806, #3828, #3857, #4304 ),
 .UNSPECIFIED., .F., .F.,
 ( 4, 4 ),
 ( 0.000000000000000000, 8.279030431676544330E-05 ),
 .UNSPECIFIED. ) ;
#766 = CC_DESIGN_DATE_AND_TIME_ASSIGNMENT ( #5422, #2465, ( #3670 ) ) ;
#767 = VERTEX_POINT ( 'NONE', #2123 ) ;
#768 = LINE ( 'NONE', #2135, #1165 ) ;
#769 = CARTESIAN_POINT ( 'NONE',  ( 1.017788105676675103, 0.5876202367904117541, -5.593333333333330160 ) ) ;
#770 = AXIS2_PLACEMENT_3D ( 'NONE', #37, #3519, #958 ) ;
#771 = EDGE_LOOP ( 'NONE', ( #2512, #1240, #987, #5776 ) ) ;
#772 = CARTESIAN_POINT ( 'NONE',  ( 0.000000000000000000, -3.168163357082304046E-16, 6.259999999999999787 ) ) ;
#773 = CARTESIAN_POINT ( 'NONE',  ( 1.017788105676674215, 0.5876202367904121981, -1.593333333333330382 ) ) ;
#774 = DIRECTION ( 'NONE',  ( 0.000000000000000000, -1.000000000000000000, 0.000000000000000000 ) ) ;
#775 = CC_DESIGN_APPROVAL ( #2549, ( #1384 ) ) ;
#776 = CARTESIAN_POINT ( 'NONE',  ( 0.000000000000000000, -1.500000000000001110, 6.259999999999999787 ) ) ;
#777 = CARTESIAN_POINT ( 'NONE',  ( 0.8660254037844482555, 1.500000000000001110, 3.260833333333336803 ) ) ;
#778 = CARTESIAN_POINT ( 'NONE',  ( 1.017788105676674215, -0.5876202367904427293, -4.114166666666663197 ) ) ;
#779 = ORIENTED_EDGE ( 'NONE', *, *, #518, .T. ) ;
#780 = CARTESIAN_POINT ( 'NONE',  ( 1.439254484199213045E-16, -1.175240473580870137, 1.302500000000002434 ) ) ;
#781 = CARTESIAN_POINT ( 'NONE',  ( 0.6785254037844500319, -1.175240473580869471, -2.155833333333330604 ) ) ;
#782 = CARTESIAN_POINT ( 'NONE',  ( -1.310756855676672661, -0.7567658234670904260, -1.538645833333329715 ) ) ;
#783 = CARTESIAN_POINT ( 'NONE',  ( -1.853541686826127979E-16, -1.513531646934164421, -3.955312499999996234 ) ) ;
#784 = VERTEX_POINT ( 'NONE', #2532 ) ;
#785 = EDGE_CURVE ( 'NONE', #6157, #1341, #5996, .T. ) ;
#786 = CARTESIAN_POINT ( 'NONE',  ( -0.8660254037844442587, -1.500000000000038858, 2.510833333333338580 ) ) ;
#787 =( BOUNDED_CURVE ( )  B_SPLINE_CURVE ( 2, ( #890, #5780, #825, #5180, #439, #4735, #1334 ),
 .UNSPECIFIED., .F., .F. ) 
 B_SPLINE_CURVE_WITH_KNOTS ( ( 3, 2, 2, 3 ),
 ( 0.5000000000000000000, 0.5138888888888888395, 0.5277777777777777901, 0.5416666666666666297 ),
 .UNSPECIFIED. ) 
 CURVE ( )  GEOMETRIC_REPRESENTATION_ITEM ( )  RATIONAL_B_SPLINE_CURVE ( ( 1.000000000000000000, 0.8660254037844387076, 1.000000000000000000, 0.8660254037844387076, 1.000000000000000000, 0.8660254037844387076, 1.000000000000000000 ) ) 
 REPRESENTATION_ITEM ( '' )  );
#788 = PLANE ( 'NONE',  #3141 ) ;
#789 = CARTESIAN_POINT ( 'NONE',  ( -0.8335557454221262930, -0.8284775132834566458, 3.176519237886486824 ) ) ;
#790 = CARTESIAN_POINT ( 'NONE',  ( 1.299038105676672883, 0.7499999999999922284, -1.843333333333331048 ) ) ;
#791 = DIRECTION ( 'NONE',  ( -0.9925461516413219831, 1.053088340227380698E-14, -0.1218693434051478647 ) ) ;
#792 = EDGE_CURVE ( 'NONE', #1524, #6117, #2790, .T. ) ;
#793 = ORIENTED_EDGE ( 'NONE', *, *, #4279, .F. ) ;
#794 = CARTESIAN_POINT ( 'NONE',  ( -1.017788105676674215, -0.5876202367904430623, 0.2191666666666691465 ) ) ;
#795 = CARTESIAN_POINT ( 'NONE',  ( 0.6785254037844492547, -1.175240473580869471, -2.718333333333329715 ) ) ;
#796 = CARTESIAN_POINT ( 'NONE',  ( -1.836970198721050395E-16, -1.500000000000031530, -5.009999999999998010 ) ) ;
#797 = CARTESIAN_POINT ( 'NONE',  ( 1.732050807568896511, -1.527602946012156421E-14, -2.884999999999998455 ) ) ;
#798 = ORIENTED_EDGE ( 'NONE', *, *, #5534, .F. ) ;
#799 = CARTESIAN_POINT ( 'NONE',  ( 0.8738379037844486996, 1.513531646934134001, -1.793854166666664529 ) ) ;
#800 = VECTOR ( 'NONE', #815, 1000.000000000000000 ) ;
#801 = CARTESIAN_POINT ( 'NONE',  ( 1.017788105676675103, 0.5876202367904114210, -2.593333333333330160 ) ) ;
#802 = ORIENTED_EDGE ( 'NONE', *, *, #1409, .F. ) ;
#803 = DIRECTION ( 'NONE',  ( -0.000000000000000000, -1.224646799147353207E-16, 1.000000000000000000 ) ) ;
#804 = CARTESIAN_POINT ( 'NONE',  ( 0.6785254037844499209, -1.175240473580869027, -1.218333333333330382 ) ) ;
#805 = CARTESIAN_POINT ( 'NONE',  ( 1.164365467885475791, 0.7576782791278896534, 3.293694973222000222 ) ) ;
#806 = DIRECTION ( 'NONE',  ( -0.000000000000000000, -1.224646799147353207E-16, 1.000000000000000000 ) ) ;
#807 = CARTESIAN_POINT ( 'NONE',  ( 0.8681195217894811522, 0.1105063561783046627, 4.596799999999999997 ) ) ;
#808 = CARTESIAN_POINT ( 'NONE',  ( 1.017788105676675103, 0.5876202367904114210, -3.030833333333330160 ) ) ;
#809 = ORIENTED_EDGE ( 'NONE', *, *, #1721, .F. ) ;
#810 = CARTESIAN_POINT ( 'NONE',  ( 1.017788105676674659, -0.5876202367904426183, 1.385833333333335915 ) ) ;
#811 = CARTESIAN_POINT ( 'NONE',  ( -0.8738379037844495878, 1.513531646934133779, -0.1636458333333298820 ) ) ;
#812 = CARTESIAN_POINT ( 'NONE',  ( 0.8738379037844496988, 1.513531646934134001, -5.246979166666663197 ) ) ;
#813 = ORIENTED_EDGE ( 'NONE', *, *, #510, .T. ) ;
#814 = LINE ( 'NONE', #5201, #6194 ) ;
#815 = DIRECTION ( 'NONE',  ( -0.1218335514324818403, -0.02423420014170639056, -0.9922546494165902509 ) ) ;
#816 = CARTESIAN_POINT ( 'NONE',  ( 0.000000000000000000, 1.513531646934134667, -4.752187499999998010 ) ) ;
#817 = CARTESIAN_POINT ( 'NONE',  ( -1.299038105676673105, 0.7499999999999916733, 1.885833333333336803 ) ) ;
#818 = CARTESIAN_POINT ( 'NONE',  ( -1.357050807568899176, -1.500488021452501909E-14, -1.822499999999996678 ) ) ;
#819 = ORIENTED_EDGE ( 'NONE', *, *, #2112, .T. ) ;
#820 = CARTESIAN_POINT ( 'NONE',  ( 0.6785254037844500319, -1.175240473580869471, 0.3441666666666692853 ) ) ;
#821 =( BOUNDED_CURVE ( )  B_SPLINE_CURVE ( 2, ( #3379, #5395, #58, #3321, #4819, #2967, #4878 ),
 .UNSPECIFIED., .F., .F. ) 
 B_SPLINE_CURVE_WITH_KNOTS ( ( 3, 2, 2, 3 ),
 ( 0.4583333333333332593, 0.4722222222222220989, 0.4861111111111110494, 0.4999999999999998890 ),
 .UNSPECIFIED. ) 
 CURVE ( )  GEOMETRIC_REPRESENTATION_ITEM ( )  RATIONAL_B_SPLINE_CURVE ( ( 1.000000000000001110, 0.8660254037844375974, 1.000000000000000000, 0.8660254037844387076, 1.000000000000000000, 0.8660254037844398178, 0.9999999999999988898 ) ) 
 REPRESENTATION_ITEM ( '' )  );
#822 = CIRCLE ( 'NONE', #2944, 0.1749999999999998224 ) ;
#823 = CARTESIAN_POINT ( 'NONE',  ( -1.350405284247265802, 0.2767528330603964415, 6.073023638259373413 ) ) ;
#824 = EDGE_CURVE ( 'NONE', #5018, #4777, #1509, .T. ) ;
#825 = CARTESIAN_POINT ( 'NONE',  ( -1.299038105676673105, 0.7499999999999921174, 0.8233333333333351378 ) ) ;
#826 = CARTESIAN_POINT ( 'NONE',  ( 0.8660254037844496988, -1.500000000000029088, -2.405833333333328383 ) ) ;
#827 = CARTESIAN_POINT ( 'NONE',  ( 0.000000000000000000, 1.517883041479706208E-15, 1.085191030710668469 ) ) ;
#828 = ORIENTED_EDGE ( 'NONE', *, *, #4696, .F. ) ;
#829 = CARTESIAN_POINT ( 'NONE',  ( 1.310756855676673327, -0.7567658234670895379, -1.418854166666664529 ) ) ;
#830 = CARTESIAN_POINT ( 'NONE',  ( 0.6785254037844492547, -1.175240473580869471, -2.218333333333329715 ) ) ;
#831 = ORIENTED_EDGE ( 'NONE', *, *, #6096, .T. ) ;
#832 = CARTESIAN_POINT ( 'NONE',  ( 0.8660254037844489217, -1.500000000000032419, 1.031666666666668064 ) ) ;
#833 = EDGE_CURVE ( 'NONE', #312, #6104, #2027, .T. ) ;
#834 = CARTESIAN_POINT ( 'NONE',  ( 1.439254484199212798E-16, -1.175240473580869471, 0.2400000000000027944 ) ) ;
#835 = DIRECTION ( 'NONE',  ( 0.000000000000000000, 1.000000000000000000, 0.000000000000000000 ) ) ;
#836 = CARTESIAN_POINT ( 'NONE',  ( 1.177590715440680169, -0.5911523124638546900, 3.251934294691966709 ) ) ;
#837 = CYLINDRICAL_SURFACE ( 'NONE', #658, 1.500000000000000888 ) ;
#838 = CARTESIAN_POINT ( 'NONE',  ( 1.836970198721030920E-16, 1.500000000000000666, 6.259999999999999787 ) ) ;
#839 = CARTESIAN_POINT ( 'NONE',  ( 0.6785254037844492547, -1.175240473580869471, -3.155833333333329715 ) ) ;
#840 = ORIENTED_EDGE ( 'NONE', *, *, #3032, .F. ) ;
#841 = CARTESIAN_POINT ( 'NONE',  ( -1.017788105676675103, 0.5876202367904109769, 0.6358333333333361370 ) ) ;
#842 = CARTESIAN_POINT ( 'NONE',  ( -1.196260664588785660, 0.1036295812145436868, 4.584606796874560075 ) ) ;
#843 = CARTESIAN_POINT ( 'NONE',  ( 0.8738379037844483666, 1.513531646934134001, -0.2469791666666631413 ) ) ;
#844 = CARTESIAN_POINT ( 'NONE',  ( -1.086522597698307724, 0.9606879672053969532, -6.096024969502615853 ) ) ;
#845 = DIRECTION ( 'NONE',  ( 0.9238795325112859613, -0.3826834323650916136, 0.000000000000000000 ) ) ;
#846 = CARTESIAN_POINT ( 'NONE',  ( 1.352703900888982291, -0.2739181309492538796, 6.072557239173107746 ) ) ;
#847 = CARTESIAN_POINT ( 'NONE',  ( -1.310756855676673327, -0.7567658234670889827, -6.085520833333331048 ) ) ;
#848 = CARTESIAN_POINT ( 'NONE',  ( -1.357050807568898954, -1.526837541762689484E-14, -2.384999999999997122 ) ) ;
#849 = CARTESIAN_POINT ( 'NONE',  ( 1.017788105676675103, 0.5876202367904115320, -4.093333333333330160 ) ) ;
#850 = ORIENTED_EDGE ( 'NONE', *, *, #3645, .T. ) ;
#851 = CARTESIAN_POINT ( 'NONE',  ( -1.017788105676675103, 0.5876202367904111989, -1.364166666666663863 ) ) ;
#852 = AXIS2_PLACEMENT_3D ( 'NONE', #2168, #4547, #4674 ) ;
#853 = CARTESIAN_POINT ( 'NONE',  ( 0.000000000000000000, 1.500000000000001998, -5.197499999999996234 ) ) ;
#854 = EDGE_CURVE ( 'NONE', #1318, #3389, #5389, .T. ) ;
#855 = CARTESIAN_POINT ( 'NONE',  ( 0.000000000000000000, -3.168163357082304046E-16, 6.259999999999999787 ) ) ;
#856 = CARTESIAN_POINT ( 'NONE',  ( 0.9333344501221032541, 0.2978604765686002631, 6.166490495653771831 ) ) ;
#857 = CARTESIAN_POINT ( 'NONE',  ( -1.439254484199213045E-16, -1.175240473580869693, -1.697499999999996678 ) ) ;
#858 =( BOUNDED_CURVE ( )  B_SPLINE_CURVE ( 2, ( #3809, #832, #865, #2794, #4801, #5280, #353 ),
 .UNSPECIFIED., .F., .F. ) 
 B_SPLINE_CURVE_WITH_KNOTS ( ( 3, 2, 2, 3 ),
 ( 0.5416666666666666297, 0.5555555555555555802, 0.5694444444444444198, 0.5833333333333333703 ),
 .UNSPECIFIED. ) 
 CURVE ( )  GEOMETRIC_REPRESENTATION_ITEM ( )  RATIONAL_B_SPLINE_CURVE ( ( 1.000000000000000000, 0.8660254037844387076, 1.000000000000000000, 0.8660254037844387076, 1.000000000000000000, 0.8660254037844387076, 1.000000000000000000 ) ) 
 REPRESENTATION_ITEM ( '' )  );
#859 = VECTOR ( 'NONE', #1364, 1000.000000000000000 ) ;
#860 = ORIENTED_EDGE ( 'NONE', *, *, #3816, .T. ) ;
#861 = CARTESIAN_POINT ( 'NONE',  ( -1.358185157725189107, 0.2607495332533108501, 6.071772086592593709 ) ) ;
#862 = ADVANCED_FACE ( 'NONE', ( #5428 ), #594, .T. ) ;
#863 = CARTESIAN_POINT ( 'NONE',  ( 0.000000000000000000, 1.175240473580839939, -4.009999999999996234 ) ) ;
#864 = ORIENTED_EDGE ( 'NONE', *, *, #2336, .T. ) ;
#865 = CARTESIAN_POINT ( 'NONE',  ( 1.299038105676672661, -0.7500000000000235367, 1.073333333333334805 ) ) ;
#866 = CARTESIAN_POINT ( 'NONE',  ( -1.017788105676673993, -0.5876202367904431734, 1.656666666666669618 ) ) ;
#867 = CARTESIAN_POINT ( 'NONE',  ( 0.000000000000000000, -3.168163357082304046E-16, 6.259999999999999787 ) ) ;
#868 = CARTESIAN_POINT ( 'NONE',  ( -1.299038105676672439, -0.7500000000000229816, -3.530833333333328827 ) ) ;
#869 = CARTESIAN_POINT ( 'NONE',  ( 1.836970198721030920E-16, 1.500000000000000666, 6.259999999999999787 ) ) ;
#870 = DIRECTION ( 'NONE',  ( 1.000000000000000000, 0.000000000000000000, 0.000000000000000000 ) ) ;
#871 = EDGE_CURVE ( 'NONE', #2391, #2974, #3069, .T. ) ;
#872 = VECTOR ( 'NONE', #1222, 999.9999999999998863 ) ;
#873 = CARTESIAN_POINT ( 'NONE',  ( -1.017788105676674659, -0.5876202367904421742, -2.280833333333330160 ) ) ;
#874 = VERTEX_POINT ( 'NONE', #4173 ) ;
#875 = CARTESIAN_POINT ( 'NONE',  ( -2.878508968398426089E-16, 1.175240473580838829, 2.552500000000002878 ) ) ;
#876 = CARTESIAN_POINT ( 'NONE',  ( 1.439254484199213045E-16, -1.175240473580869915, -0.1974999999999973721 ) ) ;
#877 = CIRCLE ( 'NONE', #4830, 2.842619481429419892 ) ;
#878 = CARTESIAN_POINT ( 'NONE',  ( -1.747675807568897399, -1.580607190287752924E-14, 1.419687500000003322 ) ) ;
#879 = B_SPLINE_CURVE_WITH_KNOTS ( 'NONE', 3,
 ( #1069, #4008, #3057, #3564, #1036, #5005, #2961 ),
 .UNSPECIFIED., .F., .F.,
 ( 4, 3, 4 ),
 ( 0.000000000000000000, 0.0007446073159875570783, 0.001494990424739675583 ),
 .UNSPECIFIED. ) ;
#880 = CARTESIAN_POINT ( 'NONE',  ( -1.301541709562226590, -0.7324361776292311887, -6.023653673056445612 ) ) ;
#881 = CARTESIAN_POINT ( 'NONE',  ( 1.198020243790154815, -0.08407800173396134946, 4.596799999999999997 ) ) ;
#882 = DIRECTION ( 'NONE',  ( 0.000000000000000000, 0.8660254037844397068, 0.4999999999999981126 ) ) ;
#883 = CARTESIAN_POINT ( 'NONE',  ( 0.8738379037844496988, 1.513531646934134445, -5.793854166666664085 ) ) ;
#884 = CARTESIAN_POINT ( 'NONE',  ( -0.7140157985588668765, -0.9459789655805670439, -6.259999999999999787 ) ) ;
#885 = CARTESIAN_POINT ( 'NONE',  ( 0.6785254037844493658, 1.175240473580839051, -0.5516666666666638630 ) ) ;
#886 = CARTESIAN_POINT ( 'NONE',  ( 1.017788105676674215, -0.5876202367904427293, -4.176666666666663197 ) ) ;
#887 = ORIENTED_EDGE ( 'NONE', *, *, #5840, .F. ) ;
#888 = CARTESIAN_POINT ( 'NONE',  ( 1.017788105676674659, -0.5876202367904421742, -1.614166666666663863 ) ) ;
#889 = CARTESIAN_POINT ( 'NONE',  ( -1.335342877374597892, 0.2861373716937512524, 6.076548246111994622 ) ) ;
#890 = CARTESIAN_POINT ( 'NONE',  ( -3.673940397442101283E-16, 1.500000000000001554, 0.7400000000000019895 ) ) ;
#891 = CARTESIAN_POINT ( 'NONE',  ( 1.732050807568896511, -1.534491584257360430E-14, -2.322499999999996234 ) ) ;
#892 = CARTESIAN_POINT ( 'NONE',  ( 1.357050807568899176, -1.481678691044131371E-14, -6.072499999999996234 ) ) ;
#893 = VERTEX_POINT ( 'NONE', #3251 ) ;
#894 = ORIENTED_EDGE ( 'NONE', *, *, #5082, .F. ) ;
#895 = PLANE ( 'NONE',  #2574 ) ;
#896 = CARTESIAN_POINT ( 'NONE',  ( 1.357050807568898954, -1.533400404179586823E-14, 0.8650000000000029887 ) ) ;
#897 = CYLINDRICAL_SURFACE ( 'NONE', #5029, 1.500000000000000888 ) ;
#898 = PRODUCT_DEFINITION_SHAPE ( 'NONE', 'NONE',  #3670 ) ;
#899 = CARTESIAN_POINT ( 'NONE',  ( 1.063513588636979312, 0.9062753687273021885, 3.298396074379895015 ) ) ;
#900 = CARTESIAN_POINT ( 'NONE',  ( -0.1653532637831413576, 1.224754523997050537, 5.087305850523752504 ) ) ;
#901 = ADVANCED_FACE ( 'NONE', ( #3223 ), #788, .T. ) ;
#902 = CARTESIAN_POINT ( 'NONE',  ( 1.224754682402164008, 0.1653534322263737477, 5.087307222383689265 ) ) ;
#903 = VERTEX_POINT ( 'NONE', #307 ) ;
#904 = LINE ( 'NONE', #5352, #1695 ) ;
#905 = CARTESIAN_POINT ( 'NONE',  ( -1.357050807568899176, -1.539849414003630251E-14, -1.322499999999997344 ) ) ;
#906 = EDGE_CURVE ( 'NONE', #4528, #3198, #751, .T. ) ;
#907 = CARTESIAN_POINT ( 'NONE',  ( -1.747675807568897399, -1.574483956292016482E-14, 0.9196875000000034328 ) ) ;
#908 = CARTESIAN_POINT ( 'NONE',  ( 0.8738379037844496988, 1.513531646934134001, -2.246979166666662753 ) ) ;
#909 = CARTESIAN_POINT ( 'NONE',  ( -0.2978604765685913258, 0.9333344501221058076, 6.166490495653772719 ) ) ;
#910 = CARTESIAN_POINT ( 'NONE',  ( -0.2642951997603802949, 1.357504447233302214, 6.071772086592593709 ) ) ;
#911 = EDGE_CURVE ( 'NONE', #3423, #1752, #2717, .T. ) ;
#912 = CARTESIAN_POINT ( 'NONE',  ( -0.8738379037844486996, 1.513531646934134889, -5.710520833333331048 ) ) ;
#913 = CARTESIAN_POINT ( 'NONE',  ( 0.000000000000000000, 1.500000000000001554, -1.759999999999998010 ) ) ;
#914 = CARTESIAN_POINT ( 'NONE',  ( -1.017788105676674881, 0.5876202367904110879, -1.426666666666663863 ) ) ;
#915 = CARTESIAN_POINT ( 'NONE',  ( -1.017788105676674437, 0.5876202367904125312, -3.926666666666663197 ) ) ;
#916 = LINE ( 'NONE', #5270, #923 ) ;
#917 = CARTESIAN_POINT ( 'NONE',  ( -1.017788105676674215, -0.5876202367904432844, 1.219166666666669174 ) ) ;
#918 = CARTESIAN_POINT ( 'NONE',  ( 1.357050807568899176, -1.542145626752031693E-14, -1.134999999999996900 ) ) ;
#919 = CARTESIAN_POINT ( 'NONE',  ( -0.6785254037844501429, 1.175240473580838829, -0.9683333333333303816 ) ) ;
#920 = CARTESIAN_POINT ( 'NONE',  ( 0.000000000000000000, 1.175240473580839939, -4.947499999999997122 ) ) ;
#921 = ORIENTED_EDGE ( 'NONE', *, *, #2798, .T. ) ;
#922 = CARTESIAN_POINT ( 'NONE',  ( 1.310756855676673105, 0.7567658234670598949, -1.835520833333330826 ) ) ;
#923 = VECTOR ( 'NONE', #979, 1000.000000000000114 ) ;
#924 = ORIENTED_EDGE ( 'NONE', *, *, #906, .T. ) ;
#925 = PLANE ( 'NONE',  #5924 ) ;
#926 = CARTESIAN_POINT ( 'NONE',  ( -2.878508968398425596E-16, 1.175240473580839273, 0.4900000000000030442 ) ) ;
#927 = DIRECTION ( 'NONE',  ( -1.000000000000000000, 1.048948078847884589E-14, -0.000000000000000000 ) ) ;
#928 = CARTESIAN_POINT ( 'NONE',  ( -1.499896111815513189, 0.01765371804339289571, 3.364019237886478830 ) ) ;
#929 = ORIENTED_EDGE ( 'NONE', *, *, #1166, .T. ) ;
#930 = CARTESIAN_POINT ( 'NONE',  ( 0.2607495332532969723, 1.358185157725192216, 6.071772086592591045 ) ) ;
#931 = CARTESIAN_POINT ( 'NONE',  ( 1.278244695270772002, 0.2267329579080837876, 5.587203343120298094 ) ) ;
#932 = ORIENTED_EDGE ( 'NONE', *, *, #5366, .F. ) ;
#933 = CARTESIAN_POINT ( 'NONE',  ( -0.6785254037844492547, -1.175240473580870582, 2.760833333333335915 ) ) ;
#934 = CARTESIAN_POINT ( 'NONE',  ( 1.017788105676674437, 0.5876202367904119761, 0.9691666666666693963 ) ) ;
#935 = EDGE_CURVE ( 'NONE', #3389, #5409, #1816, .T. ) ;
#936 = CARTESIAN_POINT ( 'NONE',  ( 0.8738379037844491437, -1.513531646934164421, 0.5863541666666703955 ) ) ;
#937 = CARTESIAN_POINT ( 'NONE',  ( 1.310756855676672883, -0.7567658234670905371, -1.371979166666662753 ) ) ;
#938 = CARTESIAN_POINT ( 'NONE',  ( 1.299038105676672439, -0.7500000000000235367, 1.635833333333337247 ) ) ;
#939 = EDGE_CURVE ( 'NONE', #350, #1786, #495, .T. ) ;
#940 = CARTESIAN_POINT ( 'NONE',  ( -0.2992226178155464877, 0.4125181635044981587, 4.596799999999999997 ) ) ;
#941 = CARTESIAN_POINT ( 'NONE',  ( -1.853541686826127979E-16, -1.513531646934163977, -5.502187499999997122 ) ) ;
#942 = DIRECTION ( 'NONE',  ( -1.000000000000000000, 0.000000000000000000, 0.000000000000000000 ) ) ;
#943 = CARTESIAN_POINT ( 'NONE',  ( -1.017788105676673993, -0.5876202367904429513, -1.343333333333330604 ) ) ;
#944 = CARTESIAN_POINT ( 'NONE',  ( -0.6785254037844500319, -1.175240473580869027, -4.301666666666663197 ) ) ;
#945 = CARTESIAN_POINT ( 'NONE',  ( 0.4125181635044960493, 0.2992226178155500960, 4.596799999999999997 ) ) ;
#946 = CARTESIAN_POINT ( 'NONE',  ( 1.017788105676674659, -0.5876202367904426183, 1.385833333333335915 ) ) ;
#947 = EDGE_CURVE ( 'NONE', #767, #6043, #2307, .T. ) ;
#948 = CARTESIAN_POINT ( 'NONE',  ( -0.1210619955558882160, -0.8426359540446001217, 4.596799999999999997 ) ) ;
#949 = CARTESIAN_POINT ( 'NONE',  ( -3.612383127288154295E-30, -3.059160153222880646E-16, 2.497993834102034238 ) ) ;
#950 = CARTESIAN_POINT ( 'NONE',  ( 0.000000000000000000, 1.500000000000001554, -1.759999999999998010 ) ) ;
#951 =( BOUNDED_CURVE ( )  B_SPLINE_CURVE ( 2, ( #3930, #5378, #994, #960, #449, #2980, #4893 ),
 .UNSPECIFIED., .F., .F. ) 
 B_SPLINE_CURVE_WITH_KNOTS ( ( 3, 2, 2, 3 ),
 ( 0.6250000000000000000, 0.6388888888888888395, 0.6527777777777777901, 0.6666666666666666297 ),
 .UNSPECIFIED. ) 
 CURVE ( )  GEOMETRIC_REPRESENTATION_ITEM ( )  RATIONAL_B_SPLINE_CURVE ( ( 1.000000000000000000, 0.8660254037844387076, 1.000000000000000000, 0.8660254037844387076, 1.000000000000000000, 0.8660254037844387076, 1.000000000000000000 ) ) 
 REPRESENTATION_ITEM ( '' )  );
#952 = VERTEX_POINT ( 'NONE', #4205 ) ;
#953 = CARTESIAN_POINT ( 'NONE',  ( 1.747675807568897621, -1.509672872446107045E-14, -0.8771874999999980105 ) ) ;
#954 = CONICAL_SURFACE ( 'NONE', #2773, 1.406099999999997463, 0.1221730476396033355 ) ;
#955 = EDGE_LOOP ( 'NONE', ( #270, #5340, #5044, #488 ) ) ;
#956 = CARTESIAN_POINT ( 'NONE',  ( 0.2263352662769034795, 1.277175285964139428, 5.583964404704461870 ) ) ;
#957 = CARTESIAN_POINT ( 'NONE',  ( -1.017788105676673993, -0.5876202367904432844, 2.656666666666668952 ) ) ;
#958 = DIRECTION ( 'NONE',  ( 1.000000000000000000, 0.000000000000000000, 0.000000000000000000 ) ) ;
#959 = VECTOR ( 'NONE', #3745, 1000.000000000000114 ) ;
#960 = CARTESIAN_POINT ( 'NONE',  ( 1.732050807568896733, -1.540289042424790833E-14, 1.615000000000001767 ) ) ;
#961 = ORIENTED_EDGE ( 'NONE', *, *, #669, .T. ) ;
#962 = CARTESIAN_POINT ( 'NONE',  ( -0.1662030574348022094, 0.4012496753669850813, 4.596799999999999997 ) ) ;
#963 = AXIS2_PLACEMENT_3D ( 'NONE', #3812, #5760, #1408 ) ;
#964 = ORIENTED_EDGE ( 'NONE', *, *, #4984, .F. ) ;
#965 = CARTESIAN_POINT ( 'NONE',  ( -0.8660254037844511421, 1.499999999999997780, 0.8441666666666708396 ) ) ;
#966 = CARTESIAN_POINT ( 'NONE',  ( 1.439254484199213045E-16, -1.175240473580869915, -0.6974999999999973443 ) ) ;
#967 = CARTESIAN_POINT ( 'NONE',  ( -3.707083373652255464E-16, 1.513531646934133779, 3.294687500000003322 ) ) ;
#968 = AXIS2_PLACEMENT_3D ( 'NONE', #2359, #4806, #1377 ) ;
#969 = CARTESIAN_POINT ( 'NONE',  ( -1.747675807568897621, -1.482692372652392076E-14, -3.080312499999996234 ) ) ;
#970 = CARTESIAN_POINT ( 'NONE',  ( 0.000000000000000000, 2.209771045283686827E-16, 5.409328210823626470 ) ) ;
#971 = CARTESIAN_POINT ( 'NONE',  ( -1.732050807568896733, -1.555157498992972145E-14, -0.6349999999999985656 ) ) ;
#972 = CIRCLE ( 'NONE', #4206, 1.201884718306285516 ) ;
#973 = CARTESIAN_POINT ( 'NONE',  ( 1.310756855676673771, 0.7567658234670584516, -0.8355208333333304926 ) ) ;
#974 =( NAMED_UNIT ( * ) PLANE_ANGLE_UNIT ( ) SI_UNIT ( $, .RADIAN. ) );
#975 = CARTESIAN_POINT ( 'NONE',  ( 1.439254484199212798E-16, -1.175240473580869471, 0.2400000000000027944 ) ) ;
#976 = EDGE_CURVE ( 'NONE', #141, #5442, #5853, .T. ) ;
#977 = CARTESIAN_POINT ( 'NONE',  ( -0.6785254037844500319, -1.175240473580869027, -5.301666666666662309 ) ) ;
#978 = VECTOR ( 'NONE', #6128, 1000.000000000000114 ) ;
#979 = DIRECTION ( 'NONE',  ( 0.9238795325112871826, 0.3826834323650888381, -0.000000000000000000 ) ) ;
#980 = CARTESIAN_POINT ( 'NONE',  ( -0.6785254037844502539, 1.175240473580838385, 3.094166666666669840 ) ) ;
#981 = CARTESIAN_POINT ( 'NONE',  ( -0.6785254037844494768, 1.175240473580839495, -3.468333333333330160 ) ) ;
#982 = CARTESIAN_POINT ( 'NONE',  ( 1.173160333703290759, 0.1047302639361391147, 4.596799999999999997 ) ) ;
#983 = CARTESIAN_POINT ( 'NONE',  ( -1.357050807568898954, -1.557453711741373586E-14, 0.1150000000000026834 ) ) ;
#984 = CARTESIAN_POINT ( 'NONE',  ( -1.304097710444527047, -0.2254535277643858193, 5.576783220797580043 ) ) ;
#985 = CARTESIAN_POINT ( 'NONE',  ( 1.357050807568899176, -1.493925159035604886E-14, -5.072499999999997122 ) ) ;
#986 = EDGE_CURVE ( 'NONE', #2568, #3784, #3637, .T. ) ;
#987 = ORIENTED_EDGE ( 'NONE', *, *, #947, .T. ) ;
#988 = CARTESIAN_POINT ( 'NONE',  ( 0.8738379037844493658, -1.513531646934164643, -0.4605208333333314363 ) ) ;
#989 = ORIENTED_EDGE ( 'NONE', *, *, #5272, .T. ) ;
#990 =( BOUNDED_CURVE ( )  B_SPLINE_CURVE ( 2, ( #1649, #3098, #3513, #627, #186, #755, #3640 ),
 .UNSPECIFIED., .F., .F. ) 
 B_SPLINE_CURVE_WITH_KNOTS ( ( 3, 2, 2, 3 ),
 ( 0.2272727272727272374, 0.2424242424242423477, 0.2575757575757574580, 0.2727272727272725961 ),
 .UNSPECIFIED. ) 
 CURVE ( )  GEOMETRIC_REPRESENTATION_ITEM ( )  RATIONAL_B_SPLINE_CURVE ( ( 1.000000000000000666, 0.8660254037844382635, 1.000000000000000000, 0.8660254037844387076, 1.000000000000000000, 0.8660254037844397068, 0.9999999999999990008 ) ) 
 REPRESENTATION_ITEM ( '' )  );
#991 = CARTESIAN_POINT ( 'NONE',  ( 1.357050807568899176, -1.487036520790400876E-14, -5.634999999999997122 ) ) ;
#992 = CARTESIAN_POINT ( 'NONE',  ( 1.439254484199212798E-16, -1.175240473580869915, 2.740000000000002878 ) ) ;
#993 = CARTESIAN_POINT ( 'NONE',  ( -0.8660254037844488106, -1.500000000000031308, -4.989166666666662309 ) ) ;
#994 = CARTESIAN_POINT ( 'NONE',  ( 1.299038105676672661, -0.7500000000000236478, 1.573333333333334805 ) ) ;
#995 = ORIENTED_EDGE ( 'NONE', *, *, #2530, .F. ) ;
#996 = DIRECTION ( 'NONE',  ( 0.000000000000000000, -0.9956133613080446754, 0.09356299901615358627 ) ) ;
#997 = CARTESIAN_POINT ( 'NONE',  ( -1.017788105676674437, 0.5876202367904125312, -3.864166666666663197 ) ) ;
#998 = VERTEX_POINT ( 'NONE', #4143 ) ;
#999 = DIRECTION ( 'NONE',  ( 0.000000000000000000, 0.000000000000000000, 1.000000000000000000 ) ) ;
#1000 = CARTESIAN_POINT ( 'NONE',  ( 1.439254484199213045E-16, -1.175240473580869915, 0.3025000000000024336 ) ) ;
#1001 = CARTESIAN_POINT ( 'NONE',  ( 0.8738379037844483666, 1.513531646934133779, 2.753020833333336803 ) ) ;
#1002 = CARTESIAN_POINT ( 'NONE',  ( -1.732050807568896511, -1.500488021452501909E-14, -1.634999999999998233 ) ) ;
#1003 = CARTESIAN_POINT ( 'NONE',  ( -0.2972229608625700514, 0.9609583210510952433, 6.161298346890663247 ) ) ;
#1004 = CARTESIAN_POINT ( 'NONE',  ( 0.000000000000000000, 1.500000000000001776, -2.259999999999997566 ) ) ;
#1005 = CARTESIAN_POINT ( 'NONE',  ( 1.310756855676672883, -0.7567658234670904260, -1.418854166666663641 ) ) ;
#1006 = LINE ( 'NONE', #55, #3503 ) ;
#1007 = CARTESIAN_POINT ( 'NONE',  ( -1.017788105676673993, -0.5876202367904431734, 1.156666666666669618 ) ) ;
#1008 = CARTESIAN_POINT ( 'NONE',  ( -1.310756855676673327, -0.7567658234670890938, -6.038645833333329271 ) ) ;
#1009 = LINE ( 'NONE', #2559, #3146 ) ;
#1010 = CARTESIAN_POINT ( 'NONE',  ( 0.6785254037844500319, -1.175240473580869915, 0.8441666666666691743 ) ) ;
#1011 = CARTESIAN_POINT ( 'NONE',  ( 0.000000000000000000, 1.175240473580839717, -2.509999999999996678 ) ) ;
#1012 = CARTESIAN_POINT ( 'NONE',  ( -0.9609583210510930229, -0.2972229608625809871, 6.161298346890662359 ) ) ;
#1013 = CARTESIAN_POINT ( 'NONE',  ( 1.017788105676674215, 0.5876202367904118651, 0.9066666666666692853 ) ) ;
#1014 = CARTESIAN_POINT ( 'NONE',  ( 0.8660254037844408170, -1.500000000000046185, 3.031666666666667620 ) ) ;
#1015 = CARTESIAN_POINT ( 'NONE',  ( -1.017788105676674437, 0.5876202367904125312, -3.364166666666663197 ) ) ;
#1016 = VERTEX_POINT ( 'NONE', #4238 ) ;
#1017 = CARTESIAN_POINT ( 'NONE',  ( -1.747675807568897621, -1.573909903104915727E-14, 0.8728125000000018785 ) ) ;
#1018 = ADVANCED_FACE ( 'NONE', ( #6180 ), #3607, .T. ) ;
#1019 = ORIENTED_EDGE ( 'NONE', *, *, #2872, .F. ) ;
#1020 = CARTESIAN_POINT ( 'NONE',  ( -0.6785254037844494768, 1.175240473580839717, -5.968333333333330160 ) ) ;
#1021 = CARTESIAN_POINT ( 'NONE',  ( 0.4361325515081968529, 1.349663940730250644, -6.164577882150681809 ) ) ;
#1022 = CARTESIAN_POINT ( 'NONE',  ( -1.836970198721050395E-16, -1.500000000000031530, -5.009999999999998010 ) ) ;
#1023 = CARTESIAN_POINT ( 'NONE',  ( 0.8660254037844493658, 1.499999999999999778, 2.260833333333337247 ) ) ;
#1024 = ORIENTED_EDGE ( 'NONE', *, *, #5710, .T. ) ;
#1025 = CARTESIAN_POINT ( 'NONE',  ( 0.1377316623241254534, 1.255209357433235917, 5.090060502557307132 ) ) ;
#1026 = CIRCLE ( 'NONE', #1120, 5.174808969289331095 ) ;
#1027 =( BOUNDED_SURFACE ( )  B_SPLINE_SURFACE ( 3, 2, ( 
 ( #1753, #2640, #3115 ),
 ( #198, #4614, #5122 ),
 ( #2138, #5509, #5062 ),
 ( #3079, #6105, #3590 ) ),
 .UNSPECIFIED., .F., .F., .T. ) 
 B_SPLINE_SURFACE_WITH_KNOTS ( ( 4, 4 ),
 ( 3, 3 ),
 ( 0.001165519624856716559, 0.002684848727047117484 ),
 ( 0.000000000000000000, 1.000000000000000000 ),
 .UNSPECIFIED. ) 
 GEOMETRIC_REPRESENTATION_ITEM ( )  RATIONAL_B_SPLINE_SURFACE ( (
 ( 1.000000000000000000, 0.7751521472557438841, 1.000000000000000000),
 ( 1.000000000000000000, 0.7634557631611355033, 1.000000000000000000),
 ( 1.000000000000000000, 0.7499943059302330850, 1.000000000000000000),
 ( 1.000000000000000000, 0.7334994083953809696, 1.000000000000000000) ) ) 
 REPRESENTATION_ITEM ( '' )  SURFACE ( )  );
#1029 = ADVANCED_FACE ( 'NONE', ( #721 ), #1737, .T. ) ;
#1028 = CARTESIAN_POINT ( 'NONE',  ( 1.357050807568899176, -1.524541329014288673E-14, -2.572499999999996678 ) ) ;
#1030 = ORIENTED_EDGE ( 'NONE', *, *, #1329, .T. ) ;
#1031 = CARTESIAN_POINT ( 'NONE',  ( 0.2769255566850643002, -1.350257442004914044, 6.073054125198386721 ) ) ;
#1032 = CARTESIAN_POINT ( 'NONE',  ( 1.017788105676674659, -0.5876202367904426183, 1.885833333333335915 ) ) ;
#1033 = CARTESIAN_POINT ( 'NONE',  ( 1.310756855676672883, 0.7567658234670592288, 2.211354166666670285 ) ) ;
#1034 = FACE_OUTER_BOUND ( 'NONE', #3813, .T. ) ;
#1035 = CARTESIAN_POINT ( 'NONE',  ( 1.201884718306285516, 2.070106209874711453E-15, 4.596799999999999997 ) ) ;
#1036 = CARTESIAN_POINT ( 'NONE',  ( -0.1377316623241106874, 1.255209357433235473, 5.090060502557291144 ) ) ;
#1037 = CARTESIAN_POINT ( 'NONE',  ( -1.747675807568897621, -1.494364787456765152E-14, -2.127187499999997122 ) ) ;
#1038 = APPLICATION_PROTOCOL_DEFINITION ( 'international standard', 'config_control_design', 1994, #4030 ) ;
#1039 = CARTESIAN_POINT ( 'NONE',  ( -2.878508968398425596E-16, 1.175240473580839051, 1.990000000000003100 ) ) ;
#1040 = CARTESIAN_POINT ( 'NONE',  ( 0.6785254037844492547, -1.175240473580869915, -1.718333333333330604 ) ) ;
#1041 = EDGE_LOOP ( 'NONE', ( #932, #1504, #413, #5279 ) ) ;
#1042 = LINE ( 'NONE', #4530, #4056 ) ;
#1043 = CARTESIAN_POINT ( 'NONE',  ( 1.299038105676671995, -0.7500000000000239808, -2.864166666666662309 ) ) ;
#1044 = CARTESIAN_POINT ( 'NONE',  ( 1.017788105676674215, 0.5876202367904117541, 1.406666666666669396 ) ) ;
#1045 = DIRECTION ( 'NONE',  ( -0.000000000000000000, -1.224646799147353207E-16, 1.000000000000000000 ) ) ;
#1046 = CARTESIAN_POINT ( 'NONE',  ( -0.6785254037844500319, -1.175240473580869027, -4.239166666666664085 ) ) ;
#1047 = EDGE_LOOP ( 'NONE', ( #2039, #3215, #5580, #2254 ) ) ;
#1048 = CARTESIAN_POINT ( 'NONE',  ( -3.707083373652255957E-16, 1.513531646934134001, 1.247812500000002434 ) ) ;
#1049 = EDGE_CURVE ( 'NONE', #4166, #5920, #6038, .T. ) ;
#1050 = CARTESIAN_POINT ( 'NONE',  ( 0.000000000000000000, 1.175240473580839939, -5.009999999999997122 ) ) ;
#1051 = CARTESIAN_POINT ( 'NONE',  ( -1.836970198721050395E-16, -1.500000000000031530, -4.947499999999996234 ) ) ;
#1052 = CARTESIAN_POINT ( 'NONE',  ( -1.299038105676672217, 0.7499999999999937828, -5.114166666666662309 ) ) ;
#1053 = CARTESIAN_POINT ( 'NONE',  ( -0.5726954733460011271, -1.350562564442780777, -6.063285137673588565 ) ) ;
#1054 = EDGE_CURVE ( 'NONE', #5622, #5101, #2560, .T. ) ;
#1055 = ORIENTED_EDGE ( 'NONE', *, *, #6028, .T. ) ;
#1056 = CARTESIAN_POINT ( 'NONE',  ( 1.214883811296018967, -0.5595299175820317439, -6.259999999999997122 ) ) ;
#1057 = CARTESIAN_POINT ( 'NONE',  ( 1.017788105676674215, -0.5876202367904427293, -4.114166666666663197 ) ) ;
#1058 = VERTEX_POINT ( 'NONE', #5357 ) ;
#1059 = CARTESIAN_POINT ( 'NONE',  ( 1.732050807568896733, -1.528042574433317318E-14, 0.6150000000000016565 ) ) ;
#1060 = AXIS2_PLACEMENT_3D ( 'NONE', #3258, #1843, #5211 ) ;
#1061 = CARTESIAN_POINT ( 'NONE',  ( 1.357050807568899176, -1.546412276420527590E-14, 1.927500000000002878 ) ) ;
#1062 = CARTESIAN_POINT ( 'NONE',  ( 0.8738379037844491437, -1.513531646934164643, 3.086354166666670285 ) ) ;
#1063 = EDGE_CURVE ( 'NONE', #952, #3843, #462, .T. ) ;
#1064 = CARTESIAN_POINT ( 'NONE',  ( -0.3212021873294856888, 1.517883041479706208E-15, 1.124629700242971930 ) ) ;
#1065 =( BOUNDED_SURFACE ( )  B_SPLINE_SURFACE ( 1, 2, ( 
 ( #3120, #4521, #3055, #2616, #4424, #5919, #1604, #3562, #554, #5003, #2493, #111, #5485, #3501, #2019, #3939, #5888, #4039, #140, #5986, #3470, #3023, #1067, #4937, #4969, #2993, #3086, #2520, #684, #613, #2553, #4485, #2082, #235, #5162, #4681, #2299, #2739, #3691, #2647, #4649, #4586, #328, #4101, #5100, #1348, #4165, #6050, #3722, #5131, #4621, #1219, #6111, #3243, #742, #6172, #778, #3661, #2675, #1825, #4230, #715, #1700, #5640, #5194, #3151, #4135, #5068, #2173, #3629, #1287, #5579, #268, #2206, #1759, #6080, #298, #2708, #3214, #839, #3751, #1728, #808, #5703, #5608, #2234, #1252, #3181, #6144, #2265, #4195, #1794, #2767, #5671, #1317, #4713, #360, #2801, #5226, #1857, #873, #2328, #3274, #3782, #392, #5732, #4749, #4259, #6202, #5539, #6072, #196, #1211, #4642, #2668, #2136, #4544, #6041, #1179, #3142, #166, #1720, #4064, #2608, #4612, #3652, #6103, #5979, #6008, #2227, #261, #5093, #1659 ),
 ( #2638, #5600, #2199, #707, #4129, #1243, #735, #3173, #3588, #3622, #1751, #2107, #1692, #3112, #4512, #2577, #4031, #2702, #5507, #5570, #5120, #5060, #769, #291, #4157, #4578, #228, #3682, #3555, #5631, #1629, #1278, #3077, #3207, #5155, #1148, #5028, #676, #2166, #4093, #532, #4821, #2907, #60, #1965, #2470, #3859, #2410, #2438, #6164, #27, #1784, #3416, #4220, #4703, #5694, #3715, #6279, #503, #2731, #863, #4186, #3743, #4366, #4672, #1488, #5186, #6133, #1340, #3889, #351, #5808, #2937, #981, #2289, #2757, #4336, #3265, #1456, #321, #5364, #1935, #5217, #3235, #2791, #5664, #472, #3382, #5841, #5868, #2257, #5333, #4849, #3446, #801, #1817, #1011, #4881, #1310, #4399, #2000, #3920, #1519, #830, #2561, #623, #657, #3979, #3571, #4913, #2968, #4435, #2623, #5494, #1614, #1164, #565, #4462, #149, #183, #3096, #5963, #4561, #3004, #4493, #118, #214, #2501, #2152, #5012, #4979, #2594, #5046 ) ),
 .UNSPECIFIED., .F., .F., .F. ) 
 B_SPLINE_SURFACE_WITH_KNOTS ( ( 2, 2 ),
 ( 3, 2, 2, 2, 2, 2, 2, 2, 2, 2, 2, 2, 2, 2, 2, 2, 2, 2, 2, 2, 2, 2, 2, 2, 2, 2, 2, 2, 2, 2, 2, 2, 2, 2, 2, 2, 2, 2, 2, 2, 2, 2, 2, 2, 2, 2, 2, 2, 2, 2, 2, 2, 2, 2, 2, 2, 2, 2, 2, 2, 2, 2, 2, 2, 2, 2, 3 ),
 ( 0.000000000000000000, 1.000000000000000000 ),
 ( 0.000000000000000000, 0.01515151515151515194, 0.03030303030303030387, 0.04545454545454545581, 0.06060606060606060774, 0.07575757575757575968, 0.09090909090909091161, 0.1060606060606060635, 0.1212121212121212155, 0.1363636363636363535, 0.1515151515151515194, 0.1666666666666666574, 0.1818181818181818232, 0.1969696969696969613, 0.2121212121212121271, 0.2272727272727272652, 0.2424242424242424310, 0.2575757575757575690, 0.2727272727272727071, 0.2878787878787879007, 0.3030303030303030387, 0.3181818181818181768, 0.3333333333333333148, 0.3484848484848485084, 0.3636363636363636465, 0.3787878787878787845, 0.3939393939393939226, 0.4090909090909091161, 0.4242424242424242542, 0.4393939393939393923, 0.4545454545454545303, 0.4696969696969697239, 0.4848484848484848619, 0.5000000000000000000, 0.5151515151515151381, 0.5303030303030302761, 0.5454545454545454142, 0.5606060606060605522, 0.5757575757575758013, 0.5909090909090909394, 0.6060606060606060774, 0.6212121212121212155, 0.6363636363636363535, 0.6515151515151514916, 0.6666666666666666297, 0.6818181818181817677, 0.6969696969696970168, 0.7121212121212121549, 0.7272727272727272929, 0.7424242424242424310, 0.7575757575757575690, 0.7727272727272727071, 0.7878787878787878451, 0.8030303030303029832, 0.8181818181818182323, 0.8333333333333333703, 0.8484848484848485084, 0.8636363636363636465, 0.8787878787878787845, 0.8939393939393939226, 0.9090909090909090606, 0.9242424242424241987, 0.9393939393939394478, 0.9545454545454545858, 0.9696969696969697239, 0.9848484848484848619, 1.000000000000000000 ),
 .UNSPECIFIED. ) 
 GEOMETRIC_REPRESENTATION_ITEM ( )  RATIONAL_B_SPLINE_SURFACE ( (
 ( 1.000000000000000000, 0.8660254037844387076, 1.000000000000000000, 0.8660254037844387076, 1.000000000000000000, 0.8660254037844387076, 1.000000000000000000, 0.8660254037844387076, 1.000000000000000000, 0.8660254037844387076, 1.000000000000000000, 0.8660254037844387076, 1.000000000000000000, 0.8660254037844387076, 1.000000000000000000, 0.8660254037844387076, 1.000000000000000000, 0.8660254037844387076, 1.000000000000000000, 0.8660254037844387076, 1.000000000000000000, 0.8660254037844387076, 1.000000000000000000, 0.8660254037844387076, 1.000000000000000000, 0.8660254037844387076, 1.000000000000000000, 0.8660254037844387076, 1.000000000000000000, 0.8660254037844387076, 1.000000000000000000, 0.8660254037844387076, 1.000000000000000000, 0.8660254037844387076, 1.000000000000000000, 0.8660254037844387076, 1.000000000000000000, 0.8660254037844387076, 1.000000000000000000, 0.8660254037844387076, 1.000000000000000000, 0.8660254037844387076, 1.000000000000000000, 0.8660254037844387076, 1.000000000000000000, 0.8660254037844387076, 1.000000000000000000, 0.8660254037844387076, 1.000000000000000000, 0.8660254037844387076, 1.000000000000000000, 0.8660254037844387076, 1.000000000000000000, 0.8660254037844387076, 1.000000000000000000, 0.8660254037844387076, 1.000000000000000000, 0.8660254037844387076, 1.000000000000000000, 0.8660254037844387076, 1.000000000000000000, 0.8660254037844387076, 1.000000000000000000, 0.8660254037844387076, 1.000000000000000000, 0.8660254037844387076, 1.000000000000000000, 0.8660254037844387076, 1.000000000000000000, 0.8660254037844387076, 1.000000000000000000, 0.8660254037844387076, 1.000000000000000000, 0.8660254037844387076, 1.000000000000000000, 0.8660254037844387076, 1.000000000000000000, 0.8660254037844387076, 1.000000000000000000, 0.8660254037844387076, 1.000000000000000000, 0.8660254037844387076, 1.000000000000000000, 0.8660254037844387076, 1.000000000000000000, 0.8660254037844387076, 1.000000000000000000, 0.8660254037844387076, 1.000000000000000000, 0.8660254037844387076, 1.000000000000000000, 0.8660254037844387076, 1.000000000000000000, 0.8660254037844387076, 1.000000000000000000, 0.8660254037844387076, 1.000000000000000000, 0.8660254037844387076, 1.000000000000000000, 0.8660254037844387076, 1.000000000000000000, 0.8660254037844387076, 1.000000000000000000, 0.8660254037844387076, 1.000000000000000000, 0.8660254037844387076, 1.000000000000000000, 0.8660254037844387076, 1.000000000000000000, 0.8660254037844387076, 1.000000000000000000, 0.8660254037844387076, 1.000000000000000000, 0.8660254037844387076, 1.000000000000000000, 0.8660254037844387076, 1.000000000000000000, 0.8660254037844387076, 1.000000000000000000, 0.8660254037844387076, 1.000000000000000000, 0.8660254037844387076, 1.000000000000000000, 0.8660254037844387076, 1.000000000000000000, 0.8660254037844387076, 1.000000000000000000, 0.8660254037844387076, 1.000000000000000000, 0.8660254037844387076, 1.000000000000000000, 0.8660254037844387076, 1.000000000000000000),
 ( 1.000000000000000000, 0.8660254037844387076, 1.000000000000000000, 0.8660254037844387076, 1.000000000000000000, 0.8660254037844387076, 1.000000000000000000, 0.8660254037844387076, 1.000000000000000000, 0.8660254037844387076, 1.000000000000000000, 0.8660254037844387076, 1.000000000000000000, 0.8660254037844387076, 1.000000000000000000, 0.8660254037844387076, 1.000000000000000000, 0.8660254037844387076, 1.000000000000000000, 0.8660254037844387076, 1.000000000000000000, 0.8660254037844387076, 1.000000000000000000, 0.8660254037844387076, 1.000000000000000000, 0.8660254037844387076, 1.000000000000000000, 0.8660254037844387076, 1.000000000000000000, 0.8660254037844387076, 1.000000000000000000, 0.8660254037844387076, 1.000000000000000000, 0.8660254037844387076, 1.000000000000000000, 0.8660254037844387076, 1.000000000000000000, 0.8660254037844387076, 1.000000000000000000, 0.8660254037844387076, 1.000000000000000000, 0.8660254037844387076, 1.000000000000000000, 0.8660254037844387076, 1.000000000000000000, 0.8660254037844387076, 1.000000000000000000, 0.8660254037844387076, 1.000000000000000000, 0.8660254037844387076, 1.000000000000000000, 0.8660254037844387076, 1.000000000000000000, 0.8660254037844387076, 1.000000000000000000, 0.8660254037844387076, 1.000000000000000000, 0.8660254037844387076, 1.000000000000000000, 0.8660254037844387076, 1.000000000000000000, 0.8660254037844387076, 1.000000000000000000, 0.8660254037844387076, 1.000000000000000000, 0.8660254037844387076, 1.000000000000000000, 0.8660254037844387076, 1.000000000000000000, 0.8660254037844387076, 1.000000000000000000, 0.8660254037844387076, 1.000000000000000000, 0.8660254037844387076, 1.000000000000000000, 0.8660254037844387076, 1.000000000000000000, 0.8660254037844387076, 1.000000000000000000, 0.8660254037844387076, 1.000000000000000000, 0.8660254037844387076, 1.000000000000000000, 0.8660254037844387076, 1.000000000000000000, 0.8660254037844387076, 1.000000000000000000, 0.8660254037844387076, 1.000000000000000000, 0.8660254037844387076, 1.000000000000000000, 0.8660254037844387076, 1.000000000000000000, 0.8660254037844387076, 1.000000000000000000, 0.8660254037844387076, 1.000000000000000000, 0.8660254037844387076, 1.000000000000000000, 0.8660254037844387076, 1.000000000000000000, 0.8660254037844387076, 1.000000000000000000, 0.8660254037844387076, 1.000000000000000000, 0.8660254037844387076, 1.000000000000000000, 0.8660254037844387076, 1.000000000000000000, 0.8660254037844387076, 1.000000000000000000, 0.8660254037844387076, 1.000000000000000000, 0.8660254037844387076, 1.000000000000000000, 0.8660254037844387076, 1.000000000000000000, 0.8660254037844387076, 1.000000000000000000, 0.8660254037844387076, 1.000000000000000000, 0.8660254037844387076, 1.000000000000000000, 0.8660254037844387076, 1.000000000000000000, 0.8660254037844387076, 1.000000000000000000, 0.8660254037844387076, 1.000000000000000000, 0.8660254037844387076, 1.000000000000000000, 0.8660254037844387076, 1.000000000000000000) ) ) 
 REPRESENTATION_ITEM ( '' )  SURFACE ( )  );
#1066 = AXIS2_PLACEMENT_3D ( 'NONE', #3177, #4617, #774 ) ;
#1067 = CARTESIAN_POINT ( 'NONE',  ( 1.017788105676675103, 0.5876202367904117541, -5.530833333333330160 ) ) ;
#1068 = ORIENTED_EDGE ( 'NONE', *, *, #6148, .T. ) ;
#1069 = CARTESIAN_POINT ( 'NONE',  ( -0.2607495332532447363, 1.358185157725202430, 6.071772086592591045 ) ) ;
#1070 = AXIS2_PLACEMENT_3D ( 'NONE', #2263, #3561, #297 ) ;
#1071 = CARTESIAN_POINT ( 'NONE',  ( -0.8738379037844486996, 1.513531646934134445, -3.210520833333331048 ) ) ;
#1072 = CALENDAR_DATE ( 2026, 8, 1 ) ;
#1073 = CARTESIAN_POINT ( 'NONE',  ( 0.6785254037844499209, -1.175240473580869471, 1.781666666666669618 ) ) ;
#1074 = CARTESIAN_POINT ( 'NONE',  ( 1.017788105676674215, -0.5876202367904430623, -1.176666666666663641 ) ) ;
#1075 = ORIENTED_EDGE ( 'NONE', *, *, #4468, .T. ) ;
#1076 = CARTESIAN_POINT ( 'NONE',  ( 2.473556564694994556E-15, 0.3093419999999992287, 6.259999999999999787 ) ) ;
#1077 = CARTESIAN_POINT ( 'NONE',  ( -0.8660254037844531405, 1.499999999999994005, 2.844166666666670729 ) ) ;
#1078 = CARTESIAN_POINT ( 'NONE',  ( 1.439254484199212798E-16, -1.175240473580869471, -0.2599999999999970113 ) ) ;
#1079 = LINE ( 'NONE', #3832, #3095 ) ;
#1080 = CARTESIAN_POINT ( 'NONE',  ( 0.6785254037844492547, -1.175240473580869471, -2.155833333333329715 ) ) ;
#1081 = AXIS2_PLACEMENT_3D ( 'NONE', #338, #5267, #371 ) ;
#1082 = ORIENTED_EDGE ( 'NONE', *, *, #252, .T. ) ;
#1083 = CARTESIAN_POINT ( 'NONE',  ( -0.8738379037844482555, -1.513531646934165309, 0.4561458333333352488 ) ) ;
#1084 = CARTESIAN_POINT ( 'NONE',  ( -0.6785254037844494768, 1.175240473580839717, -4.468333333333330160 ) ) ;
#1085 = CARTESIAN_POINT ( 'NONE',  ( 0.001183083183162969522, -0.002856215466206064261, 1.084811436673219553 ) ) ;
#1086 = DIRECTION ( 'NONE',  ( 0.3798309680908547037, -0.9169930745742643774, 0.1218693434051476843 ) ) ;
#1087 = CARTESIAN_POINT ( 'NONE',  ( -1.439254484199213045E-16, -1.175240473580869027, -5.759999999999997122 ) ) ;
#1088 = ORIENTED_EDGE ( 'NONE', *, *, #5148, .T. ) ;
#1089 = CARTESIAN_POINT ( 'NONE',  ( -1.168159110932235567, -0.1051267183062899596, 4.596799999999999997 ) ) ;
#1090 = CARTESIAN_POINT ( 'NONE',  ( 1.357050807568899176, -1.518418095018551916E-14, -3.072499999999996678 ) ) ;
#1091 = ORIENTED_EDGE ( 'NONE', *, *, #4226, .F. ) ;
#1092 = CARTESIAN_POINT ( 'NONE',  ( -0.6785254037844502539, 1.175240473580838607, 2.094166666666669840 ) ) ;
#1093 = CARTESIAN_POINT ( 'NONE',  ( 1.836970198721050395E-16, -1.500000000000032196, 1.052500000000003988 ) ) ;
#1094 = LINE ( 'NONE', #552, #764 ) ;
#1095 = CARTESIAN_POINT ( 'NONE',  ( 0.000000000000000000, -3.168163357082304046E-16, 6.259999999999999787 ) ) ;
#1096 = EDGE_CURVE ( 'NONE', #665, #5748, #1929, .T. ) ;
#1097 = CARTESIAN_POINT ( 'NONE',  ( 1.310756855676672883, -0.7567658234670905371, -0.9188541666666641961 ) ) ;
#1098 = CARTESIAN_POINT ( 'NONE',  ( 1.357050807568898954, -1.551770106166797095E-14, 2.365000000000002434 ) ) ;
#1099 = CARTESIAN_POINT ( 'NONE',  ( 0.6785254037844492547, -1.175240473580869471, -2.218333333333329715 ) ) ;
#1100 = EDGE_LOOP ( 'NONE', ( #5379, #2547, #887, #508 ) ) ;
#1101 = DIRECTION ( 'NONE',  ( 0.9238795325112899581, 0.3826834323650824543, 0.000000000000000000 ) ) ;
#1102 = CARTESIAN_POINT ( 'NONE',  ( 1.356232658073305730, -0.2677179653689969463, 6.071935536153220347 ) ) ;
#1103 = EDGE_CURVE ( 'NONE', #1016, #1401, #2463, .T. ) ;
#1104 = CARTESIAN_POINT ( 'NONE',  ( -0.6785254037844502539, 1.175240473580838829, -1.905833333333330382 ) ) ;
#1105 = CARTESIAN_POINT ( 'NONE',  ( -1.357050807568898954, -1.575823413728583859E-14, 1.615000000000002434 ) ) ;
#1106 = CARTESIAN_POINT ( 'NONE',  ( 1.356211511255139168, 0.2677743935594785740, 6.071938278631698438 ) ) ;
#1107 = CARTESIAN_POINT ( 'NONE',  ( 1.017788105676675103, 0.5876202367904114210, -2.530833333333330160 ) ) ;
#1108 = VERTEX_POINT ( 'NONE', #2403 ) ;
#1109 = CARTESIAN_POINT ( 'NONE',  ( -1.310756855676672883, -0.7567658234670909811, 2.414479166666668508 ) ) ;
#1110 = CARTESIAN_POINT ( 'NONE',  ( -3.673940397442100790E-16, 1.500000000000001554, -0.6974999999999959011 ) ) ;
#1111 = CARTESIAN_POINT ( 'NONE',  ( 0.9782957525685470612, 0.9852061296804272006, -6.193606007969939320 ) ) ;
#1112 = DIRECTION ( 'NONE',  ( 1.041129378932025800E-14, 0.9925461516413219831, -0.1218693434051476149 ) ) ;
#1113 = CARTESIAN_POINT ( 'NONE',  ( 0.000000000000000000, 1.175240473580839939, -6.009999999999996234 ) ) ;
#1114 = ORIENTED_EDGE ( 'NONE', *, *, #2807, .F. ) ;
#1115 = CARTESIAN_POINT ( 'NONE',  ( 0.8660254037844467012, -1.500000000000033751, -4.968333333333332824 ) ) ;
#1116 = CARTESIAN_POINT ( 'NONE',  ( -1.439254484199213045E-16, -1.175240473580869471, -2.697499999999996678 ) ) ;
#1117 = ORIENTED_EDGE ( 'NONE', *, *, #1874, .T. ) ;
#1118 = CARTESIAN_POINT ( 'NONE',  ( 0.000000000000000000, -1.500000000000001110, 6.259999999999999787 ) ) ;
#1119 = CARTESIAN_POINT ( 'NONE',  ( 0.6785254037844494768, 1.175240473580838829, 3.510833333333336359 ) ) ;
#1120 = AXIS2_PLACEMENT_3D ( 'NONE', #2335, #204, #3530 ) ;
#1121 = FACE_OUTER_BOUND ( 'NONE', #2955, .T. ) ;
#1122 = CARTESIAN_POINT ( 'NONE',  ( -0.8660254037844523634, -1.500000000000025091, -1.551666666666664973 ) ) ;
#1123 = CARTESIAN_POINT ( 'NONE',  ( 1.357050807568899176, -1.540289042424790833E-14, 1.427500000000002878 ) ) ;
#1124 = CARTESIAN_POINT ( 'NONE',  ( -0.8660254037844447028, 1.500000000000007772, -1.218333333333331936 ) ) ;
#1125 = AXIS2_PLACEMENT_3D ( 'NONE', #4077, #692, #3477 ) ;
#1126 = DIRECTION ( 'NONE',  ( -0.000000000000000000, -1.224646799147353207E-16, 1.000000000000000000 ) ) ;
#1127 = ADVANCED_FACE ( 'NONE', ( #5322 ), #3344, .T. ) ;
#1128 = CARTESIAN_POINT ( 'NONE',  ( -1.439254484199213045E-16, -1.175240473580869027, -6.197499999999996234 ) ) ;
#1129 = CARTESIAN_POINT ( 'NONE',  ( -0.8738379037844481445, -1.513531646934164865, -1.996979166666662975 ) ) ;
#1130 = CARTESIAN_POINT ( 'NONE',  ( -1.310756855676673327, -0.7567658234670889827, -6.538645833333329271 ) ) ;
#1131 = EDGE_LOOP ( 'NONE', ( #4682, #3908, #4559, #2768, #3765, #4693, #5057, #6165, #2422, #3067, #1177, #5722, #840, #5156, #4348, #4417, #1193, #4595, #2659, #1535, #6185, #5665, #2475 ) ) ;
#1132 = EDGE_CURVE ( 'NONE', #147, #784, #5407, .T. ) ;
#1133 = CARTESIAN_POINT ( 'NONE',  ( -0.8660254037844492547, 1.500000000000000888, 3.281666666666668952 ) ) ;
#1134 = CARTESIAN_POINT ( 'NONE',  ( 0.2978604765685977096, -0.9333344501221050304, 6.166490495653771831 ) ) ;
#1135 = DIRECTION ( 'NONE',  ( 0.000000000000000000, -1.000000000000000000, 0.000000000000000000 ) ) ;
#1136 = CARTESIAN_POINT ( 'NONE',  ( -0.6785254037844501429, 1.175240473580838607, 2.031666666666669396 ) ) ;
#1137 = CARTESIAN_POINT ( 'NONE',  ( -3.673940397442100790E-16, 1.500000000000001332, 1.302500000000003988 ) ) ;
#1138 = CARTESIAN_POINT ( 'NONE',  ( -1.017788105676674437, 0.5876202367904126422, -4.364166666666664085 ) ) ;
#1139 = EDGE_CURVE ( 'NONE', #2247, #1501, #4330, .T. ) ;
#1140 = VERTEX_POINT ( 'NONE', #1004 ) ;
#1141 = CARTESIAN_POINT ( 'NONE',  ( 1.747675807568897621, -1.558658744412001105E-14, 3.122812500000002434 ) ) ;
#1142 = CARTESIAN_POINT ( 'NONE',  ( -1.017788105676674437, 0.5876202367904126422, -4.426666666666664085 ) ) ;
#1143 = CARTESIAN_POINT ( 'NONE',  ( 0.8660254037844454800, 1.500000000000007772, -4.739166666666662309 ) ) ;
#1144 = CARTESIAN_POINT ( 'NONE',  ( -1.302949551113957494, 0.2566884581599059301, 5.831171314594314481 ) ) ;
#1145 = CARTESIAN_POINT ( 'NONE',  ( 1.017788105676675103, 0.5876202367904118651, -6.093333333333330160 ) ) ;
#1146 = EDGE_LOOP ( 'NONE', ( #4108, #2005, #3569, #2880 ) ) ;
#1147 = CARTESIAN_POINT ( 'NONE',  ( -1.836970198721050395E-16, -1.500000000000031752, -3.947499999999995346 ) ) ;
#1148 = CARTESIAN_POINT ( 'NONE',  ( 0.6785254037844502539, 1.175240473580839273, -5.051666666666664085 ) ) ;
#1149 = ORIENTED_EDGE ( 'NONE', *, *, #4434, .F. ) ;
#1150 = FACE_OUTER_BOUND ( 'NONE', #576, .T. ) ;
#1151 = CARTESIAN_POINT ( 'NONE',  ( -1.017788105676673993, -0.5876202367904428403, -2.343333333333330604 ) ) ;
#1152 = FACE_OUTER_BOUND ( 'NONE', #2832, .T. ) ;
#1153 = DIRECTION ( 'NONE',  ( 0.000000000000000000, -1.000000000000000000, 0.000000000000000000 ) ) ;
#1154 = CARTESIAN_POINT ( 'NONE',  ( -1.299038105676672217, 0.7499999999999937828, -3.176666666666664529 ) ) ;
#1155 = CARTESIAN_POINT ( 'NONE',  ( 0.000000000000000000, 1.216441456824255867E-15, -6.259999999999999787 ) ) ;
#1156 = ORIENTED_EDGE ( 'NONE', *, *, #5873, .T. ) ;
#1157 = CARTESIAN_POINT ( 'NONE',  ( 0.000000000000000000, 1.500000000000001998, -4.259999999999998010 ) ) ;
#1158 = CARTESIAN_POINT ( 'NONE',  ( 0.000000000000000000, 1.175240473580839939, -5.947499999999996234 ) ) ;
#1159 = CARTESIAN_POINT ( 'NONE',  ( 1.310756855676672883, 0.7567658234670596729, -1.288645833333329493 ) ) ;
#1160 = CIRCLE ( 'NONE', #963, 1.201884718306283961 ) ;
#1161 = CARTESIAN_POINT ( 'NONE',  ( -0.8738379037844493658, -1.513531646934163755, -5.496979166666661420 ) ) ;
#1162 = EDGE_LOOP ( 'NONE', ( #5184, #3774, #2167, #4886 ) ) ;
#1163 = CARTESIAN_POINT ( 'NONE',  ( -1.836970198721050395E-16, -1.500000000000031974, -1.009999999999998233 ) ) ;
#1164 = CARTESIAN_POINT ( 'NONE',  ( 0.6785254037844492547, -1.175240473580869915, -1.718333333333330604 ) ) ;
#1165 = VECTOR ( 'NONE', #4063, 1000.000000000000000 ) ;
#1166 = EDGE_CURVE ( 'NONE', #1280, #3423, #424, .T. ) ;
#1167 = CARTESIAN_POINT ( 'NONE',  ( -1.017788105676674881, 0.5876202367904106438, 2.073333333333335915 ) ) ;
#1168 = CONICAL_SURFACE ( 'NONE', #1681, 1.406099999999997463, 0.1221730476396033355 ) ;
#1169 = ORIENTED_EDGE ( 'NONE', *, *, #1172, .F. ) ;
#1170 = CARTESIAN_POINT ( 'NONE',  ( -3.707083373652255957E-16, 1.513531646934134001, 1.747812500000002434 ) ) ;
#1171 = CARTESIAN_POINT ( 'NONE',  ( -0.6785254037844500319, -1.175240473580869249, -3.301666666666662753 ) ) ;
#1172 = EDGE_CURVE ( 'NONE', #4477, #4528, #3407, .T. ) ;
#1173 = AXIS2_PLACEMENT_3D ( 'NONE', #4690, #4241, #6245 ) ;
#1174 = CARTESIAN_POINT ( 'NONE',  ( -0.08740251360469182551, -1.196661111718038573, 4.596799999999999997 ) ) ;
#1175 = DIRECTION ( 'NONE',  ( 0.000000000000000000, -1.000000000000000000, 0.000000000000000000 ) ) ;
#1176 = CARTESIAN_POINT ( 'NONE',  ( -1.299038105676672217, -0.7500000000000247580, 2.406666666666668064 ) ) ;
#1177 = ORIENTED_EDGE ( 'NONE', *, *, #6096, .F. ) ;
#1178 = CARTESIAN_POINT ( 'NONE',  ( 0.5158404875021127545, 0.9628031646469217275, 6.211130278184685771 ) ) ;
#1179 = CARTESIAN_POINT ( 'NONE',  ( 1.017788105676675103, 0.5876202367904111989, -1.530833333333330160 ) ) ;
#1180 = EDGE_LOOP ( 'NONE', ( #123, #4171, #5704 ) ) ;
#1181 = CARTESIAN_POINT ( 'NONE',  ( -1.199392855347107378, 0.07737216077211554743, 4.596799999999999997 ) ) ;
#1182 = CARTESIAN_POINT ( 'NONE',  ( -0.6785254037844501429, 1.175240473580838829, 0.03166666666666942409 ) ) ;
#1183 = LINE ( 'NONE', #1663, #1776 ) ;
#1184 = CARTESIAN_POINT ( 'NONE',  ( 0.1045235934800808342, 1.175260624440228163, 4.596799999999999997 ) ) ;
#1185 = CARTESIAN_POINT ( 'NONE',  ( 0.6785254037844494768, 1.175240473580838829, 3.510833333333336359 ) ) ;
#1186 = CARTESIAN_POINT ( 'NONE',  ( -1.255209357433234363, 0.1377316623241382765, 5.090060502557312461 ) ) ;
#1187 = CARTESIAN_POINT ( 'NONE',  ( -1.357050807568899176, -1.564342349986577596E-14, 0.6775000000000025446 ) ) ;
#1188 =( BOUNDED_CURVE ( )  B_SPLINE_CURVE ( 2, ( #164, #3076, #290, #3994, #2576, #4576, #1593 ),
 .UNSPECIFIED., .F., .F. ) 
 B_SPLINE_CURVE_WITH_KNOTS ( ( 3, 2, 2, 3 ),
 ( 0.000000000000000000, 0.01515151515151514153, 0.03030303030303028305, 0.04545454545454542805 ),
 .UNSPECIFIED. ) 
 CURVE ( )  GEOMETRIC_REPRESENTATION_ITEM ( )  RATIONAL_B_SPLINE_CURVE ( ( 1.000000000000000000, 0.8660254037844387076, 1.000000000000000000, 0.8660254037844387076, 1.000000000000000000, 0.8660254037844385966, 1.000000000000000222 ) ) 
 REPRESENTATION_ITEM ( '' )  );
#1189 = CARTESIAN_POINT ( 'NONE',  ( 1.017788105676675103, 0.5876202367904117541, -5.530833333333330160 ) ) ;
#1190 = APPROVAL_DATE_TIME ( #5041, #1427 ) ;
#1191 = CARTESIAN_POINT ( 'NONE',  ( 1.439254484199212798E-16, -1.175240473580869915, 3.240000000000002434 ) ) ;
#1192 = CARTESIAN_POINT ( 'NONE',  ( 0.000000000000000000, 1.513531646934134667, -4.705312499999996234 ) ) ;
#1193 = ORIENTED_EDGE ( 'NONE', *, *, #3452, .F. ) ;
#1194 = DIRECTION ( 'NONE',  ( -1.776356839400250465E-15, -1.000000000000000000, 0.000000000000000000 ) ) ;
#1195 = CARTESIAN_POINT ( 'NONE',  ( 1.342001944967367244, -0.2833990067808860314, 6.074918150816174034 ) ) ;
#1196 = EDGE_CURVE ( 'NONE', #1940, #1501, #3445, .T. ) ;
#1197 = CARTESIAN_POINT ( 'NONE',  ( 1.439254484199212798E-16, -1.175240473580869693, 2.240000000000002434 ) ) ;
#1198 = CARTESIAN_POINT ( 'NONE',  ( 1.328023899308126810, 0.2870500636019557850, 6.078446747423950747 ) ) ;
#1199 = FACE_OUTER_BOUND ( 'NONE', #1690, .T. ) ;
#1200 = EDGE_LOOP ( 'NONE', ( #5435, #4177, #4015, #4371 ) ) ;
#1201 = CARTESIAN_POINT ( 'NONE',  ( 1.747675807568897621, -1.552535510416264347E-14, 2.622812500000002434 ) ) ;
#1202 = CARTESIAN_POINT ( 'NONE',  ( 0.000000000000000000, 1.175240473580839717, -3.009999999999996678 ) ) ;
#1203 = EDGE_CURVE ( 'NONE', #32, #193, #3852, .T. ) ;
#1204 = LINE ( 'NONE', #671, #5628 ) ;
#1205 = CYLINDRICAL_SURFACE ( 'NONE', #1379, 1.500000000000000888 ) ;
#1206 = CARTESIAN_POINT ( 'NONE',  ( 1.299038105676672883, 0.7499999999999923395, -2.843333333333331492 ) ) ;
#1207 = CARTESIAN_POINT ( 'NONE',  ( -0.6785254037844494768, 1.175240473580840161, -5.968333333333330160 ) ) ;
#1208 = ORIENTED_EDGE ( 'NONE', *, *, #173, .F. ) ;
#1209 = CARTESIAN_POINT ( 'NONE',  ( 0.8660254037844477004, -1.500000000000032196, -3.468333333333331048 ) ) ;
#1210 = EDGE_CURVE ( 'NONE', #1140, #5549, #5203, .T. ) ;
#1211 = CARTESIAN_POINT ( 'NONE',  ( -1.017788105676674659, -0.5876202367904421742, -1.780833333333330382 ) ) ;
#1212 = ORIENTED_EDGE ( 'NONE', *, *, #1329, .F. ) ;
#1213 = CARTESIAN_POINT ( 'NONE',  ( -1.198020243790154149, 0.08407800173396863530, 4.596799999999999997 ) ) ;
#1214 = CARTESIAN_POINT ( 'NONE',  ( 1.439254484199212798E-16, -1.175240473580869249, -1.759999999999997122 ) ) ;
#1215 = DIRECTION ( 'NONE',  ( -0.1218335514324818403, -0.02423420014170665424, 0.9922546494165902509 ) ) ;
#1216 = CARTESIAN_POINT ( 'NONE',  ( 1.299038105676672661, -0.7500000000000236478, 2.073333333333334583 ) ) ;
#1217 = CARTESIAN_POINT ( 'NONE',  ( -0.1576515304775628623, -1.222207087016411009, 3.203635424796333897 ) ) ;
#1218 = ADVANCED_FACE ( 'NONE', ( #142 ), #5420, .T. ) ;
#1219 = CARTESIAN_POINT ( 'NONE',  ( -1.357050807568899176, -1.469871851473818122E-14, -4.322499999999996234 ) ) ;
#1220 = ORIENTED_EDGE ( 'NONE', *, *, #4111, .F. ) ;
#1221 = CARTESIAN_POINT ( 'NONE',  ( 1.017788105676674659, -0.5876202367904425072, 0.8858333333333359150 ) ) ;
#1222 = DIRECTION ( 'NONE',  ( -0.09315614143603834219, 0.09315614143603893893, -0.9912839485361889524 ) ) ;
#1223 = CARTESIAN_POINT ( 'NONE',  ( -0.8738379037844495878, 1.513531646934133779, -1.163645833333329715 ) ) ;
#1224 = CARTESIAN_POINT ( 'NONE',  ( -0.8738379037844486996, 1.513531646934134445, -3.663645833333329715 ) ) ;
#1225 = ORIENTED_EDGE ( 'NONE', *, *, #3268, .F. ) ;
#1226 = CARTESIAN_POINT ( 'NONE',  ( 1.836970198721050395E-16, -1.500000000000032419, 2.552500000000003766 ) ) ;
#1227 = AXIS2_PLACEMENT_3D ( 'NONE', #1832, #3189, #845 ) ;
#1228 =( BOUNDED_CURVE ( )  B_SPLINE_CURVE ( 2, ( #4552, #267, #1154, #6014, #4680, #203, #3659 ),
 .UNSPECIFIED., .F., .F. ) 
 B_SPLINE_CURVE_WITH_KNOTS ( ( 3, 2, 2, 3 ),
 ( 0.5454545454545454142, 0.5606060606060605522, 0.5757575757575756903, 0.5909090909090908283 ),
 .UNSPECIFIED. ) 
 CURVE ( )  GEOMETRIC_REPRESENTATION_ITEM ( )  RATIONAL_B_SPLINE_CURVE ( ( 1.000000000000000000, 0.8660254037844387076, 1.000000000000000000, 0.8660254037844387076, 1.000000000000000000, 0.8660254037844397068, 0.9999999999999990008 ) ) 
 REPRESENTATION_ITEM ( '' )  );
#1229 = DIRECTION ( 'NONE',  ( -0.000000000000000000, -1.224646799147353207E-16, 1.000000000000000000 ) ) ;
#1230 = CARTESIAN_POINT ( 'NONE',  ( 1.017788105676674215, 0.5876202367904116430, 2.406666666666669840 ) ) ;
#1231 = DIRECTION ( 'NONE',  ( -0.3826834323650948333, -0.9238795325112846291, 0.000000000000000000 ) ) ;
#1232 = AXIS2_PLACEMENT_3D ( 'NONE', #3315, #4329, #1990 ) ;
#1233 = FACE_OUTER_BOUND ( 'NONE', #1131, .T. ) ;
#1234 = ORIENTED_EDGE ( 'NONE', *, *, #550, .T. ) ;
#1235 = CARTESIAN_POINT ( 'NONE',  ( -0.8738379037844496988, 1.513531646934133335, 2.789479166666669396 ) ) ;
#1236 = CARTESIAN_POINT ( 'NONE',  ( -1.439254484199213045E-16, -1.175240473580869471, -2.259999999999997122 ) ) ;
#1237 = CARTESIAN_POINT ( 'NONE',  ( 0.2263357387547758615, -1.277175687110941871, 5.583968252727962600 ) ) ;
#1238 = CARTESIAN_POINT ( 'NONE',  ( 0.1041792215888935336, -1.176610382180143244, 4.596799999999999997 ) ) ;
#1239 = CARTESIAN_POINT ( 'NONE',  ( -1.176999479338266763, -0.1425327112884987868, 3.176519237886481495 ) ) ;
#1240 = ORIENTED_EDGE ( 'NONE', *, *, #5563, .T. ) ;
#1241 = B_SPLINE_CURVE_WITH_KNOTS ( 'NONE', 3,
 ( #1955, #3528, #4423, #5483, #492, #2429, #18 ),
 .UNSPECIFIED., .F., .F.,
 ( 4, 3, 4 ),
 ( 0.000000000000000000, 0.0007501506458342441491, 0.001501316942507503402 ),
 .UNSPECIFIED. ) ;
#1242 = CARTESIAN_POINT ( 'NONE',  ( -1.299038105676672217, 0.7499999999999937828, -4.114166666666661420 ) ) ;
#1243 = CARTESIAN_POINT ( 'NONE',  ( -0.6785254037844500319, -1.175240473580868805, -6.301666666666663197 ) ) ;
#1244 = ORIENTED_EDGE ( 'NONE', *, *, #2716, .T. ) ;
#1245 = CARTESIAN_POINT ( 'NONE',  ( -1.190576561512317166, 0.09603820785166262974, 4.596799999999999997 ) ) ;
#1246 = CARTESIAN_POINT ( 'NONE',  ( 0.6785254037844493658, 1.175240473580839273, -1.551666666666663641 ) ) ;
#1247 = EDGE_CURVE ( 'NONE', #3453, #352, #3209, .T. ) ;
#1248 = PRODUCT ( '95836A209_Black-Oxide 18-8 Stainless Steel Pan Head Phillips Screws', '95836A209_Black-Oxide 18-8 Stainless Steel Pan Head Phillips Screws', '', ( #83 ) ) ;
#1249 = CARTESIAN_POINT ( 'NONE',  ( -1.299038105676672439, -0.7500000000000227596, -4.593333333333330160 ) ) ;
#1250 = CARTESIAN_POINT ( 'NONE',  ( -1.286257343846269219, 0.3164574591711096230, -6.259999999999998899 ) ) ;
#1251 = CARTESIAN_POINT ( 'NONE',  ( 1.017788105676674659, -0.5876202367904428403, 3.385833333333336359 ) ) ;
#1252 = CARTESIAN_POINT ( 'NONE',  ( -1.017788105676674437, 0.5876202367904124202, -2.864166666666663197 ) ) ;
#1253 = ORIENTED_EDGE ( 'NONE', *, *, #4712, .F. ) ;
#1254 = CARTESIAN_POINT ( 'NONE',  ( 0.6785254037844500319, -1.175240473580869471, 0.3441666666666692853 ) ) ;
#1255 = CARTESIAN_POINT ( 'NONE',  ( 1.199498189242979462, -0.07570317101015615335, 4.596799999999999997 ) ) ;
#1256 = ADVANCED_FACE ( 'NONE', ( #5889 ), #5652, .F. ) ;
#1257 = CARTESIAN_POINT ( 'NONE',  ( 1.017788105676674437, -0.5876202367904427293, 3.323333333333335915 ) ) ;
#1258 = B_SPLINE_CURVE_WITH_KNOTS ( 'NONE', 3,
 ( #6261, #4742, #2823, #1372 ),
 .UNSPECIFIED., .F., .F.,
 ( 4, 4 ),
 ( 5.421010862427522170E-20, 0.0001633910678170352802 ),
 .UNSPECIFIED. ) ;
#1259 = CARTESIAN_POINT ( 'NONE',  ( 0.000000000000000000, 1.513531646934134667, -4.205312499999995346 ) ) ;
#1260 = ORIENTED_EDGE ( 'NONE', *, *, #2380, .T. ) ;
#1261 = PLANE ( 'NONE',  #1227 ) ;
#1262 = DIRECTION ( 'NONE',  ( 0.3798309680908638075, 0.9169930745742604916, 0.1218693434051479341 ) ) ;
#1263 = CIRCLE ( 'NONE', #6230, 5.174808031888049165 ) ;
#1264 = CARTESIAN_POINT ( 'NONE',  ( -0.1051267183062886135, -0.9227480026794849799, 4.596799999999999997 ) ) ;
#1265 = CARTESIAN_POINT ( 'NONE',  ( 1.836970198721050395E-16, -1.500000000000032196, 0.5525000000000039879 ) ) ;
#1266 = DIRECTION ( 'NONE',  ( -0.000000000000000000, -1.224646799147353207E-16, 1.000000000000000000 ) ) ;
#1267 = ORIENTED_EDGE ( 'NONE', *, *, #4078, .F. ) ;
#1268 = CARTESIAN_POINT ( 'NONE',  ( -0.6785254037844502539, 1.175240473580838829, -1.905833333333330382 ) ) ;
#1269 =( BOUNDED_CURVE ( )  B_SPLINE_CURVE ( 2, ( #3860, #4915, #4850, #566, #2502, #1077, #1551 ),
 .UNSPECIFIED., .F., .F. ) 
 B_SPLINE_CURVE_WITH_KNOTS ( ( 3, 2, 2, 3 ),
 ( 0.04166666666666663660, 0.05555555555555554553, 0.06944444444444435038, 0.08333333333333325932 ),
 .UNSPECIFIED. ) 
 CURVE ( )  GEOMETRIC_REPRESENTATION_ITEM ( )  RATIONAL_B_SPLINE_CURVE ( ( 1.000000000000000000, 0.8660254037844388186, 1.000000000000000000, 0.8660254037844387076, 1.000000000000000000, 0.8660254037844398178, 0.9999999999999988898 ) ) 
 REPRESENTATION_ITEM ( '' )  );
#1270 = VECTOR ( 'NONE', #2109, 1000.000000000000000 ) ;
#1271 = CIRCLE ( 'NONE', #3890, 1.201884718306285516 ) ;
#1272 = CARTESIAN_POINT ( 'NONE',  ( -1.357050807568899176, -1.487476149211561142E-14, -2.884999999999997122 ) ) ;
#1273 = CARTESIAN_POINT ( 'NONE',  ( -0.08066951025691086741, -1.198787504374561275, 4.596799999999999997 ) ) ;
#1274 = CARTESIAN_POINT ( 'NONE',  ( 3.459921793313829236E-16, -2.825240547497255506, 5.382891716295342022 ) ) ;
#1275 = CARTESIAN_POINT ( 'NONE',  ( -1.227874523357965098, -0.1067390664871734063, 4.843368849697231582 ) ) ;
#1276 = ORIENTED_EDGE ( 'NONE', *, *, #1764, .T. ) ;
#1277 = CARTESIAN_POINT ( 'NONE',  ( -1.310756855676673771, 0.7567658234670585626, -2.168854166666664529 ) ) ;
#1278 = CARTESIAN_POINT ( 'NONE',  ( 0.6785254037844492547, -1.175240473580869471, -5.218333333333330160 ) ) ;
#1279 = CIRCLE ( 'NONE', #5645, 5.164680204508076855 ) ;
#1280 = VERTEX_POINT ( 'NONE', #3026 ) ;
#1281 = CARTESIAN_POINT ( 'NONE',  ( -1.836970198721050395E-16, -1.500000000000031974, -1.947499999999995568 ) ) ;
#1282 = CARTESIAN_POINT ( 'NONE',  ( -2.878508968398425596E-16, 1.175240473580839273, -0.009999999999996990463 ) ) ;
#1283 = CARTESIAN_POINT ( 'NONE',  ( 0.1748331169962431264, -1.239098659933566937, 3.213387778966939834 ) ) ;
#1284 = APPROVAL_PERSON_ORGANIZATION ( #3601, #1427, #4457 ) ;
#1285 = CARTESIAN_POINT ( 'NONE',  ( 0.2833990067808757618, 1.342001944967377680, 6.074918150816174034 ) ) ;
#1286 = FACE_OUTER_BOUND ( 'NONE', #3508, .T. ) ;
#1287 = CARTESIAN_POINT ( 'NONE',  ( 1.017788105676675103, 0.5876202367904115320, -3.530833333333330160 ) ) ;
#1288 = ORIENTED_EDGE ( 'NONE', *, *, #1803, .T. ) ;
#1289 = CARTESIAN_POINT ( 'NONE',  ( 1.439254484199213045E-16, -1.175240473580870137, 1.802500000000002434 ) ) ;
#1290 = CARTESIAN_POINT ( 'NONE',  ( -1.017788105676675103, 0.5876202367904113100, -1.864166666666663863 ) ) ;
#1291 = CARTESIAN_POINT ( 'NONE',  ( 1.310756855676672883, 0.7567658234670593398, 1.211354166666670062 ) ) ;
#1292 = CARTESIAN_POINT ( 'NONE',  ( 1.747675807568897621, -1.522436467328254044E-14, -3.330312499999995790 ) ) ;
#1293 = ORIENTED_EDGE ( 'NONE', *, *, #5651, .F. ) ;
#1294 = CARTESIAN_POINT ( 'NONE',  ( 1.181919103194879694, -0.1021956419559635065, 4.596799999999999997 ) ) ;
#1295 = EDGE_CURVE ( 'NONE', #2858, #75, #3040, .T. ) ;
#1296 = B_SPLINE_CURVE_WITH_KNOTS ( 'NONE', 3,
 ( #1457, #4400, #5869, #5398 ),
 .UNSPECIFIED., .F., .F.,
 ( 4, 4 ),
 ( 0.000000000000000000, 0.0001633910678170354428 ),
 .UNSPECIFIED. ) ;
#1297 = CARTESIAN_POINT ( 'NONE',  ( 0.000000000000000000, 1.184600640046424705E-15, -6.000000000000000000 ) ) ;
#1298 = CARTESIAN_POINT ( 'NONE',  ( -0.8738379037844486996, 1.513531646934134667, -5.210520833333331048 ) ) ;
#1299 = CARTESIAN_POINT ( 'NONE',  ( -0.3038685749748786247, -1.145421477373506747, -6.259999999999998899 ) ) ;
#1300 = CARTESIAN_POINT ( 'NONE',  ( 0.000000000000000000, -3.168163357082304046E-16, 6.259999999999999787 ) ) ;
#1301 = ORIENTED_EDGE ( 'NONE', *, *, #1210, .T. ) ;
#1302 = CARTESIAN_POINT ( 'NONE',  ( 0.6785254037844494768, 1.175240473580839273, -1.489166666666663641 ) ) ;
#1303 = EDGE_CURVE ( 'NONE', #5920, #3362, #879, .T. ) ;
#1304 = CARTESIAN_POINT ( 'NONE',  ( 0.000000000000000000, -5.559191887486003557E-17, 4.126940761897675891 ) ) ;
#1305 = DIRECTION ( 'NONE',  ( -0.000000000000000000, -1.224646799147353207E-16, 1.000000000000000000 ) ) ;
#1306 = CARTESIAN_POINT ( 'NONE',  ( 0.07570317101015060224, 1.199498189242980350, 4.596799999999999997 ) ) ;
#1307 = CARTESIAN_POINT ( 'NONE',  ( 1.836970198721030920E-16, 1.500000000000000666, 6.259999999999999787 ) ) ;
#1308 = ORIENTED_EDGE ( 'NONE', *, *, #3178, .T. ) ;
#1309 = CARTESIAN_POINT ( 'NONE',  ( -0.8660254037844519193, 1.499999999999995337, -4.655833333333329271 ) ) ;
#1310 = CARTESIAN_POINT ( 'NONE',  ( -1.017788105676674437, 0.5876202367904123092, -2.426666666666663641 ) ) ;
#1311 = VERTEX_POINT ( 'NONE', #4905 ) ;
#1312 = CARTESIAN_POINT ( 'NONE',  ( 0.1354023959674275912, 1.196584255563241328, 4.843375607214007061 ) ) ;
#1313 = CARTESIAN_POINT ( 'NONE',  ( -1.017788105676673993, -0.5876202367904430623, 0.1566666666666695351 ) ) ;
#1314 = CARTESIAN_POINT ( 'NONE',  ( 0.4722784313483913698, 0.5133079544288818852, 6.213072483967408743 ) ) ;
#1315 = CARTESIAN_POINT ( 'NONE',  ( 0.2869320653179682767, 1.331662752906478397, 6.077485728521251573 ) ) ;
#1316 = CARTESIAN_POINT ( 'NONE',  ( 0.000000000000000000, 2.070106209874711453E-15, 6.259999999999999787 ) ) ;
#1317 = CARTESIAN_POINT ( 'NONE',  ( 1.017788105676675103, 0.5876202367904114210, -2.530833333333330160 ) ) ;
#1318 = VERTEX_POINT ( 'NONE', #616 ) ;
#1319 = CARTESIAN_POINT ( 'NONE',  ( -1.357050807568899176, -1.582712051973787868E-14, 2.177500000000003322 ) ) ;
#1320 = DIRECTION ( 'NONE',  ( -0.000000000000000000, -1.224646799147353207E-16, 1.000000000000000000 ) ) ;
#1321 = CARTESIAN_POINT ( 'NONE',  ( -1.310756855676673771, 0.7567658234670582296, -0.6219791666666630858 ) ) ;
#1322 = CARTESIAN_POINT ( 'NONE',  ( -1.310756855676673327, -0.7567658234670895379, -2.538645833333329271 ) ) ;
#1323 = CARTESIAN_POINT ( 'NONE',  ( 1.223990920715823494, -0.1656924446729733658, 5.090068257192154277 ) ) ;
#1324 = ADVANCED_FACE ( 'NONE', ( #176 ), #1639, .T. ) ;
#1325 = CARTESIAN_POINT ( 'NONE',  ( 1.328023899308124811, -0.2870500636019608365, 6.078446747423949859 ) ) ;
#1326 = CARTESIAN_POINT ( 'NONE',  ( 1.747675807568897621, -1.503492712153943017E-14, -4.877187499999998899 ) ) ;
#1327 = CARTESIAN_POINT ( 'NONE',  ( 0.8660254037844526964, -1.500000000000024869, 0.5941666666666710617 ) ) ;
#1328 = CARTESIAN_POINT ( 'NONE',  ( -2.878508968398425596E-16, 1.175240473580839273, -1.009999999999997122 ) ) ;
#1329 = EDGE_CURVE ( 'NONE', #3233, #4750, #3692, .T. ) ;
#1330 = CARTESIAN_POINT ( 'NONE',  ( 1.017788105676674215, -0.5876202367904427293, -3.676666666666663641 ) ) ;
#1331 = ORIENTED_EDGE ( 'NONE', *, *, #3849, .T. ) ;
#1332 = CARTESIAN_POINT ( 'NONE',  ( -0.6785254037844492547, -1.175240473580870137, -0.7391666666666639740 ) ) ;
#1333 = CARTESIAN_POINT ( 'NONE',  ( 0.6785254037844502539, 1.175240473580838829, -1.051666666666663419 ) ) ;
#1334 = CARTESIAN_POINT ( 'NONE',  ( 1.836970198721050642E-16, -1.500000000000032863, 0.9900000000000013234 ) ) ;
#1335 = CARTESIAN_POINT ( 'NONE',  ( 1.299038105676671995, -0.7500000000000237588, -4.426666666666664973 ) ) ;
#1336 = CARTESIAN_POINT ( 'NONE',  ( -0.6785254037844500319, -1.175240473580869027, -5.239166666666663197 ) ) ;
#1337 = EDGE_CURVE ( 'NONE', #4287, #4141, #904, .T. ) ;
#1338 = ORIENTED_EDGE ( 'NONE', *, *, #3490, .T. ) ;
#1339 = CARTESIAN_POINT ( 'NONE',  ( 0.000000000000000000, 1.544999999999998597, 3.390000000000000568 ) ) ;
#1340 = CARTESIAN_POINT ( 'NONE',  ( 1.017788105676674215, -0.5876202367904427293, -3.676666666666663641 ) ) ;
#1341 = VERTEX_POINT ( 'NONE', #3846 ) ;
#1342 = CARTESIAN_POINT ( 'NONE',  ( -1.168159110932235567, -0.1051267183062899596, 4.596799999999999997 ) ) ;
#1343 = CARTESIAN_POINT ( 'NONE',  ( -0.6785254037844501429, 1.175240473580838607, 1.031666666666669396 ) ) ;
#1344 = CARTESIAN_POINT ( 'NONE',  ( 0.8660254037844403729, -1.500000000000044631, -5.905833333333331048 ) ) ;
#1345 = CARTESIAN_POINT ( 'NONE',  ( -1.732050807568896511, -1.476760489719022448E-14, -3.572499999999995790 ) ) ;
#1346 = CARTESIAN_POINT ( 'NONE',  ( 0.2708187198770932724, 1.354467897180126279, 6.072246455017671352 ) ) ;
#1347 = LINE ( 'NONE', #6142, #5135 ) ;
#1348 = CARTESIAN_POINT ( 'NONE',  ( 1.357050807568899176, -1.500048393031341643E-14, -4.572499999999996234 ) ) ;
#1349 = CC_DESIGN_DATE_AND_TIME_ASSIGNMENT ( #4942, #5458, ( #3201 ) ) ;
#1350 = VERTEX_POINT ( 'NONE', #4751 ) ;
#1351 = CARTESIAN_POINT ( 'NONE',  ( 1.836970198721050395E-16, -1.500000000000032196, 2.052500000000003322 ) ) ;
#1352 = CARTESIAN_POINT ( 'NONE',  ( -1.017788105676674215, -0.5876202367904431734, 0.7191666666666691743 ) ) ;
#1353 = CARTESIAN_POINT ( 'NONE',  ( -3.707083373652255464E-16, 1.513531646934134001, 1.294687500000003766 ) ) ;
#1354 = CARTESIAN_POINT ( 'NONE',  ( 0.8738379037844496988, 1.513531646934134001, -2.746979166666663197 ) ) ;
#1355 = CARTESIAN_POINT ( 'NONE',  ( 1.178589314099672603, -0.1033598099115608793, 4.596799999999999997 ) ) ;
#1356 = CARTESIAN_POINT ( 'NONE',  ( -0.8660254037844499209, -1.500000000000028866, -0.5516666666666654173 ) ) ;
#1357 = CARTESIAN_POINT ( 'NONE',  ( 0.8738379037844482555, -1.513531646934164865, -4.460520833333330160 ) ) ;
#1358 = CARTESIAN_POINT ( 'NONE',  ( 1.732050807568896511, -1.528807978682784570E-14, 0.6775000000000040989 ) ) ;
#1359 = CARTESIAN_POINT ( 'NONE',  ( -0.6785254037844501429, 1.175240473580838829, -0.9683333333333302706 ) ) ;
#1360 = CARTESIAN_POINT ( 'NONE',  ( 1.357050807568899176, -1.511529456773347906E-14, -3.634999999999996678 ) ) ;
#1361 = VERTEX_POINT ( 'NONE', #1443 ) ;
#1362 = CARTESIAN_POINT ( 'NONE',  ( -1.017788105676675103, 0.5876202367904110879, 0.1358333333333361093 ) ) ;
#1363 = CARTESIAN_POINT ( 'NONE',  ( -1.345094300463014036, 0.2814659200495203684, 6.074194860050707412 ) ) ;
#1364 = DIRECTION ( 'NONE',  ( -0.000000000000000000, -1.224646799147353207E-16, 1.000000000000000000 ) ) ;
#1365 = DIRECTION ( 'NONE',  ( -0.000000000000000000, -1.224646799147353207E-16, 1.000000000000000000 ) ) ;
#1366 = CARTESIAN_POINT ( 'NONE',  ( 1.017788105676675103, 0.5876202367904118651, -6.030833333333330160 ) ) ;
#1367 = CIRCLE ( 'NONE', #1878, 1.382988518302598946 ) ;
#1368 = ORIENTED_EDGE ( 'NONE', *, *, #1203, .T. ) ;
#1369 = CARTESIAN_POINT ( 'NONE',  ( 0.9067387578785606195, -0.3037169132267250604, 6.170957365736448708 ) ) ;
#1370 = EDGE_CURVE ( 'NONE', #2709, #1914, #2833, .T. ) ;
#1371 = ORIENTED_EDGE ( 'NONE', *, *, #3651, .F. ) ;
#1372 = CARTESIAN_POINT ( 'NONE',  ( -0.5640605803204566948, -0.4507650346315128509, 6.209378226151473612 ) ) ;
#1373 = AXIS2_PLACEMENT_3D ( 'NONE', #2789, #6101, #320 ) ;
#1374 = CARTESIAN_POINT ( 'NONE',  ( -1.357050807568898954, -1.581946647724320616E-14, 2.115000000000003322 ) ) ;
#1375 = CARTESIAN_POINT ( 'NONE',  ( 0.000000000000000000, -3.718654534446915480E-16, 5.382891716295342910 ) ) ;
#1376 = CARTESIAN_POINT ( 'NONE',  ( 1.341248816242116781, -0.001497076387773379775, 3.270722466918040805 ) ) ;
#1377 = DIRECTION ( 'NONE',  ( 0.000000000000000000, 1.000000000000000000, 0.000000000000000000 ) ) ;
#1378 = FACE_OUTER_BOUND ( 'NONE', #3874, .T. ) ;
#1379 = AXIS2_PLACEMENT_3D ( 'NONE', #5596, #2223, #161 ) ;
#1380 = EDGE_CURVE ( 'NONE', #197, #5026, #4996, .T. ) ;
#1381 = ORIENTED_EDGE ( 'NONE', *, *, #6217, .T. ) ;
#1382 = CARTESIAN_POINT ( 'NONE',  ( -0.6785254037844502539, 1.175240473580838385, 3.094166666666669840 ) ) ;
#1383 = CARTESIAN_POINT ( 'NONE',  ( -2.878508968398426089E-16, 1.175240473580839273, -0.4474999999999969558 ) ) ;
#1384 = PRODUCT_DEFINITION_FORMATION_WITH_SPECIFIED_SOURCE ( 'ANY', '', #1248, .NOT_KNOWN. ) ;
#1385 = CARTESIAN_POINT ( 'NONE',  ( 1.310756855676673105, -0.7567658234670897599, 0.1280208333333367476 ) ) ;
#1386 = CARTESIAN_POINT ( 'NONE',  ( -1.853541686826127979E-16, -1.513531646934164643, -1.955312499999996012 ) ) ;
#1387 = CARTESIAN_POINT ( 'NONE',  ( -3.673940397442100790E-16, 1.500000000000001554, 0.3025000000000041545 ) ) ;
#1388 = CARTESIAN_POINT ( 'NONE',  ( -1.299038105676673105, 0.7499999999999922284, -0.6766666666666650842 ) ) ;
#1389 = CARTESIAN_POINT ( 'NONE',  ( 1.310756855676673771, 0.7567658234670587847, -3.835520833333330604 ) ) ;
#1390 = CARTESIAN_POINT ( 'NONE',  ( 0.2972229608625767683, -0.9609583210510946882, 6.161298346890663247 ) ) ;
#1391 = CARTESIAN_POINT ( 'NONE',  ( -1.017788105676674881, 0.5876202367904111989, -2.426666666666663641 ) ) ;
#1392 = CARTESIAN_POINT ( 'NONE',  ( -1.017788105676674659, -0.5876202367904420631, -3.343333333333330160 ) ) ;
#1393 = CARTESIAN_POINT ( 'NONE',  ( 0.2992226178155503735, 0.4125181635044957718, 4.596799999999999997 ) ) ;
#1394 = CARTESIAN_POINT ( 'NONE',  ( 1.357050807568899176, -1.546412276420527590E-14, 1.927500000000002878 ) ) ;
#1395 = EDGE_CURVE ( 'NONE', #3784, #2966, #209, .T. ) ;
#1396 = CARTESIAN_POINT ( 'NONE',  ( -0.8660254037844511421, 1.499999999999997780, 1.344166666666671173 ) ) ;
#1397 = LINE ( 'NONE', #949, #5014 ) ;
#1398 = CARTESIAN_POINT ( 'NONE',  ( 1.836970198721050395E-16, -1.500000000000031974, -0.9474999999999959011 ) ) ;
#1399 =( BOUNDED_CURVE ( )  B_SPLINE_CURVE ( 2, ( #4670, #1780, #348, #355, #418, #1344, #5282 ),
 .UNSPECIFIED., .F., .F. ) 
 B_SPLINE_CURVE_WITH_KNOTS ( ( 3, 2, 2, 3 ),
 ( 0.8181818181818180102, 0.8333333333333333703, 0.8484848484848486194, 0.8636363636363638685 ),
 .UNSPECIFIED. ) 
 CURVE ( )  GEOMETRIC_REPRESENTATION_ITEM ( )  RATIONAL_B_SPLINE_CURVE ( ( 1.000000000000000888, 0.8660254037844377084, 1.000000000000000000, 0.8660254037844387076, 1.000000000000000000, 0.8660254037844367092, 1.000000000000001998 ) ) 
 REPRESENTATION_ITEM ( '' )  );
#1400 = CARTESIAN_POINT ( 'NONE',  ( -1.017788105676674659, -0.5876202367904418411, -4.780833333333329271 ) ) ;
#1401 = VERTEX_POINT ( 'NONE', #1351 ) ;
#1402 = CARTESIAN_POINT ( 'NONE',  ( -1.299038105676672217, 0.7499999999999937828, -4.614166666666662309 ) ) ;
#1403 = EDGE_CURVE ( 'NONE', #3362, #6006, #5199, .T. ) ;
#1404 = VERTEX_POINT ( 'NONE', #3050 ) ;
#1405 = FACE_OUTER_BOUND ( 'NONE', #2144, .T. ) ;
#1406 = CARTESIAN_POINT ( 'NONE',  ( 1.439254484199212798E-16, -1.175240473580869693, 2.240000000000002434 ) ) ;
#1407 = CYLINDRICAL_SURFACE ( 'NONE', #5939, 1.500000000000000888 ) ;
#1408 = DIRECTION ( 'NONE',  ( 1.000000000000000000, 0.000000000000000000, 0.000000000000000000 ) ) ;
#1409 = EDGE_CURVE ( 'NONE', #5994, #1016, #6089, .T. ) ;
#1410 = ORIENTED_EDGE ( 'NONE', *, *, #4425, .T. ) ;
#1411 = CARTESIAN_POINT ( 'NONE',  ( -1.836970198721050395E-16, -1.500000000000031974, -1.009999999999998233 ) ) ;
#1412 = DIRECTION ( 'NONE',  ( 0.000000000000000000, 0.000000000000000000, 1.000000000000000000 ) ) ;
#1413 = ORIENTED_EDGE ( 'NONE', *, *, #4856, .F. ) ;
#1414 = CARTESIAN_POINT ( 'NONE',  ( -0.09491567479640534988, 1.191375156007332459, 4.596799999999999997 ) ) ;
#1415 = CARTESIAN_POINT ( 'NONE',  ( 1.017788105676674659, -0.5876202367904425072, 0.8858333333333359150 ) ) ;
#1416 = CARTESIAN_POINT ( 'NONE',  ( -1.310756855676673771, 0.7567658234670581185, 0.8780208333333370252 ) ) ;
#1417 = ADVANCED_FACE ( 'NONE', ( #3909 ), #3999, .T. ) ;
#1418 = CARTESIAN_POINT ( 'NONE',  ( 0.8738379037844496988, 1.513531646934134001, -1.746979166666663197 ) ) ;
#1419 = DIRECTION ( 'NONE',  ( -0.9238795325112859613, 0.3826834323650915581, 0.000000000000000000 ) ) ;
#1420 = CARTESIAN_POINT ( 'NONE',  ( 1.299038105676671995, -0.7500000000000237588, -5.364166666666662309 ) ) ;
#1421 = CARTESIAN_POINT ( 'NONE',  ( -0.8738379037844493658, -1.513531646934163755, -5.043854166666664085 ) ) ;
#1422 = APPLICATION_PROTOCOL_DEFINITION ( 'international standard', 'config_control_design', 1994, #182 ) ;
#1423 = CARTESIAN_POINT ( 'NONE',  ( -1.017788105676673993, -0.5876202367904428403, -2.343333333333330604 ) ) ;
#1424 = CARTESIAN_POINT ( 'NONE',  ( 0.000000000000000000, 1.175240473580839939, -5.009999999999997122 ) ) ;
#1425 = CARTESIAN_POINT ( 'NONE',  ( 1.299038105676671995, -0.7500000000000239808, -2.426666666666664529 ) ) ;
#1426 = CARTESIAN_POINT ( 'NONE',  ( 1.357050807568899176, -1.552535510416264347E-14, 2.427500000000002434 ) ) ;
#1427 = APPROVAL ( #3505, 'UNSPECIFIED' ) ;
#1428 = CARTESIAN_POINT ( 'NONE',  ( -2.878508968398425596E-16, 1.175240473580839273, -1.009999999999997122 ) ) ;
#1429 = CARTESIAN_POINT ( 'NONE',  ( 0.2992226178155493188, -0.4125181635044976591, 4.596799999999999997 ) ) ;
#1430 = CARTESIAN_POINT ( 'NONE',  ( -1.732050807568896511, -1.501253425701969477E-14, -1.572499999999995346 ) ) ;
#1431 = CARTESIAN_POINT ( 'NONE',  ( -1.439254484199213045E-16, -1.175240473580869027, -6.197499999999996234 ) ) ;
#1432 = ORIENTED_EDGE ( 'NONE', *, *, #1486, .T. ) ;
#1433 = CARTESIAN_POINT ( 'NONE',  ( 0.8738379037844493658, -1.513531646934164421, -0.9605208333333314918 ) ) ;
#1434 = ORIENTED_EDGE ( 'NONE', *, *, #2416, .T. ) ;
#1435 =( BOUNDED_CURVE ( )  B_SPLINE_CURVE ( 3, ( #5977, #5945, #5506, #2636 ),
 .UNSPECIFIED., .F., .F. ) 
 B_SPLINE_CURVE_WITH_KNOTS ( ( 4, 4 ),
 ( 2.946725557337479096, 3.336459749842105360 ),
 .UNSPECIFIED. ) 
 CURVE ( )  GEOMETRIC_REPRESENTATION_ITEM ( )  RATIONAL_B_SPLINE_CURVE ( ( 1.000000000000000000, 0.9873822754559016257, 0.9873822754559016257, 1.000000000000000000 ) ) 
 REPRESENTATION_ITEM ( '' )  );
#1436 = CARTESIAN_POINT ( 'NONE',  ( -1.347545104444240582, -0.2792892724142216343, 6.073654477749245828 ) ) ;
#1437 = CARTESIAN_POINT ( 'NONE',  ( -0.6785254037844491437, -1.175240473580869915, 2.198333333333335915 ) ) ;
#1438 = DIRECTION ( 'NONE',  ( -0.000000000000000000, -1.224646799147353207E-16, 1.000000000000000000 ) ) ;
#1439 = CARTESIAN_POINT ( 'NONE',  ( -0.8721806947053591941, -1.156155960151112883, -6.094537941307675233 ) ) ;
#1440 = VERTEX_POINT ( 'NONE', #168 ) ;
#1441 = CARTESIAN_POINT ( 'NONE',  ( -0.2870500636019552854, -1.328023899308126365, 6.078446747423950747 ) ) ;
#1442 = ORIENTED_EDGE ( 'NONE', *, *, #5218, .T. ) ;
#1443 = CARTESIAN_POINT ( 'NONE',  ( -3.673940397442101283E-16, 1.500000000000001332, 1.240000000000002212 ) ) ;
#1444 = EDGE_CURVE ( 'NONE', #5094, #3355, #2386, .T. ) ;
#1445 = CARTESIAN_POINT ( 'NONE',  ( -0.6785254037844492547, -1.175240473580870137, 0.2608333333333360260 ) ) ;
#1446 = CARTESIAN_POINT ( 'NONE',  ( -1.310756855676673771, 0.7567658234670580075, 2.378020833333336803 ) ) ;
#1447 = CARTESIAN_POINT ( 'NONE',  ( -1.310756855676673105, 0.7567658234670598949, -2.121979166666662753 ) ) ;
#1448 = CARTESIAN_POINT ( 'NONE',  ( -0.9227480026794834256, 0.1051267183062977728, 4.596799999999999997 ) ) ;
#1449 = CARTESIAN_POINT ( 'NONE',  ( -0.3207632393749985100, 0.3605145027937249336, 4.596799999999999997 ) ) ;
#1450 = EDGE_CURVE ( 'NONE', #2851, #5088, #5479, .T. ) ;
#1451 = CARTESIAN_POINT ( 'NONE',  ( 0.8738379037844482555, -1.513531646934165087, -1.460520833333331048 ) ) ;
#1452 = CARTESIAN_POINT ( 'NONE',  ( 1.357050807568898954, -1.496661000205166278E-14, -2.134999999999997122 ) ) ;
#1453 = CARTESIAN_POINT ( 'NONE',  ( -0.6785254037844500319, -1.175240473580869249, -2.801666666666663641 ) ) ;
#1454 = CARTESIAN_POINT ( 'NONE',  ( 1.299038105676672883, 0.7499999999999923395, -2.343333333333331492 ) ) ;
#1455 = CARTESIAN_POINT ( 'NONE',  ( -1.017788105676675103, 0.5876202367904109769, 1.135833333333336137 ) ) ;
#1456 = CARTESIAN_POINT ( 'NONE',  ( -1.439254484199213045E-16, -1.175240473580869471, -3.259999999999996678 ) ) ;
#1457 = CARTESIAN_POINT ( 'NONE',  ( 0.5640605803204559177, -0.4507650346315140166, 6.209378226151473612 ) ) ;
#1458 = CARTESIAN_POINT ( 'NONE',  ( 0.6785254037844496988, -1.175240473580869471, 1.781666666666669396 ) ) ;
#1459 = DIRECTION ( 'NONE',  ( -0.000000000000000000, -1.224646799147353207E-16, 1.000000000000000000 ) ) ;
#1460 = CARTESIAN_POINT ( 'NONE',  ( 0.6785254037844492547, -1.175240473580869249, -6.155833333333330160 ) ) ;
#1461 = EDGE_LOOP ( 'NONE', ( #3297, #4579, #445, #779 ) ) ;
#1462 = CARTESIAN_POINT ( 'NONE',  ( -0.8738379037844496988, 1.513531646934133779, 0.2894791666666688412 ) ) ;
#1463 = AXIS2_PLACEMENT_3D ( 'NONE', #2541, #2131, #4058 ) ;
#1464 = ORIENTED_EDGE ( 'NONE', *, *, #593, .F. ) ;
#1465 = CARTESIAN_POINT ( 'NONE',  ( 1.299038105676672439, -0.7500000000000233147, -0.8641666666666627528 ) ) ;
#1466 = CARTESIAN_POINT ( 'NONE',  ( 1.357050807568898954, -1.557893340162534168E-14, 2.865000000000002878 ) ) ;
#1467 = CARTESIAN_POINT ( 'NONE',  ( -0.2869320653179682212, -1.331662752906478397, 6.077485728521250685 ) ) ;
#1468 = CONICAL_SURFACE ( 'NONE', #349, 1.406099999999997463, 0.1221730476396033355 ) ;
#1469 = ORIENTED_EDGE ( 'NONE', *, *, #4122, .F. ) ;
#1470 = CYLINDRICAL_SURFACE ( 'NONE', #1573, 0.2109149999999999914 ) ;
#1471 = CARTESIAN_POINT ( 'NONE',  ( 0.6785254037844502539, 1.175240473580839051, -3.489166666666663641 ) ) ;
#1472 = VECTOR ( 'NONE', #5127, 1000.000000000000000 ) ;
#1473 = ORIENTED_EDGE ( 'NONE', *, *, #6267, .T. ) ;
#1474 = CARTESIAN_POINT ( 'NONE',  ( -0.1047302639361273047, 1.173160333703292313, 4.596799999999999997 ) ) ;
#1475 = EDGE_CURVE ( 'NONE', #3904, #5926, #4418, .T. ) ;
#1476 = CARTESIAN_POINT ( 'NONE',  ( -1.357050807568899176, -1.558219115990840523E-14, 0.1775000000000025446 ) ) ;
#1477 = DIRECTION ( 'NONE',  ( 3.596932276967207130E-15, 1.000000000000000000, -0.000000000000000000 ) ) ;
#1478 = AXIS2_PLACEMENT_3D ( 'NONE', #5582, #2294, #2356 ) ;
#1479 = CARTESIAN_POINT ( 'NONE',  ( 0.000000000000000000, 1.322597666198111785E-17, 3.565000000000001279 ) ) ;
#1480 = CARTESIAN_POINT ( 'NONE',  ( 1.836970198721050642E-16, -1.500000000000032641, -0.5099999999999985656 ) ) ;
#1481 = CIRCLE ( 'NONE', #4415, 5.174808031888050053 ) ;
#1482 = CARTESIAN_POINT ( 'NONE',  ( 1.747675807568897621, -1.540232116128363562E-14, -1.877187499999997788 ) ) ;
#1483 = CARTESIAN_POINT ( 'NONE',  ( -0.8811735338144218721, 0.3148034922636875343, 6.174697866662547163 ) ) ;
#1484 = CARTESIAN_POINT ( 'NONE',  ( 1.357050807568898954, -1.533400404179586823E-14, 0.8650000000000029887 ) ) ;
#1485 = CARTESIAN_POINT ( 'NONE',  ( -1.439254484199213045E-16, -1.175240473580869471, -2.259999999999997122 ) ) ;
#1486 = EDGE_CURVE ( 'NONE', #562, #5138, #4664, .T. ) ;
#1487 = CARTESIAN_POINT ( 'NONE',  ( -1.357050807568899176, -1.570465583982314354E-14, 1.177500000000002434 ) ) ;
#1488 = CARTESIAN_POINT ( 'NONE',  ( -0.6785254037844500319, -1.175240473580869249, -3.801666666666663197 ) ) ;
#1489 = CARTESIAN_POINT ( 'NONE',  ( 2.106392494533447536E-16, 1.719999999999999973, 3.565000000000001279 ) ) ;
#1490 = CARTESIAN_POINT ( 'NONE',  ( 1.017788105676674215, 0.5876202367904118651, 0.4066666666666697294 ) ) ;
#1491 = CARTESIAN_POINT ( 'NONE',  ( -0.8660254037844492547, -1.500000000000030864, -1.489166666666662531 ) ) ;
#1492 = CARTESIAN_POINT ( 'NONE',  ( -0.6785254037844494768, 1.175240473580839717, -2.905833333333330160 ) ) ;
#1493 = EDGE_CURVE ( 'NONE', #6112, #2820, #645, .T. ) ;
#1494 = ORIENTED_EDGE ( 'NONE', *, *, #4035, .T. ) ;
#1495 = CARTESIAN_POINT ( 'NONE',  ( 0.8738379037844486996, 1.513531646934134001, 1.206145833333335693 ) ) ;
#1496 = EDGE_LOOP ( 'NONE', ( #5821, #5316, #6215, #1371 ) ) ;
#1497 = CARTESIAN_POINT ( 'NONE',  ( -1.017788105676674437, 0.5876202367904126422, -4.926666666666663197 ) ) ;
#1498 = DIRECTION ( 'NONE',  ( -0.9238795325112865164, -0.3826834323650906700, 1.588127021678456761E-14 ) ) ;
#1499 = CARTESIAN_POINT ( 'NONE',  ( -1.299038105676672217, 0.7499999999999938938, -5.176666666666664085 ) ) ;
#1500 = CYLINDRICAL_SURFACE ( 'NONE', #3591, 0.2109150000000000746 ) ;
#1501 = VERTEX_POINT ( 'NONE', #608 ) ;
#1502 = FACE_OUTER_BOUND ( 'NONE', #5402, .T. ) ;
#1503 = CARTESIAN_POINT ( 'NONE',  ( 0.000000000000000000, 1.175240473580839717, -3.447499999999996678 ) ) ;
#1504 = ORIENTED_EDGE ( 'NONE', *, *, #911, .T. ) ;
#1505 = CYLINDRICAL_SURFACE ( 'NONE', #3047, 1.500000000000000888 ) ;
#1506 = CARTESIAN_POINT ( 'NONE',  ( 1.017788105676674437, 0.5876202367904116430, 3.469166666666669840 ) ) ;
#1507 = CARTESIAN_POINT ( 'NONE',  ( -1.310756855676672661, -0.7567658234670908701, 1.961354166666670285 ) ) ;
#1508 = CARTESIAN_POINT ( 'NONE',  ( 1.199498189242980350, 0.07570317101014510663, 4.596799999999999997 ) ) ;
#1509 =( BOUNDED_CURVE ( )  B_SPLINE_CURVE ( 2, ( #4014, #5928, #1675, #5397, #4947, #1647, #5522 ),
 .UNSPECIFIED., .F., .F. ) 
 B_SPLINE_CURVE_WITH_KNOTS ( ( 3, 2, 2, 3 ),
 ( 0.6363636363636363535, 0.6515151515151514916, 0.6666666666666667407, 0.6818181818181818787 ),
 .UNSPECIFIED. ) 
 CURVE ( )  GEOMETRIC_REPRESENTATION_ITEM ( )  RATIONAL_B_SPLINE_CURVE ( ( 1.000000000000000000, 0.8660254037844387076, 1.000000000000000000, 0.8660254037844387076, 1.000000000000000000, 0.8660254037844377084, 1.000000000000000888 ) ) 
 REPRESENTATION_ITEM ( '' )  );
#1510 = CARTESIAN_POINT ( 'NONE',  ( 1.299038105676672217, 0.7499999999999932276, 0.2191666666666708396 ) ) ;
#1511 = CARTESIAN_POINT ( 'NONE',  ( 0.2254534717822923029, 1.304097665138348017, 5.576782764863764008 ) ) ;
#1512 = CARTESIAN_POINT ( 'NONE',  ( 1.310756855676672883, -0.7567658234670904260, -1.918854166666664085 ) ) ;
#1513 = APPROVAL_ROLE ( '' ) ;
#1514 = CARTESIAN_POINT ( 'NONE',  ( -1.017788105676674881, 0.5876202367904107549, 1.573333333333336359 ) ) ;
#1515 = CARTESIAN_POINT ( 'NONE',  ( -0.6785254037844500319, -1.175240473580869249, -2.301666666666663641 ) ) ;
#1516 = DIRECTION ( 'NONE',  ( -0.000000000000000000, -1.224646799147353207E-16, 1.000000000000000000 ) ) ;
#1517 = EDGE_CURVE ( 'NONE', #2395, #1749, #1714, .T. ) ;
#1518 = B_SPLINE_CURVE_WITH_KNOTS ( 'NONE', 3,
 ( #5419, #2586, #1186, #2049, #4006, #3970, #585 ),
 .UNSPECIFIED., .F., .F.,
 ( 4, 3, 4 ),
 ( 5.364798987078809522E-17, 0.0007503818964845367220, 0.001494988009535539288 ),
 .UNSPECIFIED. ) ;
#1519 = CARTESIAN_POINT ( 'NONE',  ( -1.439254484199213045E-16, -1.175240473580869471, -2.259999999999997122 ) ) ;
#1520 = EDGE_CURVE ( 'NONE', #3683, #3391, #3442, .T. ) ;
#1521 = CARTESIAN_POINT ( 'NONE',  ( 0.6785254037844496988, -1.175240473580869471, 1.281666666666669396 ) ) ;
#1522 = CARTESIAN_POINT ( 'NONE',  ( -1.354581615031804853, -0.2878278584784589866, 6.084781378348084857 ) ) ;
#1523 = CARTESIAN_POINT ( 'NONE',  ( -1.017788105676674437, 0.5876202367904124202, -2.864166666666663197 ) ) ;
#1524 = VERTEX_POINT ( 'NONE', #3525 ) ;
#1525 = CARTESIAN_POINT ( 'NONE',  ( 1.310756855676673105, 0.7567658234670596729, 0.1644791666666688967 ) ) ;
#1526 = CARTESIAN_POINT ( 'NONE',  ( -0.6785254037844500319, -1.175240473580869027, -4.801666666666663197 ) ) ;
#1527 = ADVANCED_FACE ( 'NONE', ( #5859 ), #1505, .T. ) ;
#1528 = CARTESIAN_POINT ( 'NONE',  ( 0.6785254037844499209, -1.175240473580869471, 3.281666666666669396 ) ) ;
#1529 = DIRECTION ( 'NONE',  ( 0.9169930745742602696, 0.3798309680908642516, -0.1218693434051477120 ) ) ;
#1530 = CARTESIAN_POINT ( 'NONE',  ( -1.040280463172431169, -0.9899387173865320522, -6.115017833611003262 ) ) ;
#1531 = ORIENTED_EDGE ( 'NONE', *, *, #2829, .T. ) ;
#1532 = CARTESIAN_POINT ( 'NONE',  ( -1.439254484199213045E-16, -1.175240473580869027, -6.259999999999996234 ) ) ;
#1533 = CIRCLE ( 'NONE', #1842, 5.174808031888050053 ) ;
#1534 = CARTESIAN_POINT ( 'NONE',  ( -1.017788105676674659, -0.5876202367904420631, -3.280833333333330160 ) ) ;
#1535 = ORIENTED_EDGE ( 'NONE', *, *, #2146, .F. ) ;
#1536 = DIRECTION ( 'NONE',  ( 0.000000000000000000, -1.000000000000000000, -1.577100686623554731E-16 ) ) ;
#1537 = CARTESIAN_POINT ( 'NONE',  ( 1.017788105676674437, 0.5876202367904116430, 2.969166666666669396 ) ) ;
#1538 = CIRCLE ( 'NONE', #5895, 1.544999999999999929 ) ;
#1539 = CARTESIAN_POINT ( 'NONE',  ( 1.853541686826127732E-16, -1.513531646934164865, 2.544687500000003766 ) ) ;
#1540 = DIRECTION ( 'NONE',  ( -0.000000000000000000, -1.224646799147353207E-16, 1.000000000000000000 ) ) ;
#1541 = DIRECTION ( 'NONE',  ( -0.000000000000000000, -1.224646799147353207E-16, 1.000000000000000000 ) ) ;
#1542 = CARTESIAN_POINT ( 'NONE',  ( 0.2626973415845090809, 1.359756979733229620, 6.087342582100264465 ) ) ;
#1543 = CARTESIAN_POINT ( 'NONE',  ( 1.310756855676672883, -0.7567658234670903150, -3.418854166666664085 ) ) ;
#1544 = FACE_OUTER_BOUND ( 'NONE', #3531, .T. ) ;
#1545 = CARTESIAN_POINT ( 'NONE',  ( 1.017788105676674437, -0.5876202367904423962, 0.3233333333333360815 ) ) ;
#1546 = B_SPLINE_CURVE_WITH_KNOTS ( 'NONE', 3,
 ( #644, #2204, #1698, #3627, #5098, #1757, #4163 ),
 .UNSPECIFIED., .F., .F.,
 ( 4, 3, 4 ),
 ( 0.000000000000000000, 0.0007511732205897594028, 0.001501319096047298244 ),
 .UNSPECIFIED. ) ;
#1547 = CARTESIAN_POINT ( 'NONE',  ( 1.747675807568897621, -1.485697063353833500E-14, -6.330312499999996234 ) ) ;
#1548 = ORIENTED_EDGE ( 'NONE', *, *, #2188, .T. ) ;
#1549 = CARTESIAN_POINT ( 'NONE',  ( -0.1210619955558798616, 0.8426359540446000107, 4.596799999999999997 ) ) ;
#1550 = DIRECTION ( 'NONE',  ( -0.000000000000000000, -1.224646799147353207E-16, 1.000000000000000000 ) ) ;
#1551 = CARTESIAN_POINT ( 'NONE',  ( -3.673940397442100790E-16, 1.500000000000001110, 2.802500000000004210 ) ) ;
#1552 = CARTESIAN_POINT ( 'NONE',  ( -0.6785254037844501429, 1.175240473580838829, -0.4683333333333303816 ) ) ;
#1553 = CARTESIAN_POINT ( 'NONE',  ( 0.000000000000000000, 1.500000000000001998, -4.697499999999995346 ) ) ;
#1554 = CARTESIAN_POINT ( 'NONE',  ( -0.6785254037844500319, -1.175240473580869249, -3.739166666666663197 ) ) ;
#1555 = VERTEX_POINT ( 'NONE', #3433 ) ;
#1556 = CARTESIAN_POINT ( 'NONE',  ( 0.8738379037844493658, -1.513531646934164865, 1.539479166666668730 ) ) ;
#1557 = CARTESIAN_POINT ( 'NONE',  ( 0.6785254037844492547, -1.175240473580869249, -5.718333333333331048 ) ) ;
#1558 = CARTESIAN_POINT ( 'NONE',  ( 0.7244368647558272478, 1.194593102096061843, -6.179075797703224460 ) ) ;
#1559 = CARTESIAN_POINT ( 'NONE',  ( -0.8660254037844482555, 1.500000000000002220, -5.218333333333331048 ) ) ;
#1560 = DIRECTION ( 'NONE',  ( 0.000000000000000000, -0.9956133613080442313, -0.09356299901615765247 ) ) ;
#1561 = ORIENTED_EDGE ( 'NONE', *, *, #2230, .T. ) ;
#1562 = CARTESIAN_POINT ( 'NONE',  ( -1.180013898932686933, -0.1030321941882483411, 4.596799999999999997 ) ) ;
#1563 = ADVANCED_FACE ( 'NONE', ( #4933 ), #581, .T. ) ;
#1564 = CARTESIAN_POINT ( 'NONE',  ( 1.017788105676674215, -0.5876202367904428403, -2.614166666666663641 ) ) ;
#1565 = ORIENTED_EDGE ( 'NONE', *, *, #1247, .F. ) ;
#1566 = CARTESIAN_POINT ( 'NONE',  ( 0.8660254037844482555, 1.500000000000001554, 0.6983333333333352488 ) ) ;
#1567 = AXIS2_PLACEMENT_3D ( 'NONE', #4344, #416, #446 ) ;
#1568 = CARTESIAN_POINT ( 'NONE',  ( 1.017788105676674659, -0.5876202367904427293, 2.885833333333336803 ) ) ;
#1569 = FACE_OUTER_BOUND ( 'NONE', #1701, .T. ) ;
#1570 = ADVANCED_FACE ( 'NONE', ( #5095 ), #1027, .F. ) ;
#1571 = CARTESIAN_POINT ( 'NONE',  ( -0.8660254037844562491, -1.500000000000018874, -1.051666666666665639 ) ) ;
#1572 = CARTESIAN_POINT ( 'NONE',  ( 0.6785254037844500319, -1.175240473580869471, -0.6558333333333307147 ) ) ;
#1573 = AXIS2_PLACEMENT_3D ( 'NONE', #5822, #2513, #996 ) ;
#1574 = CARTESIAN_POINT ( 'NONE',  ( 1.747675807568897621, -1.546355350124100319E-14, -1.377187499999997566 ) ) ;
#1575 = CARTESIAN_POINT ( 'NONE',  ( 1.439254484199212798E-16, -1.175240473580869693, 2.240000000000002434 ) ) ;
#1576 = CARTESIAN_POINT ( 'NONE',  ( -0.8738379037844493658, -1.513531646934163533, -5.996979166666661420 ) ) ;
#1577 = EDGE_LOOP ( 'NONE', ( #2628, #3337, #1548, #5520 ) ) ;
#1578 = DIRECTION ( 'NONE',  ( -0.9925461516413219831, 2.984938026306075714E-17, -0.1218693434051477398 ) ) ;
#1579 = AXIS2_PLACEMENT_3D ( 'NONE', #1316, #1412, #870 ) ;
#1580 = DIRECTION ( 'NONE',  ( 0.000000000000000000, -0.1218693434051476149, -0.9925461516413219831 ) ) ;
#1581 = CARTESIAN_POINT ( 'NONE',  ( 0.8660254037844524744, -1.500000000000025979, 2.594166666666671173 ) ) ;
#1582 = CARTESIAN_POINT ( 'NONE',  ( 0.6785254037844493658, 1.175240473580838829, 1.448333333333335915 ) ) ;
#1583 = CARTESIAN_POINT ( 'NONE',  ( 1.341702213208714634, 0.2835645660972206938, 6.074989367807475560 ) ) ;
#1584 = CARTESIAN_POINT ( 'NONE',  ( 0.000000000000000000, 1.175240473580839717, -2.447499999999996678 ) ) ;
#1585 = APPROVAL_PERSON_ORGANIZATION ( #2405, #2549, #1960 ) ;
#1586 = ORIENTED_EDGE ( 'NONE', *, *, #4575, .T. ) ;
#1587 = CARTESIAN_POINT ( 'NONE',  ( -0.6785254037844492547, -1.175240473580869915, -2.239166666666664085 ) ) ;
#1588 = CARTESIAN_POINT ( 'NONE',  ( -0.5640605803204530311, 0.4507650346315164036, 6.209378226151474500 ) ) ;
#1589 = CARTESIAN_POINT ( 'NONE',  ( 1.360491301210539072, -0.01437100803181894960, -6.240326589537442459 ) ) ;
#1590 = CARTESIAN_POINT ( 'NONE',  ( 0.000000000000000000, 1.500000000000001998, -5.259999999999997122 ) ) ;
#1591 = CARTESIAN_POINT ( 'NONE',  ( 0.000000000000000000, 1.175240473580839939, -5.509999999999996234 ) ) ;
#1592 = ORIENTED_EDGE ( 'NONE', *, *, #4972, .F. ) ;
#1593 = CARTESIAN_POINT ( 'NONE',  ( -1.836970198721050395E-16, -1.500000000000031974, -1.447499999999996012 ) ) ;
#1594 = EDGE_CURVE ( 'NONE', #75, #3713, #4060, .T. ) ;
#1595 = CARTESIAN_POINT ( 'NONE',  ( 1.017788105676675103, 0.5876202367904113100, -2.030833333333329715 ) ) ;
#1596 = ORIENTED_EDGE ( 'NONE', *, *, #44, .T. ) ;
#1597 = CARTESIAN_POINT ( 'NONE',  ( -0.1051267183062771088, 1.169831414907573475, 4.596799999999999997 ) ) ;
#1598 = CARTESIAN_POINT ( 'NONE',  ( 0.6785254037844500319, -1.175240473580870137, 3.344166666666669840 ) ) ;
#1599 = ADVANCED_FACE ( 'NONE', ( #230 ), #2733, .T. ) ;
#1600 =( BOUNDED_CURVE ( )  B_SPLINE_CURVE ( 2, ( #5879, #1023, #2920, #2888, #2390, #4927, #542 ),
 .UNSPECIFIED., .F., .F. ) 
 B_SPLINE_CURVE_WITH_KNOTS ( ( 3, 2, 2, 3 ),
 ( 0.1666666666666666574, 0.1805555555555555802, 0.1944444444444443643, 0.2083333333333332871 ),
 .UNSPECIFIED. ) 
 CURVE ( )  GEOMETRIC_REPRESENTATION_ITEM ( )  RATIONAL_B_SPLINE_CURVE ( ( 0.9999999999999997780, 0.8660254037844389297, 1.000000000000000000, 0.8660254037844387076, 1.000000000000000000, 0.8660254037844394848, 0.9999999999999992228 ) ) 
 REPRESENTATION_ITEM ( '' )  );
#1601 = CYLINDRICAL_SURFACE ( 'NONE', #1066, 1.500000000000000888 ) ;
#1602 = CARTESIAN_POINT ( 'NONE',  ( 1.227874302212326185, 0.1067388246147403935, 4.843366928109135827 ) ) ;
#1603 = CARTESIAN_POINT ( 'NONE',  ( 1.017788105676674437, 0.5876202367904118651, 1.969166666666669396 ) ) ;
#1604 = CARTESIAN_POINT ( 'NONE',  ( -1.439254484199213045E-16, -1.175240473580869027, -6.197499999999996234 ) ) ;
#1605 = CARTESIAN_POINT ( 'NONE',  ( -0.8660254037844488106, -1.500000000000031308, -4.051666666666664973 ) ) ;
#1606 = ADVANCED_FACE ( 'NONE', ( #5157 ), #4095, .T. ) ;
#1607 = B_SPLINE_CURVE_WITH_KNOTS ( 'NONE', 3,
 ( #3271, #1283, #1888, #3778, #2261, #4745, #420, #2325, #836, #2764, #5254, #5636, #1376, #5159, #2357, #805, #899, #2826, #4191, #4709, #4225, #6169 ),
 .UNSPECIFIED., .F., .F.,
 ( 4, 2, 2, 2, 2, 2, 2, 2, 2, 2, 4 ),
 ( 0.0009460109123644303746, 0.001470566671582361961, 0.001732844551191327701, 0.001995122430800293657, 0.002519678190018225569, 0.002781956069627191525, 0.003044233949236157481, 0.003568789708454089826, 0.004093345467672022606, 0.004617901226889954518, 0.005142456986107886430 ),
 .UNSPECIFIED. ) ;
#1608 = CARTESIAN_POINT ( 'NONE',  ( -1.357050807568899176, -1.451502149486607850E-14, -5.822499999999996234 ) ) ;
#1609 = CARTESIAN_POINT ( 'NONE',  ( -1.017788105676673993, -0.5876202367904432844, 2.656666666666668952 ) ) ;
#1610 = CARTESIAN_POINT ( 'NONE',  ( -1.017788105676674659, -0.5876202367904421742, -1.843333333333330604 ) ) ;
#1611 = VERTEX_POINT ( 'NONE', #2610 ) ;
#1612 = DIRECTION ( 'NONE',  ( -0.000000000000000000, 2.449293598294706414E-16, -1.000000000000000000 ) ) ;
#1613 = AXIS2_PLACEMENT_3D ( 'NONE', #1297, #3730, #2747 ) ;
#1614 = CARTESIAN_POINT ( 'NONE',  ( -1.439254484199213045E-16, -1.175240473580869693, -1.759999999999996900 ) ) ;
#1615 = LINE ( 'NONE', #2742, #4395 ) ;
#1616 = CARTESIAN_POINT ( 'NONE',  ( 1.357050807568898954, -1.551770106166797095E-14, 2.365000000000002434 ) ) ;
#1617 = CARTESIAN_POINT ( 'NONE',  ( 0.07570317101014154004, -1.199498189242981461, 4.596799999999999997 ) ) ;
#1618 = CARTESIAN_POINT ( 'NONE',  ( -1.439254484199213045E-16, -1.175240473580869471, -3.197499999999996678 ) ) ;
#1619 = ORIENTED_EDGE ( 'NONE', *, *, #1493, .T. ) ;
#1620 = CARTESIAN_POINT ( 'NONE',  ( 0.8738379037844486996, 1.513531646934134001, 2.206145833333335027 ) ) ;
#1621 = APPROVAL ( #5297, 'UNSPECIFIED' ) ;
#1622 = AXIS2_PLACEMENT_3D ( 'NONE', #6088, #1229, #5075 ) ;
#1623 = CARTESIAN_POINT ( 'NONE',  ( 0.6785254037844492547, -1.175240473580869471, -3.218333333333330160 ) ) ;
#1624 = CARTESIAN_POINT ( 'NONE',  ( 0.000000000000000000, 1.500000000000001998, -5.697499999999995346 ) ) ;
#1625 = CARTESIAN_POINT ( 'NONE',  ( 0.09750366069945771985, -1.189015705862474404, 4.596799999999999997 ) ) ;
#1626 = CARTESIAN_POINT ( 'NONE',  ( -1.357050807568899176, -1.444613511241403840E-14, -6.384999999999996234 ) ) ;
#1627 = VECTOR ( 'NONE', #2338, 1000.000000000000000 ) ;
#1628 = ORIENTED_EDGE ( 'NONE', *, *, #4888, .F. ) ;
#1629 = CARTESIAN_POINT ( 'NONE',  ( -1.439254484199213045E-16, -1.175240473580869249, -5.259999999999996234 ) ) ;
#1630 = EDGE_LOOP ( 'NONE', ( #1276, #1288, #2207, #2455 ) ) ;
#1631 = CARTESIAN_POINT ( 'NONE',  ( 0.2642951997603899539, -1.357504447233301548, 6.071772086592592821 ) ) ;
#1632 = CARTESIAN_POINT ( 'NONE',  ( -1.357050807568899176, -1.588835285969524626E-14, 2.677500000000002434 ) ) ;
#1633 = CARTESIAN_POINT ( 'NONE',  ( -0.9628031646469215055, -0.3064976159286849633, 6.236834350748982736 ) ) ;
#1634 = FACE_OUTER_BOUND ( 'NONE', #3700, .T. ) ;
#1635 = CARTESIAN_POINT ( 'NONE',  ( -3.673940397442100790E-16, 1.500000000000001110, 3.302500000000003766 ) ) ;
#1636 = DIRECTION ( 'NONE',  ( 0.000000000000000000, -1.000000000000000000, 0.000000000000000000 ) ) ;
#1637 = ADVANCED_FACE ( 'NONE', ( #1150 ), #324, .T. ) ;
#1638 = ORIENTED_EDGE ( 'NONE', *, *, #5832, .T. ) ;
#1639 = CYLINDRICAL_SURFACE ( 'NONE', #4120, 1.500000000000000888 ) ;
#1640 =( BOUNDED_CURVE ( )  B_SPLINE_CURVE ( 2, ( #4052, #5999, #3574, #4759, #790, #3705, #913 ),
 .UNSPECIFIED., .F., .F. ) 
 B_SPLINE_CURVE_WITH_KNOTS ( ( 3, 2, 2, 3 ),
 ( 0.7727272727272723740, 0.7878787878787875121, 0.8030303030303027612, 0.8181818181818180102 ),
 .UNSPECIFIED. ) 
 CURVE ( )  GEOMETRIC_REPRESENTATION_ITEM ( )  RATIONAL_B_SPLINE_CURVE ( ( 1.000000000000002887, 0.8660254037844357100, 1.000000000000000000, 0.8660254037844387076, 1.000000000000000000, 0.8660254037844407060, 0.9999999999999980016 ) ) 
 REPRESENTATION_ITEM ( '' )  );
#1641 = CARTESIAN_POINT ( 'NONE',  ( 0.6785254037844492547, -1.175240473580869471, -4.655833333333330160 ) ) ;
#1642 = CARTESIAN_POINT ( 'NONE',  ( -0.8738379037844481445, -1.513531646934165087, -0.9969791666666629748 ) ) ;
#1643 = CARTESIAN_POINT ( 'NONE',  ( -1.310756855676673105, 0.7567658234670602280, -4.621979166666663197 ) ) ;
#1644 = ORIENTED_EDGE ( 'NONE', *, *, #1991, .T. ) ;
#1645 = CARTESIAN_POINT ( 'NONE',  ( -1.299038105676672217, 0.7499999999999936717, -3.114166666666662309 ) ) ;
#1646 = ADVANCED_FACE ( 'NONE', ( #3654 ), #2259, .T. ) ;
#1647 = CARTESIAN_POINT ( 'NONE',  ( -0.8660254037844451469, -1.500000000000037970, -2.551666666666664529 ) ) ;
#1648 = CARTESIAN_POINT ( 'NONE',  ( -1.017788105676673993, -0.5876202367904432844, 2.656666666666668952 ) ) ;
#1649 = CARTESIAN_POINT ( 'NONE',  ( -1.836970198721050395E-16, -1.500000000000031752, -2.447499999999996234 ) ) ;
#1650 = CARTESIAN_POINT ( 'NONE',  ( -1.439254484199213045E-16, -1.175240473580869693, -1.197499999999997122 ) ) ;
#1651 = ORIENTED_EDGE ( 'NONE', *, *, #2728, .F. ) ;
#1652 = CARTESIAN_POINT ( 'NONE',  ( -3.707083373652255957E-16, 1.513531646934133779, 3.747812500000001990 ) ) ;
#1653 = CARTESIAN_POINT ( 'NONE',  ( -1.357050807568899176, -1.481352915215824385E-14, -3.384999999999997122 ) ) ;
#1654 = CARTESIAN_POINT ( 'NONE',  ( 0.1662030574348062895, 0.4012496753669836380, 4.596799999999999997 ) ) ;
#1655 = CARTESIAN_POINT ( 'NONE',  ( -0.8660254037844463681, 1.500000000000005107, -3.718333333333331936 ) ) ;
#1656 = DIRECTION ( 'NONE',  ( 0.000000000000000000, -1.000000000000000000, -1.224646799147353207E-16 ) ) ;
#1657 = EDGE_LOOP ( 'NONE', ( #5284, #4651, #3611, #813 ) ) ;
#1658 = DIRECTION ( 'NONE',  ( -0.000000000000000000, -0.000000000000000000, -1.000000000000000000 ) ) ;
#1659 = CARTESIAN_POINT ( 'NONE',  ( 0.000000000000000000, 1.175240473580839495, -0.9474999999999969003 ) ) ;
#1660 = EDGE_LOOP ( 'NONE', ( #415, #3364, #6057, #1693 ) ) ;
#1661 = CARTESIAN_POINT ( 'NONE',  ( -1.196661111718036796, 0.08740251360470391306, 4.596799999999999997 ) ) ;
#1662 = CARTESIAN_POINT ( 'NONE',  ( 1.017788105676674215, 0.5876202367904120871, -1.093333333333330382 ) ) ;
#1663 = CARTESIAN_POINT ( 'NONE',  ( -0.3064976159286831869, -0.9628031646469227267, 6.236834350748982736 ) ) ;
#1664 = CARTESIAN_POINT ( 'NONE',  ( 1.299038105676672661, -0.7500000000000234257, 0.07333333333333499904 ) ) ;
#1665 = CARTESIAN_POINT ( 'NONE',  ( -1.836970198721050395E-16, -1.500000000000031974, -1.009999999999998233 ) ) ;
#1666 = AXIS2_PLACEMENT_3D ( 'NONE', #855, #5274, #5303 ) ;
#1667 = EDGE_CURVE ( 'NONE', #5177, #350, #343, .T. ) ;
#1668 = CARTESIAN_POINT ( 'NONE',  ( -0.6785254037844502539, 1.175240473580838607, 2.094166666666669396 ) ) ;
#1669 = CARTESIAN_POINT ( 'NONE',  ( 0.6785254037844492547, -1.175240473580869249, -6.155833333333330160 ) ) ;
#1670 = CARTESIAN_POINT ( 'NONE',  ( -1.310756855676673771, 0.7567658234670583406, -1.121979166666662975 ) ) ;
#1671 = AXIS2_PLACEMENT_3D ( 'NONE', #3117, #5575, #3527 ) ;
#1672 = CARTESIAN_POINT ( 'NONE',  ( -1.747675807568897621, -1.476569138656655635E-14, -3.580312499999996234 ) ) ;
#1673 = ORIENTED_EDGE ( 'NONE', *, *, #4005, .F. ) ;
#1674 = CARTESIAN_POINT ( 'NONE',  ( -1.499896111815513189, 0.01765371804339289571, 3.364019237886478830 ) ) ;
#1675 = CARTESIAN_POINT ( 'NONE',  ( -1.299038105676672217, 0.7499999999999936717, -2.676666666666664529 ) ) ;
#1676 = VECTOR ( 'NONE', #806, 1000.000000000000000 ) ;
#1677 = B_SPLINE_CURVE_WITH_KNOTS ( 'NONE', 3,
 ( #2241, #4172, #368, #750 ),
 .UNSPECIFIED., .F., .F.,
 ( 4, 4 ),
 ( 3.531521926294190205E-16, 0.0002000744662900479781 ),
 .UNSPECIFIED. ) ;
#1678 = DIRECTION ( 'NONE',  ( 0.000000000000000000, -1.000000000000000000, 0.000000000000000000 ) ) ;
#1679 = CARTESIAN_POINT ( 'NONE',  ( 0.000000000000000000, -1.500000000000001110, 6.259999999999999787 ) ) ;
#1680 = EDGE_CURVE ( 'NONE', #4032, #2893, #117, .T. ) ;
#1681 = AXIS2_PLACEMENT_3D ( 'NONE', #1887, #5759, #2176 ) ;
#1682 = ORIENTED_EDGE ( 'NONE', *, *, #5765, .T. ) ;
#1683 = CARTESIAN_POINT ( 'NONE',  ( -0.8738379037844496988, 1.513531646934133335, 3.289479166666668952 ) ) ;
#1684 = CARTESIAN_POINT ( 'NONE',  ( -1.357050807568899176, -1.499722617203034657E-14, -1.884999999999996678 ) ) ;
#1685 = CYLINDRICAL_SURFACE ( 'NONE', #753, 1.500000000000000888 ) ;
#1686 = CARTESIAN_POINT ( 'NONE',  ( 1.299038105676672883, 0.7499999999999926725, -5.343333333333331048 ) ) ;
#1687 = CARTESIAN_POINT ( 'NONE',  ( 0.000000000000000000, 1.382988518302604053, 6.071772086592591045 ) ) ;
#1688 = EDGE_CURVE ( 'NONE', #1440, #3389, #3329, .T. ) ;
#1689 = CARTESIAN_POINT ( 'NONE',  ( 0.9227480026794843138, 0.1051267183062889327, 4.596799999999999997 ) ) ;
#1690 = EDGE_LOOP ( 'NONE', ( #1795, #1301, #5662, #5672 ) ) ;
#1691 = DIRECTION ( 'NONE',  ( 0.000000000000000000, -1.000000000000000000, 0.000000000000000000 ) ) ;
#1692 = CARTESIAN_POINT ( 'NONE',  ( 0.000000000000000000, 1.175240473580839939, -6.009999999999996234 ) ) ;
#1693 = ORIENTED_EDGE ( 'NONE', *, *, #4753, .T. ) ;
#1694 = CARTESIAN_POINT ( 'NONE',  ( -1.168159110932234013, 0.1051267183063003541, 4.596799999999999997 ) ) ;
#1695 = VECTOR ( 'NONE', #4325, 1000.000000000000000 ) ;
#1696 = CARTESIAN_POINT ( 'NONE',  ( 1.439254484199212798E-16, -1.175240473580869471, -0.7599999999999970113 ) ) ;
#1697 = DIRECTION ( 'NONE',  ( 1.000000000000000000, 5.329070518200751394E-15, 0.000000000000000000 ) ) ;
#1698 = CARTESIAN_POINT ( 'NONE',  ( -0.2263352662769037849, -1.277175285964142759, 5.583964404704463647 ) ) ;
#1699 = CARTESIAN_POINT ( 'NONE',  ( 0.000000000000000000, -1.500000000000001110, 6.259999999999999787 ) ) ;
#1700 = CARTESIAN_POINT ( 'NONE',  ( -1.017788105676674437, 0.5876202367904125312, -3.864166666666663197 ) ) ;
#1701 = EDGE_LOOP ( 'NONE', ( #4928, #3087, #1442, #236 ) ) ;
#1702 = CARTESIAN_POINT ( 'NONE',  ( 1.357050807568899176, -1.521919340437580560E-14, -0.07249999999999726108 ) ) ;
#1703 = CARTESIAN_POINT ( 'NONE',  ( 0.9609583210510932449, 0.2972229608625794883, 6.161298346890663247 ) ) ;
#1704 = CARTESIAN_POINT ( 'NONE',  ( 1.310756855676672883, 0.7567658234670595618, -0.7886458333333298265 ) ) ;
#1705 = CARTESIAN_POINT ( 'NONE',  ( 1.310756855676673771, 0.7567658234670586737, -3.288645833333329715 ) ) ;
#1706 = EDGE_LOOP ( 'NONE', ( #6224, #5641, #2266, #4768 ) ) ;
#1707 = CARTESIAN_POINT ( 'NONE',  ( -1.732050807568896511, -1.555922903242439081E-14, -0.5724999999999960121 ) ) ;
#1708 = CARTESIAN_POINT ( 'NONE',  ( -0.2816497863669177870, 1.344836440886495899, 6.074254017091211821 ) ) ;
#1709 = LINE ( 'NONE', #5588, #3792 ) ;
#1710 = DIRECTION ( 'NONE',  ( 0.000000000000000000, -2.999224776947198600E-16, 1.000000000000000000 ) ) ;
#1711 = CYLINDRICAL_SURFACE ( 'NONE', #2776, 1.500000000000000888 ) ;
#1712 = ORIENTED_EDGE ( 'NONE', *, *, #1054, .F. ) ;
#1713 = CARTESIAN_POINT ( 'NONE',  ( 1.747675807568897621, -1.564781978407737862E-14, 3.622812500000001990 ) ) ;
#1714 =( BOUNDED_CURVE ( )  B_SPLINE_CURVE ( 2, ( #3466, #3557, #2956, #1059, #1984, #1566, #547 ),
 .UNSPECIFIED., .F., .F. ) 
 B_SPLINE_CURVE_WITH_KNOTS ( ( 3, 2, 2, 3 ),
 ( 0.4583333333333333148, 0.4722222222222222099, 0.4861111111111111049, 0.5000000000000000000 ),
 .UNSPECIFIED. ) 
 CURVE ( )  GEOMETRIC_REPRESENTATION_ITEM ( )  RATIONAL_B_SPLINE_CURVE ( ( 1.000000000000000000, 0.8660254037844387076, 1.000000000000000000, 0.8660254037844387076, 1.000000000000000000, 0.8660254037844387076, 1.000000000000000000 ) ) 
 REPRESENTATION_ITEM ( '' )  );
#1715 = CARTESIAN_POINT ( 'NONE',  ( -1.439254484199213045E-16, -1.175240473580869471, -3.259999999999996678 ) ) ;
#1716 = CARTESIAN_POINT ( 'NONE',  ( 1.328925652794130663, -0.2881423344223016936, 6.087342579377973628 ) ) ;
#1717 = CARTESIAN_POINT ( 'NONE',  ( 0.1051267183062853244, -1.168159110932236899, 4.596799999999999997 ) ) ;
#1718 = CARTESIAN_POINT ( 'NONE',  ( 0.000000000000000000, -1.500000000000001110, 6.259999999999999787 ) ) ;
#1719 = ORIENTED_EDGE ( 'NONE', *, *, #4042, .F. ) ;
#1721 = EDGE_CURVE ( 'NONE', #501, #2666, #4049, .T. ) ;
#1720 = CARTESIAN_POINT ( 'NONE',  ( -0.6785254037844494768, 1.175240473580839273, -1.405833333333329938 ) ) ;
#1722 = ORIENTED_EDGE ( 'NONE', *, *, #3981, .T. ) ;
#1723 = CARTESIAN_POINT ( 'NONE',  ( 0.000000000000000000, 1.500000000000001554, -2.197499999999995790 ) ) ;
#1724 = CARTESIAN_POINT ( 'NONE',  ( 1.017788105676674437, -0.5876202367904420631, -2.176666666666663641 ) ) ;
#1725 = LINE ( 'NONE', #5951, #2580 ) ;
#1726 = DIRECTION ( 'NONE',  ( -0.000000000000000000, -1.224646799147353207E-16, 1.000000000000000000 ) ) ;
#1727 = CARTESIAN_POINT ( 'NONE',  ( 0.000000000000000000, 1.322597666198111785E-17, 3.565000000000001279 ) ) ;
#1728 = CARTESIAN_POINT ( 'NONE',  ( 1.357050807568899176, -1.518418095018551916E-14, -3.072499999999996678 ) ) ;
#1729 = ORIENTED_EDGE ( 'NONE', *, *, #3292, .F. ) ;
#1730 = CARTESIAN_POINT ( 'NONE',  ( -1.017788105676674215, -0.5876202367904432844, 1.219166666666669174 ) ) ;
#1731 = CARTESIAN_POINT ( 'NONE',  ( -0.6785254037844502539, 1.175240473580838829, -2.405833333333330604 ) ) ;
#1732 = CARTESIAN_POINT ( 'NONE',  ( 1.357050807568898954, -1.557893340162534168E-14, 2.865000000000002878 ) ) ;
#1733 = CARTESIAN_POINT ( 'NONE',  ( 1.747675807568897621, -1.510189999336780530E-14, -4.330312499999995346 ) ) ;
#1734 = ORIENTED_EDGE ( 'NONE', *, *, #5047, .T. ) ;
#1735 = CARTESIAN_POINT ( 'NONE',  ( 1.168159110932235789, 0.1051267183062889049, 4.596799999999999997 ) ) ;
#1736 = CIRCLE ( 'NONE', #1125, 5.174808031888049165 ) ;
#1737 = PLANE ( 'NONE',  #3435 ) ;
#1738 = LINE ( 'NONE', #5109, #3383 ) ;
#1739 = CARTESIAN_POINT ( 'NONE',  ( 1.299038105676672217, 0.7499999999999932276, 0.7191666666666703955 ) ) ;
#1740 = CARTESIAN_POINT ( 'NONE',  ( -1.299038105676671995, -0.7500000000000243139, -0.03083333333332935813 ) ) ;
#1741 = B_SPLINE_CURVE_WITH_KNOTS ( 'NONE', 3,
 ( #3230, #5717, #4276, #315, #3291, #823, #2315, #1363, #4307, #6252, #889, #2816, #409 ),
 .UNSPECIFIED., .F., .F.,
 ( 4, 3, 3, 3, 4 ),
 ( 9.212688579630063905E-18, 1.074390853587513909E-05, 2.148009407416252685E-05, 3.232916462176660535E-05, 4.363786225071660289E-05 ),
 .UNSPECIFIED. ) ;
#1742 = ORIENTED_EDGE ( 'NONE', *, *, #4500, .T. ) ;
#1743 = CARTESIAN_POINT ( 'NONE',  ( 0.6785254037844494768, 1.175240473580839051, -0.9891666666666637520 ) ) ;
#1744 = EDGE_CURVE ( 'NONE', #874, #5601, #4295, .T. ) ;
#1745 = CARTESIAN_POINT ( 'NONE',  ( 1.017788105676675103, 0.5876202367904113100, -2.093333333333329715 ) ) ;
#1746 = CARTESIAN_POINT ( 'NONE',  ( -0.09822995954704974442, -1.187845105652230115, 4.596799999999999997 ) ) ;
#1747 = LINE ( 'NONE', #730, #5540 ) ;
#1748 = CARTESIAN_POINT ( 'NONE',  ( -0.8335557454221262930, -0.8284775132834566458, 3.176519237886486824 ) ) ;
#1749 = VERTEX_POINT ( 'NONE', #5757 ) ;
#1750 = CARTESIAN_POINT ( 'NONE',  ( 1.853541686826127979E-16, -1.513531646934164643, -2.002187499999998010 ) ) ;
#1751 = CARTESIAN_POINT ( 'NONE',  ( 1.017788105676675103, 0.5876202367904118651, -6.093333333333330160 ) ) ;
#1752 = VERTEX_POINT ( 'NONE', #5220 ) ;
#1753 = CARTESIAN_POINT ( 'NONE',  ( 0.2626973412053332790, -1.359756979427428236, 6.087342579069139781 ) ) ;
#1754 = CARTESIAN_POINT ( 'NONE',  ( -0.6785254037844501429, 1.175240473580838829, -1.468333333333330160 ) ) ;
#1755 = CARTESIAN_POINT ( 'NONE',  ( -0.8660254037844519193, 1.499999999999995115, -3.655833333333329271 ) ) ;
#1756 = ADVANCED_FACE ( 'NONE', ( #2385 ), #895, .T. ) ;
#1757 = CARTESIAN_POINT ( 'NONE',  ( -0.1354023959674277022, -1.196584255563241550, 4.843375607214007950 ) ) ;
#1758 = CARTESIAN_POINT ( 'NONE',  ( -0.8335557454221262930, -0.8284775132834566458, 3.176519237886486824 ) ) ;
#1759 = CARTESIAN_POINT ( 'NONE',  ( -1.017788105676674437, 0.5876202367904125312, -3.364166666666663197 ) ) ;
#1760 = VERTEX_POINT ( 'NONE', #1851 ) ;
#1761 = CARTESIAN_POINT ( 'NONE',  ( 1.357050807568899176, -1.534165808429054075E-14, 0.9275000000000027667 ) ) ;
#1762 = DIRECTION ( 'NONE',  ( -0.000000000000000000, -1.224646799147353207E-16, 1.000000000000000000 ) ) ;
#1763 = CARTESIAN_POINT ( 'NONE',  ( -1.017788105676674881, 0.5876202367904106438, 3.073333333333335915 ) ) ;
#1764 = EDGE_CURVE ( 'NONE', #2157, #1361, #858, .T. ) ;
#1765 = CARTESIAN_POINT ( 'NONE',  ( -1.310756855676673105, 0.7567658234670601169, -3.621979166666662753 ) ) ;
#1766 = ORIENTED_EDGE ( 'NONE', *, *, #3227, .F. ) ;
#1767 = VECTOR ( 'NONE', #2753, 1000.000000000000000 ) ;
#1768 = CARTESIAN_POINT ( 'NONE',  ( 1.175260624440227275, -0.1045235934800854971, 4.596799999999999997 ) ) ;
#1769 = DIRECTION ( 'NONE',  ( 0.000000000000000000, 0.000000000000000000, 1.000000000000000000 ) ) ;
#1770 = VECTOR ( 'NONE', #2672, 1000.000000000000000 ) ;
#1771 = CARTESIAN_POINT ( 'NONE',  ( 0.8738379037844496988, 1.513531646934134001, -4.793854166666664973 ) ) ;
#1772 = CARTESIAN_POINT ( 'NONE',  ( 0.8660254037844491437, 1.500000000000001110, -4.239166666666663197 ) ) ;
#1773 = CARTESIAN_POINT ( 'NONE',  ( 0.6785254037844502539, 1.175240473580838829, -1.989166666666663419 ) ) ;
#1774 = ORIENTED_EDGE ( 'NONE', *, *, #4421, .T. ) ;
#1775 = CARTESIAN_POINT ( 'NONE',  ( -0.6785254037844492547, -1.175240473580869915, -1.739166666666664085 ) ) ;
#1776 = VECTOR ( 'NONE', #1215, 1000.000000000000000 ) ;
#1777 = CARTESIAN_POINT ( 'NONE',  ( 0.000000000000000000, 1.500000000000001998, -5.259999999999997122 ) ) ;
#1778 = DIRECTION ( 'NONE',  ( 0.000000000000000000, -1.000000000000000000, 0.000000000000000000 ) ) ;
#1779 = CARTESIAN_POINT ( 'NONE',  ( -0.1994084644922288485, -1.307982460370785915, 5.581734682221381583 ) ) ;
#1780 = CARTESIAN_POINT ( 'NONE',  ( 0.8660254037844454800, 1.500000000000007772, -5.739166666666660532 ) ) ;
#1781 = CIRCLE ( 'NONE', #968, 1.544999999999998597 ) ;
#1782 = EDGE_LOOP ( 'NONE', ( #1432, #5632, #3954, #6145 ) ) ;
#1783 = CARTESIAN_POINT ( 'NONE',  ( -1.310756855676672883, -0.7567658234670904260, -1.585520833333331270 ) ) ;
#1784 = CARTESIAN_POINT ( 'NONE',  ( -1.357050807568899176, -1.469106447224351185E-14, -4.384999999999996234 ) ) ;
#1785 = VECTOR ( 'NONE', #5190, 1000.000000000000000 ) ;
#1786 = VERTEX_POINT ( 'NONE', #481 ) ;
#1787 = CARTESIAN_POINT ( 'NONE',  ( -1.194815747780118675, 0.09036918427906366624, 4.596799999999999997 ) ) ;
#1788 = CARTESIAN_POINT ( 'NONE',  ( 1.017788105676674215, 0.5876202367904119761, -0.09333333333333046489 ) ) ;
#1789 = CARTESIAN_POINT ( 'NONE',  ( -0.8660254037844451469, -1.500000000000037970, -3.489166666666661420 ) ) ;
#1790 = AXIS2_PLACEMENT_3D ( 'NONE', #3036, #4982, #1678 ) ;
#1791 = ADVANCED_FACE ( 'NONE', ( #1405 ), #925, .F. ) ;
#1792 = CARTESIAN_POINT ( 'NONE',  ( 0.000000000000000000, 1.500000000000001554, -0.7599999999999982325 ) ) ;
#1793 = DIRECTION ( 'NONE',  ( -0.9169930745742602696, -0.3798309680908641961, -0.1218693434051478092 ) ) ;
#1794 = CARTESIAN_POINT ( 'NONE',  ( 0.6785254037844492547, -1.175240473580869471, -2.655833333333330160 ) ) ;
#1795 = ORIENTED_EDGE ( 'NONE', *, *, #4894, .F. ) ;
#1796 = CARTESIAN_POINT ( 'NONE',  ( -1.017788105676675103, 0.5876202367904107549, 2.135833333333335915 ) ) ;
#1797 = EDGE_CURVE ( 'NONE', #4, #6039, #1258, .T. ) ;
#1798 = CARTESIAN_POINT ( 'NONE',  ( -1.357050807568899176, -1.527602946012156736E-14, -2.322499999999997566 ) ) ;
#1799 = CARTESIAN_POINT ( 'NONE',  ( -1.310756855676673771, 0.7567658234670581185, 0.3780208333333369697 ) ) ;
#1800 = CARTESIAN_POINT ( 'NONE',  ( -1.853541686826127979E-16, -1.513531646934164643, -1.455312499999996456 ) ) ;
#1801 = CARTESIAN_POINT ( 'NONE',  ( 1.194815747780119342, -0.09036918427905621387, 4.596799999999999997 ) ) ;
#1802 = CARTESIAN_POINT ( 'NONE',  ( 1.836970198721030920E-16, 1.500000000000000666, 6.259999999999999787 ) ) ;
#1803 = EDGE_CURVE ( 'NONE', #1361, #5935, #1819, .T. ) ;
#1804 = CARTESIAN_POINT ( 'NONE',  ( -1.747675807568897621, -1.463748617478081365E-14, -4.627187499999998010 ) ) ;
#1805 = CARTESIAN_POINT ( 'NONE',  ( 0.000000000000000000, 1.322597666198111785E-17, 3.565000000000001279 ) ) ;
#1806 = CARTESIAN_POINT ( 'NONE',  ( -1.017788105676673993, -0.5876202367904428403, -1.843333333333330382 ) ) ;
#1807 = CARTESIAN_POINT ( 'NONE',  ( -1.017788105676674437, 0.5876202367904127533, -5.926666666666663197 ) ) ;
#1808 = ORIENTED_EDGE ( 'NONE', *, *, #3816, .F. ) ;
#1809 = CARTESIAN_POINT ( 'NONE',  ( -2.878508968398426089E-16, 1.175240473580839495, -1.447499999999996900 ) ) ;
#1810 = CARTESIAN_POINT ( 'NONE',  ( -1.439254484199213045E-16, -1.175240473580869693, -1.259999999999997122 ) ) ;
#1811 = FACE_OUTER_BOUND ( 'NONE', #1706, .T. ) ;
#1812 = CARTESIAN_POINT ( 'NONE',  ( -0.3093420000000000059, -1.533257792532486272E-15, 6.259999999999999787 ) ) ;
#1813 = CARTESIAN_POINT ( 'NONE',  ( 1.017788105676675103, 0.5876202367904117541, -5.530833333333330160 ) ) ;
#1814 = EDGE_LOOP ( 'NONE', ( #5816, #5975, #6001, #4960 ) ) ;
#1815 = CARTESIAN_POINT ( 'NONE',  ( -1.310756855676673771, 0.7567658234670584516, -1.168854166666664529 ) ) ;
#1816 = CIRCLE ( 'NONE', #1613, 1.500000000000000222 ) ;
#1817 = CARTESIAN_POINT ( 'NONE',  ( 0.6785254037844502539, 1.175240473580839051, -2.551666666666664085 ) ) ;
#1818 = VERTEX_POINT ( 'NONE', #4222 ) ;
#1819 = LINE ( 'NONE', #385, #2374 ) ;
#1820 = CARTESIAN_POINT ( 'NONE',  ( 0.6785254037844499209, -1.175240473580869471, 2.281666666666669840 ) ) ;
#1821 = CARTESIAN_POINT ( 'NONE',  ( -0.8811735338144246477, -0.3148034922636807065, 6.174697866662547163 ) ) ;
#1822 = CARTESIAN_POINT ( 'NONE',  ( -1.299038105676672217, 0.7499999999999937828, -3.614166666666662309 ) ) ;
#1823 = CARTESIAN_POINT ( 'NONE',  ( -0.2267330061764520066, 1.278244735102414431, 5.587203736234714668 ) ) ;
#1824 = CARTESIAN_POINT ( 'NONE',  ( 0.4012496753669827498, 0.1662030574348090928, 4.596799999999999997 ) ) ;
#1825 = CARTESIAN_POINT ( 'NONE',  ( 0.6785254037844502539, 1.175240473580839273, -3.989166666666663197 ) ) ;
#1826 = ORIENTED_EDGE ( 'NONE', *, *, #2537, .F. ) ;
#1827 = CARTESIAN_POINT ( 'NONE',  ( -1.017788105676675103, 0.5876202367904107549, 2.635833333333336359 ) ) ;
#1828 = DIRECTION ( 'NONE',  ( 1.000000000000000000, -1.224646799147353207E-16, -1.499759782661857608E-32 ) ) ;
#1829 = CARTESIAN_POINT ( 'NONE',  ( -3.707083373652255464E-16, 1.513531646934134001, 0.7946875000000037659 ) ) ;
#1830 = CARTESIAN_POINT ( 'NONE',  ( -0.8738379037844493658, -1.513531646934164199, -2.996979166666662753 ) ) ;
#1831 = ADVANCED_FACE ( 'NONE', ( #4771 ), #1915, .T. ) ;
#1832 = CARTESIAN_POINT ( 'NONE',  ( 0.2443528623747605599, 0.5899199943498300014, 6.259999999999999787 ) ) ;
#1833 = AXIS2_PLACEMENT_3D ( 'NONE', #1155, #1541, #1636 ) ;
#1834 = CARTESIAN_POINT ( 'NONE',  ( -0.8660254037844492547, 1.500000000000001110, -0.7183333333333313808 ) ) ;
#1835 = CARTESIAN_POINT ( 'NONE',  ( 1.310756855676672883, -0.7567658234670900930, -5.418854166666664085 ) ) ;
#1836 = CARTESIAN_POINT ( 'NONE',  ( 3.727190920956301940E-17, 0.3093420000000003944, 6.259999999999999787 ) ) ;
#1837 = CARTESIAN_POINT ( 'NONE',  ( 1.439254484199212798E-16, -1.175240473580869471, -0.7599999999999970113 ) ) ;
#1838 = CARTESIAN_POINT ( 'NONE',  ( -1.439254484199213045E-16, -1.175240473580869249, -4.259999999999996234 ) ) ;
#1839 = EDGE_CURVE ( 'NONE', #5112, #3589, #3717, .T. ) ;
#1840 = VERTEX_POINT ( 'NONE', #5696 ) ;
#1841 = CARTESIAN_POINT ( 'NONE',  ( -0.6785254037844492547, -1.175240473580870137, 0.2608333333333360260 ) ) ;
#1842 = AXIS2_PLACEMENT_3D ( 'NONE', #2151, #2656, #1101 ) ;
#1843 = DIRECTION ( 'NONE',  ( -0.000000000000000000, -1.224646799147353207E-16, 1.000000000000000000 ) ) ;
#1844 = CARTESIAN_POINT ( 'NONE',  ( 1.836970198721030920E-16, 1.500000000000000666, 6.259999999999999787 ) ) ;
#1845 = CARTESIAN_POINT ( 'NONE',  ( 1.299038105676671995, -0.7500000000000240918, -2.364166666666662309 ) ) ;
#1846 =( BOUNDED_SURFACE ( )  B_SPLINE_SURFACE ( 1, 2, ( 
 ( #3327, #2255, #1277, #3773, #2226, #4281, #1750, #4799, #6225, #414, #922, #799, #3681, #2730, #4701, #4184, #1783, #2288, #3264, #3714, #829, #2821, #5663, #4219, #6163, #5723, #1815, #3742, #538, #3356, #3484, #1433, #5341, #953, #2476, #4887, #2943, #3835, #444, #2006, #5784, #5307, #1941, #988, #3422, #4341, #2881, #4407, #4829, #5436, #479, #2914, #2415, #67, #3926, #5875, #2, #2383, #1525, #3865, #5815, #1462, #3390, #1912, #3955, #1083, #4855, #1971, #3010, #509, #5373, #4441, #3454, #4314, #2444, #1017, #571, #4372, #33, #6258, #3897, #5848, #5403, #1495, #1048, #2975, #4921, #2507, #2033, #96, #5904, #1556, #157, #698, #2629, #6030, #1170, #3068, #3039, #2539, #5081, #4566, #3579, #4055, #2660, #5936, #666, #1620, #3134, #4022, #3516, #3612, #1109, #4987, #727, #5499, #3547, #1201, #5562, #6002, #189, #1235, #2569, #4471, #2158, #220, #631, #4084, #3102, #1141, #4603, #5052, #5019, #1683, #124, #6064, #251, #600, #4502, #2191, #4119, #1713, #5970, #2600, #1652 ),
 ( #3643, #4954, #5592, #2065, #3986, #1587, #5470, #2099, #4536, #2128, #5528, #3709, #4763, #1268, #5657, #4212, #2219, #1775, #4245, #3798, #888, #4694, #5749, #1302, #1809, #2815, #851, #5113, #4148, #3735, #3289, #5623, #2248, #3165, #758, #1743, #5686, #2693, #3199, #6216, #3675, #1332, #408, #2344, #313, #4634, #4665, #5209, #2782, #6186, #3257, #3229, #5147, #283, #5241, #4732, #375, #2280, #4275, #6094, #5178, #6124, #1362, #4178, #794, #1841, #2722, #820, #1871, #2752, #342, #5716, #3766, #6158, #2314, #4038, #5301, #5271, #4879, #1010, #3350, #531, #5839, #6278, #4004, #3887, #1455, #1487, #917, #2584, #139, #3322, #946, #1123, #4398, #646, #471, #2409, #4365, #5777, #2080, #3054, #3829, #4791, #2936, #1394, #1603, #2846, #2114, #3529, #5954, #5484, #437, #5002, #2373, #1934, #4520, #1426, #3858, #2437, #4306, #5807, #2469, #6251, #172, #3380, #26, #2873, #1906, #3415, #4820, #4335, #5330, #980, #2906, #5363, #4848, #502, #1964, #5985, #1251, #5036, #683, #1185, #2646 ) ),
 .UNSPECIFIED., .F., .F., .F. ) 
 B_SPLINE_SURFACE_WITH_KNOTS ( ( 2, 2 ),
 ( 3, 2, 2, 2, 2, 2, 2, 2, 2, 2, 2, 2, 2, 2, 2, 2, 2, 2, 2, 2, 2, 2, 2, 2, 2, 2, 2, 2, 2, 2, 2, 2, 2, 2, 2, 2, 2, 2, 2, 2, 2, 2, 2, 2, 2, 2, 2, 2, 2, 2, 2, 2, 2, 2, 2, 2, 2, 2, 2, 2, 2, 2, 2, 2, 2, 2, 2, 2, 2, 2, 2, 2, 3 ),
 ( 0.000000000000000000, 1.000000000000000000 ),
 ( 0.000000000000000000, 0.01388888888888888812, 0.02777777777777777624, 0.04166666666666666435, 0.05555555555555555247, 0.06944444444444444753, 0.08333333333333332871, 0.09722222222222222376, 0.1111111111111111049, 0.1250000000000000000, 0.1388888888888888951, 0.1527777777777777901, 0.1666666666666666574, 0.1805555555555555525, 0.1944444444444444475, 0.2083333333333333426, 0.2222222222222222099, 0.2361111111111111049, 0.2500000000000000000, 0.2638888888888888951, 0.2777777777777777901, 0.2916666666666666852, 0.3055555555555555802, 0.3194444444444444198, 0.3333333333333333148, 0.3472222222222222099, 0.3611111111111111049, 0.3750000000000000000, 0.3888888888888888951, 0.4027777777777777901, 0.4166666666666666852, 0.4305555555555555802, 0.4444444444444444198, 0.4583333333333333148, 0.4722222222222222099, 0.4861111111111111049, 0.5000000000000000000, 0.5138888888888888395, 0.5277777777777777901, 0.5416666666666666297, 0.5555555555555555802, 0.5694444444444444198, 0.5833333333333333703, 0.5972222222222222099, 0.6111111111111111605, 0.6250000000000000000, 0.6388888888888888395, 0.6527777777777777901, 0.6666666666666666297, 0.6805555555555555802, 0.6944444444444444198, 0.7083333333333333703, 0.7222222222222222099, 0.7361111111111111605, 0.7500000000000000000, 0.7638888888888888395, 0.7777777777777777901, 0.7916666666666666297, 0.8055555555555555802, 0.8194444444444444198, 0.8333333333333333703, 0.8472222222222222099, 0.8611111111111111605, 0.8750000000000000000, 0.8888888888888888395, 0.9027777777777777901, 0.9166666666666666297, 0.9305555555555555802, 0.9444444444444444198, 0.9583333333333333703, 0.9722222222222222099, 0.9861111111111111605, 1.000000000000000000 ),
 .UNSPECIFIED. ) 
 GEOMETRIC_REPRESENTATION_ITEM ( )  RATIONAL_B_SPLINE_SURFACE ( (
 ( 1.000000000000000000, 0.8660254037844387076, 1.000000000000000000, 0.8660254037844387076, 1.000000000000000000, 0.8660254037844387076, 1.000000000000000000, 0.8660254037844387076, 1.000000000000000000, 0.8660254037844387076, 1.000000000000000000, 0.8660254037844387076, 1.000000000000000000, 0.8660254037844387076, 1.000000000000000000, 0.8660254037844387076, 1.000000000000000000, 0.8660254037844387076, 1.000000000000000000, 0.8660254037844387076, 1.000000000000000000, 0.8660254037844387076, 1.000000000000000000, 0.8660254037844387076, 1.000000000000000000, 0.8660254037844387076, 1.000000000000000000, 0.8660254037844387076, 1.000000000000000000, 0.8660254037844387076, 1.000000000000000000, 0.8660254037844387076, 1.000000000000000000, 0.8660254037844387076, 1.000000000000000000, 0.8660254037844387076, 1.000000000000000000, 0.8660254037844387076, 1.000000000000000000, 0.8660254037844387076, 1.000000000000000000, 0.8660254037844387076, 1.000000000000000000, 0.8660254037844387076, 1.000000000000000000, 0.8660254037844387076, 1.000000000000000000, 0.8660254037844387076, 1.000000000000000000, 0.8660254037844387076, 1.000000000000000000, 0.8660254037844387076, 1.000000000000000000, 0.8660254037844387076, 1.000000000000000000, 0.8660254037844387076, 1.000000000000000000, 0.8660254037844387076, 1.000000000000000000, 0.8660254037844387076, 1.000000000000000000, 0.8660254037844387076, 1.000000000000000000, 0.8660254037844387076, 1.000000000000000000, 0.8660254037844387076, 1.000000000000000000, 0.8660254037844387076, 1.000000000000000000, 0.8660254037844387076, 1.000000000000000000, 0.8660254037844387076, 1.000000000000000000, 0.8660254037844387076, 1.000000000000000000, 0.8660254037844387076, 1.000000000000000000, 0.8660254037844387076, 1.000000000000000000, 0.8660254037844387076, 1.000000000000000000, 0.8660254037844387076, 1.000000000000000000, 0.8660254037844387076, 1.000000000000000000, 0.8660254037844387076, 1.000000000000000000, 0.8660254037844387076, 1.000000000000000000, 0.8660254037844387076, 1.000000000000000000, 0.8660254037844387076, 1.000000000000000000, 0.8660254037844387076, 1.000000000000000000, 0.8660254037844387076, 1.000000000000000000, 0.8660254037844387076, 1.000000000000000000, 0.8660254037844387076, 1.000000000000000000, 0.8660254037844387076, 1.000000000000000000, 0.8660254037844387076, 1.000000000000000000, 0.8660254037844387076, 1.000000000000000000, 0.8660254037844387076, 1.000000000000000000, 0.8660254037844387076, 1.000000000000000000, 0.8660254037844387076, 1.000000000000000000, 0.8660254037844387076, 1.000000000000000000, 0.8660254037844387076, 1.000000000000000000, 0.8660254037844387076, 1.000000000000000000, 0.8660254037844387076, 1.000000000000000000, 0.8660254037844387076, 1.000000000000000000, 0.8660254037844387076, 1.000000000000000000, 0.8660254037844387076, 1.000000000000000000, 0.8660254037844387076, 1.000000000000000000, 0.8660254037844387076, 1.000000000000000000, 0.8660254037844387076, 1.000000000000000000, 0.8660254037844387076, 1.000000000000000000, 0.8660254037844387076, 1.000000000000000000, 0.8660254037844387076, 1.000000000000000000, 0.8660254037844387076, 1.000000000000000000, 0.8660254037844387076, 1.000000000000000000, 0.8660254037844387076, 1.000000000000000000),
 ( 1.000000000000000000, 0.8660254037844387076, 1.000000000000000000, 0.8660254037844387076, 1.000000000000000000, 0.8660254037844387076, 1.000000000000000000, 0.8660254037844387076, 1.000000000000000000, 0.8660254037844387076, 1.000000000000000000, 0.8660254037844387076, 1.000000000000000000, 0.8660254037844387076, 1.000000000000000000, 0.8660254037844387076, 1.000000000000000000, 0.8660254037844387076, 1.000000000000000000, 0.8660254037844387076, 1.000000000000000000, 0.8660254037844387076, 1.000000000000000000, 0.8660254037844387076, 1.000000000000000000, 0.8660254037844387076, 1.000000000000000000, 0.8660254037844387076, 1.000000000000000000, 0.8660254037844387076, 1.000000000000000000, 0.8660254037844387076, 1.000000000000000000, 0.8660254037844387076, 1.000000000000000000, 0.8660254037844387076, 1.000000000000000000, 0.8660254037844387076, 1.000000000000000000, 0.8660254037844387076, 1.000000000000000000, 0.8660254037844387076, 1.000000000000000000, 0.8660254037844387076, 1.000000000000000000, 0.8660254037844387076, 1.000000000000000000, 0.8660254037844387076, 1.000000000000000000, 0.8660254037844387076, 1.000000000000000000, 0.8660254037844387076, 1.000000000000000000, 0.8660254037844387076, 1.000000000000000000, 0.8660254037844387076, 1.000000000000000000, 0.8660254037844387076, 1.000000000000000000, 0.8660254037844387076, 1.000000000000000000, 0.8660254037844387076, 1.000000000000000000, 0.8660254037844387076, 1.000000000000000000, 0.8660254037844387076, 1.000000000000000000, 0.8660254037844387076, 1.000000000000000000, 0.8660254037844387076, 1.000000000000000000, 0.8660254037844387076, 1.000000000000000000, 0.8660254037844387076, 1.000000000000000000, 0.8660254037844387076, 1.000000000000000000, 0.8660254037844387076, 1.000000000000000000, 0.8660254037844387076, 1.000000000000000000, 0.8660254037844387076, 1.000000000000000000, 0.8660254037844387076, 1.000000000000000000, 0.8660254037844387076, 1.000000000000000000, 0.8660254037844387076, 1.000000000000000000, 0.8660254037844387076, 1.000000000000000000, 0.8660254037844387076, 1.000000000000000000, 0.8660254037844387076, 1.000000000000000000, 0.8660254037844387076, 1.000000000000000000, 0.8660254037844387076, 1.000000000000000000, 0.8660254037844387076, 1.000000000000000000, 0.8660254037844387076, 1.000000000000000000, 0.8660254037844387076, 1.000000000000000000, 0.8660254037844387076, 1.000000000000000000, 0.8660254037844387076, 1.000000000000000000, 0.8660254037844387076, 1.000000000000000000, 0.8660254037844387076, 1.000000000000000000, 0.8660254037844387076, 1.000000000000000000, 0.8660254037844387076, 1.000000000000000000, 0.8660254037844387076, 1.000000000000000000, 0.8660254037844387076, 1.000000000000000000, 0.8660254037844387076, 1.000000000000000000, 0.8660254037844387076, 1.000000000000000000, 0.8660254037844387076, 1.000000000000000000, 0.8660254037844387076, 1.000000000000000000, 0.8660254037844387076, 1.000000000000000000, 0.8660254037844387076, 1.000000000000000000, 0.8660254037844387076, 1.000000000000000000, 0.8660254037844387076, 1.000000000000000000, 0.8660254037844387076, 1.000000000000000000, 0.8660254037844387076, 1.000000000000000000, 0.8660254037844387076, 1.000000000000000000, 0.8660254037844387076, 1.000000000000000000) ) ) 
 REPRESENTATION_ITEM ( '' )  SURFACE ( )  );
#1847 = CARTESIAN_POINT ( 'NONE',  ( -1.357050807568899176, -1.506611255448238667E-14, -1.322499999999996456 ) ) ;
#1848 = EDGE_LOOP ( 'NONE', ( #1947, #733, #4565, #6162 ) ) ;
#1849 = CARTESIAN_POINT ( 'NONE',  ( -0.3605145027937223801, -0.3207632393750025623, 4.596799999999999997 ) ) ;
#1850 = ORIENTED_EDGE ( 'NONE', *, *, #5560, .F. ) ;
#1851 = CARTESIAN_POINT ( 'NONE',  ( 0.000000000000000000, 1.500000000000001776, -3.197499999999995346 ) ) ;
#1852 = CARTESIAN_POINT ( 'NONE',  ( 1.357050807568898954, -1.551770106166797095E-14, 2.365000000000002434 ) ) ;
#1853 = CARTESIAN_POINT ( 'NONE',  ( 0.8836630409603446479, -0.3273190898542975846, 6.276629229193637194 ) ) ;
#1854 = CARTESIAN_POINT ( 'NONE',  ( -3.292796171025340777E-16, 1.344386060257486193, 3.392343750000002878 ) ) ;
#1855 = CARTESIAN_POINT ( 'NONE',  ( -0.2001335369900669459, 1.309299083427784449, 5.587203606221706309 ) ) ;
#1856 = CARTESIAN_POINT ( 'NONE',  ( 1.167134683807445006, 0.1040360773865567218, 4.587917442521176170 ) ) ;
#1857 = CARTESIAN_POINT ( 'NONE',  ( -1.357050807568899176, -1.494364787456765152E-14, -2.322499999999996678 ) ) ;
#1858 = ORIENTED_EDGE ( 'NONE', *, *, #1139, .T. ) ;
#1859 = CARTESIAN_POINT ( 'NONE',  ( 1.439254484199213045E-16, -1.175240473580870360, 2.802500000000002434 ) ) ;
#1860 = CARTESIAN_POINT ( 'NONE',  ( -0.6785254037844492547, -1.175240473580870360, 0.7608333333333359150 ) ) ;
#1861 = CARTESIAN_POINT ( 'NONE',  ( 0.8738379037844491437, -1.513531646934164199, -0.4136458333333296045 ) ) ;
#1862 = FACE_OUTER_BOUND ( 'NONE', #1814, .T. ) ;
#1863 = DIRECTION ( 'NONE',  ( 0.000000000000000000, -2.999224776947198600E-16, 1.000000000000000000 ) ) ;
#1864 = CARTESIAN_POINT ( 'NONE',  ( 1.299038105676672883, 0.7499999999999925615, -5.280833333333328383 ) ) ;
#1865 = CARTESIAN_POINT ( 'NONE',  ( 1.310756855676672883, -0.7567658234670903150, -3.918854166666664085 ) ) ;
#1866 = CARTESIAN_POINT ( 'NONE',  ( 0.000000000000000000, -1.500000000000001110, 6.259999999999999787 ) ) ;
#1867 = CARTESIAN_POINT ( 'NONE',  ( -2.878508968398425596E-16, 1.175240473580839273, -0.009999999999996990463 ) ) ;
#1868 = CARTESIAN_POINT ( 'NONE',  ( 0.6785254037844492547, -1.175240473580869471, -5.218333333333330160 ) ) ;
#1869 = VERTEX_POINT ( 'NONE', #1342 ) ;
#1870 = ADVANCED_FACE ( 'NONE', ( #3267 ), #572, .T. ) ;
#1871 = CARTESIAN_POINT ( 'NONE',  ( 1.017788105676674659, -0.5876202367904425072, 0.3858333333333359150 ) ) ;
#1872 = AXIS2_PLACEMENT_3D ( 'NONE', #1304, #345, #5243 ) ;
#1873 = CARTESIAN_POINT ( 'NONE',  ( -1.299038105676673105, 0.7499999999999917843, 1.385833333333337469 ) ) ;
#1874 = EDGE_CURVE ( 'NONE', #5914, #5715, #3853, .T. ) ;
#1875 = CARTESIAN_POINT ( 'NONE',  ( -1.017788105676674881, 0.5876202367904110879, -0.9266666666666637520 ) ) ;
#1876 = DIRECTION ( 'NONE',  ( 0.9925461516413219831, -2.984938026306075714E-17, 0.1218693434051477398 ) ) ;
#1877 = CARTESIAN_POINT ( 'NONE',  ( -1.017788105676674659, -0.5876202367904417301, -5.280833333333330160 ) ) ;
#1878 = AXIS2_PLACEMENT_3D ( 'NONE', #2411, #3293, #5244 ) ;
#1879 = ORIENTED_EDGE ( 'NONE', *, *, #4029, .F. ) ;
#1880 = CARTESIAN_POINT ( 'NONE',  ( -1.299038105676672439, -0.7500000000000227596, -4.530833333333328383 ) ) ;
#1881 = ORIENTED_EDGE ( 'NONE', *, *, #6187, .F. ) ;
#1882 =( BOUNDED_CURVE ( )  B_SPLINE_CURVE ( 2, ( #2859, #4227, #422, #6170, #2326, #3307, #5256 ),
 .UNSPECIFIED., .F., .T. ) 
 B_SPLINE_CURVE_WITH_KNOTS ( ( 3, 2, 2, 3 ),
 ( 0.3333333333333333148, 0.3472222222222222099, 0.3611111111111111049, 0.3750000000000000000 ),
 .UNSPECIFIED. ) 
 CURVE ( )  GEOMETRIC_REPRESENTATION_ITEM ( )  RATIONAL_B_SPLINE_CURVE ( ( 1.000000000000000000, 0.8660254037844387076, 1.000000000000000000, 0.8660254037844387076, 1.000000000000000000, 0.8660254037844387076, 1.000000000000000000 ) ) 
 REPRESENTATION_ITEM ( '' )  );
#1883 = CARTESIAN_POINT ( 'NONE',  ( 0.2566884581598928294, 1.302949551113960824, 5.831171314594312705 ) ) ;
#1884 = ADVANCED_FACE ( 'NONE', ( #125 ), #4408, .T. ) ;
#1885 = VECTOR ( 'NONE', #4619, 1000.000000000000000 ) ;
#1886 = CARTESIAN_POINT ( 'NONE',  ( 1.357050807568898954, -1.527277170183850065E-14, 0.3650000000000028777 ) ) ;
#1887 = CARTESIAN_POINT ( 'NONE',  ( 0.000000000000000000, 2.070106209874711453E-15, 6.259999999999999787 ) ) ;
#1888 = CARTESIAN_POINT ( 'NONE',  ( 0.3526627560286983987, -1.210887161311822613, 3.219130207672749044 ) ) ;
#1889 = VERTEX_POINT ( 'NONE', #2977 ) ;
#1890 = CARTESIAN_POINT ( 'NONE',  ( -0.2878278585163783210, 1.354581615062510513, 6.084781378657035944 ) ) ;
#1891 = CARTESIAN_POINT ( 'NONE',  ( 1.304097665138402640, 0.2254534717823889756, 5.576782764863753350 ) ) ;
#1892 = AXIS2_PLACEMENT_3D ( 'NONE', #4444, #3990, #7 ) ;
#1893 = EDGE_LOOP ( 'NONE', ( #5163, #3741, #2803, #989 ) ) ;
#1894 = CARTESIAN_POINT ( 'NONE',  ( -0.3273190898542938654, -0.8836630409603460912, 6.276629229193636306 ) ) ;
#1895 = CARTESIAN_POINT ( 'NONE',  ( 1.017788105676674659, -0.5876202367904425072, 0.3858333333333359150 ) ) ;
#1896 = CC_DESIGN_APPROVAL ( #1427, ( #3201 ) ) ;
#1897 = CARTESIAN_POINT ( 'NONE',  ( 1.310756855676673105, -0.7567658234670898709, 1.628020833333336803 ) ) ;
#1898 = CARTESIAN_POINT ( 'NONE',  ( -1.310756855676673105, 0.7567658234670598949, -2.621979166666663197 ) ) ;
#1899 = CARTESIAN_POINT ( 'NONE',  ( 0.8426359540445997887, 0.1210619955558879940, 4.596799999999999997 ) ) ;
#1900 = CARTESIAN_POINT ( 'NONE',  ( -0.4125181635044932738, 0.2992226178155538707, 4.596799999999999997 ) ) ;
#1901 = CARTESIAN_POINT ( 'NONE',  ( -1.310756855676673105, 0.7567658234670603390, -5.668854166666664085 ) ) ;
#1902 = DIRECTION ( 'NONE',  ( 0.000000000000000000, -0.1218693434051479896, 0.9925461516413219831 ) ) ;
#1903 = CARTESIAN_POINT ( 'NONE',  ( 1.017788105676674437, -0.5876202367904422852, -0.6766666666666637520 ) ) ;
#1904 = CARTESIAN_POINT ( 'NONE',  ( -1.017788105676674437, 0.5876202367904126422, -4.426666666666664085 ) ) ;
#1905 = CARTESIAN_POINT ( 'NONE',  ( -0.1051267183062797456, 0.9227480026794846468, 4.596799999999999997 ) ) ;
#1906 = CARTESIAN_POINT ( 'NONE',  ( 1.017788105676674659, -0.5876202367904427293, 2.885833333333336803 ) ) ;
#1907 = FACE_OUTER_BOUND ( 'NONE', #4446, .T. ) ;
#1908 = CARTESIAN_POINT ( 'NONE',  ( -3.673940397442101283E-16, 1.500000000000001554, -0.2599999999999980660 ) ) ;
#1909 = CARTESIAN_POINT ( 'NONE',  ( -1.328925652762837917, -0.2881423343843781959, 6.087342579069140669 ) ) ;
#1910 = CARTESIAN_POINT ( 'NONE',  ( 0.6785254037844502539, 1.175240473580838829, -0.9891666666666634189 ) ) ;
#1911 = VERTEX_POINT ( 'NONE', #1588 ) ;
#1912 = CARTESIAN_POINT ( 'NONE',  ( -1.747675807568897621, -1.567786669109178970E-14, 0.3728125000000018230 ) ) ;
#1913 = EDGE_CURVE ( 'NONE', #4211, #6104, #3003, .T. ) ;
#1914 = VERTEX_POINT ( 'NONE', #948 ) ;
#1915 = CYLINDRICAL_SURFACE ( 'NONE', #1567, 1.500000000000000888 ) ;
#1916 = CARTESIAN_POINT ( 'NONE',  ( 1.439254484199212798E-16, -1.175240473580869693, 1.740000000000002878 ) ) ;
#1917 = FACE_OUTER_BOUND ( 'NONE', #1630, .T. ) ;
#1918 = DIRECTION ( 'NONE',  ( -0.000000000000000000, -1.224646799147353207E-16, 1.000000000000000000 ) ) ;
#1919 = ORIENTED_EDGE ( 'NONE', *, *, #1196, .F. ) ;
#1920 = CARTESIAN_POINT ( 'NONE',  ( 0.08066951025691079802, 1.198787504374561497, 4.596799999999999997 ) ) ;
#1921 = EDGE_CURVE ( 'NONE', #2361, #3328, #3377, .T. ) ;
#1922 =( BOUNDED_SURFACE ( )  B_SPLINE_SURFACE ( 3, 2, ( 
 ( #3034, #2563, #3542 ),
 ( #3246, #2237, #5644 ),
 ( #2209, #4684, #6114 ),
 ( #6147, #842, #5495 ) ),
 .UNSPECIFIED., .F., .F., .F. ) 
 B_SPLINE_SURFACE_WITH_KNOTS ( ( 4, 4 ),
 ( 3, 3 ),
 ( 0.001156264230372862443, 0.002675593445269694795 ),
 ( 0.000000000000000000, 1.000000000000000000 ),
 .UNSPECIFIED. ) 
 GEOMETRIC_REPRESENTATION_ITEM ( )  RATIONAL_B_SPLINE_SURFACE ( (
 ( 1.000000000000000000, 0.7751521472629560039, 1.000000000000000000),
 ( 1.000000000000000000, 0.7634557616479201725, 1.000000000000000000),
 ( 1.000000000000000000, 0.7499943109390815321, 1.000000000000000000),
 ( 1.000000000000000000, 0.7334994083082710947, 1.000000000000000000) ) ) 
 REPRESENTATION_ITEM ( '' )  SURFACE ( )  );
#1923 = VERTEX_POINT ( 'NONE', #1777 ) ;
#1924 = CARTESIAN_POINT ( 'NONE',  ( 0.8660254037844526964, -1.500000000000024647, -0.4058333333333287718 ) ) ;
#1925 = CARTESIAN_POINT ( 'NONE',  ( -0.6785254037844502539, 1.175240473580838607, 1.094166666666669396 ) ) ;
#1926 = CARTESIAN_POINT ( 'NONE',  ( 1.299038105676672883, 0.7499999999999921174, -1.343333333333331270 ) ) ;
#1927 = CARTESIAN_POINT ( 'NONE',  ( -0.9757009171748648457, 1.067926607029044517, -6.102409067019155309 ) ) ;
#1928 = DIRECTION ( 'NONE',  ( 0.000000000000000000, 1.000000000000000000, 3.051276274066228535E-16 ) ) ;
#1929 = LINE ( 'NONE', #2839, #2627 ) ;
#1930 = CARTESIAN_POINT ( 'NONE',  ( 0.000000000000000000, 1.513531646934134445, -2.752187499999997122 ) ) ;
#1931 = CARTESIAN_POINT ( 'NONE',  ( 1.357050807568898954, -1.521153936188113308E-14, -0.1349999999999971223 ) ) ;
#1932 = CARTESIAN_POINT ( 'NONE',  ( -0.6785254037844494768, 1.175240473580839717, -4.968333333333329271 ) ) ;
#1933 = CARTESIAN_POINT ( 'NONE',  ( 0.8660254037844491437, 1.500000000000001110, -2.301666666666665417 ) ) ;
#1934 = CARTESIAN_POINT ( 'NONE',  ( 0.6785254037844500319, -1.175240473580869915, 2.344166666666668952 ) ) ;
#1935 = CARTESIAN_POINT ( 'NONE',  ( 1.357050807568899176, -1.517652690769084663E-14, -3.134999999999996678 ) ) ;
#1936 = DIRECTION ( 'NONE',  ( -0.000000000000000000, -1.224646799147353207E-16, 1.000000000000000000 ) ) ;
#1937 = CARTESIAN_POINT ( 'NONE',  ( 1.196260664588786771, -0.1036295812145364564, 4.584606796874560075 ) ) ;
#1938 = CARTESIAN_POINT ( 'NONE',  ( 0.8660254037844482555, 1.500000000000001110, 3.198333333333335027 ) ) ;
#1939 = CARTESIAN_POINT ( 'NONE',  ( -1.357050807568899176, -1.500488021452501909E-14, -1.822499999999996678 ) ) ;
#1940 = VERTEX_POINT ( 'NONE', #853 ) ;
#1941 = CARTESIAN_POINT ( 'NONE',  ( 1.853541686826127979E-16, -1.513531646934164865, -0.5021874999999981215 ) ) ;
#1942 = EDGE_LOOP ( 'NONE', ( #259, #2240, #3808, #2343, #2506, #4986 ) ) ;
#1943 = CARTESIAN_POINT ( 'NONE',  ( -1.017788105676674437, 0.5876202367904127533, -5.426666666666663197 ) ) ;
#1944 = CARTESIAN_POINT ( 'NONE',  ( -1.017788105676674881, 0.5876202367904108659, 0.5733333333333362480 ) ) ;
#1945 = CARTESIAN_POINT ( 'NONE',  ( -0.2642666068265301926, -1.357509936613140011, 6.071772086592976514 ) ) ;
#1946 = CARTESIAN_POINT ( 'NONE',  ( -0.7779837684684307586, -1.229007383982142487, -6.084104601996695116 ) ) ;
#1947 = ORIENTED_EDGE ( 'NONE', *, *, #1913, .T. ) ;
#1948 = DIRECTION ( 'NONE',  ( -0.9238795325112897361, -0.3826834323650823988, 0.000000000000000000 ) ) ;
#1949 = CARTESIAN_POINT ( 'NONE',  ( 0.6785254037844502539, 1.175240473580838829, -1.989166666666663197 ) ) ;
#1950 = ORIENTED_EDGE ( 'NONE', *, *, #1337, .F. ) ;
#1951 = CARTESIAN_POINT ( 'NONE',  ( 1.836970198721050395E-16, -1.500000000000031974, -0.4474999999999959011 ) ) ;
#1952 = CARTESIAN_POINT ( 'NONE',  ( 0.6785254037844500319, -1.175240473580869471, -0.1558333333333307424 ) ) ;
#1953 = ADVANCED_FACE ( 'NONE', ( #4794 ), #5302, .T. ) ;
#1954 = CARTESIAN_POINT ( 'NONE',  ( 0.8738379037844491437, -1.513531646934164421, 2.086354166666670285 ) ) ;
#1955 = CARTESIAN_POINT ( 'NONE',  ( -1.168159110932235567, -0.1051267183062899596, 4.596799999999999997 ) ) ;
#1956 = CARTESIAN_POINT ( 'NONE',  ( -3.673940397442100790E-16, 1.500000000000001332, 1.802500000000004210 ) ) ;
#1957 = CARTESIAN_POINT ( 'NONE',  ( -0.2708953847187166031, 1.354424127927897459, 6.072254178582586093 ) ) ;
#1958 = ADVANCED_FACE ( 'NONE', ( #2784 ), #954, .F. ) ;
#1959 = CARTESIAN_POINT ( 'NONE',  ( -0.8738379037844486996, 1.513531646934134445, -2.710520833333331048 ) ) ;
#1960 = APPROVAL_ROLE ( '' ) ;
#1961 = CARTESIAN_POINT ( 'NONE',  ( -1.017788105676674881, 0.5876202367904108659, 1.073333333333336359 ) ) ;
#1962 = CARTESIAN_POINT ( 'NONE',  ( -1.357050807568899176, -1.475229681220087943E-14, -3.884999999999996678 ) ) ;
#1963 = ORIENTED_EDGE ( 'NONE', *, *, #1594, .F. ) ;
#1964 = CARTESIAN_POINT ( 'NONE',  ( 1.439254484199213045E-16, -1.175240473580870360, 3.302500000000001990 ) ) ;
#1965 = CARTESIAN_POINT ( 'NONE',  ( 1.017788105676674215, -0.5876202367904426183, -4.676666666666663197 ) ) ;
#1966 = CARTESIAN_POINT ( 'NONE',  ( 1.299038105676672217, 0.7499999999999928946, 2.719166666666670729 ) ) ;
#1967 = CARTESIAN_POINT ( 'NONE',  ( 1.017788105676674437, -0.5876202367904422852, -0.1766666666666637242 ) ) ;
#1968 = CARTESIAN_POINT ( 'NONE',  ( -1.251243294678739071, -0.1636368545425465337, 5.073326819055910875 ) ) ;
#1969 = CARTESIAN_POINT ( 'NONE',  ( -1.017788105676674659, -0.5876202367904420631, -3.280833333333330160 ) ) ;
#1970 = ORIENTED_EDGE ( 'NONE', *, *, #871, .F. ) ;
#1971 = CARTESIAN_POINT ( 'NONE',  ( 0.8738379037844493658, -1.513531646934164643, 0.5394791666666685082 ) ) ;
#1972 = AXIS2_PLACEMENT_3D ( 'NONE', #4215, #6160, #5212 ) ;
#1973 = EDGE_LOOP ( 'NONE', ( #2609, #134, #4071, #2605 ) ) ;
#1974 = CARTESIAN_POINT ( 'NONE',  ( 0.6785254037844502539, 1.175240473580839495, -5.051666666666663197 ) ) ;
#1975 = CARTESIAN_POINT ( 'NONE',  ( -0.6785254037844501429, 1.175240473580838385, 3.031666666666669396 ) ) ;
#1976 = CARTESIAN_POINT ( 'NONE',  ( -0.2767528330603829523, -1.350405284247269355, 6.073023638259373413 ) ) ;
#1977 = AXIS2_PLACEMENT_3D ( 'NONE', #3306, #3212, #3240 ) ;
#1978 = CARTESIAN_POINT ( 'NONE',  ( -1.218868498401258993, 0.5672324804480346483, -6.259999999999999787 ) ) ;
#1979 = ORIENTED_EDGE ( 'NONE', *, *, #4888, .T. ) ;
#1980 = CARTESIAN_POINT ( 'NONE',  ( -1.197077816990377297, -0.08600137404280933096, 4.596799999999999997 ) ) ;
#1981 = CARTESIAN_POINT ( 'NONE',  ( 0.6785254037844502539, 1.175240473580839273, -4.489166666666663197 ) ) ;
#1982 = CIRCLE ( 'NONE', #4100, 3.010618029736235712 ) ;
#1983 = VERTEX_POINT ( 'NONE', #3767 ) ;
#1984 = CARTESIAN_POINT ( 'NONE',  ( 1.299038105676672439, 0.7499999999999933387, 0.6566666666666687302 ) ) ;
#1985 = CARTESIAN_POINT ( 'NONE',  ( -2.878508968398426089E-16, 1.175240473580839273, 0.5525000000000030997 ) ) ;
#1986 = EDGE_CURVE ( 'NONE', #5926, #5935, #4298, .T. ) ;
#1987 = CARTESIAN_POINT ( 'NONE',  ( 1.747675807568897399, -1.559232797599101860E-14, 3.169687500000002878 ) ) ;
#1988 = AXIS2_PLACEMENT_3D ( 'NONE', #3929, #1086, #3013 ) ;
#1989 = DIRECTION ( 'NONE',  ( 1.000000000000000000, 0.000000000000000000, 0.000000000000000000 ) ) ;
#1990 = DIRECTION ( 'NONE',  ( 8.881784197001252323E-16, -1.000000000000000000, 0.000000000000000000 ) ) ;
#1991 = EDGE_CURVE ( 'NONE', #4477, #6157, #377, .T. ) ;
#1992 = CARTESIAN_POINT ( 'NONE',  ( 0.1036295785559331745, 1.196260662152803800, 4.584606775222013653 ) ) ;
#1993 = VECTOR ( 'NONE', #2061, 1000.000000000000114 ) ;
#1994 = CARTESIAN_POINT ( 'NONE',  ( -1.747675807568897621, -1.482118319465291637E-14, -3.127187499999998010 ) ) ;
#1995 = PERSON_AND_ORGANIZATION ( #4406, #5444 ) ;
#1996 = CARTESIAN_POINT ( 'NONE',  ( 1.017788105676674437, -0.5876202367904423962, 0.8233333333333360260 ) ) ;
#1997 = CARTESIAN_POINT ( 'NONE',  ( 1.017788105676674215, -0.5876202367904428403, -2.676666666666663641 ) ) ;
#1998 = DIRECTION ( 'NONE',  ( 1.000000000000000000, -1.204877100735204604E-16, -0.000000000000000000 ) ) ;
#1999 = EDGE_CURVE ( 'NONE', #4501, #1311, #1741, .T. ) ;
#2000 = CARTESIAN_POINT ( 'NONE',  ( -1.017788105676674659, -0.5876202367904421742, -2.343333333333330160 ) ) ;
#2001 = CARTESIAN_POINT ( 'NONE',  ( 1.299038105676672883, 0.7499999999999923395, -2.780833333333329271 ) ) ;
#2002 = CARTESIAN_POINT ( 'NONE',  ( -1.017788105676674881, 0.5876202367904108659, 0.5733333333333362480 ) ) ;
#2003 = CARTESIAN_POINT ( 'NONE',  ( -3.673940397442101283E-16, 1.500000000000001554, 0.2400000000000019618 ) ) ;
#2004 = CARTESIAN_POINT ( 'NONE',  ( 0.6785254037844502539, 1.175240473580839273, -2.989166666666663197 ) ) ;
#2005 = ORIENTED_EDGE ( 'NONE', *, *, #4817, .T. ) ;
#2006 = CARTESIAN_POINT ( 'NONE',  ( -1.747675807568897621, -1.555540201117705455E-14, -0.6271874999999978995 ) ) ;
#2007 = CARTESIAN_POINT ( 'NONE',  ( -1.017788105676674659, -0.5876202367904417301, -5.843333333333330160 ) ) ;
#2008 = CARTESIAN_POINT ( 'NONE',  ( 0.6785254037844493658, 1.175240473580838829, 3.448333333333336359 ) ) ;
#2009 = PLANE ( 'NONE',  #1988 ) ;
#2010 = CARTESIAN_POINT ( 'NONE',  ( 0.000000000000000000, 1.500000000000001998, -4.259999999999998010 ) ) ;
#2011 = ORIENTED_EDGE ( 'NONE', *, *, #5022, .F. ) ;
#2012 = CARTESIAN_POINT ( 'NONE',  ( 0.1051267183062862126, -0.9227480026794847578, 4.596799999999999997 ) ) ;
#2013 = CARTESIAN_POINT ( 'NONE',  ( -1.357050807568899176, -1.469871851473818122E-14, -4.322499999999996234 ) ) ;
#2014 = ORIENTED_EDGE ( 'NONE', *, *, #3924, .T. ) ;
#2015 = CARTESIAN_POINT ( 'NONE',  ( 0.2607495332532545063, -1.358185157725201764, 6.071772086592593709 ) ) ;
#2016 = CARTESIAN_POINT ( 'NONE',  ( 0.6785254037844494768, 1.175240473580838829, 3.010833333333335915 ) ) ;
#2017 = CARTESIAN_POINT ( 'NONE',  ( -1.310756855676672661, -0.7567658234670909811, 2.961354166666670285 ) ) ;
#2018 = CARTESIAN_POINT ( 'NONE',  ( 1.199498189242979462, -0.07570317101015615335, 4.596799999999999997 ) ) ;
#2019 = CARTESIAN_POINT ( 'NONE',  ( -1.017788105676674437, 0.5876202367904127533, -5.864166666666663197 ) ) ;
#2020 = CARTESIAN_POINT ( 'NONE',  ( 0.000000000000000000, 1.500000000000001554, -1.697499999999995346 ) ) ;
#2021 = CARTESIAN_POINT ( 'NONE',  ( 0.8738379037844482555, -1.513531646934165087, -0.9605208333333306037 ) ) ;
#2022 = APPROVAL_DATE_TIME ( #465, #1621 ) ;
#2023 = CARTESIAN_POINT ( 'NONE',  ( -2.878508968398425596E-16, 1.175240473580839273, 0.4900000000000030442 ) ) ;
#2024 = CARTESIAN_POINT ( 'NONE',  ( -0.8738379037844493658, -1.513531646934163533, -6.496979166666663197 ) ) ;
#2025 = EDGE_LOOP ( 'NONE', ( #4340, #5515 ) ) ;
#2026 = CARTESIAN_POINT ( 'NONE',  ( 0.1105063561783046905, 0.8681195217894810412, 4.596799999999999997 ) ) ;
#2027 = LINE ( 'NONE', #3948, #4568 ) ;
#2028 = FACE_OUTER_BOUND ( 'NONE', #2258, .T. ) ;
#2029 = CARTESIAN_POINT ( 'NONE',  ( -1.357050807568898954, -1.551330477745636829E-14, -0.3849999999999971223 ) ) ;
#2030 = CARTESIAN_POINT ( 'NONE',  ( -0.6785254037844500319, -1.175240473580869249, -2.239166666666663641 ) ) ;
#2031 = ADVANCED_FACE ( 'NONE', ( #1907 ), #3830, .T. ) ;
#2032 = ORIENTED_EDGE ( 'NONE', *, *, #4902, .T. ) ;
#2033 = CARTESIAN_POINT ( 'NONE',  ( -1.310756855676672883, -0.7567658234670908701, 1.414479166666668508 ) ) ;
#2034 = CARTESIAN_POINT ( 'NONE',  ( 0.000000000000000000, 1.175240473580839939, -4.509999999999996234 ) ) ;
#2035 = DIRECTION ( 'NONE',  ( 0.1218693434051477398, 0.000000000000000000, 0.9925461516413219831 ) ) ;
#2036 = FACE_OUTER_BOUND ( 'NONE', #2483, .T. ) ;
#2037 = ADVANCED_FACE ( 'NONE', ( #5334 ), #2271, .T. ) ;
#2038 = CARTESIAN_POINT ( 'NONE',  ( -3.673940397442100790E-16, 1.500000000000001554, 0.3025000000000041545 ) ) ;
#2039 = ORIENTED_EDGE ( 'NONE', *, *, #986, .F. ) ;
#2040 = CARTESIAN_POINT ( 'NONE',  ( -1.191375156007330904, -0.09491567479641861704, 4.596799999999999997 ) ) ;
#2041 = AXIS2_PLACEMENT_3D ( 'NONE', #469, #1516, #4397 ) ;
#2042 = CARTESIAN_POINT ( 'NONE',  ( -0.6785254037844494768, 1.175240473580839495, -2.905833333333330160 ) ) ;
#2043 = ORIENTED_EDGE ( 'NONE', *, *, #4792, .T. ) ;
#2044 = DIRECTION ( 'NONE',  ( -0.000000000000000000, -1.224646799147353207E-16, 1.000000000000000000 ) ) ;
#2045 = CARTESIAN_POINT ( 'NONE',  ( -0.6785254037844501429, 1.175240473580838829, -2.468333333333330160 ) ) ;
#2046 =( BOUNDED_CURVE ( )  B_SPLINE_CURVE ( 2, ( #1147, #5027, #3650, #4640, #1242, #2606, #734 ),
 .UNSPECIFIED., .F., .F. ) 
 B_SPLINE_CURVE_WITH_KNOTS ( ( 3, 2, 2, 3 ),
 ( 0.4999999999999998335, 0.5151515151515150270, 0.5303030303030302761, 0.5454545454545454142 ),
 .UNSPECIFIED. ) 
 CURVE ( )  GEOMETRIC_REPRESENTATION_ITEM ( )  RATIONAL_B_SPLINE_CURVE ( ( 1.000000000000001554, 0.8660254037844373753, 1.000000000000000000, 0.8660254037844387076, 1.000000000000000000, 0.8660254037844387076, 1.000000000000000000 ) ) 
 REPRESENTATION_ITEM ( '' )  );
#2047 = PLANE ( 'NONE',  #2179 ) ;
#2048 = DIRECTION ( 'NONE',  ( -0.3826834323650920577, 0.9238795325112858503, 0.000000000000000000 ) ) ;
#2049 = CARTESIAN_POINT ( 'NONE',  ( -1.281697830216365075, 0.1686891805415850487, 5.336847168515006956 ) ) ;
#2050 = ORIENTED_EDGE ( 'NONE', *, *, #2332, .F. ) ;
#2051 = CARTESIAN_POINT ( 'NONE',  ( 1.299038105676672883, 0.7499999999999921174, -1.780833333333328827 ) ) ;
#2052 = CARTESIAN_POINT ( 'NONE',  ( -0.8738379037844486996, 1.513531646934134001, -1.710520833333330826 ) ) ;
#2053 = SHAPE_DEFINITION_REPRESENTATION ( #898, #3193 ) ;
#2054 = CARTESIAN_POINT ( 'NONE',  ( 1.017788105676674215, 0.5876202367904118651, 0.9066666666666692853 ) ) ;
#2055 = CARTESIAN_POINT ( 'NONE',  ( 0.6785254037844502539, 1.175240473580838829, -2.051666666666663197 ) ) ;
#2056 = ORIENTED_EDGE ( 'NONE', *, *, #2716, .F. ) ;
#2057 = CARTESIAN_POINT ( 'NONE',  ( -0.1051267183062800786, 0.8951647877168023015, 4.596799999999999997 ) ) ;
#2058 = DIRECTION ( 'NONE',  ( -1.041129378932025800E-14, -0.9925461516413219831, 0.1218693434051476149 ) ) ;
#2059 = CARTESIAN_POINT ( 'NONE',  ( 0.000000000000000000, 1.500000000000001776, -2.697499999999994902 ) ) ;
#2060 = CARTESIAN_POINT ( 'NONE',  ( -0.6785254037844501429, 1.175240473580838607, 1.031666666666669396 ) ) ;
#2061 = DIRECTION ( 'NONE',  ( 0.02423420014170607137, -0.1218335514324820484, 0.9922546494165902509 ) ) ;
#2062 = CARTESIAN_POINT ( 'NONE',  ( 1.357050807568899176, -1.500048393031341643E-14, -4.572499999999997122 ) ) ;
#2063 = ADVANCED_FACE ( 'NONE', ( #5365 ), #3921, .T. ) ;
#2064 = VERTEX_POINT ( 'NONE', #3949 ) ;
#2065 = CARTESIAN_POINT ( 'NONE',  ( -1.357050807568899176, -1.527602946012156736E-14, -2.322499999999997566 ) ) ;
#2066 = EDGE_CURVE ( 'NONE', #1840, #4379, #612, .T. ) ;
#2067 = CARTESIAN_POINT ( 'NONE',  ( 0.6785254037844502539, 1.175240473580839495, -5.551666666666663197 ) ) ;
#2068 = CARTESIAN_POINT ( 'NONE',  ( 3.653965153383165128E-12, 1.412153057931390787, -6.146781544349384063 ) ) ;
#2069 = CARTESIAN_POINT ( 'NONE',  ( 1.357050807568899176, -1.487036520790400876E-14, -5.634999999999996234 ) ) ;
#2070 = ORIENTED_EDGE ( 'NONE', *, *, #5362, .T. ) ;
#2071 = CARTESIAN_POINT ( 'NONE',  ( 0.1686891805415720036, 1.281697830216367073, 5.336847168515001627 ) ) ;
#2073 = EDGE_CURVE ( 'NONE', #3993, #2313, #4718, .T. ) ;
#2072 = CARTESIAN_POINT ( 'NONE',  ( 0.000000000000000000, 1.175240473580839939, -4.447499999999996234 ) ) ;
#2074 = ORIENTED_EDGE ( 'NONE', *, *, #4965, .F. ) ;
#2075 = CARTESIAN_POINT ( 'NONE',  ( 0.2816497863669269464, -1.344836440886495010, 6.074254017091210045 ) ) ;
#2076 = VECTOR ( 'NONE', #3237, 1000.000000000000000 ) ;
#2077 = CARTESIAN_POINT ( 'NONE',  ( 1.357050807568899176, -1.552535510416264347E-14, 2.427500000000002434 ) ) ;
#2078 = DIRECTION ( 'NONE',  ( 0.000000000000000000, -1.000000000000000000, 0.000000000000000000 ) ) ;
#2079 = DIRECTION ( 'NONE',  ( 0.000000000000000000, 0.000000000000000000, 1.000000000000000000 ) ) ;
#2080 = CARTESIAN_POINT ( 'NONE',  ( -1.017788105676674215, -0.5876202367904432844, 1.719166666666669174 ) ) ;
#2081 = VECTOR ( 'NONE', #4549, 1000.000000000000114 ) ;
#2082 = CARTESIAN_POINT ( 'NONE',  ( 1.017788105676674215, -0.5876202367904426183, -5.114166666666663197 ) ) ;
#2083 = CARTESIAN_POINT ( 'NONE',  ( 0.2878278588507763303, 1.354581615333148470, 6.084781381380379273 ) ) ;
#2084 =( BOUNDED_CURVE ( )  B_SPLINE_CURVE ( 2, ( #5599, #1115, #3046, #4511, #3110, #3621, #2106 ),
 .UNSPECIFIED., .F., .T. ) 
 B_SPLINE_CURVE_WITH_KNOTS ( ( 3, 2, 2, 3 ),
 ( 0.2272727272727272374, 0.2424242424242423477, 0.2575757575757574025, 0.2727272727272724850 ),
 .UNSPECIFIED. ) 
 CURVE ( )  GEOMETRIC_REPRESENTATION_ITEM ( )  RATIONAL_B_SPLINE_CURVE ( ( 1.000000000000000222, 0.8660254037844384856, 1.000000000000000000, 0.8660254037844387076, 1.000000000000000000, 0.8660254037844407060, 0.9999999999999980016 ) ) 
 REPRESENTATION_ITEM ( '' )  );
#2085 = CARTESIAN_POINT ( 'NONE',  ( 0.8738379037844496988, 1.513531646934134001, -0.7938541666666640850 ) ) ;
#2086 = COORDINATED_UNIVERSAL_TIME_OFFSET ( 6, 0, .BEHIND. ) ;
#2087 = CARTESIAN_POINT ( 'NONE',  ( 1.439254484199212798E-16, -1.175240473580869693, 1.240000000000002878 ) ) ;
#2088 = CARTESIAN_POINT ( 'NONE',  ( -0.6785254037844494768, 1.175240473580839273, -1.968333333333329715 ) ) ;
#2089 = ORIENTED_EDGE ( 'NONE', *, *, #3420, .T. ) ;
#2090 = CARTESIAN_POINT ( 'NONE',  ( -0.8660254037844499209, 1.499999999999998446, -3.155833333333328827 ) ) ;
#2091 = VECTOR ( 'NONE', #2420, 999.9999999999998863 ) ;
#2092 = CARTESIAN_POINT ( 'NONE',  ( -3.292796171025340777E-16, 1.344386060257486193, 3.392343750000002878 ) ) ;
#2093 = ORIENTED_EDGE ( 'NONE', *, *, #474, .T. ) ;
#2094 = CARTESIAN_POINT ( 'NONE',  ( 1.439254484199213045E-16, -1.175240473580869693, -2.197499999999997122 ) ) ;
#2095 = CARTESIAN_POINT ( 'NONE',  ( 1.017788105676674437, -0.5876202367904423962, 0.8233333333333360260 ) ) ;
#2096 = CARTESIAN_POINT ( 'NONE',  ( 0.2300935508436758592, -1.333432394539976196, 5.826719042624840306 ) ) ;
#2097 = CARTESIAN_POINT ( 'NONE',  ( -0.6785254037844494768, 1.175240473580839717, -3.405833333333330160 ) ) ;
#2098 = ORIENTED_EDGE ( 'NONE', *, *, #4940, .F. ) ;
#2099 = CARTESIAN_POINT ( 'NONE',  ( 0.6785254037844500319, -1.175240473580869471, -2.155833333333330604 ) ) ;
#2100 = CARTESIAN_POINT ( 'NONE',  ( 1.017788105676675103, 0.5876202367904115320, -4.093333333333330160 ) ) ;
#2101 = CARTESIAN_POINT ( 'NONE',  ( 1.357050807568898954, -1.564016574158270610E-14, 3.365000000000002434 ) ) ;
#2102 = DIRECTION ( 'NONE',  ( -0.000000000000000000, -1.224646799147353207E-16, 1.000000000000000000 ) ) ;
#2103 = CARTESIAN_POINT ( 'NONE',  ( -0.4538728123416809201, 0.5671683580306352557, 6.242448403943561708 ) ) ;
#2104 = ADVANCED_FACE ( 'NONE', ( #2028 ), #2908, .T. ) ;
#2105 = VERTEX_POINT ( 'NONE', #3384 ) ;
#2106 = CARTESIAN_POINT ( 'NONE',  ( 0.000000000000000000, 1.500000000000001998, -4.759999999999998899 ) ) ;
#2107 = CARTESIAN_POINT ( 'NONE',  ( 0.6785254037844502539, 1.175240473580839495, -6.051666666666664085 ) ) ;
#2108 = ORIENTED_EDGE ( 'NONE', *, *, #3148, .F. ) ;
#2109 = DIRECTION ( 'NONE',  ( -0.02423420014170638709, -0.1218335514324820762, 0.9922546494165902509 ) ) ;
#2110 = CARTESIAN_POINT ( 'NONE',  ( -2.878508968398426089E-16, 1.175240473580839051, 2.052500000000003322 ) ) ;
#2111 = DIRECTION ( 'NONE',  ( -0.000000000000000000, -1.224646799147353207E-16, 1.000000000000000000 ) ) ;
#2112 = EDGE_CURVE ( 'NONE', #697, #4741, #1296, .T. ) ;
#2113 = CARTESIAN_POINT ( 'NONE',  ( 3.653965153383165128E-12, 1.412153057931390787, -6.146781544349384063 ) ) ;
#2114 = CARTESIAN_POINT ( 'NONE',  ( -2.878508968398426089E-16, 1.175240473580839051, 2.052500000000003322 ) ) ;
#2115 = CYLINDRICAL_SURFACE ( 'NONE', #2140, 0.2109150000000000469 ) ;
#2116 = DIRECTION ( 'NONE',  ( 0.000000000000000000, -1.000000000000000000, 0.000000000000000000 ) ) ;
#2117 = CARTESIAN_POINT ( 'NONE',  ( 0.000000000000000000, 1.175240473580839939, -4.947499999999997122 ) ) ;
#2118 = CARTESIAN_POINT ( 'NONE',  ( 0.8738379037844491437, -1.513531646934163755, -1.413645833333329715 ) ) ;
#2119 = CARTESIAN_POINT ( 'NONE',  ( -1.747675807568897621, -1.452076202673708289E-14, -5.580312499999996234 ) ) ;
#2120 = VERTEX_POINT ( 'NONE', #1012 ) ;
#2121 = CARTESIAN_POINT ( 'NONE',  ( -0.8660254037844439257, -1.500000000000039524, -0.4891666666666624197 ) ) ;
#2122 =( BOUNDED_CURVE ( )  B_SPLINE_CURVE ( 3, ( #1905, #2057, #5011, #1549 ),
 .UNSPECIFIED., .F., .F. ) 
 B_SPLINE_CURVE_WITH_KNOTS ( ( 4, 4 ),
 ( 2.946725557337479984, 3.336459749842108469 ),
 .UNSPECIFIED. ) 
 CURVE ( )  GEOMETRIC_REPRESENTATION_ITEM ( )  RATIONAL_B_SPLINE_CURVE ( ( 1.000000000000000000, 0.9873822754559015147, 0.9873822754559015147, 1.000000000000000000 ) ) 
 REPRESENTATION_ITEM ( '' )  );
#2123 = CARTESIAN_POINT ( 'NONE',  ( -1.836970198721050395E-16, -1.500000000000031752, -3.509999999999998010 ) ) ;
#2124 = CARTESIAN_POINT ( 'NONE',  ( 0.2607495332532545063, -1.358185157725201764, 6.071772086592593709 ) ) ;
#2125 = CARTESIAN_POINT ( 'NONE',  ( 1.357504447233299993, 0.2642951997603937286, 6.071772086592593709 ) ) ;
#2126 = CARTESIAN_POINT ( 'NONE',  ( -1.357050807568899176, -1.506611255448238667E-14, -1.322499999999996456 ) ) ;
#2127 = ORIENTED_EDGE ( 'NONE', *, *, #4598, .T. ) ;
#2128 = CARTESIAN_POINT ( 'NONE',  ( 1.357050807568899176, -1.497426404454633215E-14, -2.072499999999997122 ) ) ;
#2129 = B_SPLINE_CURVE_WITH_KNOTS ( 'NONE', 3,
 ( #306, #6058, #3636, #3668, #1323, #2774, #5586 ),
 .UNSPECIFIED., .F., .F.,
 ( 4, 3, 4 ),
 ( 8.741117365843378158E-19, 0.0007511732205897609206, 0.001501319096047296509 ),
 .UNSPECIFIED. ) ;
#2130 = CARTESIAN_POINT ( 'NONE',  ( 0.6785254037844502539, 1.175240473580838829, -2.051666666666663641 ) ) ;
#2131 = DIRECTION ( 'NONE',  ( -0.000000000000000000, -1.224646799147353207E-16, 1.000000000000000000 ) ) ;
#2132 = CARTESIAN_POINT ( 'NONE',  ( 0.000000000000000000, -5.559191887486003557E-17, 4.126940761897675891 ) ) ;
#2133 = CARTESIAN_POINT ( 'NONE',  ( -0.2566884581598800619, 1.302949551113963489, 5.831171314594313593 ) ) ;
#2134 = ORIENTED_EDGE ( 'NONE', *, *, #5614, .T. ) ;
#2135 = CARTESIAN_POINT ( 'NONE',  ( 0.000000000000000000, -1.500000000000001110, 6.259999999999999787 ) ) ;
#2136 = CARTESIAN_POINT ( 'NONE',  ( 0.6785254037844492547, -1.175240473580869915, -1.655833333333330160 ) ) ;
#2137 = ORIENTED_EDGE ( 'NONE', *, *, #3111, .F. ) ;
#2138 = CARTESIAN_POINT ( 'NONE',  ( 0.1374464821838432549, -1.255999165852226485, 5.087305397887778469 ) ) ;
#2139 = CARTESIAN_POINT ( 'NONE',  ( -0.6785254037844491437, -1.175240473580869471, -0.8016666666666636409 ) ) ;
#2140 = AXIS2_PLACEMENT_3D ( 'NONE', #5454, #5037, #80 ) ;
#2141 = CARTESIAN_POINT ( 'NONE',  ( 0.000000000000000000, 1.500000000000001998, -4.759999999999998899 ) ) ;
#2142 = CYLINDRICAL_SURFACE ( 'NONE', #3085, 1.500000000000000888 ) ;
#2143 = FACE_OUTER_BOUND ( 'NONE', #1848, .T. ) ;
#2144 = EDGE_LOOP ( 'NONE', ( #1091, #4460, #4574, #621, #674 ) ) ;
#2145 = CARTESIAN_POINT ( 'NONE',  ( -1.017788105676675103, 0.5876202367904110879, -0.3641666666666639185 ) ) ;
#2146 = EDGE_CURVE ( 'NONE', #3537, #3993, #1269, .T. ) ;
#2147 = CARTESIAN_POINT ( 'NONE',  ( 0.6785254037844492547, -1.175240473580869249, -5.655833333333330160 ) ) ;
#2148 = CARTESIAN_POINT ( 'NONE',  ( -1.310756855676672661, -0.7567658234670903150, -2.038645833333329715 ) ) ;
#2149 = CARTESIAN_POINT ( 'NONE',  ( 1.310756855676672883, -0.7567658234670903150, -4.371979166666663197 ) ) ;
#2150 = VERTEX_POINT ( 'NONE', #3479 ) ;
#2151 = CARTESIAN_POINT ( 'NONE',  ( -0.001183083183161796632, 0.002856215466206324036, 1.084811436673219998 ) ) ;
#2152 = CARTESIAN_POINT ( 'NONE',  ( 1.017788105676674215, -0.5876202367904430623, -1.176666666666663641 ) ) ;
#2153 = EDGE_CURVE ( 'NONE', #4953, #421, #5006, .T. ) ;
#2154 = CARTESIAN_POINT ( 'NONE',  ( -0.6785254037844491437, -1.175240473580870137, 2.698333333333336359 ) ) ;
#2155 = CARTESIAN_POINT ( 'NONE',  ( 1.347545104444240582, 0.2792892724142200800, 6.073654477749245828 ) ) ;
#2156 = CARTESIAN_POINT ( 'NONE',  ( 1.741688520111578485E-16, 1.344393210065482069, -6.259999999999999787 ) ) ;
#2157 = VERTEX_POINT ( 'NONE', #2938 ) ;
#2158 = CARTESIAN_POINT ( 'NONE',  ( -1.310756855676672883, -0.7567658234670909811, 2.914479166666668064 ) ) ;
#2159 = CARTESIAN_POINT ( 'NONE',  ( -0.6785254037844494768, 1.175240473580839495, -1.968333333333329715 ) ) ;
#2160 = FACE_OUTER_BOUND ( 'NONE', #5247, .T. ) ;
#2161 = CARTESIAN_POINT ( 'NONE',  ( 0.08600137404280445985, -1.197077816990378185, 4.596799999999999997 ) ) ;
#2162 = LINE ( 'NONE', #1307, #6042 ) ;
#2163 = CARTESIAN_POINT ( 'NONE',  ( -1.017788105676674437, 0.5876202367904128643, -6.426666666666663197 ) ) ;
#2164 = EDGE_LOOP ( 'NONE', ( #2499, #72, #150, #4862 ) ) ;
#2165 = CARTESIAN_POINT ( 'NONE',  ( -3.686287416691999124E-16, -0.1051267183062891408, 4.596799999999999997 ) ) ;
#2166 = CARTESIAN_POINT ( 'NONE',  ( -1.017788105676674437, 0.5876202367904126422, -4.926666666666663197 ) ) ;
#2167 = ORIENTED_EDGE ( 'NONE', *, *, #5976, .F. ) ;
#2168 = CARTESIAN_POINT ( 'NONE',  ( -0.6472804066655160060, -0.6472804066655176713, 6.216744331379264743 ) ) ;
#2169 = CARTESIAN_POINT ( 'NONE',  ( 0.6785254037844499209, -1.175240473580869027, -1.718333333333330604 ) ) ;
#2170 = DIRECTION ( 'NONE',  ( 0.000000000000000000, -0.1218693434051478647, 0.9925461516413219831 ) ) ;
#2171 = DIRECTION ( 'NONE',  ( 0.000000000000000000, 0.000000000000000000, 1.000000000000000000 ) ) ;
#2172 = CARTESIAN_POINT ( 'NONE',  ( 0.8426359540445997887, 0.1210619955558879940, 4.596799999999999997 ) ) ;
#2173 = CARTESIAN_POINT ( 'NONE',  ( 1.017788105676674215, -0.5876202367904427293, -3.614166666666663641 ) ) ;
#2174 = CARTESIAN_POINT ( 'NONE',  ( 1.017788105676674437, 0.5876202367904119761, 0.9691666666666693963 ) ) ;
#2175 = EDGE_CURVE ( 'NONE', #874, #3198, #2477, .T. ) ;
#2176 = DIRECTION ( 'NONE',  ( 1.000000000000000000, 0.000000000000000000, 0.000000000000000000 ) ) ;
#2177 = CARTESIAN_POINT ( 'NONE',  ( 0.000000000000000000, 1.513531646934134445, -0.7521874999999976774 ) ) ;
#2178 = CARTESIAN_POINT ( 'NONE',  ( -0.8738379037844495878, 1.513531646934134001, -2.163645833333329271 ) ) ;
#2179 = AXIS2_PLACEMENT_3D ( 'NONE', #5416, #2990, #4935 ) ;
#2180 = CARTESIAN_POINT ( 'NONE',  ( 0.8738379037844482555, -1.513531646934165087, -3.413645833333329271 ) ) ;
#2181 = ORIENTED_EDGE ( 'NONE', *, *, #5989, .F. ) ;
#2182 = CARTESIAN_POINT ( 'NONE',  ( -0.1040360800434382699, -1.167134686304120539, 4.587917464159742664 ) ) ;
#2183 = CARTESIAN_POINT ( 'NONE',  ( -0.2848769957993461110, 1.338402268248517046, 6.075799443945360423 ) ) ;
#2184 = AXIS2_PLACEMENT_3D ( 'NONE', #1727, #2233, #2205 ) ;
#2185 = LINE ( 'NONE', #6060, #453 ) ;
#2186 = CARTESIAN_POINT ( 'NONE',  ( 1.344836440886493012, 0.2816497863669311097, 6.074254017091210933 ) ) ;
#2187 = CARTESIAN_POINT ( 'NONE',  ( -0.8660254037844491437, 1.500000000000001110, -0.1558333333333294657 ) ) ;
#2188 = EDGE_CURVE ( 'NONE', #3817, #2391, #5463, .T. ) ;
#2189 = VECTOR ( 'NONE', #6099, 1000.000000000000000 ) ;
#2190 = EDGE_LOOP ( 'NONE', ( #995, #3220, #5426, #6051, #1628, #5505, #3772, #802, #374, #4911, #2321, #3752, #2408, #4854, #3837, #3205, #2986, #2538, #2756, #1030 ) ) ;
#2191 = CARTESIAN_POINT ( 'NONE',  ( 0.8738379037844493658, -1.513531646934165087, 3.539479166666668952 ) ) ;
#2192 = CARTESIAN_POINT ( 'NONE',  ( -1.017788105676674437, 0.5876202367904123092, -1.926666666666663419 ) ) ;
#2193 = LOCAL_TIME ( 4, 42, 42.00000000000000000, #2086 ) ;
#2194 = CARTESIAN_POINT ( 'NONE',  ( 0.1656929168108832451, -1.223991347988389711, 5.090072102446922209 ) ) ;
#2195 = CARTESIAN_POINT ( 'NONE',  ( 0.000000000000000000, -1.719999999999999973, 3.740000000000001101 ) ) ;
#2196 = DIRECTION ( 'NONE',  ( -0.000000000000000000, -1.224646799147353207E-16, 1.000000000000000000 ) ) ;
#2197 = VERTEX_POINT ( 'NONE', #301 ) ;
#2198 = CYLINDRICAL_SURFACE ( 'NONE', #2985, 0.2109150000000001024 ) ;
#2199 = CARTESIAN_POINT ( 'NONE',  ( -1.017788105676674437, 0.5876202367904128643, -6.426666666666663197 ) ) ;
#2200 = VERTEX_POINT ( 'NONE', #6083 ) ;
#2201 = DIRECTION ( 'NONE',  ( 0.000000000000000000, -1.000000000000000000, 0.000000000000000000 ) ) ;
#2202 = CARTESIAN_POINT ( 'NONE',  ( 0.6785254037844493658, 1.175240473580839273, -2.051666666666664085 ) ) ;
#2203 = DIRECTION ( 'NONE',  ( -0.000000000000000000, -1.224646799147353207E-16, 1.000000000000000000 ) ) ;
#2204 = CARTESIAN_POINT ( 'NONE',  ( -0.2566884581598929960, -1.302949551113961046, 5.831171314594313593 ) ) ;
#2205 = DIRECTION ( 'NONE',  ( 0.000000000000000000, -1.000000000000000000, -1.224646799147353207E-16 ) ) ;
#2206 = CARTESIAN_POINT ( 'NONE',  ( -0.6785254037844494768, 1.175240473580839495, -3.405833333333330160 ) ) ;
#2207 = ORIENTED_EDGE ( 'NONE', *, *, #3032, .T. ) ;
#2208 = CARTESIAN_POINT ( 'NONE',  ( 1.439254484199213045E-16, -1.175240473580869915, -0.1974999999999973721 ) ) ;
#2209 = CARTESIAN_POINT ( 'NONE',  ( -1.224754523997362066, 0.1653532637831606478, 5.087305850523711648 ) ) ;
#2210 = CARTESIAN_POINT ( 'NONE',  ( 1.310756855676672883, 0.7567658234670597839, -2.288645833333329715 ) ) ;
#2211 = CARTESIAN_POINT ( 'NONE',  ( 0.8738379037844496988, 1.513531646934134001, -5.746979166666662309 ) ) ;
#2212 = VERTEX_POINT ( 'NONE', #4980 ) ;
#2213 = CARTESIAN_POINT ( 'NONE',  ( -1.299038105676673105, 0.7499999999999921174, -0.6141666666666627528 ) ) ;
#2214 = DIRECTION ( 'NONE',  ( -0.000000000000000000, -1.224646799147353207E-16, 1.000000000000000000 ) ) ;
#2215 = CARTESIAN_POINT ( 'NONE',  ( -0.6785254037844491437, -1.175240473580869915, 2.198333333333335915 ) ) ;
#2216 = PLANE ( 'NONE',  #5846 ) ;
#2217 = CARTESIAN_POINT ( 'NONE',  ( 0.6785254037844492547, -1.175240473580869915, -1.655833333333330160 ) ) ;
#2218 = EDGE_LOOP ( 'NONE', ( #2621, #4932, #2575, #516 ) ) ;
#2219 = CARTESIAN_POINT ( 'NONE',  ( -1.017788105676674215, -0.5876202367904429513, -1.780833333333330604 ) ) ;
#2220 = CARTESIAN_POINT ( 'NONE',  ( 0.6785254037844502539, 1.175240473580839273, -3.051666666666663641 ) ) ;
#2221 = ADVANCED_FACE ( 'NONE', ( #659 ), #3987, .T. ) ;
#2222 = DIRECTION ( 'NONE',  ( -0.000000000000000000, -1.224646799147353207E-16, 1.000000000000000000 ) ) ;
#2223 = DIRECTION ( 'NONE',  ( -0.000000000000000000, -1.224646799147353207E-16, 1.000000000000000000 ) ) ;
#2224 = CARTESIAN_POINT ( 'NONE',  ( -3.673940397442100790E-16, 1.500000000000001332, 0.8025000000000042100 ) ) ;
#2225 = ORIENTED_EDGE ( 'NONE', *, *, #1395, .T. ) ;
#2226 = CARTESIAN_POINT ( 'NONE',  ( -1.310756855676672883, -0.7567658234670904260, -2.085520833333331492 ) ) ;
#2227 = CARTESIAN_POINT ( 'NONE',  ( 1.357050807568899176, -1.542911031001498945E-14, -1.072499999999997122 ) ) ;
#2228 = EDGE_LOOP ( 'NONE', ( #793, #964, #3934, #66 ) ) ;
#2229 = CARTESIAN_POINT ( 'NONE',  ( 0.000000000000000000, -3.168163357082304046E-16, 6.259999999999999787 ) ) ;
#2230 = EDGE_CURVE ( 'NONE', #5685, #1760, #1615, .T. ) ;
#2231 = CARTESIAN_POINT ( 'NONE',  ( 0.6785254037844493658, 1.175240473580839051, -0.05166666666666384217 ) ) ;
#2232 = CARTESIAN_POINT ( 'NONE',  ( -1.279951425884188199, -0.07276852521354758296, -6.260000000000002451 ) ) ;
#2233 = DIRECTION ( 'NONE',  ( -0.000000000000000000, -1.224646799147353207E-16, 1.000000000000000000 ) ) ;
#2234 = CARTESIAN_POINT ( 'NONE',  ( -0.6785254037844494768, 1.175240473580839495, -2.905833333333330160 ) ) ;
#2235 = ORIENTED_EDGE ( 'NONE', *, *, #1688, .F. ) ;
#2236 = CARTESIAN_POINT ( 'NONE',  ( -2.878508968398426089E-16, 1.175240473580839273, 0.05250000000000306505 ) ) ;
#2237 = CARTESIAN_POINT ( 'NONE',  ( -1.304097705676719343, 0.2254535218729059320, 5.576783172816035972 ) ) ;
#2238 = CARTESIAN_POINT ( 'NONE',  ( 1.747675807568897399, -1.504123691637471043E-14, -1.330312499999996456 ) ) ;
#2239 = CARTESIAN_POINT ( 'NONE',  ( 1.310756855676673771, 0.7567658234670588957, -4.788645833333329271 ) ) ;
#2240 = ORIENTED_EDGE ( 'NONE', *, *, #3259, .T. ) ;
#2241 = CARTESIAN_POINT ( 'NONE',  ( 0.2001053846336540987, -1.486592693053719882, -6.000000000000001776 ) ) ;
#2242 = CARTESIAN_POINT ( 'NONE',  ( -0.8660254037844559161, -1.500000000000019318, 2.948333333333333695 ) ) ;
#2243 = CARTESIAN_POINT ( 'NONE',  ( 1.310756855676673771, 0.7567658234670588957, -4.835520833333330160 ) ) ;
#2244 = CARTESIAN_POINT ( 'NONE',  ( -0.8234078741651523758, -0.8385640366158095826, -6.260000000000000675 ) ) ;
#2245 = CARTESIAN_POINT ( 'NONE',  ( -1.439254484199213045E-16, -1.175240473580869693, -1.697499999999996678 ) ) ;
#2246 =( BOUNDED_CURVE ( )  B_SPLINE_CURVE ( 2, ( #5452, #5861, #610, #2551, #4386, #47, #1093 ),
 .UNSPECIFIED., .F., .F. ) 
 B_SPLINE_CURVE_WITH_KNOTS ( ( 3, 2, 2, 3 ),
 ( 0.3333333333333333148, 0.3472222222222221544, 0.3611111111111110494, 0.3749999999999998890 ),
 .UNSPECIFIED. ) 
 CURVE ( )  GEOMETRIC_REPRESENTATION_ITEM ( )  RATIONAL_B_SPLINE_CURVE ( ( 1.000000000000000444, 0.8660254037844381525, 1.000000000000000000, 0.8660254037844387076, 1.000000000000000000, 0.8660254037844398178, 0.9999999999999988898 ) ) 
 REPRESENTATION_ITEM ( '' )  );
#2247 = VERTEX_POINT ( 'NONE', #4138 ) ;
#2248 = CARTESIAN_POINT ( 'NONE',  ( 1.017788105676674659, -0.5876202367904422852, -1.114166666666663863 ) ) ;
#2249 = CARTESIAN_POINT ( 'NONE',  ( 0.6785254037844502539, 1.175240473580838829, -1.551666666666663863 ) ) ;
#2250 = ADVANCED_FACE ( 'NONE', ( #3185 ), #625, .T. ) ;
#2251 = CARTESIAN_POINT ( 'NONE',  ( 0.1051267183062853244, -1.168159110932236899, 4.596799999999999997 ) ) ;
#2252 = DIRECTION ( 'NONE',  ( 0.000000000000000000, -1.000000000000000000, -1.577100686623554731E-16 ) ) ;
#2253 = CARTESIAN_POINT ( 'NONE',  ( 0.000000000000000000, 1.500000000000002220, -5.759999999999998010 ) ) ;
#2254 = ORIENTED_EDGE ( 'NONE', *, *, #2969, .T. ) ;
#2255 = CARTESIAN_POINT ( 'NONE',  ( -0.8738379037844496988, 1.513531646934134001, -2.210520833333331048 ) ) ;
#2256 = ADVANCED_FACE ( 'NONE', ( #4495 ), #1922, .F. ) ;
#2257 = CARTESIAN_POINT ( 'NONE',  ( -1.439254484199213045E-16, -1.175240473580869471, -2.759999999999996678 ) ) ;
#2258 = EDGE_LOOP ( 'NONE', ( #4076, #5277, #1410, #3649, #4352, #3515, #4280, #2721, #5980, #4065, #3114, #6134, #5461, #42, #5880, #1586, #2740, #5849, #4154, #341, #5475, #1722, #2981, #3662, #5616, #2921, #116, #2279, #2700, #2500, #4542, #2639, #3563, #3465, #1531, #4643, #319, #1596, #2043, #705, #3056, #2446 ) ) ;
#2259 = CYLINDRICAL_SURFACE ( 'NONE', #5318, 1.500000000000000888 ) ;
#2260 = CARTESIAN_POINT ( 'NONE',  ( 1.357050807568898954, -1.515030702192376550E-14, -0.6349999999999971223 ) ) ;
#2261 = CARTESIAN_POINT ( 'NONE',  ( 0.6773898382490047831, -1.076715099473211756, 3.230689118450751351 ) ) ;
#2262 = CARTESIAN_POINT ( 'NONE',  ( 0.000000000000000000, -1.500000000000001110, 6.259999999999999787 ) ) ;
#2263 = CARTESIAN_POINT ( 'NONE',  ( -0.9637750895952295060, -0.5207266841781256206, 6.250925156629339341 ) ) ;
#2264 = ADVANCED_FACE ( 'NONE', ( #5165 ), #5166, .T. ) ;
#2265 = CARTESIAN_POINT ( 'NONE',  ( -0.6785254037844500319, -1.175240473580869249, -2.739166666666664085 ) ) ;
#2266 = ORIENTED_EDGE ( 'NONE', *, *, #5637, .T. ) ;
#2267 = CARTESIAN_POINT ( 'NONE',  ( -1.357050807568899176, -1.558219115990840839E-14, 0.1775000000000025169 ) ) ;
#2268 = CARTESIAN_POINT ( 'NONE',  ( -0.6785254037844492547, -1.175240473580869915, -2.239166666666664085 ) ) ;
#2269 = CARTESIAN_POINT ( 'NONE',  ( -3.707083373652255464E-16, 1.513531646934134223, -0.7053124999999963451 ) ) ;
#2270 = CARTESIAN_POINT ( 'NONE',  ( 1.747675807568897621, -1.540806169315464317E-14, -1.830312499999996012 ) ) ;
#2271 = CONICAL_SURFACE ( 'NONE', #4496, 1.544999999999998597, 1.047197551196600074 ) ;
#2272 = CARTESIAN_POINT ( 'NONE',  ( 1.187845105652229227, -0.09822995954705460164, 4.596799999999999997 ) ) ;
#2273 = CARTESIAN_POINT ( 'NONE',  ( -3.673940397442101283E-16, 1.500000000000001110, 2.740000000000001545 ) ) ;
#2274 = AXIS2_PLACEMENT_3D ( 'NONE', #170, #4098, #5064 ) ;
#2275 = CARTESIAN_POINT ( 'NONE',  ( -0.8738379037844493658, -1.513531646934163533, -5.543854166666664973 ) ) ;
#2276 = LINE ( 'NONE', #403, #364 ) ;
#2277 = CARTESIAN_POINT ( 'NONE',  ( 1.439254484199212798E-16, -1.175240473580869471, -0.2599999999999970113 ) ) ;
#2278 = CARTESIAN_POINT ( 'NONE',  ( 1.017788105676674215, -0.5876202367904423962, -6.176666666666664085 ) ) ;
#2279 = ORIENTED_EDGE ( 'NONE', *, *, #87, .T. ) ;
#2280 = CARTESIAN_POINT ( 'NONE',  ( 1.357050807568899176, -1.521919340437580560E-14, -0.07249999999999726108 ) ) ;
#2281 = AXIS2_PLACEMENT_3D ( 'NONE', #1064, #4003, #4357 ) ;
#2282 = CARTESIAN_POINT ( 'NONE',  ( -1.299038105676671995, -0.7500000000000245359, 1.469166666666670729 ) ) ;
#2283 = CARTESIAN_POINT ( 'NONE',  ( 0.9067387578785610636, 0.3037169132267214522, 6.170957365736450484 ) ) ;
#2284 = CARTESIAN_POINT ( 'NONE',  ( 0.000000000000000000, 2.070106209874711453E-15, 4.596799999999999997 ) ) ;
#2285 = VECTOR ( 'NONE', #927, 1000.000000000000000 ) ;
#2286 = B_SPLINE_CURVE_WITH_KNOTS ( 'NONE', 3,
 ( #2244, #884, #4175, #1299, #4270, #2749 ),
 .UNSPECIFIED., .F., .F.,
 ( 4, 2, 4 ),
 ( 7.374169015491781551E-18, 0.0004592835295906332288, 0.0009185670591812590850 ),
 .UNSPECIFIED. ) ;
#2287 = ORIENTED_EDGE ( 'NONE', *, *, #2295, .T. ) ;
#2288 = CARTESIAN_POINT ( 'NONE',  ( -0.8738379037844482555, -1.513531646934165087, -1.543854166666664751 ) ) ;
#2289 = CARTESIAN_POINT ( 'NONE',  ( -1.017788105676674437, 0.5876202367904125312, -3.426666666666663197 ) ) ;
#2290 = AXIS2_PLACEMENT_3D ( 'NONE', #1805, #3761, #4630 ) ;
#2291 = ORIENTED_EDGE ( 'NONE', *, *, #482, .T. ) ;
#2292 = CARTESIAN_POINT ( 'NONE',  ( 0.9628031646469216165, 0.3064976159286834645, 6.236834350748982736 ) ) ;
#2293 = CARTESIAN_POINT ( 'NONE',  ( 1.017788105676674437, -0.5876202367904423962, 0.8233333333333360260 ) ) ;
#2294 = DIRECTION ( 'NONE',  ( 0.3798309680908638075, 0.9169930745742606026, -0.1218693434051477398 ) ) ;
#2295 = EDGE_CURVE ( 'NONE', #648, #3355, #3518, .T. ) ;
#2296 = DIRECTION ( 'NONE',  ( 0.000000000000000000, -2.449293598294706414E-16, 1.000000000000000000 ) ) ;
#2297 = CARTESIAN_POINT ( 'NONE',  ( 0.07737216077210297416, 1.199392855347108933, 4.596799999999999997 ) ) ;
#2298 = CARTESIAN_POINT ( 'NONE',  ( 1.251243460719001499, 0.1636370356254919778, 5.073328293858296867 ) ) ;
#2299 = CARTESIAN_POINT ( 'NONE',  ( 0.000000000000000000, 1.175240473580839939, -4.947499999999997122 ) ) ;
#2300 = EDGE_LOOP ( 'NONE', ( #2074, #2093, #961, #586, #2562, #860, #929, #3025, #4221, #1088, #5478, #4321, #6232, #3552, #3694, #86, #5169, #486, #361, #819, #1055, #2781, #3834, #1619, #5569 ) ) ;
#2301 = CARTESIAN_POINT ( 'NONE',  ( -3.673940397442100790E-16, 1.500000000000001332, 0.8025000000000042100 ) ) ;
#2302 = CARTESIAN_POINT ( 'NONE',  ( 1.017788105676674659, -0.5876202367904421742, -1.614166666666663863 ) ) ;
#2303 = EDGE_CURVE ( 'NONE', #2197, #697, #1263, .T. ) ;
#2304 = CARTESIAN_POINT ( 'NONE',  ( -0.8738379037844495878, 1.513531646934133779, -0.6636458333333296045 ) ) ;
#2305 = CARTESIAN_POINT ( 'NONE',  ( -1.471376056793422871, -0.1523609411170350481, -6.047453301646418033 ) ) ;
#2306 = DIRECTION ( 'NONE',  ( -0.3826834323650948888, -0.9238795325112846291, 0.000000000000000000 ) ) ;
#2307 = LINE ( 'NONE', #2775, #500 ) ;
#2308 = CARTESIAN_POINT ( 'NONE',  ( 1.310756855676673771, 0.7567658234670588957, -4.335520833333331048 ) ) ;
#2309 = CARTESIAN_POINT ( 'NONE',  ( -3.673940397442100790E-16, 1.500000000000001110, 3.302500000000003766 ) ) ;
#2310 = CARTESIAN_POINT ( 'NONE',  ( -0.6785254037844501429, 1.175240473580838829, -1.468333333333330160 ) ) ;
#2311 = B_SPLINE_CURVE_WITH_KNOTS ( 'NONE', 3,
 ( #4328, #5200, #2837, #1927, #844, #2772, #367, #429, #3850, #2305, #6176, #3370, #880, #2808, #4755, #398 ),
 .UNSPECIFIED., .F., .F.,
 ( 4, 2, 2, 2, 2, 2, 2, 4 ),
 ( 0.002619566669544486082, 0.003522919299850038252, 0.003974595615002814337, 0.004426271930155590423, 0.004877948245308367375, 0.005329624560461143461, 0.005781300875613919546, 0.006232977190766696499 ),
 .UNSPECIFIED. ) ;
#2312 = CARTESIAN_POINT ( 'NONE',  ( 0.6785254037844492547, -1.175240473580869471, -4.718333333333329271 ) ) ;
#2313 = VERTEX_POINT ( 'NONE', #5376 ) ;
#2314 = CARTESIAN_POINT ( 'NONE',  ( -1.017788105676675103, 0.5876202367904109769, 0.6358333333333361370 ) ) ;
#2315 = CARTESIAN_POINT ( 'NONE',  ( -1.347763492480326120, 0.2790972187543723226, 6.073606227890842924 ) ) ;
#2316 = CARTESIAN_POINT ( 'NONE',  ( 0.000000000000000000, -3.168163357082304046E-16, 6.259999999999999787 ) ) ;
#2317 = DIRECTION ( 'NONE',  ( -0.000000000000000000, -1.224646799147353207E-16, 1.000000000000000000 ) ) ;
#2318 = CARTESIAN_POINT ( 'NONE',  ( -0.6785254037844494768, 1.175240473580839717, -5.905833333333330160 ) ) ;
#2319 = VERTEX_POINT ( 'NONE', #3928 ) ;
#2320 = CARTESIAN_POINT ( 'NONE',  ( -0.2992226178155504290, -0.4125181635044966599, 4.596799999999999997 ) ) ;
#2321 = ORIENTED_EDGE ( 'NONE', *, *, #1764, .F. ) ;
#2322 =( BOUNDED_CURVE ( )  B_SPLINE_CURVE ( 2, ( #3672, #1772, #2778, #6182, #5654, #3285, #5620 ),
 .UNSPECIFIED., .F., .F. ) 
 B_SPLINE_CURVE_WITH_KNOTS ( ( 3, 2, 2, 3 ),
 ( 0.5454545454545454142, 0.5606060606060605522, 0.5757575757575755793, 0.5909090909090907173 ),
 .UNSPECIFIED. ) 
 CURVE ( )  GEOMETRIC_REPRESENTATION_ITEM ( )  RATIONAL_B_SPLINE_CURVE ( ( 1.000000000000000000, 0.8660254037844387076, 1.000000000000000000, 0.8660254037844387076, 1.000000000000000000, 0.8660254037844397068, 0.9999999999999990008 ) ) 
 REPRESENTATION_ITEM ( '' )  );
#2323 = DIRECTION ( 'NONE',  ( -0.3798309680908610320, 0.9169930745742617129, 0.1218693434051478786 ) ) ;
#2324 = CARTESIAN_POINT ( 'NONE',  ( 1.017788105676674437, -0.5876202367904425072, 1.823333333333336137 ) ) ;
#2325 = CARTESIAN_POINT ( 'NONE',  ( 1.080054079793658639, -0.7407249235194660608, 3.247271671149895678 ) ) ;
#2326 = CARTESIAN_POINT ( 'NONE',  ( -1.299038105676672217, -0.7500000000000245359, -0.09333333333333196369 ) ) ;
#2327 = CARTESIAN_POINT ( 'NONE',  ( 0.8660254037844562491, 1.499999999999987121, 2.698333333333334139 ) ) ;
#2328 = CARTESIAN_POINT ( 'NONE',  ( -0.6785254037844500319, -1.175240473580869249, -2.239166666666663641 ) ) ;
#2329 = ORIENTED_EDGE ( 'NONE', *, *, #4468, .F. ) ;
#2330 = CARTESIAN_POINT ( 'NONE',  ( -1.732050807568896511, -1.574292605229649354E-14, 0.9275000000000037659 ) ) ;
#2331 = CARTESIAN_POINT ( 'NONE',  ( -0.6785254037844502539, 1.175240473580838829, 0.09416666666666947960 ) ) ;
#2332 = EDGE_CURVE ( 'NONE', #4127, #3931, #4923, .T. ) ;
#2333 = CARTESIAN_POINT ( 'NONE',  ( -0.8738379037844495878, 1.513531646934133557, 0.8363541666666700625 ) ) ;
#2334 = CARTESIAN_POINT ( 'NONE',  ( -0.8738379037844486996, 1.513531646934134445, -2.663645833333329271 ) ) ;
#2335 = CARTESIAN_POINT ( 'NONE',  ( 0.000000000000000000, 1.517883041479706208E-15, 1.085191030710668469 ) ) ;
#2336 = EDGE_CURVE ( 'NONE', #1501, #5748, #5813, .T. ) ;
#2337 = AXIS2_PLACEMENT_3D ( 'NONE', #1076, #2058, #1580 ) ;
#2338 = DIRECTION ( 'NONE',  ( -0.000000000000000000, -1.224646799147353207E-16, 1.000000000000000000 ) ) ;
#2339 = CARTESIAN_POINT ( 'NONE',  ( -1.853541686826127979E-16, -1.513531646934164199, -5.002187499999997122 ) ) ;
#2340 = DIRECTION ( 'NONE',  ( -0.000000000000000000, -0.000000000000000000, 1.000000000000000000 ) ) ;
#2341 = CARTESIAN_POINT ( 'NONE',  ( 0.6785254037844493658, 1.175240473580839051, -0.05166666666666384217 ) ) ;
#2342 = CARTESIAN_POINT ( 'NONE',  ( 1.357050807568899176, -1.505406222777611148E-14, -4.134999999999996234 ) ) ;
#2343 = ORIENTED_EDGE ( 'NONE', *, *, #1688, .T. ) ;
#2344 = CARTESIAN_POINT ( 'NONE',  ( 0.6785254037844500319, -1.175240473580869471, -0.6558333333333307147 ) ) ;
#2345 = EDGE_CURVE ( 'NONE', #5910, #6268, #5371, .T. ) ;
#2346 = AXIS2_PLACEMENT_3D ( 'NONE', #19, #3371, #5863 ) ;
#2347 = CARTESIAN_POINT ( 'NONE',  ( 0.9637750895952297281, 0.5207266841781240663, 6.250925156629339341 ) ) ;
#2348 = DIRECTION ( 'NONE',  ( -0.09315614143603774544, 0.09315614143603934139, 0.9912839485361889524 ) ) ;
#2349 = CARTESIAN_POINT ( 'NONE',  ( -0.07570317101015146266, -1.199498189242980350, 4.596799999999999997 ) ) ;
#2350 = CARTESIAN_POINT ( 'NONE',  ( 1.357050807568899176, -1.536787797005762188E-14, -1.572499999999996456 ) ) ;
#2351 = ORIENTED_EDGE ( 'NONE', *, *, #3113, .F. ) ;
#2352 = DIRECTION ( 'NONE',  ( 1.000000000000000000, -1.224646799147353207E-16, -1.499759782661857608E-32 ) ) ;
#2353 = ORIENTED_EDGE ( 'NONE', *, *, #1203, .F. ) ;
#2354 = DIRECTION ( 'NONE',  ( -0.9238795325112871826, -0.3826834323650888381, 0.000000000000000000 ) ) ;
#2355 = CARTESIAN_POINT ( 'NONE',  ( 0.6785254037844493658, 1.175240473580838829, 1.948333333333335915 ) ) ;
#2356 = DIRECTION ( 'NONE',  ( 0.9238795325112890700, -0.3826834323650843417, 6.348317777949503146E-14 ) ) ;
#2357 = CARTESIAN_POINT ( 'NONE',  ( 1.301493845349497525, 0.4366193818836405782, 3.284149099734114063 ) ) ;
#2358 = ORIENTED_EDGE ( 'NONE', *, *, #6178, .T. ) ;
#2359 = CARTESIAN_POINT ( 'NONE',  ( 0.000000000000000000, -4.151552649109528287E-16, 3.390000000000000568 ) ) ;
#2360 = CARTESIAN_POINT ( 'NONE',  ( 1.255999343241879229, 0.1374466758873846561, 5.087306936655892287 ) ) ;
#2361 = VERTEX_POINT ( 'NONE', #5972 ) ;
#2362 = CARTESIAN_POINT ( 'NONE',  ( -1.171540020575737806, 0.3213141084242279732, 3.154716428208575341 ) ) ;
#2363 = CARTESIAN_POINT ( 'NONE',  ( -0.6785254037844502539, 1.175240473580838829, -0.4058333333333303261 ) ) ;
#2364 = CARTESIAN_POINT ( 'NONE',  ( 0.8738379037844483666, 1.513531646934134001, -0.7469791666666631968 ) ) ;
#2365 = B_SPLINE_CURVE_WITH_KNOTS ( 'NONE', 3,
 ( #2349, #379, #5151, #6221, #1779, #4248, #317 ),
 .UNSPECIFIED., .F., .F.,
 ( 4, 3, 4 ),
 ( 5.364798987078809522E-17, 0.0007503818964845358546, 0.001494988009535539288 ),
 .UNSPECIFIED. ) ;
#2366 = CARTESIAN_POINT ( 'NONE',  ( 0.000000000000000000, 1.513531646934134445, -2.205312499999996234 ) ) ;
#2367 = DIRECTION ( 'NONE',  ( 0.000000000000000000, -1.000000000000000000, 0.000000000000000000 ) ) ;
#2368 = DIRECTION ( 'NONE',  ( -0.000000000000000000, -1.224646799147353207E-16, 1.000000000000000000 ) ) ;
#2369 = CARTESIAN_POINT ( 'NONE',  ( -0.8738379037844493658, -1.513531646934163533, -6.043854166666664973 ) ) ;
#2370 = CARTESIAN_POINT ( 'NONE',  ( -1.017788105676673993, -0.5876202367904429513, -0.8433333333333304926 ) ) ;
#2371 = CARTESIAN_POINT ( 'NONE',  ( -1.017788105676674437, 0.5876202367904126422, -4.926666666666663197 ) ) ;
#2372 = CARTESIAN_POINT ( 'NONE',  ( -0.4125181635044958828, -0.2992226178155511507, 4.596799999999999997 ) ) ;
#2373 = CARTESIAN_POINT ( 'NONE',  ( 1.439254484199213045E-16, -1.175240473580870137, 2.302500000000001990 ) ) ;
#2374 = VECTOR ( 'NONE', #5725, 1000.000000000000000 ) ;
#2375 = B_SPLINE_CURVE_WITH_KNOTS ( 'NONE', 3,
 ( #3016, #5380, #1025, #2071, #2952, #4896, #73 ),
 .UNSPECIFIED., .F., .F.,
 ( 4, 3, 4 ),
 ( 4.749645705579651480E-17, 0.0007503818964845376978, 0.001494988009535542757 ),
 .UNSPECIFIED. ) ;
#2376 = CARTESIAN_POINT ( 'NONE',  ( -3.673940397442102762E-16, 1.500000000000000666, 6.259999999999999787 ) ) ;
#2377 = PLANE ( 'NONE',  #1972 ) ;
#2378 = DIRECTION ( 'NONE',  ( 0.000000000000000000, -0.1218693434051477398, -0.9925461516413220942 ) ) ;
#2379 = CARTESIAN_POINT ( 'NONE',  ( -1.017788105676674437, 0.5876202367904121981, -1.364166666666663641 ) ) ;
#2380 = EDGE_CURVE ( 'NONE', #352, #4382, #6013, .T. ) ;
#2381 = AXIS2_PLACEMENT_3D ( 'NONE', #2450, #4378, #38 ) ;
#2382 = EDGE_LOOP ( 'NONE', ( #736, #4083, #2134, #4715 ) ) ;
#2383 = CARTESIAN_POINT ( 'NONE',  ( 1.747675807568897621, -1.521919340437580560E-14, 0.1228125000000020450 ) ) ;
#2384 = EDGE_LOOP ( 'NONE', ( #4610, #6070, #329, #3521 ) ) ;
#2385 = FACE_OUTER_BOUND ( 'NONE', #1893, .T. ) ;
#2386 = CIRCLE ( 'NONE', #458, 1.382988518302598724 ) ;
#2387 = VECTOR ( 'NONE', #1948, 1000.000000000000114 ) ;
#2388 = CARTESIAN_POINT ( 'NONE',  ( -0.6785254037844491437, -1.175240473580869915, 1.198333333333336359 ) ) ;
#2389 = DIRECTION ( 'NONE',  ( -0.000000000000000000, -1.224646799147353207E-16, 1.000000000000000000 ) ) ;
#2390 = CARTESIAN_POINT ( 'NONE',  ( 1.299038105676672439, -0.7500000000000236478, 2.135833333333337247 ) ) ;
#2391 = VERTEX_POINT ( 'NONE', #4956 ) ;
#2392 = CARTESIAN_POINT ( 'NONE',  ( -0.2254535218728251078, 1.304097705676515728, 5.576783172816043077 ) ) ;
#2393 = LINE ( 'NONE', #1824, #5742 ) ;
#2394 = CIRCLE ( 'NONE', #3197, 5.174808969289331095 ) ;
#2395 = VERTEX_POINT ( 'NONE', #602 ) ;
#2396 = CARTESIAN_POINT ( 'NONE',  ( -1.017788105676675103, 0.5876202367904106438, 3.135833333333335915 ) ) ;
#2397 = CARTESIAN_POINT ( 'NONE',  ( -2.878508968398426089E-16, 1.175240473580839273, 0.05250000000000306505 ) ) ;
#2398 = APPROVAL_PERSON_ORGANIZATION ( #3347, #1621, #1513 ) ;
#2399 = CARTESIAN_POINT ( 'NONE',  ( 1.310756855676673105, -0.7567658234670897599, 0.6280208333333368032 ) ) ;
#2400 = CARTESIAN_POINT ( 'NONE',  ( -1.747675807568897621, -1.488815606648129149E-14, -2.580312499999995346 ) ) ;
#2401 =( BOUNDED_CURVE ( )  B_SPLINE_CURVE ( 3, ( #945, #4334, #3946, #1393 ),
 .UNSPECIFIED., .F., .F. ) 
 B_SPLINE_CURVE_WITH_KNOTS ( ( 4, 4 ),
 ( 2.751979090126459582, 3.531206217053127983 ),
 .UNSPECIFIED. ) 
 CURVE ( )  GEOMETRIC_REPRESENTATION_ITEM ( )  RATIONAL_B_SPLINE_CURVE ( ( 1.000000000000000000, 0.9500372729921764403, 0.9500372729921764403, 1.000000000000000000 ) ) 
 REPRESENTATION_ITEM ( '' )  );
#2402 = CARTESIAN_POINT ( 'NONE',  ( 1.836970198721050395E-16, -1.500000000000031974, 0.05250000000000390465 ) ) ;
#2403 = CARTESIAN_POINT ( 'NONE',  ( 0.9609583210510930229, -0.2972229608625832076, 6.161298346890662359 ) ) ;
#2404 = CARTESIAN_POINT ( 'NONE',  ( 0.8738379037844482555, -1.513531646934165087, -2.460520833333330604 ) ) ;
#2405 = PERSON_AND_ORGANIZATION ( #4406, #5444 ) ;
#2406 = CARTESIAN_POINT ( 'NONE',  ( -0.6785254037844491437, -1.175240473580869471, -2.301666666666663641 ) ) ;
#2407 = CARTESIAN_POINT ( 'NONE',  ( -0.6785254037844494768, 1.175240473580839495, -2.968333333333330604 ) ) ;
#2408 = ORIENTED_EDGE ( 'NONE', *, *, #1517, .F. ) ;
#2409 = CARTESIAN_POINT ( 'NONE',  ( -0.6785254037844502539, 1.175240473580838607, 1.594166666666669396 ) ) ;
#2410 = CARTESIAN_POINT ( 'NONE',  ( 0.6785254037844502539, 1.175240473580839273, -4.551666666666663197 ) ) ;
#2411 = CARTESIAN_POINT ( 'NONE',  ( 5.295227848339455835E-17, -3.580312731240742022E-15, 6.071772086592593709 ) ) ;
#2412 = CARTESIAN_POINT ( 'NONE',  ( 1.732050807568896733, -1.515796106441844118E-14, -0.3849999999999984546 ) ) ;
#2413 = CARTESIAN_POINT ( 'NONE',  ( -1.357050807568899176, -1.457625383482344608E-14, -5.322499999999996234 ) ) ;
#2414 = ORIENTED_EDGE ( 'NONE', *, *, #1303, .T. ) ;
#2415 = CARTESIAN_POINT ( 'NONE',  ( -1.310756855676672883, -0.7567658234670906481, -0.08552083333333154735 ) ) ;
#2416 = EDGE_CURVE ( 'NONE', #4127, #2945, #4190, .T. ) ;
#2417 = EDGE_LOOP ( 'NONE', ( #130, #4545, #6260, #6265 ) ) ;
#2418 = CARTESIAN_POINT ( 'NONE',  ( 0.000000000000000000, 1.344393210065481847, -6.259999999999999787 ) ) ;
#2419 = CARTESIAN_POINT ( 'NONE',  ( 0.6785254037844499209, -1.175240473580869471, 0.7816666666666698404 ) ) ;
#2420 = DIRECTION ( 'NONE',  ( 0.09315614143603849484, 0.09315614143603878627, -0.9912839485361889524 ) ) ;
#2421 = CARTESIAN_POINT ( 'NONE',  ( 1.836970198721050395E-16, -1.500000000000032419, 3.052500000000003766 ) ) ;
#2422 = ORIENTED_EDGE ( 'NONE', *, *, #629, .F. ) ;
#2423 = CARTESIAN_POINT ( 'NONE',  ( 1.269983085977787418, -0.4410624271013146025, -6.259999999999999787 ) ) ;
#2424 = EDGE_CURVE ( 'NONE', #5409, #665, #376, .T. ) ;
#2425 = ORIENTED_EDGE ( 'NONE', *, *, #4385, .F. ) ;
#2426 = CARTESIAN_POINT ( 'NONE',  ( 1.357050807568899176, -1.552535510416264347E-14, 2.427500000000002434 ) ) ;
#2427 = CARTESIAN_POINT ( 'NONE',  ( -1.017788105676674215, -0.5876202367904430623, -0.7808333333333308257 ) ) ;
#2428 = LINE ( 'NONE', #16, #5529 ) ;
#2429 = CARTESIAN_POINT ( 'NONE',  ( -1.302949746266639508, -0.2566886944630907830, 5.831173239129406660 ) ) ;
#2430 = DIRECTION ( 'NONE',  ( -0.02423420014170526646, 0.1218335514324819652, 0.9922546494165902509 ) ) ;
#2431 = CARTESIAN_POINT ( 'NONE',  ( -0.8660254037844482555, 1.500000000000001554, -2.218333333333331492 ) ) ;
#2432 = CARTESIAN_POINT ( 'NONE',  ( -0.8738379037844486996, 1.513531646934134445, -2.210520833333331048 ) ) ;
#2433 = SECURITY_CLASSIFICATION_LEVEL ( 'unclassified' ) ;
#2434 = CARTESIAN_POINT ( 'NONE',  ( -0.6785254037844491437, -1.175240473580870137, 2.698333333333336359 ) ) ;
#2435 = CARTESIAN_POINT ( 'NONE',  ( 1.017788105676674215, -0.5876202367904426183, -4.676666666666663197 ) ) ;
#2436 = EDGE_LOOP ( 'NONE', ( #3093, #743, #1368, #275 ) ) ;
#2437 = CARTESIAN_POINT ( 'NONE',  ( 0.6785254037844494768, 1.175240473580838829, 2.510833333333336359 ) ) ;
#2438 = CARTESIAN_POINT ( 'NONE',  ( 0.000000000000000000, 1.175240473580839939, -4.509999999999996234 ) ) ;
#2439 = CARTESIAN_POINT ( 'NONE',  ( 1.168159110932235789, 0.1051267183062889049, 4.596799999999999997 ) ) ;
#2440 = CARTESIAN_POINT ( 'NONE',  ( 1.017788105676674437, -0.5876202367904422852, -0.6766666666666637520 ) ) ;
#2441 = CARTESIAN_POINT ( 'NONE',  ( -1.299038105676673105, 0.7499999999999921174, 0.3233333333333350268 ) ) ;
#2442 = CARTESIAN_POINT ( 'NONE',  ( -1.017788105676674437, 0.5876202367904123092, -1.864166666666663197 ) ) ;
#2443 = VERTEX_POINT ( 'NONE', #5084 ) ;
#2444 = CARTESIAN_POINT ( 'NONE',  ( -1.310756855676673771, 0.7567658234670582296, 0.8311458333333354709 ) ) ;
#2445 = ADVANCED_FACE ( 'NONE', ( #2160 ), #1685, .T. ) ;
#2446 = ORIENTED_EDGE ( 'NONE', *, *, #4042, .T. ) ;
#2447 = CARTESIAN_POINT ( 'NONE',  ( 1.017788105676674215, -0.5876202367904426183, -5.176666666666663197 ) ) ;
#2448 = CARTESIAN_POINT ( 'NONE',  ( 1.732050807568896511, -1.503875414278676959E-14, -4.822499999999996234 ) ) ;
#2449 = CARTESIAN_POINT ( 'NONE',  ( -0.2677179653690157091, -1.356232658073295960, 6.071935536153222124 ) ) ;
#2450 = CARTESIAN_POINT ( 'NONE',  ( 0.000000000000000000, 1.322597666198111785E-17, 3.565000000000001279 ) ) ;
#2451 = EDGE_CURVE ( 'NONE', #478, #2319, #2662, .T. ) ;
#2452 = ORIENTED_EDGE ( 'NONE', *, *, #2460, .T. ) ;
#2453 = CARTESIAN_POINT ( 'NONE',  ( -1.198448955679933814, -0.08275259656694529398, 4.596799999999999997 ) ) ;
#2454 = CARTESIAN_POINT ( 'NONE',  ( -1.017788105676674659, -0.5876202367904420631, -2.780833333333330160 ) ) ;
#2455 = ORIENTED_EDGE ( 'NONE', *, *, #4126, .F. ) ;
#2456 = DIRECTION ( 'NONE',  ( 0.000000000000000000, -1.000000000000000000, 0.000000000000000000 ) ) ;
#2457 = B_SPLINE_CURVE_WITH_KNOTS ( 'NONE', 3,
 ( #3053, #171, #1250, #2613, #2232, #2673, #6012, #5984, #6108, #266 ),
 .UNSPECIFIED., .F., .F.,
 ( 4, 2, 2, 2, 4 ),
 ( 0.001089310134619078272, 0.001477658918550161680, 0.001866007702481244871, 0.002254356486412328279, 0.002642705270343411687 ),
 .UNSPECIFIED. ) ;
#2458 = CARTESIAN_POINT ( 'NONE',  ( 0.6785254037844500319, -1.175240473580869471, 0.3441666666666692853 ) ) ;
#2459 = PLANE ( 'NONE',  #253 ) ;
#2460 = EDGE_CURVE ( 'NONE', #5994, #5080, #1204, .T. ) ;
#2461 = PLANE ( 'NONE',  #5130 ) ;
#2462 = CYLINDRICAL_SURFACE ( 'NONE', #311, 1.500000000000000888 ) ;
#2463 = LINE ( 'NONE', #4359, #2827 ) ;
#2464 = CARTESIAN_POINT ( 'NONE',  ( 0.8738379037844496988, 1.513531646934134001, -1.293854166666664307 ) ) ;
#2465 = DATE_TIME_ROLE ( 'creation_date' ) ;
#2466 = CARTESIAN_POINT ( 'NONE',  ( 0.6785254037844493658, 1.175240473580838829, 1.948333333333335915 ) ) ;
#2467 = CARTESIAN_POINT ( 'NONE',  ( -1.853541686826127979E-16, -1.513531646934163977, -5.955312499999996234 ) ) ;
#2468 = FACE_OUTER_BOUND ( 'NONE', #2578, .T. ) ;
#2469 = CARTESIAN_POINT ( 'NONE',  ( -1.017788105676675103, 0.5876202367904107549, 2.635833333333336359 ) ) ;
#2470 = CARTESIAN_POINT ( 'NONE',  ( 1.357050807568899176, -1.499282988781874391E-14, -4.634999999999996234 ) ) ;
#2471 = CC_DESIGN_PERSON_AND_ORGANIZATION_ASSIGNMENT ( #3440, #5392, ( #3670 ) ) ;
#2472 = DIRECTION ( 'NONE',  ( -0.000000000000000000, -1.224646799147353207E-16, 1.000000000000000000 ) ) ;
#2473 = CARTESIAN_POINT ( 'NONE',  ( -1.357050807568898954, -1.569700179732847101E-14, 1.115000000000002656 ) ) ;
#2474 = CARTESIAN_POINT ( 'NONE',  ( -1.439254484199213045E-16, -1.175240473580869471, -3.697499999999996678 ) ) ;
#2475 = ORIENTED_EDGE ( 'NONE', *, *, #3367, .F. ) ;
#2476 = CARTESIAN_POINT ( 'NONE',  ( 1.310756855676673105, 0.7567658234670597839, -0.8355208333333310478 ) ) ;
#2477 = CIRCLE ( 'NONE', #145, 0.1750000000000000167 ) ;
#2478 = CARTESIAN_POINT ( 'NONE',  ( 0.000000000000000000, -3.168163357082304046E-16, 6.259999999999999787 ) ) ;
#2479 = CARTESIAN_POINT ( 'NONE',  ( 1.334679870100159205, -0.2315819306564236568, -6.250292798616723822 ) ) ;
#2480 = LINE ( 'NONE', #4411, #564 ) ;
#2481 = VECTOR ( 'NONE', #2348, 999.9999999999998863 ) ;
#2482 = DIRECTION ( 'NONE',  ( 0.09315614143603832831, -0.09315614143603892505, 0.9912839485361889524 ) ) ;
#2483 = EDGE_LOOP ( 'NONE', ( #4602, #5073, #894, #6081 ) ) ;
#2484 = CARTESIAN_POINT ( 'NONE',  ( -1.195706225585609239, -0.08925122418257913637, 4.596799999999999997 ) ) ;
#2485 = CARTESIAN_POINT ( 'NONE',  ( -1.017788105676674437, 0.5876202367904123092, -2.364166666666663641 ) ) ;
#2486 = ORIENTED_EDGE ( 'NONE', *, *, #2066, .T. ) ;
#2487 = DIRECTION ( 'NONE',  ( -1.000000000000000000, 0.000000000000000000, 0.000000000000000000 ) ) ;
#2488 = CARTESIAN_POINT ( 'NONE',  ( -1.357050807568899176, -1.576588817978050795E-14, 1.677500000000002434 ) ) ;
#2489 =( BOUNDED_SURFACE ( )  B_SPLINE_SURFACE ( 3, 2, ( 
 ( #2860, #3750, #5702 ),
 ( #4711, #1891, #931 ),
 ( #2360, #2298, #902 ),
 ( #3273, #5225, #1856 ) ),
 .UNSPECIFIED., .F., .F., .F. ) 
 B_SPLINE_SURFACE_WITH_KNOTS ( ( 4, 4 ),
 ( 3, 3 ),
 ( 0.001079314120616741476, 0.002598644243350413385 ),
 ( 0.000000000000000000, 1.000000000000000000 ),
 .UNSPECIFIED. ) 
 GEOMETRIC_REPRESENTATION_ITEM ( )  RATIONAL_B_SPLINE_SURFACE ( (
 ( 1.000000000000000000, 0.7751521473265369222, 1.000000000000000000),
 ( 1.000000000000000000, 0.7634557488811091197, 1.000000000000000000),
 ( 1.000000000000000000, 0.7499943520665340868, 1.000000000000000000),
 ( 1.000000000000000000, 0.7334994075927803170, 1.000000000000000000) ) ) 
 REPRESENTATION_ITEM ( '' )  SURFACE ( )  );
#2490 = CARTESIAN_POINT ( 'NONE',  ( 1.310756855676673105, -0.7567658234670899819, 2.628020833333337247 ) ) ;
#2491 = VECTOR ( 'NONE', #4892, 1000.000000000000114 ) ;
#2492 = CARTESIAN_POINT ( 'NONE',  ( -1.836970198721050395E-16, -1.500000000000031974, -1.447499999999996012 ) ) ;
#2493 = CARTESIAN_POINT ( 'NONE',  ( 1.017788105676675103, 0.5876202367904118651, -6.030833333333330160 ) ) ;
#2494 = EDGE_CURVE ( 'NONE', #1555, #6112, #5991, .T. ) ;
#2495 = CARTESIAN_POINT ( 'NONE',  ( -0.8738379037844486996, 1.513531646934134001, -1.210520833333330826 ) ) ;
#2496 = DIRECTION ( 'NONE',  ( 0.000000000000000000, 0.000000000000000000, 1.000000000000000000 ) ) ;
#2497 = CARTESIAN_POINT ( 'NONE',  ( -1.017788105676674881, 0.5876202367904106438, 2.573333333333336359 ) ) ;
#2498 = CARTESIAN_POINT ( 'NONE',  ( 0.000000000000000000, 1.175240473580839495, -2.009999999999997122 ) ) ;
#2499 = ORIENTED_EDGE ( 'NONE', *, *, #5643, .F. ) ;
#2500 = ORIENTED_EDGE ( 'NONE', *, *, #4342, .T. ) ;
#2501 = CARTESIAN_POINT ( 'NONE',  ( 0.6785254037844492547, -1.175240473580869915, -1.218333333333329715 ) ) ;
#2502 = CARTESIAN_POINT ( 'NONE',  ( -1.299038105676673105, 0.7499999999999915623, 2.885833333333337247 ) ) ;
#2503 = CARTESIAN_POINT ( 'NONE',  ( 1.439254484199212798E-16, -1.175240473580869471, 0.2400000000000027944 ) ) ;
#2504 = CARTESIAN_POINT ( 'NONE',  ( -1.732050807568896733, -1.567403966984445659E-14, 0.3650000000000014344 ) ) ;
#2505 = CARTESIAN_POINT ( 'NONE',  ( 1.017788105676674215, -0.5876202367904426183, -4.614166666666663197 ) ) ;
#2506 = ORIENTED_EDGE ( 'NONE', *, *, #854, .F. ) ;
#2507 = CARTESIAN_POINT ( 'NONE',  ( -1.747675807568897621, -1.580033137100652485E-14, 1.372812500000001990 ) ) ;
#2508 = CARTESIAN_POINT ( 'NONE',  ( -0.6785254037844500319, -1.175240473580868805, -5.801666666666663197 ) ) ;
#2509 = CARTESIAN_POINT ( 'NONE',  ( 1.732050807568896511, -1.515356478020683221E-14, -3.884999999999998010 ) ) ;
#2510 = CARTESIAN_POINT ( 'NONE',  ( -0.2739181309492539906, -1.352703900888979405, 6.072557239173108634 ) ) ;
#2511 = CARTESIAN_POINT ( 'NONE',  ( -1.331009566732118232, 0.3554177953699818038, -6.239446942476694957 ) ) ;
#2512 = ORIENTED_EDGE ( 'NONE', *, *, #4667, .F. ) ;
#2513 = DIRECTION ( 'NONE',  ( 0.09315614143603846709, 0.09315614143603856423, 0.9912839485361889524 ) ) ;
#2514 = CARTESIAN_POINT ( 'NONE',  ( 0.000000000000000000, 1.175240473580839717, -2.947499999999996678 ) ) ;
#2515 = ORIENTED_EDGE ( 'NONE', *, *, #5339, .T. ) ;
#2516 = CARTESIAN_POINT ( 'NONE',  ( -0.1051267183062771227, 1.168159110932237121, 4.596799999999999997 ) ) ;
#2517 = CARTESIAN_POINT ( 'NONE',  ( -1.017788105676674215, -0.5876202367904433954, 2.219166666666669396 ) ) ;
#2518 = DIRECTION ( 'NONE',  ( -0.9169930745742603806, -0.3798309680908643071, 0.1218693434051477259 ) ) ;
#2519 = CARTESIAN_POINT ( 'NONE',  ( -0.8660254037844480335, -1.500000000000033085, 1.448333333333334805 ) ) ;
#2520 = CARTESIAN_POINT ( 'NONE',  ( -1.357050807568899176, -1.457625383482344608E-14, -5.322499999999996234 ) ) ;
#2521 = VERTEX_POINT ( 'NONE', #700 ) ;
#2522 = CARTESIAN_POINT ( 'NONE',  ( -1.017788105676675103, 0.5876202367904111989, -0.8641666666666638630 ) ) ;
#2523 = EDGE_CURVE ( 'NONE', #3744, #2655, #8, .T. ) ;
#2524 =( BOUNDED_CURVE ( )  B_SPLINE_CURVE ( 3, ( #6193, #1849, #3298, #2320 ),
 .UNSPECIFIED., .F., .F. ) 
 B_SPLINE_CURVE_WITH_KNOTS ( ( 4, 4 ),
 ( 2.751979090126460470, 3.531206217053127983 ),
 .UNSPECIFIED. ) 
 CURVE ( )  GEOMETRIC_REPRESENTATION_ITEM ( )  RATIONAL_B_SPLINE_CURVE ( ( 1.000000000000000000, 0.9500372729921764403, 0.9500372729921764403, 1.000000000000000000 ) ) 
 REPRESENTATION_ITEM ( '' )  );
#2525 = CARTESIAN_POINT ( 'NONE',  ( 1.747675807568897621, -1.534108882132626804E-14, -2.377187499999997566 ) ) ;
#2526 = CARTESIAN_POINT ( 'NONE',  ( 0.6785254037844493658, 1.175240473580838829, 0.9483333333333362480 ) ) ;
#2527 = CARTESIAN_POINT ( 'NONE',  ( -0.8738379037844486996, 1.513531646934134889, -6.163645833333328383 ) ) ;
#2528 = ORIENTED_EDGE ( 'NONE', *, *, #3227, .T. ) ;
#2529 = AXIS2_PLACEMENT_3D ( 'NONE', #3373, #431, #20 ) ;
#2530 = EDGE_CURVE ( 'NONE', #3401, #4750, #2962, .T. ) ;
#2531 = CARTESIAN_POINT ( 'NONE',  ( -0.2001335369900436034, -1.309299083427789778, 5.587203606221707197 ) ) ;
#2532 = CARTESIAN_POINT ( 'NONE',  ( 1.836970198721050642E-16, -1.500000000000032641, -0.5099999999999985656 ) ) ;
#2533 = CARTESIAN_POINT ( 'NONE',  ( 1.191375156007331348, 0.09491567479641729865, 4.596799999999999997 ) ) ;
#2534 = CARTESIAN_POINT ( 'NONE',  ( 1.357050807568898954, -1.521153936188113308E-14, -0.1349999999999970945 ) ) ;
#2535 = CARTESIAN_POINT ( 'NONE',  ( -3.673940397442101283E-16, 1.500000000000001554, -0.2599999999999980660 ) ) ;
#2536 = CARTESIAN_POINT ( 'NONE',  ( 1.017788105676675103, 0.5876202367904114210, -3.030833333333330160 ) ) ;
#2537 = EDGE_CURVE ( 'NONE', #2974, #1108, #4708, .T. ) ;
#2538 = ORIENTED_EDGE ( 'NONE', *, *, #1132, .F. ) ;
#2539 = CARTESIAN_POINT ( 'NONE',  ( -1.747675807568897621, -1.586156371096389242E-14, 1.872812500000001767 ) ) ;
#2540 = CARTESIAN_POINT ( 'NONE',  ( 1.836970198721050395E-16, -1.500000000000031974, -0.9474999999999959011 ) ) ;
#2541 = CARTESIAN_POINT ( 'NONE',  ( 0.000000000000000000, 1.216441456824255867E-15, -6.259999999999999787 ) ) ;
#2542 = DIRECTION ( 'NONE',  ( 0.09315614143603834219, -0.09315614143603895281, 0.9912839485361889524 ) ) ;
#2543 = CARTESIAN_POINT ( 'NONE',  ( 1.017788105676674215, -0.5876202367904425072, -5.676666666666663197 ) ) ;
#2544 = VERTEX_POINT ( 'NONE', #4668 ) ;
#2545 = FACE_OUTER_BOUND ( 'NONE', #5038, .T. ) ;
#2546 = CARTESIAN_POINT ( 'NONE',  ( -1.357050807568899176, -1.482118319465291637E-14, -3.322499999999997122 ) ) ;
#2547 = ORIENTED_EDGE ( 'NONE', *, *, #3881, .T. ) ;
#2548 = DIRECTION ( 'NONE',  ( -0.000000000000000000, -1.224646799147353207E-16, 1.000000000000000000 ) ) ;
#2549 = APPROVAL ( #3942, 'UNSPECIFIED' ) ;
#2550 = CARTESIAN_POINT ( 'NONE',  ( 0.6785254037844500319, -1.175240473580869915, 1.844166666666669396 ) ) ;
#2551 = CARTESIAN_POINT ( 'NONE',  ( 1.732050807568896511, -1.534931212678521328E-14, 1.177500000000004210 ) ) ;
#2552 = CARTESIAN_POINT ( 'NONE',  ( 1.358185157725199987, 0.2607495332532582255, 6.071772086592591045 ) ) ;
#2553 = CARTESIAN_POINT ( 'NONE',  ( -1.439254484199213045E-16, -1.175240473580869249, -5.197499999999996234 ) ) ;
#2554 = CARTESIAN_POINT ( 'NONE',  ( 1.357050807568899176, -1.515796106441843803E-14, -0.5724999999999971223 ) ) ;
#2555 = CARTESIAN_POINT ( 'NONE',  ( 1.017788105676675103, 0.5876202367904118651, -6.030833333333330160 ) ) ;
#2556 = CARTESIAN_POINT ( 'NONE',  ( 1.439254484199212798E-16, -1.175240473580869915, 2.740000000000002878 ) ) ;
#2557 = CARTESIAN_POINT ( 'NONE',  ( -0.6785254037844500319, -1.175240473580869471, -1.301666666666663419 ) ) ;
#2558 = EDGE_LOOP ( 'NONE', ( #4731, #2014, #1068, #5536 ) ) ;
#2559 = CARTESIAN_POINT ( 'NONE',  ( 0.000000000000000000, -1.500000000000001110, 6.259999999999999787 ) ) ;
#2560 =( BOUNDED_CURVE ( )  B_SPLINE_CURVE ( 3, ( #940, #1449, #3759, #1900 ),
 .UNSPECIFIED., .F., .T. ) 
 B_SPLINE_CURVE_WITH_KNOTS ( ( 4, 4 ),
 ( 2.751979090126460914, 3.531206217053128871 ),
 .UNSPECIFIED. ) 
 CURVE ( )  GEOMETRIC_REPRESENTATION_ITEM ( )  RATIONAL_B_SPLINE_CURVE ( ( 1.000000000000000000, 0.9500372729921764403, 0.9500372729921764403, 1.000000000000000000 ) ) 
 REPRESENTATION_ITEM ( '' )  );
#2561 = CARTESIAN_POINT ( 'NONE',  ( 1.017788105676674215, -0.5876202367904429513, -2.176666666666663641 ) ) ;
#2562 = ORIENTED_EDGE ( 'NONE', *, *, #4122, .T. ) ;
#2563 = CARTESIAN_POINT ( 'NONE',  ( -1.354581615062503630, 0.2878278585164052994, 6.084781378657037720 ) ) ;
#2564 = ADVANCED_FACE ( 'NONE', ( #4180 ), #5331, .F. ) ;
#2565 = CARTESIAN_POINT ( 'NONE',  ( 1.357050807568898954, -1.515030702192376550E-14, -0.6349999999999971223 ) ) ;
#2566 = DIRECTION ( 'NONE',  ( 0.000000000000000000, 1.000000000000000000, 3.051276274066228535E-16 ) ) ;
#2567 = CARTESIAN_POINT ( 'NONE',  ( -1.017788105676674659, -0.5876202367904419521, -3.780833333333330160 ) ) ;
#2568 = VERTEX_POINT ( 'NONE', #1908 ) ;
#2569 = CARTESIAN_POINT ( 'NONE',  ( -1.310756855676673771, 0.7567658234670580075, 2.831145833333335471 ) ) ;
#2570 = CARTESIAN_POINT ( 'NONE',  ( 0.6785254037844492547, -1.175240473580869471, -5.218333333333328383 ) ) ;
#2571 = EDGE_CURVE ( 'NONE', #3866, #4, #3768, .T. ) ;
#2572 = CARTESIAN_POINT ( 'NONE',  ( 0.09971858605909979245, -1.186175250110405699, 4.596799999999999997 ) ) ;
#2573 = FACE_OUTER_BOUND ( 'NONE', #726, .T. ) ;
#2574 = AXIS2_PLACEMENT_3D ( 'NONE', #5, #2323, #2354 ) ;
#2575 = ORIENTED_EDGE ( 'NONE', *, *, #284, .T. ) ;
#2576 = CARTESIAN_POINT ( 'NONE',  ( 1.299038105676671995, -0.7500000000000242029, -1.364166666666662087 ) ) ;
#2577 = CARTESIAN_POINT ( 'NONE',  ( -1.357050807568899176, -1.450736745237140598E-14, -5.884999999999997122 ) ) ;
#2578 = EDGE_LOOP ( 'NONE', ( #4449, #5561, #3188, #749 ) ) ;
#2579 = CARTESIAN_POINT ( 'NONE',  ( 0.2869359040243215642, -1.331544374147326071, 6.077516992275657337 ) ) ;
#2580 = VECTOR ( 'NONE', #681, 1000.000000000000000 ) ;
#2581 = CARTESIAN_POINT ( 'NONE',  ( 0.6785254037844494768, 1.175240473580838829, 2.010833333333335915 ) ) ;
#2582 = CARTESIAN_POINT ( 'NONE',  ( 1.732050807568896511, -1.516121882270150158E-14, -3.822499999999995790 ) ) ;
#2583 = CYLINDRICAL_SURFACE ( 'NONE', #3388, 1.500000000000000888 ) ;
#2584 = CARTESIAN_POINT ( 'NONE',  ( -0.6785254037844492547, -1.175240473580870360, 1.260833333333335915 ) ) ;
#2585 = AXIS2_PLACEMENT_3D ( 'NONE', #110, #524, #4936 ) ;
#2586 = CARTESIAN_POINT ( 'NONE',  ( -1.227874302212328406, 0.1067388246147573244, 4.843366928109174019 ) ) ;
#2587 = ORIENTED_EDGE ( 'NONE', *, *, #4239, .F. ) ;
#2588 = CARTESIAN_POINT ( 'NONE',  ( 1.439254484199213045E-16, -1.175240473580869915, -0.6974999999999973443 ) ) ;
#2589 = CARTESIAN_POINT ( 'NONE',  ( 1.357050807568899176, -1.481678691044131371E-14, -6.072499999999997122 ) ) ;
#2590 = CARTESIAN_POINT ( 'NONE',  ( 1.747675807568897399, -1.491877223645997213E-14, -2.330312499999996234 ) ) ;
#2591 = CARTESIAN_POINT ( 'NONE',  ( 1.017788105676675103, 0.5876202367904111989, -1.093333333333329938 ) ) ;
#2592 = VERTEX_POINT ( 'NONE', #1429 ) ;
#2593 = CARTESIAN_POINT ( 'NONE',  ( 0.000000000000000000, 1.500000000000001776, -1.197499999999995790 ) ) ;
#2594 = CARTESIAN_POINT ( 'NONE',  ( 0.6785254037844502539, 1.175240473580838829, -1.051666666666663641 ) ) ;
#2595 = DIRECTION ( 'NONE',  ( 1.224646799147353454E-16, 1.000000000000000000, 0.000000000000000000 ) ) ;
#2596 = CARTESIAN_POINT ( 'NONE',  ( -0.5133079544288778884, 0.4722784313483958107, 6.213072483967408743 ) ) ;
#2597 = CARTESIAN_POINT ( 'NONE',  ( -0.8234078741651523758, -0.8385640366158095826, -6.260000000000000675 ) ) ;
#2598 = CARTESIAN_POINT ( 'NONE',  ( 0.6785254037844492547, -1.175240473580869471, -3.655833333333330160 ) ) ;
#2599 = ORIENTED_EDGE ( 'NONE', *, *, #5451, .T. ) ;
#2600 = CARTESIAN_POINT ( 'NONE',  ( 0.8738379037844486996, 1.513531646934133779, 3.706145833333335915 ) ) ;
#2601 = CARTESIAN_POINT ( 'NONE',  ( -1.017788105676674659, -0.5876202367904420631, -2.843333333333330160 ) ) ;
#2602 = CARTESIAN_POINT ( 'NONE',  ( -0.09036918427905160645, -1.194815747780120452, 4.596799999999999997 ) ) ;
#2603 = CARTESIAN_POINT ( 'NONE',  ( 0.000000000000000000, 1.500000000000001998, -3.759999999999997566 ) ) ;
#2604 = CARTESIAN_POINT ( 'NONE',  ( -1.017788105676674659, -0.5876202367904417301, -5.843333333333330160 ) ) ;
#2605 = ORIENTED_EDGE ( 'NONE', *, *, #5605, .F. ) ;
#2606 = CARTESIAN_POINT ( 'NONE',  ( -0.8660254037844482555, 1.500000000000002220, -4.155833333333330160 ) ) ;
#2607 = EDGE_CURVE ( 'NONE', #4477, #1341, #1397, .T. ) ;
#2608 = CARTESIAN_POINT ( 'NONE',  ( -1.357050807568899176, -1.506611255448238667E-14, -1.322499999999996456 ) ) ;
#2609 = ORIENTED_EDGE ( 'NONE', *, *, #4308, .F. ) ;
#2610 = CARTESIAN_POINT ( 'NONE',  ( -1.836970198721050395E-16, -1.500000000000031752, -3.009999999999998455 ) ) ;
#2611 = CARTESIAN_POINT ( 'NONE',  ( -2.878508968398426089E-16, 1.175240473580838829, 3.052500000000003322 ) ) ;
#2612 = CARTESIAN_POINT ( 'NONE',  ( -1.299038105676672217, 0.7499999999999937828, -4.676666666666664085 ) ) ;
#2613 = CARTESIAN_POINT ( 'NONE',  ( -1.295202748895876166, 0.05657623124318553881, -6.259999999999997122 ) ) ;
#2614 = LINE ( 'NONE', #1699, #1885 ) ;
#2615 = EDGE_CURVE ( 'NONE', #1749, #2157, #787, .T. ) ;
#2616 = CARTESIAN_POINT ( 'NONE',  ( -1.357050807568899176, -1.445378915490871093E-14, -6.322499999999996234 ) ) ;
#2617 = CARTESIAN_POINT ( 'NONE',  ( 0.8660254037844454800, 1.500000000000007550, -1.739166666666662309 ) ) ;
#2618 = CARTESIAN_POINT ( 'NONE',  ( -1.357050807568899176, -1.457625383482344608E-14, -5.322499999999996234 ) ) ;
#2619 = CARTESIAN_POINT ( 'NONE',  ( -1.357050807568898954, -1.594193115715794131E-14, 3.115000000000003322 ) ) ;
#2620 = CARTESIAN_POINT ( 'NONE',  ( -0.8738379037844493658, -1.513531646934163755, -4.496979166666663197 ) ) ;
#2621 = ORIENTED_EDGE ( 'NONE', *, *, #2175, .F. ) ;
#2622 = CARTESIAN_POINT ( 'NONE',  ( 0.3212021873294856888, 1.508223353398633138E-15, 1.124629700242971930 ) ) ;
#2623 = CARTESIAN_POINT ( 'NONE',  ( -1.017788105676674659, -0.5876202367904421742, -1.843333333333330604 ) ) ;
#2624 = CARTESIAN_POINT ( 'NONE',  ( 0.6785254037844493658, 1.175240473580838829, 2.948333333333335915 ) ) ;
#2625 = CARTESIAN_POINT ( 'NONE',  ( 1.331544374147324072, 0.2869359040243255610, 6.077516992275658225 ) ) ;
#2626 = CARTESIAN_POINT ( 'NONE',  ( 0.6785254037844502539, 1.175240473580838829, -0.9891666666666634189 ) ) ;
#2627 = VECTOR ( 'NONE', #2368, 1000.000000000000000 ) ;
#2628 = ORIENTED_EDGE ( 'NONE', *, *, #2295, .F. ) ;
#2629 = CARTESIAN_POINT ( 'NONE',  ( 1.310756855676673105, 0.7567658234670594508, 1.664479166666668730 ) ) ;
#2630 = CARTESIAN_POINT ( 'NONE',  ( 0.000000000000000000, 1.175240473580839717, -3.509999999999996678 ) ) ;
#2631 = CARTESIAN_POINT ( 'NONE',  ( 1.278244735102606056, -0.2267330061764676052, 5.587203736234697793 ) ) ;
#2632 = CARTESIAN_POINT ( 'NONE',  ( -1.836970198721050395E-16, -1.500000000000031752, -3.509999999999998010 ) ) ;
#2633 = CARTESIAN_POINT ( 'NONE',  ( 0.9227480026794846468, -0.1051267183062923882, 4.596799999999999997 ) ) ;
#2634 = CARTESIAN_POINT ( 'NONE',  ( 0.6785254037844492547, -1.175240473580869249, -5.718333333333331048 ) ) ;
#2635 = VERTEX_POINT ( 'NONE', #3260 ) ;
#2636 = CARTESIAN_POINT ( 'NONE',  ( 0.1210619955558858291, -0.8426359540446003438, 4.596799999999999997 ) ) ;
#2637 = EDGE_CURVE ( 'NONE', #5601, #874, #246, .T. ) ;
#2638 = CARTESIAN_POINT ( 'NONE',  ( 0.000000000000000000, 1.175240473580839939, -6.509999999999997122 ) ) ;
#2639 = ORIENTED_EDGE ( 'NONE', *, *, #4948, .T. ) ;
#2640 = CARTESIAN_POINT ( 'NONE',  ( 0.2878278584784532135, -1.354581615031806630, 6.084781378348083081 ) ) ;
#2641 = CARTESIAN_POINT ( 'NONE',  ( 1.439254484199212798E-16, -1.175240473580869249, -1.259999999999997122 ) ) ;
#2642 = ADVANCED_FACE ( 'NONE', ( #3352, #3861 ), #2377, .F. ) ;
#2643 = CARTESIAN_POINT ( 'NONE',  ( 1.892079304682660583E-16, 1.544999999999999929, 3.565000000000001279 ) ) ;
#2644 = CARTESIAN_POINT ( 'NONE',  ( 0.09822995954704970278, 1.187845105652230115, 4.596799999999999997 ) ) ;
#2645 = ADVANCED_FACE ( 'NONE', ( #1811 ), #4309, .T. ) ;
#2646 = CARTESIAN_POINT ( 'NONE',  ( -2.878508968398426089E-16, 1.175240473580838829, 3.552500000000002878 ) ) ;
#2647 = CARTESIAN_POINT ( 'NONE',  ( -1.357050807568899176, -1.463748617478081365E-14, -4.822499999999996234 ) ) ;
#2648 = ORIENTED_EDGE ( 'NONE', *, *, #3836, .T. ) ;
#2649 = CARTESIAN_POINT ( 'NONE',  ( 1.439254484199213045E-16, -1.175240473580870137, 0.8025000000000024336 ) ) ;
#2650 = CARTESIAN_POINT ( 'NONE',  ( 1.102724692029614709E-15, 0.1051267183062881000, 4.596799999999999997 ) ) ;
#2651 = ADVANCED_FACE ( 'NONE', ( #6253 ), #378, .T. ) ;
#2652 = CARTESIAN_POINT ( 'NONE',  ( 1.017788105676675103, 0.5876202367904116430, -5.030833333333330160 ) ) ;
#2653 = CARTESIAN_POINT ( 'NONE',  ( 0.6785254037844493658, 1.175240473580838829, 2.948333333333335471 ) ) ;
#2654 = CARTESIAN_POINT ( 'NONE',  ( -0.8738379037844486996, 1.513531646934134667, -4.163645833333330160 ) ) ;
#2655 = VERTEX_POINT ( 'NONE', #5719 ) ;
#2656 = DIRECTION ( 'NONE',  ( -0.3798309680908547037, 0.9169930745742643774, -0.1218693434051476704 ) ) ;
#2657 = CARTESIAN_POINT ( 'NONE',  ( -2.878508968398425596E-16, 1.175240473580839051, 1.990000000000003100 ) ) ;
#2658 = CARTESIAN_POINT ( 'NONE',  ( 0.9628031646469213944, -0.3064976159286872948, 6.236834350748982736 ) ) ;
#2659 = ORIENTED_EDGE ( 'NONE', *, *, #2073, .F. ) ;
#2660 = CARTESIAN_POINT ( 'NONE',  ( 1.310756855676673327, -0.7567658234670899819, 2.081145833333335027 ) ) ;
#2661 = CARTESIAN_POINT ( 'NONE',  ( -0.6785254037844494768, 1.175240473580839717, -2.968333333333330604 ) ) ;
#2662 = LINE ( 'NONE', #1654, #45 ) ;
#2663 = CARTESIAN_POINT ( 'NONE',  ( -1.732050807568896511, -1.475995085469554880E-14, -3.634999999999998010 ) ) ;
#2664 = CARTESIAN_POINT ( 'NONE',  ( 0.8426359540445995666, -0.1210619955558913524, 4.596799999999999997 ) ) ;
#2665 = CARTESIAN_POINT ( 'NONE',  ( -0.5087375272810146232, -1.500000000000024203, -5.971976645693542807 ) ) ;
#2666 = VERTEX_POINT ( 'NONE', #3738 ) ;
#2667 = DIRECTION ( 'NONE',  ( -1.060996849855236706E-14, -1.000000000000000000, 0.000000000000000000 ) ) ;
#2668 = CARTESIAN_POINT ( 'NONE',  ( -1.439254484199213045E-16, -1.175240473580869693, -1.697499999999996678 ) ) ;
#2669 = ORIENTED_EDGE ( 'NONE', *, *, #4940, .T. ) ;
#2670 = DIRECTION ( 'NONE',  ( -0.000000000000000000, -1.224646799147353207E-16, 1.000000000000000000 ) ) ;
#2671 = CARTESIAN_POINT ( 'NONE',  ( -1.017788105676673993, -0.5876202367904430623, -0.3433333333333304926 ) ) ;
#2672 = DIRECTION ( 'NONE',  ( -0.000000000000000000, -1.224646799147353207E-16, 1.000000000000000000 ) ) ;
#2673 = CARTESIAN_POINT ( 'NONE',  ( -1.210046723881466724, -0.3245571962195347160, -6.260000000000000675 ) ) ;
#2674 = CARTESIAN_POINT ( 'NONE',  ( 0.8660254037844488106, -1.500000000000032863, 3.094166666666670729 ) ) ;
#2675 = CARTESIAN_POINT ( 'NONE',  ( 1.017788105676675103, 0.5876202367904115320, -4.030833333333330160 ) ) ;
#2676 = AXIS2_PLACEMENT_3D ( 'NONE', #3696, #1320, #151 ) ;
#2677 = ORIENTED_EDGE ( 'NONE', *, *, #5952, .F. ) ;
#2678 = CARTESIAN_POINT ( 'NONE',  ( 1.017788105676674437, 0.5876202367904118651, 1.469166666666669396 ) ) ;
#2679 = CARTESIAN_POINT ( 'NONE',  ( -3.707083373652255464E-16, 1.513531646934134445, -2.205312499999996234 ) ) ;
#2680 = CIRCLE ( 'NONE', #4714, 0.5488559999999994554 ) ;
#2681 = CARTESIAN_POINT ( 'NONE',  ( 1.747675807568897621, -1.504066765341043772E-14, -4.830312499999995346 ) ) ;
#2682 = EDGE_LOOP ( 'NONE', ( #4374, #5961, #3556, #2358 ) ) ;
#2683 = CARTESIAN_POINT ( 'NONE',  ( -1.836970198721050395E-16, -1.500000000000031530, -4.009999999999998010 ) ) ;
#2684 = EDGE_CURVE ( 'NONE', #2212, #3432, #4765, .T. ) ;
#2685 = CARTESIAN_POINT ( 'NONE',  ( 1.338739425595968591, -0.2847406313326257266, 6.075716793780184588 ) ) ;
#2686 = TOROIDAL_SURFACE ( 'NONE', #2184, 1.719999999999999973, 0.1749999999999999889 ) ;
#2687 = CARTESIAN_POINT ( 'NONE',  ( -1.017788105676673993, -0.5876202367904432844, 2.156666666666669396 ) ) ;
#2688 = DIRECTION ( 'NONE',  ( 0.9169930745742592704, -0.3798309680908670827, -0.1218693434051478924 ) ) ;
#2689 = DIRECTION ( 'NONE',  ( 0.000000000000000000, -1.000000000000000000, 0.000000000000000000 ) ) ;
#2690 =( BOUNDED_CURVE ( )  B_SPLINE_CURVE ( 2, ( #3657, #643, #2612, #4036, #1249, #4518, #5126 ),
 .UNSPECIFIED., .F., .F. ) 
 B_SPLINE_CURVE_WITH_KNOTS ( ( 3, 2, 2, 3 ),
 ( 0.2727272727272724850, 0.2878787878787877896, 0.3030303030303029832, 0.3181818181818182323 ),
 .UNSPECIFIED. ) 
 CURVE ( )  GEOMETRIC_REPRESENTATION_ITEM ( )  RATIONAL_B_SPLINE_CURVE ( ( 1.000000000000001998, 0.8660254037844367092, 1.000000000000000000, 0.8660254037844387076, 1.000000000000000000, 0.8660254037844381525, 1.000000000000000444 ) ) 
 REPRESENTATION_ITEM ( '' )  );
#2691 = CIRCLE ( 'NONE', #2991, 5.174808031888049165 ) ;
#2692 = EDGE_LOOP ( 'NONE', ( #3653, #5121, #4282, #591 ) ) ;
#2693 = CARTESIAN_POINT ( 'NONE',  ( -0.6785254037844502539, 1.175240473580838829, -0.9058333333333302706 ) ) ;
#2694 = ADVANCED_FACE ( 'NONE', ( #4823 ), #4096, .T. ) ;
#2695 = CARTESIAN_POINT ( 'NONE',  ( 1.017788105676674215, -0.5876202367904428403, -2.676666666666663641 ) ) ;
#2696 = CIRCLE ( 'NONE', #468, 0.03163725000000002646 ) ;
#2697 = CARTESIAN_POINT ( 'NONE',  ( -0.1051267183062886273, -1.168159110932235789, 4.596799999999999997 ) ) ;
#2698 = CARTESIAN_POINT ( 'NONE',  ( 0.1051267183062853244, -1.169831414907573253, 4.596799999999999997 ) ) ;
#2699 = CARTESIAN_POINT ( 'NONE',  ( 0.8951647877168021905, -0.1051267183062923882, 4.596799999999999997 ) ) ;
#2700 = ORIENTED_EDGE ( 'NONE', *, *, #4972, .T. ) ;
#2701 = CARTESIAN_POINT ( 'NONE',  ( 0.4012496753669841931, -0.1662030574348069556, 4.596799999999999997 ) ) ;
#2702 = CARTESIAN_POINT ( 'NONE',  ( -0.6785254037844500319, -1.175240473580868805, -5.801666666666663197 ) ) ;
#2703 = ORIENTED_EDGE ( 'NONE', *, *, #2905, .T. ) ;
#2704 = CARTESIAN_POINT ( 'NONE',  ( -1.198787504374559720, 0.08066951025692294108, 4.596799999999999997 ) ) ;
#2705 = CARTESIAN_POINT ( 'NONE',  ( -1.357050807568898954, -1.551330477745636829E-14, -0.3849999999999971223 ) ) ;
#2706 = CARTESIAN_POINT ( 'NONE',  ( 0.8660254037844482555, 1.500000000000001110, 2.198333333333334583 ) ) ;
#2707 = CYLINDRICAL_SURFACE ( 'NONE', #1070, 0.2109149999999999914 ) ;
#2708 = CARTESIAN_POINT ( 'NONE',  ( -0.6785254037844500319, -1.175240473580869249, -3.239166666666663197 ) ) ;
#2709 = VERTEX_POINT ( 'NONE', #475 ) ;
#2710 = CARTESIAN_POINT ( 'NONE',  ( 1.357050807568899176, -1.540289042424790833E-14, 1.427500000000002878 ) ) ;
#2711 = CARTESIAN_POINT ( 'NONE',  ( -2.878508968398426089E-16, 1.175240473580839495, -1.947499999999996900 ) ) ;
#2712 = CARTESIAN_POINT ( 'NONE',  ( 1.310756855676673105, -0.7567658234670895379, -1.371979166666662975 ) ) ;
#2713 = CARTESIAN_POINT ( 'NONE',  ( 0.8738379037844496988, 1.513531646934134001, -3.746979166666662309 ) ) ;
#2714 = ORIENTED_EDGE ( 'NONE', *, *, #5022, .T. ) ;
#2715 = PLANE ( 'NONE',  #217 ) ;
#2716 = EDGE_CURVE ( 'NONE', #147, #5914, #4247, .T. ) ;
#2717 = LINE ( 'NONE', #3190, #800 ) ;
#2718 = CARTESIAN_POINT ( 'NONE',  ( -0.8738379037844486996, 1.513531646934134889, -6.210520833333331936 ) ) ;
#2719 = CARTESIAN_POINT ( 'NONE',  ( 1.299038105676672439, -0.7500000000000234257, 0.6358333333333372472 ) ) ;
#2720 = EDGE_CURVE ( 'NONE', #2893, #4501, #1367, .T. ) ;
#2721 = ORIENTED_EDGE ( 'NONE', *, *, #557, .T. ) ;
#2722 = CARTESIAN_POINT ( 'NONE',  ( 1.439254484199213045E-16, -1.175240473580869915, 0.3025000000000024336 ) ) ;
#2723 = CARTESIAN_POINT ( 'NONE',  ( -1.017788105676674437, 0.5876202367904124202, -2.926666666666663197 ) ) ;
#2724 = DIRECTION ( 'NONE',  ( 1.598721155460225418E-14, -0.1218693434051478647, 0.9925461516413220942 ) ) ;
#2725 = LINE ( 'NONE', #4181, #978 ) ;
#2726 =( BOUNDED_CURVE ( )  B_SPLINE_CURVE ( 2, ( #4153, #224, #4699, #797, #1206, #2727, #5661 ),
 .UNSPECIFIED., .F., .F. ) 
 B_SPLINE_CURVE_WITH_KNOTS ( ( 3, 2, 2, 3 ),
 ( 0.5909090909090908283, 0.6060606060606059664, 0.6212121212121212155, 0.6363636363636363535 ),
 .UNSPECIFIED. ) 
 CURVE ( )  GEOMETRIC_REPRESENTATION_ITEM ( )  RATIONAL_B_SPLINE_CURVE ( ( 1.000000000000000888, 0.8660254037844377084, 1.000000000000000000, 0.8660254037844387076, 1.000000000000000000, 0.8660254037844387076, 1.000000000000000000 ) ) 
 REPRESENTATION_ITEM ( '' )  );
#2727 = CARTESIAN_POINT ( 'NONE',  ( 0.8660254037844491437, 1.500000000000001110, -2.801666666666664529 ) ) ;
#2728 = EDGE_CURVE ( 'NONE', #5101, #1911, #2817, .T. ) ;
#2729 = EDGE_LOOP ( 'NONE', ( #4491, #2669, #1858, #864 ) ) ;
#2730 = CARTESIAN_POINT ( 'NONE',  ( -0.8738379037844496988, 1.513531646934134001, -1.710520833333331048 ) ) ;
#2731 = CARTESIAN_POINT ( 'NONE',  ( 0.6785254037844502539, 1.175240473580839273, -4.051666666666663197 ) ) ;
#2732 = ORIENTED_EDGE ( 'NONE', *, *, #3066, .F. ) ;
#2733 = CYLINDRICAL_SURFACE ( 'NONE', #852, 0.2109149999999999914 ) ;
#2734 = CARTESIAN_POINT ( 'NONE',  ( -1.017788105676674881, 0.5876202367904110879, -0.9266666666666637520 ) ) ;
#2735 = AXIS2_PLACEMENT_3D ( 'NONE', #5949, #4383, #999 ) ;
#2736 = CARTESIAN_POINT ( 'NONE',  ( 1.382988518302598724, 2.070106209874711453E-15, 6.071772086592591045 ) ) ;
#2737 = CARTESIAN_POINT ( 'NONE',  ( 1.299038105676671995, -0.7500000000000242029, -0.9266666666666647512 ) ) ;
#2738 = CARTESIAN_POINT ( 'NONE',  ( -3.673940397442101283E-16, 1.500000000000001554, 0.2400000000000019618 ) ) ;
#2739 = CARTESIAN_POINT ( 'NONE',  ( -0.6785254037844494768, 1.175240473580839717, -4.905833333333330160 ) ) ;
#2740 = ORIENTED_EDGE ( 'NONE', *, *, #3292, .T. ) ;
#2741 = CARTESIAN_POINT ( 'NONE',  ( 0.6785254037844494768, 1.175240473580838829, 2.010833333333335915 ) ) ;
#2742 = CARTESIAN_POINT ( 'NONE',  ( 1.836970198721030920E-16, 1.500000000000000666, 6.259999999999999787 ) ) ;
#2743 = CARTESIAN_POINT ( 'NONE',  ( -1.310756855676672661, -0.7567658234670905371, -0.5386458333333298265 ) ) ;
#2744 = CARTESIAN_POINT ( 'NONE',  ( -1.310756855676673105, 0.7567658234670600059, -3.121979166666662753 ) ) ;
#2745 = CARTESIAN_POINT ( 'NONE',  ( -0.3273190898542854832, 0.8836630409603476455, 6.276629229193637194 ) ) ;
#2746 = CIRCLE ( 'NONE', #3554, 5.164680204508076855 ) ;
#2747 = DIRECTION ( 'NONE',  ( 0.000000000000000000, -1.000000000000000000, 0.000000000000000000 ) ) ;
#2748 = CARTESIAN_POINT ( 'NONE',  ( 0.000000000000000000, 1.513531646934134667, -4.252187499999997122 ) ) ;
#2749 = CARTESIAN_POINT ( 'NONE',  ( -1.439254484199213045E-16, -1.175240473580869027, -6.259999999999996234 ) ) ;
#2750 = CARTESIAN_POINT ( 'NONE',  ( 0.6785254037844499209, -1.175240473580869249, -0.7183333333333303816 ) ) ;
#2751 = ORIENTED_EDGE ( 'NONE', *, *, #3614, .T. ) ;
#2752 = CARTESIAN_POINT ( 'NONE',  ( 1.357050807568899176, -1.528042574433317318E-14, 0.4275000000000028222 ) ) ;
#2753 = DIRECTION ( 'NONE',  ( 0.000000000000000000, 1.224646799147353207E-16, -1.000000000000000000 ) ) ;
#2754 = CARTESIAN_POINT ( 'NONE',  ( 0.3605145027937216584, -0.3207632393750037281, 4.596799999999999997 ) ) ;
#2755 = CARTESIAN_POINT ( 'NONE',  ( -1.333432394539974863, -0.2300935508436811605, 5.826719042624840306 ) ) ;
#2756 = ORIENTED_EDGE ( 'NONE', *, *, #5411, .F. ) ;
#2758 = EDGE_CURVE ( 'NONE', #6104, #2521, #4679, .T. ) ;
#2757 = CARTESIAN_POINT ( 'NONE',  ( -1.357050807568899176, -1.481352915215824385E-14, -3.384999999999996678 ) ) ;
#2759 = ORIENTED_EDGE ( 'NONE', *, *, #2835, .F. ) ;
#2760 =( BOUNDED_CURVE ( )  B_SPLINE_CURVE ( 3, ( #5264, #3851, #3913, #1448 ),
 .UNSPECIFIED., .F., .T. ) 
 B_SPLINE_CURVE_WITH_KNOTS ( ( 4, 4 ),
 ( 2.946725557337480872, 3.336459749842108025 ),
 .UNSPECIFIED. ) 
 CURVE ( )  GEOMETRIC_REPRESENTATION_ITEM ( )  RATIONAL_B_SPLINE_CURVE ( ( 1.000000000000000000, 0.9873822754559015147, 0.9873822754559015147, 1.000000000000000000 ) ) 
 REPRESENTATION_ITEM ( '' )  );
#2761 = CARTESIAN_POINT ( 'NONE',  ( -1.354424127927895016, -0.2708953847187312580, 6.072254178582586093 ) ) ;
#2762 = CARTESIAN_POINT ( 'NONE',  ( -1.357050807568898954, -1.532960775758426557E-14, -1.884999999999996900 ) ) ;
#2763 = LINE ( 'NONE', #4803, #872 ) ;
#2764 = CARTESIAN_POINT ( 'NONE',  ( 1.276333498402191680, -0.3462701414856407811, 3.259834726547892636 ) ) ;
#2765 = CARTESIAN_POINT ( 'NONE',  ( 0.09334290975713538385, 1.192965995528900480, 4.596799999999999997 ) ) ;
#2766 = CARTESIAN_POINT ( 'NONE',  ( -1.299038105676673105, 0.7499999999999921174, -1.114166666666662531 ) ) ;
#2767 = CARTESIAN_POINT ( 'NONE',  ( 1.017788105676674215, -0.5876202367904428403, -2.614166666666663641 ) ) ;
#2768 = ORIENTED_EDGE ( 'NONE', *, *, #4753, .F. ) ;
#2769 = CARTESIAN_POINT ( 'NONE',  ( -0.8660254037844439257, -1.500000000000039524, 1.010833333333337913 ) ) ;
#2770 = CARTESIAN_POINT ( 'NONE',  ( -0.6785254037844492547, -1.175240473580869915, -1.739166666666664085 ) ) ;
#2771 = CARTESIAN_POINT ( 'NONE',  ( 1.747675807568897399, -1.528616627620417757E-14, 0.6696875000000036549 ) ) ;
#2772 = CARTESIAN_POINT ( 'NONE',  ( -1.266829788411807378, 0.7203229215585064127, -6.084314023945024630 ) ) ;
#2773 = AXIS2_PLACEMENT_3D ( 'NONE', #6126, #5179, #4734 ) ;
#2774 = CARTESIAN_POINT ( 'NONE',  ( 1.196584255563240440, -0.1354023959674323097, 4.843375607214006173 ) ) ;
#2775 = CARTESIAN_POINT ( 'NONE',  ( 0.000000000000000000, -1.500000000000001110, 6.259999999999999787 ) ) ;
#2776 = AXIS2_PLACEMENT_3D ( 'NONE', #3641, #5590, #2689 ) ;
#2777 = CARTESIAN_POINT ( 'NONE',  ( -1.310756855676673327, -0.7567658234670890938, -5.085520833333331048 ) ) ;
#2778 = CARTESIAN_POINT ( 'NONE',  ( 1.299038105676672883, 0.7499999999999924505, -4.280833333333329271 ) ) ;
#2779 = CARTESIAN_POINT ( 'NONE',  ( 1.017788105676674437, -0.5876202367904420631, -2.176666666666663641 ) ) ;
#2780 = CARTESIAN_POINT ( 'NONE',  ( -0.6785254037844500319, -1.175240473580869027, -4.801666666666663197 ) ) ;
#2781 = ORIENTED_EDGE ( 'NONE', *, *, #792, .T. ) ;
#2782 = CARTESIAN_POINT ( 'NONE',  ( -2.878508968398426089E-16, 1.175240473580839273, -0.4474999999999969558 ) ) ;
#2783 = VECTOR ( 'NONE', #2982, 1000.000000000000114 ) ;
#2784 = FACE_OUTER_BOUND ( 'NONE', #3804, .T. ) ;
#2785 = CARTESIAN_POINT ( 'NONE',  ( 1.198475484481092090, -0.07458509077002260790, 4.587917464159742664 ) ) ;
#2786 = CARTESIAN_POINT ( 'NONE',  ( 0.8660254037844511421, 1.499999999999997780, -2.239166666666662309 ) ) ;
#2787 = CARTESIAN_POINT ( 'NONE',  ( -0.6785254037844494768, 1.175240473580839273, -1.405833333333329938 ) ) ;
#2788 = ORIENTED_EDGE ( 'NONE', *, *, #3490, .F. ) ;
#2789 = CARTESIAN_POINT ( 'NONE',  ( 0.000000000000000000, -9.825582188149883933E-17, 4.470623874064160397 ) ) ;
#2790 = B_SPLINE_CURVE_WITH_KNOTS ( 'NONE', 3,
 ( #4050, #693, #1134, #4079 ),
 .UNSPECIFIED., .F., .F.,
 ( 4, 4 ),
 ( 1.084202172485504434E-19, 8.279030431676552462E-05 ),
 .UNSPECIFIED. ) ;
#2791 = CARTESIAN_POINT ( 'NONE',  ( 0.000000000000000000, 1.175240473580839717, -3.009999999999996678 ) ) ;
#2792 = VECTOR ( 'NONE', #1459, 1000.000000000000000 ) ;
#2793 = ORIENTED_EDGE ( 'NONE', *, *, #1049, .T. ) ;
#2794 = CARTESIAN_POINT ( 'NONE',  ( 1.732050807568896733, -1.534165808429054075E-14, 1.115000000000001545 ) ) ;
#2795 = CARTESIAN_POINT ( 'NONE',  ( 1.017788105676674215, 0.5876202367904118651, 0.4066666666666697294 ) ) ;
#2796 = LINE ( 'NONE', #2650, #2285 ) ;
#2797 = DIRECTION ( 'NONE',  ( -1.000000000000000000, -2.449293598294706907E-16, -1.062582038282616048E-31 ) ) ;
#2798 = EDGE_CURVE ( 'NONE', #5132, #2319, #2185, .T. ) ;
#2799 = CARTESIAN_POINT ( 'NONE',  ( 0.2861373716937380407, 1.335342877374601667, 6.076548246111994622 ) ) ;
#2800 = CARTESIAN_POINT ( 'NONE',  ( 0.000000000000000000, -3.168163357082304046E-16, 6.259999999999999787 ) ) ;
#2801 = CARTESIAN_POINT ( 'NONE',  ( -0.6785254037844494768, 1.175240473580839495, -2.405833333333330604 ) ) ;
#2802 =( BOUNDED_CURVE ( )  B_SPLINE_CURVE ( 3, ( #5361, #2026, #2935, #530 ),
 .UNSPECIFIED., .F., .F. ) 
 B_SPLINE_CURVE_WITH_KNOTS ( ( 4, 4 ),
 ( 2.946725557337479096, 3.336459749842107136 ),
 .UNSPECIFIED. ) 
 CURVE ( )  GEOMETRIC_REPRESENTATION_ITEM ( )  RATIONAL_B_SPLINE_CURVE ( ( 1.000000000000000000, 0.9873822754559015147, 0.9873822754559015147, 1.000000000000000000 ) ) 
 REPRESENTATION_ITEM ( '' )  );
#2803 = ORIENTED_EDGE ( 'NONE', *, *, #87, .F. ) ;
#2804 = CARTESIAN_POINT ( 'NONE',  ( -1.017788105676674215, -0.5876202367904433954, 2.719166666666668952 ) ) ;
#2805 = CARTESIAN_POINT ( 'NONE',  ( -1.357050807568899176, -1.545972647999367008E-14, -0.8224999999999972333 ) ) ;
#2806 = CARTESIAN_POINT ( 'NONE',  ( -1.310756855676672661, -0.7567658234670907591, 1.461354166666670285 ) ) ;
#2807 = EDGE_CURVE ( 'NONE', #1911, #4313, #4393, .T. ) ;
#2808 = CARTESIAN_POINT ( 'NONE',  ( -1.133407750765941469, -0.9829301787920691202, -6.012270668897001791 ) ) ;
#2809 = CARTESIAN_POINT ( 'NONE',  ( 1.198787504374560386, -0.08066951025691573851, 4.596799999999999997 ) ) ;
#2810 = CARTESIAN_POINT ( 'NONE',  ( 1.732050807568896511, -1.497752180282940202E-14, -5.322499999999994458 ) ) ;
#2811 = CARTESIAN_POINT ( 'NONE',  ( 0.8738379037844482555, -1.513531646934164643, -5.460520833333331048 ) ) ;
#2812 = CARTESIAN_POINT ( 'NONE',  ( -2.878508968398425596E-16, 1.175240473580839273, -0.5099999999999970113 ) ) ;
#2813 = CARTESIAN_POINT ( 'NONE',  ( -1.357050807568899176, -1.462983213228614112E-14, -4.884999999999997122 ) ) ;
#2814 = ORIENTED_EDGE ( 'NONE', *, *, #2494, .T. ) ;
#2815 = CARTESIAN_POINT ( 'NONE',  ( -0.6785254037844502539, 1.175240473580838829, -1.405833333333330382 ) ) ;
#2816 = CARTESIAN_POINT ( 'NONE',  ( -1.331662752906474623, 0.2869320653179814884, 6.077485728521251573 ) ) ;
#2817 = LINE ( 'NONE', #410, #2481 ) ;
#2818 = CARTESIAN_POINT ( 'NONE',  ( 0.9609583210510932449, 0.2972229608625794883, 6.161298346890663247 ) ) ;
#2819 = CARTESIAN_POINT ( 'NONE',  ( 1.357050807568899176, -1.487801925039868129E-14, -5.572499999999996234 ) ) ;
#2820 = VERTEX_POINT ( 'NONE', #2124 ) ;
#2821 = CARTESIAN_POINT ( 'NONE',  ( 1.747675807568897621, -1.503549638450370288E-14, -1.377187499999997788 ) ) ;
#2822 = ORIENTED_EDGE ( 'NONE', *, *, #3995, .T. ) ;
#2823 = CARTESIAN_POINT ( 'NONE',  ( -0.5133078674530129337, -0.4722784682163645442, 6.213072490298337414 ) ) ;
#2824 = CARTESIAN_POINT ( 'NONE',  ( -2.878508968398425596E-16, 1.175240473580839051, 0.9900000000000029887 ) ) ;
#2825 = DIRECTION ( 'NONE',  ( -0.02423420014170607831, 0.1218335514324820346, -0.9922546494165902509 ) ) ;
#2826 = CARTESIAN_POINT ( 'NONE',  ( 0.8175714475041538920, 1.154636722720049136, 3.308578823430909921 ) ) ;
#2827 = VECTOR ( 'NONE', #5833, 1000.000000000000000 ) ;
#2828 = ORIENTED_EDGE ( 'NONE', *, *, #126, .F. ) ;
#2829 = EDGE_CURVE ( 'NONE', #421, #3589, #1709, .T. ) ;
#2830 = CARTESIAN_POINT ( 'NONE',  ( 1.269983085977787418, -0.4410624271013146025, -6.259999999999999787 ) ) ;
#2831 = CARTESIAN_POINT ( 'NONE',  ( 0.07570317101014154004, -1.199498189242981461, 4.596799999999999997 ) ) ;
#2832 = EDGE_LOOP ( 'NONE', ( #3871, #4218, #624, #5343 ) ) ;
#2833 = LINE ( 'NONE', #1894, #685 ) ;
#2834 = CARTESIAN_POINT ( 'NONE',  ( 1.017788105676674659, -0.5876202367904422852, -1.114166666666663863 ) ) ;
#2835 = EDGE_CURVE ( 'NONE', #2635, #2666, #3671, .T. ) ;
#2836 = CARTESIAN_POINT ( 'NONE',  ( 1.853541686826127732E-16, -1.513531646934164643, 1.044687500000003544 ) ) ;
#2837 = CARTESIAN_POINT ( 'NONE',  ( -0.6062762517006071716, 1.326444168416617497, -6.121741500210553966 ) ) ;
#2838 = CARTESIAN_POINT ( 'NONE',  ( -0.3148034922636708810, 0.8811735338144270901, 6.174697866662547163 ) ) ;
#2839 = CARTESIAN_POINT ( 'NONE',  ( 1.836970198721030920E-16, 1.500000000000000666, 6.259999999999999787 ) ) ;
#2840 = EDGE_CURVE ( 'NONE', #2851, #167, #1738, .T. ) ;
#2841 = CARTESIAN_POINT ( 'NONE',  ( -1.747675807568897621, -1.475995085469554880E-14, -3.627187499999997566 ) ) ;
#2842 = CARTESIAN_POINT ( 'NONE',  ( 1.357050807568898954, -1.508907468196639793E-14, -1.134999999999997122 ) ) ;
#2843 = CARTESIAN_POINT ( 'NONE',  ( 1.357050807568899176, -1.517652690769084663E-14, -3.134999999999996678 ) ) ;
#2844 = CIRCLE ( 'NONE', #615, 5.174808031888050053 ) ;
#2845 = LINE ( 'NONE', #3414, #4577 ) ;
#2846 = CARTESIAN_POINT ( 'NONE',  ( 0.6785254037844494768, 1.175240473580838829, 2.010833333333335915 ) ) ;
#2847 = CARTESIAN_POINT ( 'NONE',  ( 1.357050807568899176, -1.536022392756294935E-14, -1.634999999999996678 ) ) ;
#2848 = DIRECTION ( 'NONE',  ( -0.09315614143603848096, -0.09315614143603880015, 0.9912839485361888414 ) ) ;
#2849 = CARTESIAN_POINT ( 'NONE',  ( 0.3207632393750008970, -0.3605145027937243229, 4.596799999999999997 ) ) ;
#2850 = CARTESIAN_POINT ( 'NONE',  ( 0.6785254037844492547, -1.175240473580869471, -5.155833333333330160 ) ) ;
#2851 = VERTEX_POINT ( 'NONE', #4080 ) ;
#2852 = CARTESIAN_POINT ( 'NONE',  ( -1.300333612973488747E-18, -0.01061802973623777666, 4.470623874064160397 ) ) ;
#2853 = ORIENTED_EDGE ( 'NONE', *, *, #1103, .F. ) ;
#2854 = DIRECTION ( 'NONE',  ( 0.000000000000000000, -1.224646799147353207E-16, 1.000000000000000000 ) ) ;
#2855 = CARTESIAN_POINT ( 'NONE',  ( -1.017788105676673993, -0.5876202367904430623, 0.6566666666666695074 ) ) ;
#2856 = CARTESIAN_POINT ( 'NONE',  ( -0.9333344501221008116, 0.2978604765686089784, 6.166490495653770942 ) ) ;
#2857 = CARTESIAN_POINT ( 'NONE',  ( -0.9609583210510910245, 0.2972229608625886477, 6.161298346890664135 ) ) ;
#2858 = VERTEX_POINT ( 'NONE', #4660 ) ;
#2859 = CARTESIAN_POINT ( 'NONE',  ( -3.673940397442101283E-16, 1.500000000000001554, -0.2599999999999980660 ) ) ;
#2860 = CARTESIAN_POINT ( 'NONE',  ( 1.359756979733229842, 0.2626973415845092474, 6.087342582100264465 ) ) ;
#2861 = ORIENTED_EDGE ( 'NONE', *, *, #935, .T. ) ;
#2862 = CARTESIAN_POINT ( 'NONE',  ( -0.6785254037844492547, -1.175240473580870360, 2.260833333333335915 ) ) ;
#2863 = CARTESIAN_POINT ( 'NONE',  ( 0.6785254037844494768, 1.175240473580839051, -0.9891666666666637520 ) ) ;
#2864 = CARTESIAN_POINT ( 'NONE',  ( -3.707083373652255464E-16, 1.513531646934134001, 1.794687500000003766 ) ) ;
#2865 = CARTESIAN_POINT ( 'NONE',  ( -1.310756855676673327, -0.7567658234670894268, -3.038645833333329271 ) ) ;
#2866 = CARTESIAN_POINT ( 'NONE',  ( 1.836970198721050395E-16, -1.500000000000032196, 1.552500000000003988 ) ) ;
#2867 = CARTESIAN_POINT ( 'NONE',  ( -0.2677743935594653069, 1.356211511255141389, 6.071938278631698438 ) ) ;
#2868 = CARTESIAN_POINT ( 'NONE',  ( -1.310756855676673105, 0.7567658234670602280, -4.168854166666664085 ) ) ;
#2869 = COORDINATED_UNIVERSAL_TIME_OFFSET ( 6, 0, .BEHIND. ) ;
#2870 = CARTESIAN_POINT ( 'NONE',  ( -0.6785254037844501429, 1.175240473580838829, -1.968333333333330382 ) ) ;
#2871 = CARTESIAN_POINT ( 'NONE',  ( -0.6785254037844500319, -1.175240473580869249, -3.301666666666662753 ) ) ;
#2872 = EDGE_CURVE ( 'NONE', #1914, #3623, #5978, .T. ) ;
#2873 = CARTESIAN_POINT ( 'NONE',  ( 0.6785254037844500319, -1.175240473580870137, 2.844166666666669396 ) ) ;
#2874 = VECTOR ( 'NONE', #2848, 1000.000000000000114 ) ;
#2875 = CARTESIAN_POINT ( 'NONE',  ( 1.199276079936780981, 0.07922243852623132854, 4.596799999999999997 ) ) ;
#2876 = DIRECTION ( 'NONE',  ( 0.000000000000000000, -1.000000000000000000, 0.000000000000000000 ) ) ;
#2877 = CARTESIAN_POINT ( 'NONE',  ( -1.299038105676672217, -0.7500000000000245359, 0.4066666666666680086 ) ) ;
#2878 = CARTESIAN_POINT ( 'NONE',  ( 0.6785254037844492547, -1.175240473580869249, -5.655833333333330160 ) ) ;
#2879 = ADVANCED_FACE ( 'NONE', ( #278 ), #2927, .T. ) ;
#2880 = ORIENTED_EDGE ( 'NONE', *, *, #5905, .F. ) ;
#2881 = CARTESIAN_POINT ( 'NONE',  ( 1.310756855676673105, 0.7567658234670596729, -0.3355208333333311033 ) ) ;
#2882 = ORIENTED_EDGE ( 'NONE', *, *, #1210, .F. ) ;
#2883 = CARTESIAN_POINT ( 'NONE',  ( 0.1656924446729684808, 1.223990920715821940, 5.090068257192154277 ) ) ;
#2884 = B_SPLINE_CURVE_WITH_KNOTS ( 'NONE', 3,
 ( #6139, #1314, #5700, #356 ),
 .UNSPECIFIED., .F., .F.,
 ( 4, 4 ),
 ( 0.000000000000000000, 0.0001633910678170355513 ),
 .UNSPECIFIED. ) ;
#2885 = CIRCLE ( 'NONE', #4202, 5.164680204508076855 ) ;
#2886 = CARTESIAN_POINT ( 'NONE',  ( 1.439254484199212798E-16, -1.175240473580869693, 1.240000000000002878 ) ) ;
#2887 = FACE_OUTER_BOUND ( 'NONE', #2729, .T. ) ;
#2888 = CARTESIAN_POINT ( 'NONE',  ( 1.732050807568896511, -1.547177680669994842E-14, 2.177500000000003766 ) ) ;
#2889 = ORIENTED_EDGE ( 'NONE', *, *, #1921, .F. ) ;
#2890 = CARTESIAN_POINT ( 'NONE',  ( 0.9689768168242255397, -0.8657845882664717552, -6.260000000000004228 ) ) ;
#2891 =( BOUNDED_CURVE ( )  B_SPLINE_CURVE ( 2, ( #2253, #3232, #6035, #702, #3204, #3583, #3712 ),
 .UNSPECIFIED., .F., .F. ) 
 B_SPLINE_CURVE_WITH_KNOTS ( ( 3, 2, 2, 3 ),
 ( 0.09090909090909082835, 0.1060606060606060219, 0.1212121212121212155, 0.1363636363636363813 ),
 .UNSPECIFIED. ) 
 CURVE ( )  GEOMETRIC_REPRESENTATION_ITEM ( )  RATIONAL_B_SPLINE_CURVE ( ( 1.000000000000000888, 0.8660254037844379305, 1.000000000000000000, 0.8660254037844387076, 1.000000000000000000, 0.8660254037844384856, 1.000000000000000222 ) ) 
 REPRESENTATION_ITEM ( '' )  );
#2892 = VECTOR ( 'NONE', #347, 1000.000000000000000 ) ;
#2893 = VERTEX_POINT ( 'NONE', #5276 ) ;
#2894 = CARTESIAN_POINT ( 'NONE',  ( 1.439254484199213045E-16, -1.175240473580870137, 2.302500000000001990 ) ) ;
#2895 = CARTESIAN_POINT ( 'NONE',  ( 1.017788105676674659, -0.5876202367904423962, -0.6141666666666638630 ) ) ;
#2896 = CARTESIAN_POINT ( 'NONE',  ( -1.310756855676672661, -0.7567658234670908701, 2.461354166666669840 ) ) ;
#2897 = CARTESIAN_POINT ( 'NONE',  ( 1.747675807568897621, -1.528559701323990486E-14, -2.830312499999995790 ) ) ;
#2898 = LINE ( 'NONE', #5292, #3956 ) ;
#2899 = CARTESIAN_POINT ( 'NONE',  ( 0.2972229608625790998, 0.9609583210510931339, 6.161298346890663247 ) ) ;
#2900 = CARTESIAN_POINT ( 'NONE',  ( 0.8738379037844482555, -1.513531646934165087, -3.460520833333331048 ) ) ;
#2901 = PERSON_AND_ORGANIZATION_ROLE ( 'creator' ) ;
#2902 = CARTESIAN_POINT ( 'NONE',  ( 0.6785254037844493658, 1.175240473580839051, 0.4483333333333361925 ) ) ;
#2903 = CARTESIAN_POINT ( 'NONE',  ( 0.6785254037844502539, 1.175240473580839273, -4.051666666666663197 ) ) ;
#2904 = CARTESIAN_POINT ( 'NONE',  ( -1.892079304682658611E-16, -1.544999999999998597, 3.390000000000000568 ) ) ;
#2905 = EDGE_CURVE ( 'NONE', #6009, #3233, #3617, .T. ) ;
#2906 = CARTESIAN_POINT ( 'NONE',  ( -1.017788105676675103, 0.5876202367904106438, 3.135833333333335915 ) ) ;
#2907 = CARTESIAN_POINT ( 'NONE',  ( -1.439254484199213045E-16, -1.175240473580869249, -4.759999999999997122 ) ) ;
#2908 = PLANE ( 'NONE',  #5826 ) ;
#2909 = EDGE_CURVE ( 'NONE', #4777, #2200, #280, .T. ) ;
#2910 = CARTESIAN_POINT ( 'NONE',  ( 1.439254484199212798E-16, -1.175240473580869471, -0.7599999999999970113 ) ) ;
#2911 = CARTESIAN_POINT ( 'NONE',  ( -1.278244739786706496, -0.2267330118526506566, 5.587203782463527446 ) ) ;
#2912 = CARTESIAN_POINT ( 'NONE',  ( 0.6785254037844502539, 1.175240473580839495, -4.989166666666663197 ) ) ;
#2913 = ORIENTED_EDGE ( 'NONE', *, *, #1063, .F. ) ;
#2914 = CARTESIAN_POINT ( 'NONE',  ( -1.747675807568897621, -1.561663435113442213E-14, -0.1271874999999979550 ) ) ;
#2915 = ORIENTED_EDGE ( 'NONE', *, *, #1493, .F. ) ;
#2916 = DIRECTION ( 'NONE',  ( 0.000000000000000000, -1.000000000000000000, 0.000000000000000000 ) ) ;
#2917 = EDGE_CURVE ( 'NONE', #1760, #6043, #3576, .T. ) ;
#2918 = CARTESIAN_POINT ( 'NONE',  ( 1.017788105676674215, 0.5876202367904115320, 2.906666666666669396 ) ) ;
#2919 = CARTESIAN_POINT ( 'NONE',  ( -0.2607495332532973609, -1.358185157725192438, 6.071772086592593709 ) ) ;
#2920 = CARTESIAN_POINT ( 'NONE',  ( 1.299038105676672217, 0.7499999999999930056, 2.219166666666670729 ) ) ;
#2921 = ORIENTED_EDGE ( 'NONE', *, *, #4385, .T. ) ;
#2922 = LINE ( 'NONE', #962, #2387 ) ;
#2923 = CARTESIAN_POINT ( 'NONE',  ( 1.357050807568899176, -1.500048393031341643E-14, -4.572499999999996234 ) ) ;
#2924 = ORIENTED_EDGE ( 'NONE', *, *, #4421, .F. ) ;
#2925 = CARTESIAN_POINT ( 'NONE',  ( 0.2792892724142159167, -1.347545104444242359, 6.073654477749244940 ) ) ;
#2926 = CARTESIAN_POINT ( 'NONE',  ( -1.017788105676675103, 0.5876202367904110879, 0.1358333333333361093 ) ) ;
#2927 =( BOUNDED_SURFACE ( )  B_SPLINE_SURFACE ( 1, 2, ( 
 ( #3608, #2718, #4017, #4174, #847, #2369, #5711, #4758, #4814, #4207, #5743, #883, #337, #912, #1901, #4689, #3760, #2275, #941, #2811, #1835, #3825, #6244, #402, #4300, #1298, #5772, #6120, #2777, #1421, #2339, #3346, #6154, #1326, #2243, #1771, #816, #4269, #3704, #1804, #5653, #3284, #3731, #1357, #5680, #4786, #2308, #3252, #2748, #6211, #2868, #5204, #5236, #4726, #370, #3317, #1865, #3793, #1389, #5296, #5266, #4240, #6181, #2841, #432, #3224, #5173, #2900, #1543, #6274, #4844, #3504, #2998, #1071, #5864, #1994, #3027, #4360, #4331, #3941, #3473, #21, #2932, #588, #1930, #1959, #4874, #5834, #3854, #3409, #5391, #2404, #5358, #2525, #3915, #2963, #464, #2432, #5890, #1037, #496, #5421, #113, #3882, #1512, #1482, #5457, #4907, #54, #2052, #4456, #558, #3973, #5802, #5922, #1451, #1005, #1574, #527, #2464, #3374, #2495, #4391, #4427, #82, #4941, #3439, #2021, #1097, #5324, #973, #2085, #2177 ),
 ( #4073, #687, #5007, #6054, #618, #6019, #1128, #1669, #208, #2589, #2555, #3600, #1158, #4488, #5551, #1608, #3090, #4009, #4591, #2147, #5488, #143, #1189, #5040, #5958, #3122, #3534, #2618, #3058, #239, #5070, #651, #4556, #717, #2652, #177, #2117, #4105, #4525, #4973, #5517, #4043, #5990, #1641, #3566, #2923, #2954, #1981, #2072, #3400, #3996, #2013, #104, #3523, #5446, #5947, #1057, #5882, #5912, #3431, #3493, #5349, #997, #4381, #4931, #5477, #4864, #3463, #3964, #12, #2984, #1471, #1503, #5381, #3017, #2546, #1534, #579, #4448, #4897, #5412, #1090, #5857, #4416, #2514, #2042, #519, #41, #2454, #4962, #1116, #606, #1564, #1028, #545, #3933, #3048, #3907, #2485, #4994, #3873, #639, #4479, #4351, #133, #74, #1595, #1949, #5823, #5690, #2442, #1939, #4339, #3863, #857, #5812, #3740, #2350, #3387, #6191, #4278, #2787, #2379, #1847, #6255, #3833, #6283, #4797, #5246, #5721, #5214, #1910, #4737 ) ),
 .UNSPECIFIED., .F., .F., .F. ) 
 B_SPLINE_SURFACE_WITH_KNOTS ( ( 2, 2 ),
 ( 3, 2, 2, 2, 2, 2, 2, 2, 2, 2, 2, 2, 2, 2, 2, 2, 2, 2, 2, 2, 2, 2, 2, 2, 2, 2, 2, 2, 2, 2, 2, 2, 2, 2, 2, 2, 2, 2, 2, 2, 2, 2, 2, 2, 2, 2, 2, 2, 2, 2, 2, 2, 2, 2, 2, 2, 2, 2, 2, 2, 2, 2, 2, 2, 2, 2, 3 ),
 ( 0.000000000000000000, 1.000000000000000000 ),
 ( 0.000000000000000000, 0.01515151515151515194, 0.03030303030303030387, 0.04545454545454545581, 0.06060606060606060774, 0.07575757575757575968, 0.09090909090909091161, 0.1060606060606060635, 0.1212121212121212155, 0.1363636363636363535, 0.1515151515151515194, 0.1666666666666666574, 0.1818181818181818232, 0.1969696969696969613, 0.2121212121212121271, 0.2272727272727272652, 0.2424242424242424310, 0.2575757575757575690, 0.2727272727272727071, 0.2878787878787879007, 0.3030303030303030387, 0.3181818181818181768, 0.3333333333333333148, 0.3484848484848485084, 0.3636363636363636465, 0.3787878787878787845, 0.3939393939393939226, 0.4090909090909091161, 0.4242424242424242542, 0.4393939393939393923, 0.4545454545454545303, 0.4696969696969697239, 0.4848484848484848619, 0.5000000000000000000, 0.5151515151515151381, 0.5303030303030302761, 0.5454545454545454142, 0.5606060606060605522, 0.5757575757575758013, 0.5909090909090909394, 0.6060606060606060774, 0.6212121212121212155, 0.6363636363636363535, 0.6515151515151514916, 0.6666666666666666297, 0.6818181818181817677, 0.6969696969696970168, 0.7121212121212121549, 0.7272727272727272929, 0.7424242424242424310, 0.7575757575757575690, 0.7727272727272727071, 0.7878787878787878451, 0.8030303030303029832, 0.8181818181818182323, 0.8333333333333333703, 0.8484848484848485084, 0.8636363636363636465, 0.8787878787878787845, 0.8939393939393939226, 0.9090909090909090606, 0.9242424242424241987, 0.9393939393939394478, 0.9545454545454545858, 0.9696969696969697239, 0.9848484848484848619, 1.000000000000000000 ),
 .UNSPECIFIED. ) 
 GEOMETRIC_REPRESENTATION_ITEM ( )  RATIONAL_B_SPLINE_SURFACE ( (
 ( 1.000000000000000000, 0.8660254037844387076, 1.000000000000000000, 0.8660254037844387076, 1.000000000000000000, 0.8660254037844387076, 1.000000000000000000, 0.8660254037844387076, 1.000000000000000000, 0.8660254037844387076, 1.000000000000000000, 0.8660254037844387076, 1.000000000000000000, 0.8660254037844387076, 1.000000000000000000, 0.8660254037844387076, 1.000000000000000000, 0.8660254037844387076, 1.000000000000000000, 0.8660254037844387076, 1.000000000000000000, 0.8660254037844387076, 1.000000000000000000, 0.8660254037844387076, 1.000000000000000000, 0.8660254037844387076, 1.000000000000000000, 0.8660254037844387076, 1.000000000000000000, 0.8660254037844387076, 1.000000000000000000, 0.8660254037844387076, 1.000000000000000000, 0.8660254037844387076, 1.000000000000000000, 0.8660254037844387076, 1.000000000000000000, 0.8660254037844387076, 1.000000000000000000, 0.8660254037844387076, 1.000000000000000000, 0.8660254037844387076, 1.000000000000000000, 0.8660254037844387076, 1.000000000000000000, 0.8660254037844387076, 1.000000000000000000, 0.8660254037844387076, 1.000000000000000000, 0.8660254037844387076, 1.000000000000000000, 0.8660254037844387076, 1.000000000000000000, 0.8660254037844387076, 1.000000000000000000, 0.8660254037844387076, 1.000000000000000000, 0.8660254037844387076, 1.000000000000000000, 0.8660254037844387076, 1.000000000000000000, 0.8660254037844387076, 1.000000000000000000, 0.8660254037844387076, 1.000000000000000000, 0.8660254037844387076, 1.000000000000000000, 0.8660254037844387076, 1.000000000000000000, 0.8660254037844387076, 1.000000000000000000, 0.8660254037844387076, 1.000000000000000000, 0.8660254037844387076, 1.000000000000000000, 0.8660254037844387076, 1.000000000000000000, 0.8660254037844387076, 1.000000000000000000, 0.8660254037844387076, 1.000000000000000000, 0.8660254037844387076, 1.000000000000000000, 0.8660254037844387076, 1.000000000000000000, 0.8660254037844387076, 1.000000000000000000, 0.8660254037844387076, 1.000000000000000000, 0.8660254037844387076, 1.000000000000000000, 0.8660254037844387076, 1.000000000000000000, 0.8660254037844387076, 1.000000000000000000, 0.8660254037844387076, 1.000000000000000000, 0.8660254037844387076, 1.000000000000000000, 0.8660254037844387076, 1.000000000000000000, 0.8660254037844387076, 1.000000000000000000, 0.8660254037844387076, 1.000000000000000000, 0.8660254037844387076, 1.000000000000000000, 0.8660254037844387076, 1.000000000000000000, 0.8660254037844387076, 1.000000000000000000, 0.8660254037844387076, 1.000000000000000000, 0.8660254037844387076, 1.000000000000000000, 0.8660254037844387076, 1.000000000000000000, 0.8660254037844387076, 1.000000000000000000, 0.8660254037844387076, 1.000000000000000000, 0.8660254037844387076, 1.000000000000000000, 0.8660254037844387076, 1.000000000000000000, 0.8660254037844387076, 1.000000000000000000, 0.8660254037844387076, 1.000000000000000000, 0.8660254037844387076, 1.000000000000000000, 0.8660254037844387076, 1.000000000000000000),
 ( 1.000000000000000000, 0.8660254037844387076, 1.000000000000000000, 0.8660254037844387076, 1.000000000000000000, 0.8660254037844387076, 1.000000000000000000, 0.8660254037844387076, 1.000000000000000000, 0.8660254037844387076, 1.000000000000000000, 0.8660254037844387076, 1.000000000000000000, 0.8660254037844387076, 1.000000000000000000, 0.8660254037844387076, 1.000000000000000000, 0.8660254037844387076, 1.000000000000000000, 0.8660254037844387076, 1.000000000000000000, 0.8660254037844387076, 1.000000000000000000, 0.8660254037844387076, 1.000000000000000000, 0.8660254037844387076, 1.000000000000000000, 0.8660254037844387076, 1.000000000000000000, 0.8660254037844387076, 1.000000000000000000, 0.8660254037844387076, 1.000000000000000000, 0.8660254037844387076, 1.000000000000000000, 0.8660254037844387076, 1.000000000000000000, 0.8660254037844387076, 1.000000000000000000, 0.8660254037844387076, 1.000000000000000000, 0.8660254037844387076, 1.000000000000000000, 0.8660254037844387076, 1.000000000000000000, 0.8660254037844387076, 1.000000000000000000, 0.8660254037844387076, 1.000000000000000000, 0.8660254037844387076, 1.000000000000000000, 0.8660254037844387076, 1.000000000000000000, 0.8660254037844387076, 1.000000000000000000, 0.8660254037844387076, 1.000000000000000000, 0.8660254037844387076, 1.000000000000000000, 0.8660254037844387076, 1.000000000000000000, 0.8660254037844387076, 1.000000000000000000, 0.8660254037844387076, 1.000000000000000000, 0.8660254037844387076, 1.000000000000000000, 0.8660254037844387076, 1.000000000000000000, 0.8660254037844387076, 1.000000000000000000, 0.8660254037844387076, 1.000000000000000000, 0.8660254037844387076, 1.000000000000000000, 0.8660254037844387076, 1.000000000000000000, 0.8660254037844387076, 1.000000000000000000, 0.8660254037844387076, 1.000000000000000000, 0.8660254037844387076, 1.000000000000000000, 0.8660254037844387076, 1.000000000000000000, 0.8660254037844387076, 1.000000000000000000, 0.8660254037844387076, 1.000000000000000000, 0.8660254037844387076, 1.000000000000000000, 0.8660254037844387076, 1.000000000000000000, 0.8660254037844387076, 1.000000000000000000, 0.8660254037844387076, 1.000000000000000000, 0.8660254037844387076, 1.000000000000000000, 0.8660254037844387076, 1.000000000000000000, 0.8660254037844387076, 1.000000000000000000, 0.8660254037844387076, 1.000000000000000000, 0.8660254037844387076, 1.000000000000000000, 0.8660254037844387076, 1.000000000000000000, 0.8660254037844387076, 1.000000000000000000, 0.8660254037844387076, 1.000000000000000000, 0.8660254037844387076, 1.000000000000000000, 0.8660254037844387076, 1.000000000000000000, 0.8660254037844387076, 1.000000000000000000, 0.8660254037844387076, 1.000000000000000000, 0.8660254037844387076, 1.000000000000000000, 0.8660254037844387076, 1.000000000000000000, 0.8660254037844387076, 1.000000000000000000, 0.8660254037844387076, 1.000000000000000000, 0.8660254037844387076, 1.000000000000000000, 0.8660254037844387076, 1.000000000000000000) ) ) 
 REPRESENTATION_ITEM ( '' )  SURFACE ( )  );
#2928 = CARTESIAN_POINT ( 'NONE',  ( 1.310756855676673105, -0.7567658234670900930, 3.128020833333336803 ) ) ;
#2929 = CYLINDRICAL_SURFACE ( 'NONE', #6136, 1.500000000000000888 ) ;
#2930 = DIRECTION ( 'NONE',  ( 0.000000000000000000, 1.224646799147353207E-16, -1.000000000000000000 ) ) ;
#2931 = DIRECTION ( 'NONE',  ( -0.000000000000000000, -1.224646799147353207E-16, 1.000000000000000000 ) ) ;
#2932 = CARTESIAN_POINT ( 'NONE',  ( 1.310756855676673771, 0.7567658234670586737, -2.835520833333331048 ) ) ;
#2933 = CARTESIAN_POINT ( 'NONE',  ( -1.357050807568898954, -1.581946647724320616E-14, 2.115000000000003322 ) ) ;
#2934 = CARTESIAN_POINT ( 'NONE',  ( -0.6785254037844500319, -1.175240473580869471, -1.801666666666663197 ) ) ;
#2935 = CARTESIAN_POINT ( 'NONE',  ( 0.1051267183062888078, 0.8951647877168021905, 4.596799999999999997 ) ) ;
#2936 = CARTESIAN_POINT ( 'NONE',  ( 1.017788105676674659, -0.5876202367904426183, 1.885833333333335915 ) ) ;
#2937 = CARTESIAN_POINT ( 'NONE',  ( 0.000000000000000000, 1.175240473580839717, -3.509999999999996678 ) ) ;
#2938 = CARTESIAN_POINT ( 'NONE',  ( 1.836970198721050642E-16, -1.500000000000032863, 0.9900000000000013234 ) ) ;
#2939 = CARTESIAN_POINT ( 'NONE',  ( -1.017788105676673993, -0.5876202367904429513, -0.8433333333333304926 ) ) ;
#2940 = CARTESIAN_POINT ( 'NONE',  ( 1.299038105676672661, -0.7500000000000234257, -0.4266666666666650287 ) ) ;
#2941 = CARTESIAN_POINT ( 'NONE',  ( 1.017788105676675103, 0.5876202367904115320, -4.030833333333330160 ) ) ;
#2942 = ORIENTED_EDGE ( 'NONE', *, *, #344, .F. ) ;
#2943 = CARTESIAN_POINT ( 'NONE',  ( -3.707083373652255957E-16, 1.513531646934134223, -0.7521874999999976774 ) ) ;
#2944 = AXIS2_PLACEMENT_3D ( 'NONE', #5896, #3031, #622 ) ;
#2945 = VERTEX_POINT ( 'NONE', #2156 ) ;
#2946 = CARTESIAN_POINT ( 'NONE',  ( -0.6785254037844494768, 1.175240473580839717, -5.468333333333329271 ) ) ;
#2947 = ADVANCED_FACE ( 'NONE', ( #1199 ), #4082, .T. ) ;
#2948 = CARTESIAN_POINT ( 'NONE',  ( 0.8157371581801663440, 1.130560310954311420, -6.184028823854709422 ) ) ;
#2949 = CARTESIAN_POINT ( 'NONE',  ( 0.2001053846336540987, -1.486592693053719882, -6.000000000000001776 ) ) ;
#2950 = CARTESIAN_POINT ( 'NONE',  ( 0.6472804066655145627, -0.6472804066655191146, 6.216744331379264743 ) ) ;
#2951 = ORIENTED_EDGE ( 'NONE', *, *, #5411, .T. ) ;
#2952 = CARTESIAN_POINT ( 'NONE',  ( 0.1994084644922287375, 1.307982460370785249, 5.581734682221377142 ) ) ;
#2953 = EDGE_CURVE ( 'NONE', #4945, #4166, #4508, .T. ) ;
#2954 = CARTESIAN_POINT ( 'NONE',  ( 1.017788105676675103, 0.5876202367904116430, -4.530833333333330160 ) ) ;
#2955 = EDGE_LOOP ( 'NONE', ( #1979, #3045, #5347, #3109 ) ) ;
#2956 = CARTESIAN_POINT ( 'NONE',  ( 1.299038105676672661, -0.7500000000000235367, 0.5733333333333348047 ) ) ;
#2957 = CARTESIAN_POINT ( 'NONE',  ( 0.6785254037844494768, 1.175240473580838829, 2.510833333333336359 ) ) ;
#2958 = CARTESIAN_POINT ( 'NONE',  ( -0.8738379037844481445, -1.513531646934165309, 2.503020833333336803 ) ) ;
#2959 = CARTESIAN_POINT ( 'NONE',  ( -0.5899199943498300014, -0.2443528623747623918, 6.259999999999999787 ) ) ;
#2960 = DIRECTION ( 'NONE',  ( -0.000000000000000000, -1.224646799147353207E-16, 1.000000000000000000 ) ) ;
#2961 = CARTESIAN_POINT ( 'NONE',  ( -0.07570317101013318561, 1.199498189242981239, 4.596799999999999997 ) ) ;
#2962 =( BOUNDED_CURVE ( )  B_SPLINE_CURVE ( 1, ( #5150, #6067 ),
 .UNSPECIFIED., .F., .F. ) 
 B_SPLINE_CURVE_WITH_KNOTS ( ( 2, 2 ),
 ( 0.000000000000000000, 0.0003750000000005791886 ),
 .UNSPECIFIED. ) 
 CURVE ( )  GEOMETRIC_REPRESENTATION_ITEM ( )  RATIONAL_B_SPLINE_CURVE ( ( 0.9330450126763616403, 0.9330450126763616403 ) ) 
 REPRESENTATION_ITEM ( '' )  );
#2963 = CARTESIAN_POINT ( 'NONE',  ( 0.8738379037844496988, 1.513531646934134001, -2.293854166666664973 ) ) ;
#2964 = CARTESIAN_POINT ( 'NONE',  ( 0.6785254037844493658, 1.175240473580838829, 2.448333333333336359 ) ) ;
#2965 = CARTESIAN_POINT ( 'NONE',  ( -0.6785254037844494768, 1.175240473580839273, -1.468333333333329938 ) ) ;
#2966 = VERTEX_POINT ( 'NONE', #725 ) ;
#2967 = CARTESIAN_POINT ( 'NONE',  ( -0.8660254037844531405, 1.499999999999994227, 0.3441666666666709506 ) ) ;
#2968 = CARTESIAN_POINT ( 'NONE',  ( -1.017788105676674437, 0.5876202367904123092, -1.926666666666663419 ) ) ;
#2969 = EDGE_CURVE ( 'NONE', #4522, #3784, #4264, .T. ) ;
#2970 = CARTESIAN_POINT ( 'NONE',  ( 0.000000000000000000, 2.070106209874711453E-15, 4.596799999999999997 ) ) ;
#2971 = CARTESIAN_POINT ( 'NONE',  ( 1.017788105676674437, -0.5876202367904425072, 1.323333333333336137 ) ) ;
#2972 = CARTESIAN_POINT ( 'NONE',  ( -0.8660254037844480335, -1.500000000000032863, 0.4483333333333348603 ) ) ;
#2973 = CARTESIAN_POINT ( 'NONE',  ( 1.357050807568899176, -1.524541329014288673E-14, -2.572499999999996678 ) ) ;
#2974 = VERTEX_POINT ( 'NONE', #3673 ) ;
#2975 = CARTESIAN_POINT ( 'NONE',  ( -0.8738379037844496988, 1.513531646934133557, 1.289479166666668730 ) ) ;
#2976 = AXIS2_PLACEMENT_3D ( 'NONE', #3105, #761, #2724 ) ;
#2977 = CARTESIAN_POINT ( 'NONE',  ( -0.9227480026794834256, 0.1051267183062977728, 4.596799999999999997 ) ) ;
#2978 = CARTESIAN_POINT ( 'NONE',  ( 0.000000000000000000, 1.500000000000001998, -5.197499999999996234 ) ) ;
#2979 = AXIS2_PLACEMENT_3D ( 'NONE', #1300, #5145, #5175 ) ;
#2980 = CARTESIAN_POINT ( 'NONE',  ( 0.8660254037844482555, 1.500000000000001110, 1.698333333333335249 ) ) ;
#2981 = ORIENTED_EDGE ( 'NONE', *, *, #5486, .T. ) ;
#2982 = DIRECTION ( 'NONE',  ( 6.289066505631573324E-17, 0.5135412520581661422, 0.8580649057236469091 ) ) ;
#2983 = ADVANCED_FACE ( 'NONE', ( #4116 ), #1711, .T. ) ;
#2984 = CARTESIAN_POINT ( 'NONE',  ( 1.017788105676675103, 0.5876202367904115320, -3.530833333333330160 ) ) ;
#2985 = AXIS2_PLACEMENT_3D ( 'NONE', #1178, #227, #4092 ) ;
#2986 = ORIENTED_EDGE ( 'NONE', *, *, #5873, .F. ) ;
#2987 = CARTESIAN_POINT ( 'NONE',  ( 0.000000000000000000, 1.517883041479706208E-15, 6.071772086592591045 ) ) ;
#2988 = CARTESIAN_POINT ( 'NONE',  ( 1.017788105676674659, -0.5876202367904426183, 1.385833333333335915 ) ) ;
#2989 = ADVANCED_FACE ( 'NONE', ( #1233 ), #3132, .T. ) ;
#2990 = DIRECTION ( 'NONE',  ( 0.9169930745742564948, -0.3798309680908735220, 0.1218693434051478092 ) ) ;
#2991 = AXIS2_PLACEMENT_3D ( 'NONE', #5670, #1793, #3815 ) ;
#2992 = CARTESIAN_POINT ( 'NONE',  ( 0.000000000000000000, 1.500000000000001554, -2.197499999999995790 ) ) ;
#2993 = CARTESIAN_POINT ( 'NONE',  ( -0.6785254037844494768, 1.175240473580839717, -5.405833333333331048 ) ) ;
#2994 = ORIENTED_EDGE ( 'NONE', *, *, #1450, .F. ) ;
#2995 = DIRECTION ( 'NONE',  ( -0.000000000000000000, -1.224646799147353207E-16, 1.000000000000000000 ) ) ;
#2996 = CIRCLE ( 'NONE', #4110, 1.382988518302599168 ) ;
#2997 = ADVANCED_FACE ( 'NONE', ( #5797 ), #2047, .T. ) ;
#2998 = CARTESIAN_POINT ( 'NONE',  ( 0.000000000000000000, 1.513531646934134445, -3.252187499999997122 ) ) ;
#2999 = CARTESIAN_POINT ( 'NONE',  ( -0.6785254037844491437, -1.175240473580869915, 0.6983333333333364701 ) ) ;
#3000 = CARTESIAN_POINT ( 'NONE',  ( -1.017788105676674437, 0.5876202367904123092, -2.426666666666663641 ) ) ;
#3001 = ORIENTED_EDGE ( 'NONE', *, *, #833, .T. ) ;
#3002 = CYLINDRICAL_SURFACE ( 'NONE', #4263, 0.2109150000000001024 ) ;
#3003 =( BOUNDED_CURVE ( )  B_SPLINE_CURVE ( 2, ( #68, #4375, #3424, #4890, #3392, #5471, #632, #1020, #3457, #4504, #2007, #2508, #3517, #1557, #5817, #991, #4442, #2067, #35, #2946, #1943, #3988, #512, #3011, #5344, #2570, #2447, #3485, #601, #1974, #1050, #3899, #1497, #3927, #5876, #1526, #3957, #5404, #4955, #4922, #98, #5438, #2034, #1084, #1142, #3070, #190, #728, #5624, #5021, #5564, #6065, #2100, #5083, #3548, #3580, #5530, #5115, #4635, #3613, #3135, #4057, #4023, #3644, #3166, #6003, #2630, #285, #5971, #1653, #4569, #1171, #1715, #1623, #5501, #668, #5053, #2220, #1202, #2661, #2723, #1272, #2601, #3200, #760, #795, #2695, #3104, #4604, #4085, #5149, #158, #699, #254, #5594, #6095, #1236, #4150, #4537, #6032, #1745, #2130, #221, #2159, #2192, #1684, #4121, #3676, #438, #5658, #4246, #2847, #4179, #2249, #3800, #6159, #4695, #4764, #5750, #5779, #1810, #3737, #5273, #918, #5687, #1333, #1428 ),
 .UNSPECIFIED., .F., .F. ) 
 B_SPLINE_CURVE_WITH_KNOTS ( ( 3, 2, 2, 2, 2, 2, 2, 2, 2, 2, 2, 2, 2, 2, 2, 2, 2, 2, 2, 2, 2, 2, 2, 2, 2, 2, 2, 2, 2, 2, 2, 2, 2, 2, 2, 2, 2, 2, 2, 2, 2, 2, 2, 2, 2, 2, 2, 2, 2, 2, 2, 2, 2, 2, 2, 2, 2, 2, 2, 2, 2, 2, 2, 3 ),
 ( 0.04545454545454554601, 0.06060606060606069795, 0.07575757575757584295, 0.09090909090909099488, 0.1060606060606061468, 0.1212121212121212988, 0.1363636363636364368, 0.1515151515151516026, 0.1666666666666667407, 0.1818181818181819065, 0.1969696969696970168, 0.2121212121212122104, 0.2272727272727273762, 0.2424242424242424865, 0.2575757575757576245, 0.2727272727272727626, 0.2878787878787879562, 0.3030303030303030942, 0.3181818181818182323, 0.3333333333333333703, 0.3484848484848485084, 0.3636363636363637020, 0.3787878787878787845, 0.3939393939393939226, 0.4090909090909091717, 0.4242424242424242542, 0.4393939393939393923, 0.4545454545454545303, 0.4696969696969697239, 0.4848484848484849175, 0.5000000000000000000, 0.5151515151515151381, 0.5303030303030302761, 0.5454545454545454142, 0.5606060606060606633, 0.5757575757575758013, 0.5909090909090910504, 0.6060606060606061884, 0.6212121212121212155, 0.6363636363636363535, 0.6515151515151514916, 0.6666666666666666297, 0.6818181818181818787, 0.6969696969696970168, 0.7121212121212121549, 0.7272727272727272929, 0.7424242424242424310, 0.7575757575757576801, 0.7727272727272728181, 0.7878787878787878451, 0.8030303030303029832, 0.8181818181818182323, 0.8333333333333333703, 0.8484848484848486194, 0.8636363636363636465, 0.8787878787878787845, 0.8939393939393939226, 0.9090909090909090606, 0.9242424242424243097, 0.9393939393939394478, 0.9545454545454545858, 0.9696969696969697239, 0.9848484848484848619, 1.000000000000000000 ),
 .UNSPECIFIED. ) 
 CURVE ( )  GEOMETRIC_REPRESENTATION_ITEM ( )  RATIONAL_B_SPLINE_CURVE ( ( 0.9999999999999991118, 0.8660254037844394848, 1.000000000000000000, 0.8660254037844387076, 1.000000000000000000, 0.8660254037844387076, 1.000000000000000000, 0.8660254037844387076, 1.000000000000000000, 0.8660254037844387076, 1.000000000000000000, 0.8660254037844387076, 1.000000000000000000, 0.8660254037844387076, 1.000000000000000000, 0.8660254037844387076, 1.000000000000000000, 0.8660254037844387076, 1.000000000000000000, 0.8660254037844387076, 1.000000000000000000, 0.8660254037844387076, 1.000000000000000000, 0.8660254037844387076, 1.000000000000000000, 0.8660254037844387076, 1.000000000000000000, 0.8660254037844387076, 1.000000000000000000, 0.8660254037844387076, 1.000000000000000000, 0.8660254037844387076, 1.000000000000000000, 0.8660254037844387076, 1.000000000000000000, 0.8660254037844387076, 1.000000000000000000, 0.8660254037844387076, 1.000000000000000000, 0.8660254037844387076, 1.000000000000000000, 0.8660254037844387076, 1.000000000000000000, 0.8660254037844387076, 1.000000000000000000, 0.8660254037844387076, 1.000000000000000000, 0.8660254037844387076, 1.000000000000000000, 0.8660254037844387076, 1.000000000000000000, 0.8660254037844387076, 1.000000000000000000, 0.8660254037844387076, 1.000000000000000000, 0.8660254037844387076, 1.000000000000000000, 0.8660254037844387076, 1.000000000000000000, 0.8660254037844387076, 1.000000000000000000, 0.8660254037844387076, 1.000000000000000000, 0.8660254037844387076, 1.000000000000000000, 0.8660254037844387076, 1.000000000000000000, 0.8660254037844387076, 1.000000000000000000, 0.8660254037844387076, 1.000000000000000000, 0.8660254037844387076, 1.000000000000000000, 0.8660254037844387076, 1.000000000000000000, 0.8660254037844387076, 1.000000000000000000, 0.8660254037844387076, 1.000000000000000000, 0.8660254037844387076, 1.000000000000000000, 0.8660254037844387076, 1.000000000000000000, 0.8660254037844387076, 1.000000000000000000, 0.8660254037844387076, 1.000000000000000000, 0.8660254037844387076, 1.000000000000000000, 0.8660254037844387076, 1.000000000000000000, 0.8660254037844387076, 1.000000000000000000, 0.8660254037844387076, 1.000000000000000000, 0.8660254037844387076, 1.000000000000000000, 0.8660254037844387076, 1.000000000000000000, 0.8660254037844387076, 1.000000000000000000, 0.8660254037844387076, 1.000000000000000000, 0.8660254037844387076, 1.000000000000000000, 0.8660254037844387076, 1.000000000000000000, 0.8660254037844387076, 1.000000000000000000, 0.8660254037844387076, 1.000000000000000000, 0.8660254037844387076, 1.000000000000000000, 0.8660254037844387076, 1.000000000000000000, 0.8660254037844387076, 1.000000000000000000, 0.8660254037844387076, 1.000000000000000000, 0.8660254037844387076, 1.000000000000000000, 0.8660254037844387076, 1.000000000000000000, 0.8660254037844387076, 1.000000000000000000, 0.8660254037844387076, 1.000000000000000000 ) ) 
 REPRESENTATION_ITEM ( '' )  );
#3004 = CARTESIAN_POINT ( 'NONE',  ( -1.357050807568899176, -1.505845851198771414E-14, -1.384999999999996234 ) ) ;
#3005 = CARTESIAN_POINT ( 'NONE',  ( 1.199498189242980350, 0.07570317101014510663, 4.596799999999999997 ) ) ;
#3006 = CARTESIAN_POINT ( 'NONE',  ( 1.357050807568898954, -1.527277170183850065E-14, 0.3650000000000029332 ) ) ;
#3007 = CARTESIAN_POINT ( 'NONE',  ( 0.000000000000000000, -1.500000000000001110, 6.259999999999999787 ) ) ;
#3008 = CARTESIAN_POINT ( 'NONE',  ( -1.017788105676674659, -0.5876202367904418411, -4.280833333333330160 ) ) ;
#3009 = ORIENTED_EDGE ( 'NONE', *, *, #6217, .F. ) ;
#3010 = CARTESIAN_POINT ( 'NONE',  ( 1.310756855676673327, -0.7567658234670898709, 0.5811458333333352488 ) ) ;
#3011 = CARTESIAN_POINT ( 'NONE',  ( -0.6785254037844500319, -1.175240473580869027, -5.301666666666664085 ) ) ;
#3012 = CARTESIAN_POINT ( 'NONE',  ( 0.000000000000000000, 1.500000000000001998, -3.759999999999997566 ) ) ;
#3013 = DIRECTION ( 'NONE',  ( 0.9238795325112897361, 0.3826834323650823988, 0.000000000000000000 ) ) ;
#3014 = CARTESIAN_POINT ( 'NONE',  ( 0.000000000000000000, -2.435050777396621235, 4.189596514420281359 ) ) ;
#3015 = VERTEX_POINT ( 'NONE', #3968 ) ;
#3016 = CARTESIAN_POINT ( 'NONE',  ( 0.07570317101015060224, 1.199498189242980350, 4.596799999999999997 ) ) ;
#3017 = CARTESIAN_POINT ( 'NONE',  ( -1.017788105676674437, 0.5876202367904125312, -3.364166666666663197 ) ) ;
#3018 = ORIENTED_EDGE ( 'NONE', *, *, #3763, .F. ) ;
#3019 = CARTESIAN_POINT ( 'NONE',  ( 0.000000000000000000, -3.168163357082304046E-16, 6.259999999999999787 ) ) ;
#3020 = CARTESIAN_POINT ( 'NONE',  ( -1.017788105676674215, -0.5876202367904432844, 1.719166666666669174 ) ) ;
#3021 = CARTESIAN_POINT ( 'NONE',  ( 0.8660254037844441477, -1.500000000000038636, -1.468333333333332158 ) ) ;
#3022 = CARTESIAN_POINT ( 'NONE',  ( -0.8660254037844492547, 1.500000000000001110, 1.281666666666668286 ) ) ;
#3023 = CARTESIAN_POINT ( 'NONE',  ( 1.357050807568899176, -1.487801925039867813E-14, -5.572499999999996234 ) ) ;
#3024 = ADVANCED_FACE ( 'NONE', ( #3877 ), #2459, .T. ) ;
#3025 = ORIENTED_EDGE ( 'NONE', *, *, #5366, .T. ) ;
#3026 = CARTESIAN_POINT ( 'NONE',  ( 0.2972229608625790998, 0.9609583210510931339, 6.161298346890663247 ) ) ;
#3027 = CARTESIAN_POINT ( 'NONE',  ( -1.310756855676673327, -0.7567658234670894268, -3.085520833333330604 ) ) ;
#3028 = CARTESIAN_POINT ( 'NONE',  ( -1.357050807568898954, -1.588069881720057373E-14, 2.615000000000002434 ) ) ;
#3029 = CARTESIAN_POINT ( 'NONE',  ( 1.017788105676675103, 0.5876202367904113100, -2.093333333333329715 ) ) ;
#3030 = ORIENTED_EDGE ( 'NONE', *, *, #195, .F. ) ;
#3031 = DIRECTION ( 'NONE',  ( -1.000000000000000000, 0.000000000000000000, -0.000000000000000000 ) ) ;
#3032 = EDGE_CURVE ( 'NONE', #5935, #197, #2246, .T. ) ;
#3033 = CARTESIAN_POINT ( 'NONE',  ( 1.354467897180132052, -0.2708187198770849458, 6.072246455017669575 ) ) ;
#3034 = CARTESIAN_POINT ( 'NONE',  ( -1.328925652794128665, 0.2881423344223095206, 6.087342579377973628 ) ) ;
#3035 = CARTESIAN_POINT ( 'NONE',  ( 1.017788105676674437, -0.5876202367904423962, 0.3233333333333360815 ) ) ;
#3036 = CARTESIAN_POINT ( 'NONE',  ( 0.000000000000000000, -3.168163357082304046E-16, 6.259999999999999787 ) ) ;
#3037 = CARTESIAN_POINT ( 'NONE',  ( -1.439254484199213045E-16, -1.175240473580869249, -4.697499999999997122 ) ) ;
#3038 = ORIENTED_EDGE ( 'NONE', *, *, #2336, .F. ) ;
#3039 = CARTESIAN_POINT ( 'NONE',  ( -1.310756855676673771, 0.7567658234670581185, 1.831145833333335471 ) ) ;
#3040 =( BOUNDED_CURVE ( )  B_SPLINE_CURVE ( 2, ( #2020, #2617, #2051, #587, #3472, #51, #3914 ),
 .UNSPECIFIED., .F., .F. ) 
 B_SPLINE_CURVE_WITH_KNOTS ( ( 3, 2, 2, 3 ),
 ( 0.09090909090909082835, 0.1060606060606059525, 0.1212121212121210906, 0.1363636363636362148 ),
 .UNSPECIFIED. ) 
 CURVE ( )  GEOMETRIC_REPRESENTATION_ITEM ( )  RATIONAL_B_SPLINE_CURVE ( ( 1.000000000000000888, 0.8660254037844377084, 1.000000000000000000, 0.8660254037844387076, 1.000000000000000000, 0.8660254037844399289, 0.9999999999999987788 ) ) 
 REPRESENTATION_ITEM ( '' )  );
#3041 = CARTESIAN_POINT ( 'NONE',  ( 1.732050807568896511, -1.510438276695574613E-14, -0.8224999999999959011 ) ) ;
#3042 = CARTESIAN_POINT ( 'NONE',  ( -0.8660254037844378194, -1.500000000000050404, -5.489166666666660532 ) ) ;
#3043 = CARTESIAN_POINT ( 'NONE',  ( 0.1047302639361355203, -1.173160333703291869, 4.596799999999999997 ) ) ;
#3044 = CARTESIAN_POINT ( 'NONE',  ( -1.357050807568899176, -1.450736745237140598E-14, -5.884999999999997122 ) ) ;
#3045 = ORIENTED_EDGE ( 'NONE', *, *, #5183, .T. ) ;
#3046 = CARTESIAN_POINT ( 'NONE',  ( 1.299038105676671995, -0.7500000000000237588, -4.926666666666664973 ) ) ;
#3047 = AXIS2_PLACEMENT_3D ( 'NONE', #3496, #2548, #2456 ) ;
#3048 = CARTESIAN_POINT ( 'NONE',  ( 0.000000000000000000, 1.175240473580839717, -2.447499999999996678 ) ) ;
#3049 = ORIENTED_EDGE ( 'NONE', *, *, #44, .F. ) ;
#3050 = CARTESIAN_POINT ( 'NONE',  ( -0.9227480026794840917, -0.1051267183062899874, 4.596799999999999997 ) ) ;
#3051 = CARTESIAN_POINT ( 'NONE',  ( 1.357050807568899176, -1.540289042424790833E-14, 1.427500000000002878 ) ) ;
#3052 = DIRECTION ( 'NONE',  ( 0.000000000000000000, -1.000000000000000000, 0.000000000000000000 ) ) ;
#3053 = CARTESIAN_POINT ( 'NONE',  ( -1.218868498401258993, 0.5672324804480346483, -6.259999999999999787 ) ) ;
#3054 = CARTESIAN_POINT ( 'NONE',  ( -0.6785254037844492547, -1.175240473580870360, 1.760833333333335915 ) ) ;
#3055 = CARTESIAN_POINT ( 'NONE',  ( -1.017788105676674437, 0.5876202367904128643, -6.364166666666663197 ) ) ;
#3056 = ORIENTED_EDGE ( 'NONE', *, *, #2835, .T. ) ;
#3057 = CARTESIAN_POINT ( 'NONE',  ( -0.1994084644921994554, 1.307982460370773481, 5.581734682221250132 ) ) ;
#3058 = CARTESIAN_POINT ( 'NONE',  ( -1.017788105676674659, -0.5876202367904417301, -5.280833333333330160 ) ) ;
#3059 = CARTESIAN_POINT ( 'NONE',  ( 1.853541686826127732E-16, -1.513531646934164199, -1.955312499999996012 ) ) ;
#3060 = CARTESIAN_POINT ( 'NONE',  ( 0.000000000000000000, 1.175240473580839495, -1.509999999999996678 ) ) ;
#3061 = ORIENTED_EDGE ( 'NONE', *, *, #6075, .F. ) ;
#3062 = CARTESIAN_POINT ( 'NONE',  ( -3.673940397442101283E-16, 1.500000000000001110, 3.240000000000001990 ) ) ;
#3063 = CARTESIAN_POINT ( 'NONE',  ( 1.017788105676674215, 0.5876202367904115320, 2.906666666666669396 ) ) ;
#3064 = CARTESIAN_POINT ( 'NONE',  ( 1.358185157725199987, 0.2607495332532582255, 6.071772086592591045 ) ) ;
#3065 = CARTESIAN_POINT ( 'NONE',  ( 0.6785254037844502539, 1.175240473580839495, -3.989166666666663641 ) ) ;
#3066 = EDGE_CURVE ( 'NONE', #952, #1983, #4228, .T. ) ;
#3067 = ORIENTED_EDGE ( 'NONE', *, *, #52, .F. ) ;
#3068 = CARTESIAN_POINT ( 'NONE',  ( -0.8738379037844496988, 1.513531646934133557, 1.789479166666668952 ) ) ;
#3069 = B_SPLINE_CURVE_WITH_KNOTS ( 'NONE', 3,
 ( #3510, #5464, #1102, #3033, #846, #3702, #6119, #5679, #1195, #2685, #4659, #4688, #1325 ),
 .UNSPECIFIED., .F., .F.,
 ( 4, 3, 3, 3, 4 ),
 ( 0.000000000000000000, 1.074390853590809375E-05, 2.148009407423051987E-05, 3.232916462184300772E-05, 4.363786225079157547E-05 ),
 .UNSPECIFIED. ) ;
#3070 = CARTESIAN_POINT ( 'NONE',  ( -1.357050807568899176, -1.469106447224350870E-14, -4.384999999999996234 ) ) ;
#3071 = CARTESIAN_POINT ( 'NONE',  ( 1.354581615062505406, -0.2878278585163973613, 6.084781378657037720 ) ) ;
#3072 = CARTESIAN_POINT ( 'NONE',  ( -1.196584255563239330, 0.1354023959674396926, 4.843375607214007950 ) ) ;
#3073 = EDGE_CURVE ( 'NONE', #1555, #4183, #2428, .T. ) ;
#3074 = CARTESIAN_POINT ( 'NONE',  ( -0.6785254037844500319, -1.175240473580868805, -5.801666666666663197 ) ) ;
#3075 = ORIENTED_EDGE ( 'NONE', *, *, #4126, .T. ) ;
#3076 = CARTESIAN_POINT ( 'NONE',  ( 0.8660254037844491437, 1.500000000000001110, -1.239166666666662309 ) ) ;
#3077 = CARTESIAN_POINT ( 'NONE',  ( 1.017788105676674215, -0.5876202367904426183, -5.176666666666663197 ) ) ;
#3078 = EDGE_LOOP ( 'NONE', ( #1434, #3126, #2050 ) ) ;
#3079 = CARTESIAN_POINT ( 'NONE',  ( 0.07458509110162844791, -1.198475484784549128, 4.587917466794174892 ) ) ;
#3080 = CIRCLE ( 'NONE', #4615, 1.344393210065480515 ) ;
#3081 = CARTESIAN_POINT ( 'NONE',  ( -1.017788105676675103, 0.5876202367904109769, 1.135833333333336137 ) ) ;
#3082 = CYLINDRICAL_SURFACE ( 'NONE', #2274, 0.2109150000000001024 ) ;
#3083 = DIRECTION ( 'NONE',  ( 1.000000000000000000, 0.000000000000000000, 0.000000000000000000 ) ) ;
#3084 = CARTESIAN_POINT ( 'NONE',  ( -0.7277786695501531344, -0.9483180432025339890, 3.181979163596415638 ) ) ;
#3085 = AXIS2_PLACEMENT_3D ( 'NONE', #5512, #1726, #1153 ) ;
#3086 = CARTESIAN_POINT ( 'NONE',  ( -1.017788105676674437, 0.5876202367904127533, -5.364166666666663197 ) ) ;
#3087 = ORIENTED_EDGE ( 'NONE', *, *, #976, .T. ) ;
#3088 = CARTESIAN_POINT ( 'NONE',  ( -1.299038105676672217, 0.7499999999999937828, -4.176666666666664973 ) ) ;
#3089 = TOROIDAL_SURFACE ( 'NONE', #4409, 2.825240547497255061, 0.03163724999999999871 ) ;
#3090 = CARTESIAN_POINT ( 'NONE',  ( -1.017788105676674659, -0.5876202367904417301, -5.780833333333329271 ) ) ;
#3091 = CARTESIAN_POINT ( 'NONE',  ( 1.310756855676673105, -0.7567658234670894268, -1.871979166666662975 ) ) ;
#3092 = CARTESIAN_POINT ( 'NONE',  ( -1.853541686826127979E-16, -1.513531646934164199, -5.455312499999995346 ) ) ;
#3093 = ORIENTED_EDGE ( 'NONE', *, *, #906, .F. ) ;
#3094 = FACE_OUTER_BOUND ( 'NONE', #511, .T. ) ;
#3095 = VECTOR ( 'NONE', #3862, 1000.000000000000000 ) ;
#3096 = CARTESIAN_POINT ( 'NONE',  ( 0.000000000000000000, 1.175240473580839495, -1.509999999999996678 ) ) ;
#3097 = CARTESIAN_POINT ( 'NONE',  ( -1.357050807568898954, -1.581946647724320616E-14, 2.115000000000003322 ) ) ;
#3098 = CARTESIAN_POINT ( 'NONE',  ( -0.8660254037844469233, -1.500000000000034639, -2.489166666666662309 ) ) ;
#3099 = CARTESIAN_POINT ( 'NONE',  ( -1.017788105676674659, -0.5876202367904422852, -1.280833333333329938 ) ) ;
#3100 = ADVANCED_FACE ( 'NONE', ( #5033 ), #5482, .T. ) ;
#3101 = VERTEX_POINT ( 'NONE', #2141 ) ;
#3102 = CARTESIAN_POINT ( 'NONE',  ( 1.310756855676673327, -0.7567658234670900930, 3.081145833333335915 ) ) ;
#3103 = EDGE_CURVE ( 'NONE', #5010, #5656, #5092, .T. ) ;
#3104 = CARTESIAN_POINT ( 'NONE',  ( 1.357050807568899176, -1.523775924764821421E-14, -2.634999999999996678 ) ) ;
#3105 = CARTESIAN_POINT ( 'NONE',  ( 1.126301287097026524E-15, 0.3212021873294855778, 1.124629700242971708 ) ) ;
#3106 = CARTESIAN_POINT ( 'NONE',  ( -1.223990920715822162, 0.1656924446729810263, 5.090068257192156942 ) ) ;
#3107 = CARTESIAN_POINT ( 'NONE',  ( -1.281698449524047545, -0.1686899043369233797, 5.336852938455675321 ) ) ;
#3108 = CARTESIAN_POINT ( 'NONE',  ( -0.2870500636019425733, 1.328023899308129474, 6.078446747423950747 ) ) ;
#3109 = ORIENTED_EDGE ( 'NONE', *, *, #5418, .F. ) ;
#3110 = CARTESIAN_POINT ( 'NONE',  ( 1.299038105676672883, 0.7499999999999925615, -4.843333333333331048 ) ) ;
#3111 = EDGE_CURVE ( 'NONE', #4838, #6157, #1725, .T. ) ;
#3113 = EDGE_CURVE ( 'NONE', #3623, #2544, #1183, .T. ) ;
#3112 = CARTESIAN_POINT ( 'NONE',  ( -0.6785254037844494768, 1.175240473580840161, -5.968333333333330160 ) ) ;
#3114 = ORIENTED_EDGE ( 'NONE', *, *, #939, .T. ) ;
#3115 = CARTESIAN_POINT ( 'NONE',  ( 0.2881423343843727003, -1.328925652762839693, 6.087342579069139781 ) ) ;
#3116 = CARTESIAN_POINT ( 'NONE',  ( 0.6785254037844499209, -1.175240473580869249, 0.2816666666666696739 ) ) ;
#3117 = CARTESIAN_POINT ( 'NONE',  ( 2.990100731693807234E-17, -3.603364002407197528E-15, 6.259999999999999787 ) ) ;
#3118 = CARTESIAN_POINT ( 'NONE',  ( 0.1033598099115561608, 1.178589314099673491, 4.596799999999999997 ) ) ;
#3119 = FACE_OUTER_BOUND ( 'NONE', #2218, .T. ) ;
#3120 = CARTESIAN_POINT ( 'NONE',  ( 0.000000000000000000, 1.175240473580839939, -6.447499999999996234 ) ) ;
#3121 = CARTESIAN_POINT ( 'NONE',  ( 1.357050807568899176, -1.528042574433317318E-14, 0.4275000000000028222 ) ) ;
#3122 = CARTESIAN_POINT ( 'NONE',  ( -0.6785254037844494768, 1.175240473580839717, -5.405833333333331048 ) ) ;
#3123 = CARTESIAN_POINT ( 'NONE',  ( -2.878508968398425596E-16, 1.175240473580838829, 2.990000000000002878 ) ) ;
#3124 = PRODUCT_RELATED_PRODUCT_CATEGORY ( 'detail', '', ( #1248 ) ) ;
#3125 = CARTESIAN_POINT ( 'NONE',  ( 0.8738379037844496988, 1.513531646934134001, -4.246979166666663197 ) ) ;
#3126 = ORIENTED_EDGE ( 'NONE', *, *, #4273, .T. ) ;
#3127 = DIRECTION ( 'NONE',  ( 0.02423420014170607484, -0.1218335514324820484, 0.9922546494165903619 ) ) ;
#3128 = CARTESIAN_POINT ( 'NONE',  ( -1.732050807568896733, -1.598020136963129446E-14, 2.865000000000001545 ) ) ;
#3129 = CARTESIAN_POINT ( 'NONE',  ( 1.357050807568898954, -1.545646872171060337E-14, 1.865000000000002878 ) ) ;
#3130 = CARTESIAN_POINT ( 'NONE',  ( -0.2607495332532447363, 1.358185157725202430, 6.071772086592591045 ) ) ;
#3131 = CARTESIAN_POINT ( 'NONE',  ( -1.017788105676674659, -0.5876202367904421742, -1.780833333333330382 ) ) ;
#3132 =( BOUNDED_SURFACE ( )  B_SPLINE_SURFACE ( 1, 2, ( 
 ( #4728, #6246, #1391, #848, #1423, #2406, #5206, #4271, #2779, #1452, #3319, #339, #3376, #2870, #5298, #4816, #1806, #466, #4691, #3286, #4332, #372, #5237, #3733, #5268, #2310, #914, #4788, #943, #5745, #6183, #4242, #6156, #2842, #5682, #5804, #1328, #1359, #3254, #433, #2370, #4302, #1837, #2750, #1903, #3762, #5713, #885, #2812, #4209, #6275, #5326, #4760, #6213, #2277, #404, #3826, #1931, #5774, #2341, #1867, #3348, #3855, #3795, #56, #3535, #975, #5836, #1545, #4846, #5359, #2902, #2023, #4974, #23, #619, #4908, #2999, #144, #4394, #1996, #1484, #2054, #2526, #3917, #114, #1961, #3884, #1007, #3474, #2087, #3411, #84, #589, #498, #5892, #4362, #5865, #1514, #5923, #5459, #4429, #3943, #1073, #3441, #5423, #3974, #2466, #1039, #4943, #4458, #2933, #4876, #528, #1575, #4010, #3506, #1098, #5393, #2964, #560, #5959, #2497, #3028, #1609, #2434, #2556, #4489, #6115, #1732, #689, #2653, #3123, #4169, #1763, #2619, #210, #4593, #1191, #747, #1257, #178, #5071, #3665, #5008 ),
 ( #273, #303, #4557, #4139, #3155, #240, #3567, #5136, #5489, #2590, #2210, #4654, #2679, #2178, #4624, #3633, #2148, #1129, #3059, #6084, #3091, #5613, #5104, #4074, #652, #3186, #4106, #4526, #782, #5518, #6055, #2118, #2712, #2238, #1159, #5583, #4045, #1223, #1670, #6020, #5992, #1642, #5042, #3602, #5552, #718, #1704, #2364, #2269, #2304, #1321, #4235, #2743, #4265, #3726, #1861, #5737, #6240, #397, #843, #3247, #811, #3787, #332, #457, #4685, #6175, #4200, #1385, #3313, #6206, #6150, #3698, #5261, #1799, #5675, #5198, #365, #5167, #936, #2399, #2771, #5231, #6271, #1829, #2333, #1416, #907, #5646, #4719, #2836, #3821, #3755, #5707, #1291, #3218, #1353, #4781, #3278, #878, #2806, #4754, #428, #4293, #1897, #5769, #3341, #5290, #2864, #4809, #4327, #3404, #1507, #4356, #4869, #1954, #3937, #551, #1033, #5917, #4422, #3498, #1446, #3369, #2896, #2958, #1539, #3848, #2490, #5320, #5354, #1001, #583, #109, #5386, #4901, #2017, #523, #78, #1062, #2928, #1987, #5886, #3468, #967 ) ),
 .UNSPECIFIED., .F., .F., .F. ) 
 B_SPLINE_SURFACE_WITH_KNOTS ( ( 2, 2 ),
 ( 3, 2, 2, 2, 2, 2, 2, 2, 2, 2, 2, 2, 2, 2, 2, 2, 2, 2, 2, 2, 2, 2, 2, 2, 2, 2, 2, 2, 2, 2, 2, 2, 2, 2, 2, 2, 2, 2, 2, 2, 2, 2, 2, 2, 2, 2, 2, 2, 2, 2, 2, 2, 2, 2, 2, 2, 2, 2, 2, 2, 2, 2, 2, 2, 2, 2, 2, 2, 2, 2, 2, 2, 3 ),
 ( 0.000000000000000000, 1.000000000000000000 ),
 ( 0.000000000000000000, 0.01388888888888888812, 0.02777777777777777624, 0.04166666666666666435, 0.05555555555555555247, 0.06944444444444444753, 0.08333333333333332871, 0.09722222222222222376, 0.1111111111111111049, 0.1250000000000000000, 0.1388888888888888951, 0.1527777777777777901, 0.1666666666666666574, 0.1805555555555555525, 0.1944444444444444475, 0.2083333333333333426, 0.2222222222222222099, 0.2361111111111111049, 0.2500000000000000000, 0.2638888888888888951, 0.2777777777777777901, 0.2916666666666666852, 0.3055555555555555802, 0.3194444444444444198, 0.3333333333333333148, 0.3472222222222222099, 0.3611111111111111049, 0.3750000000000000000, 0.3888888888888888951, 0.4027777777777777901, 0.4166666666666666852, 0.4305555555555555802, 0.4444444444444444198, 0.4583333333333333148, 0.4722222222222222099, 0.4861111111111111049, 0.5000000000000000000, 0.5138888888888888395, 0.5277777777777777901, 0.5416666666666666297, 0.5555555555555555802, 0.5694444444444444198, 0.5833333333333333703, 0.5972222222222222099, 0.6111111111111111605, 0.6250000000000000000, 0.6388888888888888395, 0.6527777777777777901, 0.6666666666666666297, 0.6805555555555555802, 0.6944444444444444198, 0.7083333333333333703, 0.7222222222222222099, 0.7361111111111111605, 0.7500000000000000000, 0.7638888888888888395, 0.7777777777777777901, 0.7916666666666666297, 0.8055555555555555802, 0.8194444444444444198, 0.8333333333333333703, 0.8472222222222222099, 0.8611111111111111605, 0.8750000000000000000, 0.8888888888888888395, 0.9027777777777777901, 0.9166666666666666297, 0.9305555555555555802, 0.9444444444444444198, 0.9583333333333333703, 0.9722222222222222099, 0.9861111111111111605, 1.000000000000000000 ),
 .UNSPECIFIED. ) 
 GEOMETRIC_REPRESENTATION_ITEM ( )  RATIONAL_B_SPLINE_SURFACE ( (
 ( 1.000000000000000000, 0.8660254037844387076, 1.000000000000000000, 0.8660254037844387076, 1.000000000000000000, 0.8660254037844387076, 1.000000000000000000, 0.8660254037844387076, 1.000000000000000000, 0.8660254037844387076, 1.000000000000000000, 0.8660254037844387076, 1.000000000000000000, 0.8660254037844387076, 1.000000000000000000, 0.8660254037844387076, 1.000000000000000000, 0.8660254037844387076, 1.000000000000000000, 0.8660254037844387076, 1.000000000000000000, 0.8660254037844387076, 1.000000000000000000, 0.8660254037844387076, 1.000000000000000000, 0.8660254037844387076, 1.000000000000000000, 0.8660254037844387076, 1.000000000000000000, 0.8660254037844387076, 1.000000000000000000, 0.8660254037844387076, 1.000000000000000000, 0.8660254037844387076, 1.000000000000000000, 0.8660254037844387076, 1.000000000000000000, 0.8660254037844387076, 1.000000000000000000, 0.8660254037844387076, 1.000000000000000000, 0.8660254037844387076, 1.000000000000000000, 0.8660254037844387076, 1.000000000000000000, 0.8660254037844387076, 1.000000000000000000, 0.8660254037844387076, 1.000000000000000000, 0.8660254037844387076, 1.000000000000000000, 0.8660254037844387076, 1.000000000000000000, 0.8660254037844387076, 1.000000000000000000, 0.8660254037844387076, 1.000000000000000000, 0.8660254037844387076, 1.000000000000000000, 0.8660254037844387076, 1.000000000000000000, 0.8660254037844387076, 1.000000000000000000, 0.8660254037844387076, 1.000000000000000000, 0.8660254037844387076, 1.000000000000000000, 0.8660254037844387076, 1.000000000000000000, 0.8660254037844387076, 1.000000000000000000, 0.8660254037844387076, 1.000000000000000000, 0.8660254037844387076, 1.000000000000000000, 0.8660254037844387076, 1.000000000000000000, 0.8660254037844387076, 1.000000000000000000, 0.8660254037844387076, 1.000000000000000000, 0.8660254037844387076, 1.000000000000000000, 0.8660254037844387076, 1.000000000000000000, 0.8660254037844387076, 1.000000000000000000, 0.8660254037844387076, 1.000000000000000000, 0.8660254037844387076, 1.000000000000000000, 0.8660254037844387076, 1.000000000000000000, 0.8660254037844387076, 1.000000000000000000, 0.8660254037844387076, 1.000000000000000000, 0.8660254037844387076, 1.000000000000000000, 0.8660254037844387076, 1.000000000000000000, 0.8660254037844387076, 1.000000000000000000, 0.8660254037844387076, 1.000000000000000000, 0.8660254037844387076, 1.000000000000000000, 0.8660254037844387076, 1.000000000000000000, 0.8660254037844387076, 1.000000000000000000, 0.8660254037844387076, 1.000000000000000000, 0.8660254037844387076, 1.000000000000000000, 0.8660254037844387076, 1.000000000000000000, 0.8660254037844387076, 1.000000000000000000, 0.8660254037844387076, 1.000000000000000000, 0.8660254037844387076, 1.000000000000000000, 0.8660254037844387076, 1.000000000000000000, 0.8660254037844387076, 1.000000000000000000, 0.8660254037844387076, 1.000000000000000000, 0.8660254037844387076, 1.000000000000000000, 0.8660254037844387076, 1.000000000000000000, 0.8660254037844387076, 1.000000000000000000, 0.8660254037844387076, 1.000000000000000000, 0.8660254037844387076, 1.000000000000000000, 0.8660254037844387076, 1.000000000000000000, 0.8660254037844387076, 1.000000000000000000, 0.8660254037844387076, 1.000000000000000000),
 ( 1.000000000000000000, 0.8660254037844387076, 1.000000000000000000, 0.8660254037844387076, 1.000000000000000000, 0.8660254037844387076, 1.000000000000000000, 0.8660254037844387076, 1.000000000000000000, 0.8660254037844387076, 1.000000000000000000, 0.8660254037844387076, 1.000000000000000000, 0.8660254037844387076, 1.000000000000000000, 0.8660254037844387076, 1.000000000000000000, 0.8660254037844387076, 1.000000000000000000, 0.8660254037844387076, 1.000000000000000000, 0.8660254037844387076, 1.000000000000000000, 0.8660254037844387076, 1.000000000000000000, 0.8660254037844387076, 1.000000000000000000, 0.8660254037844387076, 1.000000000000000000, 0.8660254037844387076, 1.000000000000000000, 0.8660254037844387076, 1.000000000000000000, 0.8660254037844387076, 1.000000000000000000, 0.8660254037844387076, 1.000000000000000000, 0.8660254037844387076, 1.000000000000000000, 0.8660254037844387076, 1.000000000000000000, 0.8660254037844387076, 1.000000000000000000, 0.8660254037844387076, 1.000000000000000000, 0.8660254037844387076, 1.000000000000000000, 0.8660254037844387076, 1.000000000000000000, 0.8660254037844387076, 1.000000000000000000, 0.8660254037844387076, 1.000000000000000000, 0.8660254037844387076, 1.000000000000000000, 0.8660254037844387076, 1.000000000000000000, 0.8660254037844387076, 1.000000000000000000, 0.8660254037844387076, 1.000000000000000000, 0.8660254037844387076, 1.000000000000000000, 0.8660254037844387076, 1.000000000000000000, 0.8660254037844387076, 1.000000000000000000, 0.8660254037844387076, 1.000000000000000000, 0.8660254037844387076, 1.000000000000000000, 0.8660254037844387076, 1.000000000000000000, 0.8660254037844387076, 1.000000000000000000, 0.8660254037844387076, 1.000000000000000000, 0.8660254037844387076, 1.000000000000000000, 0.8660254037844387076, 1.000000000000000000, 0.8660254037844387076, 1.000000000000000000, 0.8660254037844387076, 1.000000000000000000, 0.8660254037844387076, 1.000000000000000000, 0.8660254037844387076, 1.000000000000000000, 0.8660254037844387076, 1.000000000000000000, 0.8660254037844387076, 1.000000000000000000, 0.8660254037844387076, 1.000000000000000000, 0.8660254037844387076, 1.000000000000000000, 0.8660254037844387076, 1.000000000000000000, 0.8660254037844387076, 1.000000000000000000, 0.8660254037844387076, 1.000000000000000000, 0.8660254037844387076, 1.000000000000000000, 0.8660254037844387076, 1.000000000000000000, 0.8660254037844387076, 1.000000000000000000, 0.8660254037844387076, 1.000000000000000000, 0.8660254037844387076, 1.000000000000000000, 0.8660254037844387076, 1.000000000000000000, 0.8660254037844387076, 1.000000000000000000, 0.8660254037844387076, 1.000000000000000000, 0.8660254037844387076, 1.000000000000000000, 0.8660254037844387076, 1.000000000000000000, 0.8660254037844387076, 1.000000000000000000, 0.8660254037844387076, 1.000000000000000000, 0.8660254037844387076, 1.000000000000000000, 0.8660254037844387076, 1.000000000000000000, 0.8660254037844387076, 1.000000000000000000, 0.8660254037844387076, 1.000000000000000000, 0.8660254037844387076, 1.000000000000000000, 0.8660254037844387076, 1.000000000000000000, 0.8660254037844387076, 1.000000000000000000, 0.8660254037844387076, 1.000000000000000000, 0.8660254037844387076, 1.000000000000000000) ) ) 
 REPRESENTATION_ITEM ( '' )  SURFACE ( )  );
#3133 = ORIENTED_EDGE ( 'NONE', *, *, #4390, .F. ) ;
#3134 = CARTESIAN_POINT ( 'NONE',  ( -3.707083373652255957E-16, 1.513531646934134001, 2.247812500000002434 ) ) ;
#3135 = CARTESIAN_POINT ( 'NONE',  ( -1.439254484199213045E-16, -1.175240473580869471, -3.759999999999996678 ) ) ;
#3136 = CARTESIAN_POINT ( 'NONE',  ( -0.1051267183062886273, -1.171685379079054456, 4.596799999999999997 ) ) ;
#3137 = CARTESIAN_POINT ( 'NONE',  ( -1.168159110932234013, 0.1051267183063003541, 4.596799999999999997 ) ) ;
#3138 = CARTESIAN_POINT ( 'NONE',  ( 1.017788105676675103, 0.5876202367904117541, -5.593333333333330160 ) ) ;
#3139 = EDGE_LOOP ( 'NONE', ( #1208, #3716, #188, #1638 ) ) ;
#3140 = CARTESIAN_POINT ( 'NONE',  ( 0.000000000000000000, 1.216441456824255867E-15, -6.259999999999999787 ) ) ;
#3141 = AXIS2_PLACEMENT_3D ( 'NONE', #5172, #5587, #5650 ) ;
#3142 = CARTESIAN_POINT ( 'NONE',  ( 0.6785254037844502539, 1.175240473580838829, -1.489166666666663863 ) ) ;
#3143 = ORIENTED_EDGE ( 'NONE', *, *, #5651, .T. ) ;
#3144 = CARTESIAN_POINT ( 'NONE',  ( -1.335101964132483499, -0.2861895683423000825, 6.076609608249430750 ) ) ;
#3145 = CARTESIAN_POINT ( 'NONE',  ( -0.6785254037844491437, -1.175240473580869471, -1.301666666666663419 ) ) ;
#3146 = VECTOR ( 'NONE', #5492, 1000.000000000000000 ) ;
#3147 = CARTESIAN_POINT ( 'NONE',  ( -1.836970198721050395E-16, -1.500000000000031752, -3.947499999999995346 ) ) ;
#3148 = EDGE_CURVE ( 'NONE', #180, #5715, #738, .T. ) ;
#3149 = CARTESIAN_POINT ( 'NONE',  ( 1.732050807568896733, -1.546412276420527590E-14, 2.115000000000001990 ) ) ;
#3150 = CARTESIAN_POINT ( 'NONE',  ( 1.299038105676672439, -0.7500000000000237588, 3.135833333333337247 ) ) ;
#3151 = CARTESIAN_POINT ( 'NONE',  ( -0.6785254037844500319, -1.175240473580869249, -3.739166666666663197 ) ) ;
#3152 = ORIENTED_EDGE ( 'NONE', *, *, #5148, .F. ) ;
#3153 = CIRCLE ( 'NONE', #419, 2.842619481429419892 ) ;
#3154 = CARTESIAN_POINT ( 'NONE',  ( -0.6785254037844492547, -1.175240473580870360, 1.260833333333335915 ) ) ;
#3155 = CARTESIAN_POINT ( 'NONE',  ( -1.310756855676672661, -0.7567658234670903150, -2.538645833333329715 ) ) ;
#3156 = ADVANCED_FACE ( 'NONE', ( #3559 ), #1601, .T. ) ;
#3157 = CARTESIAN_POINT ( 'NONE',  ( -1.310756855676673105, 0.7567658234670601169, -4.121979166666662309 ) ) ;
#3158 = ORIENTED_EDGE ( 'NONE', *, *, #94, .F. ) ;
#3159 = CARTESIAN_POINT ( 'NONE',  ( -1.732050807568896511, -1.592662307216859626E-14, 2.427500000000003322 ) ) ;
#3160 = CARTESIAN_POINT ( 'NONE',  ( -0.2869359040243123493, 1.331544374147326959, 6.077516992275659113 ) ) ;
#3161 = DIRECTION ( 'NONE',  ( -1.000000000000000000, 1.204877100735204604E-16, -0.000000000000000000 ) ) ;
#3162 = CARTESIAN_POINT ( 'NONE',  ( -3.673940397442100790E-16, 1.500000000000001554, -0.6974999999999959011 ) ) ;
#3163 = CARTESIAN_POINT ( 'NONE',  ( -0.6785254037844500319, -1.175240473580869471, -1.739166666666662975 ) ) ;
#3164 = EDGE_LOOP ( 'NONE', ( #2703, #2951, #3734, #6226, #2732, #5964, #3421, #2882, #520, #4480, #3723, #1253, #2924, #3642, #4836, #1565, #4494, #1766, #3133, #580, #5572, #2098, #4343, #4102, #4798, #1494 ) ) ;
#3165 = CARTESIAN_POINT ( 'NONE',  ( 1.357050807568899176, -1.509672872446107045E-14, -1.072499999999997122 ) ) ;
#3166 = CARTESIAN_POINT ( 'NONE',  ( 1.017788105676675103, 0.5876202367904115320, -3.593333333333330160 ) ) ;
#3167 = CARTESIAN_POINT ( 'NONE',  ( 1.299038105676671995, -0.7500000000000235367, -5.926666666666664973 ) ) ;
#3168 = CARTESIAN_POINT ( 'NONE',  ( 0.000000000000000000, -3.168163357082304046E-16, 6.259999999999999787 ) ) ;
#3169 =( BOUNDED_CURVE ( )  B_SPLINE_CURVE ( 2, ( #3595, #3628, #5578, #5547, #2766, #6234, #3336 ),
 .UNSPECIFIED., .F., .F. ) 
 B_SPLINE_CURVE_WITH_KNOTS ( ( 3, 2, 2, 3 ),
 ( 0.7083333333333331483, 0.7222222222222220989, 0.7361111111111111605, 0.7500000000000000000 ),
 .UNSPECIFIED. ) 
 CURVE ( )  GEOMETRIC_REPRESENTATION_ITEM ( )  RATIONAL_B_SPLINE_CURVE ( ( 1.000000000000001110, 0.8660254037844375974, 1.000000000000000000, 0.8660254037844387076, 1.000000000000000000, 0.8660254037844387076, 1.000000000000000000 ) ) 
 REPRESENTATION_ITEM ( '' )  );
#3170 = CARTESIAN_POINT ( 'NONE',  ( -0.2978604765685999300, -0.9333344501221044753, 6.166490495653770942 ) ) ;
#3171 = ORIENTED_EDGE ( 'NONE', *, *, #1797, .T. ) ;
#3172 = CARTESIAN_POINT ( 'NONE',  ( 0.000000000000000000, 1.500000000000001998, -3.759999999999997566 ) ) ;
#3173 = CARTESIAN_POINT ( 'NONE',  ( 0.6785254037844492547, -1.175240473580869249, -6.218333333333330160 ) ) ;
#3174 = EDGE_LOOP ( 'NONE', ( #5106, #5508, #2127, #5498 ) ) ;
#3175 = CARTESIAN_POINT ( 'NONE',  ( -1.192965995528898926, 0.09334290975714770733, 4.596799999999999997 ) ) ;
#3176 = CARTESIAN_POINT ( 'NONE',  ( 1.439254484199212798E-16, -1.175240473580869249, -2.259999999999997122 ) ) ;
#3177 = CARTESIAN_POINT ( 'NONE',  ( 0.000000000000000000, -3.168163357082304046E-16, 6.259999999999999787 ) ) ;
#3178 = EDGE_CURVE ( 'NONE', #5920, #4995, #653, .T. ) ;
#3179 = LINE ( 'NONE', #6078, #53 ) ;
#3180 = CARTESIAN_POINT ( 'NONE',  ( 1.836970198721050642E-16, -1.500000000000032641, -0.009999999999998485795 ) ) ;
#3181 = CARTESIAN_POINT ( 'NONE',  ( -1.357050807568899176, -1.488241553461028395E-14, -2.822499999999996678 ) ) ;
#3182 = ORIENTED_EDGE ( 'NONE', *, *, #4500, .F. ) ;
#3183 = CARTESIAN_POINT ( 'NONE',  ( -0.6785254037844502539, 1.175240473580838829, 0.09416666666666947960 ) ) ;
#3184 = ADVANCED_FACE ( 'NONE', ( #4132 ), #3082, .T. ) ;
#3185 = FACE_OUTER_BOUND ( 'NONE', #1660, .T. ) ;
#3186 = CARTESIAN_POINT ( 'NONE',  ( -0.8738379037844495878, 1.513531646934134001, -1.663645833333329715 ) ) ;
#3187 = CARTESIAN_POINT ( 'NONE',  ( -1.310756855676673327, -0.7567658234670893158, -4.038645833333330160 ) ) ;
#3188 = ORIENTED_EDGE ( 'NONE', *, *, #2909, .T. ) ;
#3189 = DIRECTION ( 'NONE',  ( -0.3798309680908638630, -0.9169930745742606026, 0.1218693434051477259 ) ) ;
#3190 = CARTESIAN_POINT ( 'NONE',  ( 0.3273190898542937544, 0.8836630409603449809, 6.276629229193637194 ) ) ;
#3191 = ADVANCED_FACE ( 'NONE', ( #1152 ), #6031, .F. ) ;
#3192 = AXIS2_PLACEMENT_3D ( 'NONE', #6007, #1658, #3587 ) ;
#3193 = ADVANCED_BREP_SHAPE_REPRESENTATION ( '95836A209_Black-Oxide 18-8 Stainless Steel Pan Head Phillips Screws', ( #5351, #5239 ), #5141 ) ;
#3194 = CARTESIAN_POINT ( 'NONE',  ( -0.4722784682163585490, 0.5133078674530169305, 6.213072490298337414 ) ) ;
#3195 = CARTESIAN_POINT ( 'NONE',  ( 1.836970198721050395E-16, -1.500000000000032196, 2.052500000000003322 ) ) ;
#3196 = CARTESIAN_POINT ( 'NONE',  ( 1.017788105676675103, 0.5876202367904111989, -1.030833333333329715 ) ) ;
#3197 = AXIS2_PLACEMENT_3D ( 'NONE', #827, #731, #318 ) ;
#3198 = VERTEX_POINT ( 'NONE', #2643 ) ;
#3199 = CARTESIAN_POINT ( 'NONE',  ( -1.017788105676675103, 0.5876202367904111989, -0.8641666666666638630 ) ) ;
#3200 = CARTESIAN_POINT ( 'NONE',  ( -0.6785254037844500319, -1.175240473580869249, -2.801666666666663641 ) ) ;
#3201 = SECURITY_CLASSIFICATION ( '', '', #2433 ) ;
#3202 = CARTESIAN_POINT ( 'NONE',  ( 1.732050807568896511, -1.490863542037736192E-14, -5.884999999999997122 ) ) ;
#3203 = DIRECTION ( 'NONE',  ( 0.1218693434051477398, 0.000000000000000000, -0.9925461516413219831 ) ) ;
#3204 = CARTESIAN_POINT ( 'NONE',  ( -1.299038105676672439, -0.7500000000000227596, -5.593333333333331048 ) ) ;
#3205 = ORIENTED_EDGE ( 'NONE', *, *, #4070, .F. ) ;
#3206 = CARTESIAN_POINT ( 'NONE',  ( 1.836970198721050395E-16, -1.500000000000031974, 0.05250000000000390465 ) ) ;
#3207 = CARTESIAN_POINT ( 'NONE',  ( 1.357050807568899176, -1.493159754786137634E-14, -5.134999999999997122 ) ) ;
#3208 = ORIENTED_EDGE ( 'NONE', *, *, #4305, .T. ) ;
#3209 =( BOUNDED_CURVE ( )  B_SPLINE_CURVE ( 2, ( #1157, #3438, #3088, #5957, #5921, #1605, #5988 ),
 .UNSPECIFIED., .F., .F. ) 
 B_SPLINE_CURVE_WITH_KNOTS ( ( 3, 2, 2, 3 ),
 ( 0.3636363636363634799, 0.3787878787878786735, 0.3939393939393938671, 0.4090909090909091161 ),
 .UNSPECIFIED. ) 
 CURVE ( )  GEOMETRIC_REPRESENTATION_ITEM ( )  RATIONAL_B_SPLINE_CURVE ( ( 1.000000000000001554, 0.8660254037844373753, 1.000000000000000000, 0.8660254037844387076, 1.000000000000000000, 0.8660254037844387076, 1.000000000000000000 ) ) 
 REPRESENTATION_ITEM ( '' )  );
#3210 = CARTESIAN_POINT ( 'NONE',  ( -0.8660254037844463681, 1.500000000000005107, -2.155833333333329271 ) ) ;
#3211 = CARTESIAN_POINT ( 'NONE',  ( 1.017788105676674437, -0.5876202367904420631, -1.676666666666663863 ) ) ;
#3212 = DIRECTION ( 'NONE',  ( -0.000000000000000000, -1.224646799147353207E-16, 1.000000000000000000 ) ) ;
#3213 = LINE ( 'NONE', #869, #3997 ) ;
#3214 = CARTESIAN_POINT ( 'NONE',  ( -1.439254484199213045E-16, -1.175240473580869471, -3.197499999999996678 ) ) ;
#3215 = ORIENTED_EDGE ( 'NONE', *, *, #4070, .T. ) ;
#3216 = CARTESIAN_POINT ( 'NONE',  ( 1.017788105676674437, 0.5876202367904119761, 0.4691666666666698404 ) ) ;
#3217 = CARTESIAN_POINT ( 'NONE',  ( 1.281697830216365963, -0.1686891805415767776, 5.336847168515002515 ) ) ;
#3218 = CARTESIAN_POINT ( 'NONE',  ( 0.8738379037844483666, 1.513531646934134001, 1.253020833333336803 ) ) ;
#3219 = CARTESIAN_POINT ( 'NONE',  ( 0.8738379037844496988, 1.513531646934134001, -3.246979166666662753 ) ) ;
#3220 = ORIENTED_EDGE ( 'NONE', *, *, #252, .F. ) ;
#3221 = ADVANCED_FACE ( 'NONE', ( #1121 ), #232, .T. ) ;
#3222 = CARTESIAN_POINT ( 'NONE',  ( -1.199498189242979018, 0.07570317101016349470, 4.596799999999999997 ) ) ;
#3223 = FACE_OUTER_BOUND ( 'NONE', #5629, .T. ) ;
#3224 = CARTESIAN_POINT ( 'NONE',  ( -0.8738379037844493658, -1.513531646934164199, -3.543854166666663641 ) ) ;
#3225 = FACE_OUTER_BOUND ( 'NONE', #95, .T. ) ;
#3226 = CARTESIAN_POINT ( 'NONE',  ( 0.000000000000000000, 1.175240473580839495, -1.947499999999996900 ) ) ;
#3227 = EDGE_CURVE ( 'NONE', #3101, #2212, #2690, .T. ) ;
#3228 = VERTEX_POINT ( 'NONE', #3593 ) ;
#3229 = CARTESIAN_POINT ( 'NONE',  ( -1.357050807568899176, -1.552095881995104081E-14, -0.3224999999999972888 ) ) ;
#3230 = CARTESIAN_POINT ( 'NONE',  ( -1.358185157725189107, 0.2607495332533108501, 6.071772086592593709 ) ) ;
#3231 = CARTESIAN_POINT ( 'NONE',  ( 0.000000000000000000, 0.000000000000000000, 4.189596514420281359 ) ) ;
#3232 = CARTESIAN_POINT ( 'NONE',  ( -0.8660254037844453689, 1.500000000000006883, -5.718333333333334600 ) ) ;
#3233 = VERTEX_POINT ( 'NONE', #137 ) ;
#3234 = CARTESIAN_POINT ( 'NONE',  ( 0.000000000000000000, 1.500000000000001998, -4.697499999999995346 ) ) ;
#3235 = CARTESIAN_POINT ( 'NONE',  ( 0.6785254037844502539, 1.175240473580839051, -3.051666666666663197 ) ) ;
#3236 = EDGE_LOOP ( 'NONE', ( #605, #4147, #454, #4486 ) ) ;
#3237 = DIRECTION ( 'NONE',  ( 0.000000000000000000, -0.5135412520581663642, 0.8580649057236467980 ) ) ;
#3238 = CARTESIAN_POINT ( 'NONE',  ( -0.6785254037844491437, -1.175240473580869471, 0.1983333333333363591 ) ) ;
#3239 = LINE ( 'NONE', #3811, #1785 ) ;
#3240 = DIRECTION ( 'NONE',  ( 0.000000000000000000, -1.000000000000000000, 0.000000000000000000 ) ) ;
#3241 = CARTESIAN_POINT ( 'NONE',  ( 1.299038105676672883, 0.7499999999999921174, -0.8433333333333310478 ) ) ;
#3242 = CARTESIAN_POINT ( 'NONE',  ( 1.732050807568896733, -1.552535510416264663E-14, 2.615000000000001545 ) ) ;
#3243 = CARTESIAN_POINT ( 'NONE',  ( -0.6785254037844500319, -1.175240473580869027, -4.239166666666663197 ) ) ;
#3244 = EDGE_LOOP ( 'NONE', ( #1156, #3444, #2225, #4671 ) ) ;
#3245 = CARTESIAN_POINT ( 'NONE',  ( -1.017788105676674215, -0.5876202367904432844, 1.719166666666669174 ) ) ;
#3246 = CARTESIAN_POINT ( 'NONE',  ( -1.278244735102441298, 0.2267330061764775972, 5.587203736234718221 ) ) ;
#3247 = CARTESIAN_POINT ( 'NONE',  ( -3.707083373652255464E-16, 1.513531646934134223, -0.2053124999999962896 ) ) ;
#3248 = CARTESIAN_POINT ( 'NONE',  ( 0.000000000000000000, 2.842619481429420780, 5.409328210823627359 ) ) ;
#3249 = CARTESIAN_POINT ( 'NONE',  ( -1.299038105676671995, -0.7500000000000245359, 2.469166666666670285 ) ) ;
#3250 = CLOSED_SHELL ( 'NONE', ( #4373, #739, #1953, #1218, #5445, #1831, #3156, #1637, #2445, #4233, #2645, #3697, #2063, #3919, #1018, #1527, #5684, #5255, #5456, #1417, #3221, #5210, #5262, #4158, #3947, #2983, #4503, #5171, #17, #2947, #2651, #2250, #1646, #6066, #3340, #1606, #1324, #1884, #4780, #3729, #6102, #3309, #3771, #3758, #6259, #4192, #2694, #4541, #614, #2037, #2221, #3638, #2642, #1563, #3499, #4865, #6223, #3024, #435, #6110, #5249, #2104, #4350, #4201, #2031, #5242, #4826, #1256, #3100, #1756, #389, #901, #1958, #5718, #3842, #1029, #6138, #3191, #862, #5437, #2997, #1127, #207, #3464, #1870, #712, #1599, #4589, #5328, #5801, #3184, #1570, #2564, #5913, #244, #4117, #2256, #4632, #667, #3302, #2989, #2264, #4583, #1791, #5828, #745, #3660, #2879 ) ) ;
#3251 = CARTESIAN_POINT ( 'NONE',  ( 1.836970198721050642E-16, -1.500000000000032641, -0.009999999999998485795 ) ) ;
#3252 = CARTESIAN_POINT ( 'NONE',  ( 0.8738379037844496988, 1.513531646934134001, -4.293854166666664973 ) ) ;
#3253 = PLANE ( 'NONE',  #1081 ) ;
#3254 = CARTESIAN_POINT ( 'NONE',  ( -1.017788105676674881, 0.5876202367904110879, -0.9266666666666637520 ) ) ;
#3255 = CARTESIAN_POINT ( 'NONE',  ( -1.017788105676674437, 0.5876202367904125312, -3.426666666666663197 ) ) ;
#3256 = ORIENTED_EDGE ( 'NONE', *, *, #854, .T. ) ;
#3257 = CARTESIAN_POINT ( 'NONE',  ( -1.017788105676675103, 0.5876202367904110879, -0.3641666666666639185 ) ) ;
#3258 = CARTESIAN_POINT ( 'NONE',  ( 0.000000000000000000, -3.168163357082304046E-16, 6.259999999999999787 ) ) ;
#3259 = EDGE_CURVE ( 'NONE', #2945, #1818, #3080, .T. ) ;
#3260 = CARTESIAN_POINT ( 'NONE',  ( 0.1051267183062885857, 0.9227480026794844248, 4.596799999999999997 ) ) ;
#3261 = CARTESIAN_POINT ( 'NONE',  ( 1.732050807568896511, -1.509233244024946148E-14, -4.384999999999998010 ) ) ;
#3262 = CARTESIAN_POINT ( 'NONE',  ( 1.017788105676674215, -0.5876202367904426183, -5.114166666666663197 ) ) ;
#3263 = ORIENTED_EDGE ( 'NONE', *, *, #3577, .T. ) ;
#3264 = CARTESIAN_POINT ( 'NONE',  ( 1.853541686826127979E-16, -1.513531646934164643, -1.502187499999998010 ) ) ;
#3265 = CARTESIAN_POINT ( 'NONE',  ( -0.6785254037844500319, -1.175240473580869249, -3.301666666666662753 ) ) ;
#3266 = ORIENTED_EDGE ( 'NONE', *, *, #4675, .T. ) ;
#3267 = FACE_OUTER_BOUND ( 'NONE', #1973, .T. ) ;
#3268 = EDGE_CURVE ( 'NONE', #2120, #1404, #5983, .T. ) ;
#3269 = CARTESIAN_POINT ( 'NONE',  ( -2.878508968398425596E-16, 1.175240473580839051, 1.490000000000003100 ) ) ;
#3270 = CARTESIAN_POINT ( 'NONE',  ( 0.000000000000000000, -4.151552649109528287E-16, 3.390000000000000568 ) ) ;
#3271 = CARTESIAN_POINT ( 'NONE',  ( 1.506580608632190780E-16, -1.230216426222769055, 3.208259618943246405 ) ) ;
#3272 = CARTESIAN_POINT ( 'NONE',  ( 0.2739181309492539351, 1.352703900888979405, 6.072557239173109522 ) ) ;
#3273 = CARTESIAN_POINT ( 'NONE',  ( 1.198475481988581226, 0.07458508804622301924, 4.587917442521176170 ) ) ;
#3274 = CARTESIAN_POINT ( 'NONE',  ( -1.439254484199213045E-16, -1.175240473580869471, -2.197499999999997122 ) ) ;
#3275 = EDGE_LOOP ( 'NONE', ( #5944, #4898, #2425, #4470 ) ) ;
#3276 = CARTESIAN_POINT ( 'NONE',  ( -0.07922243852621936588, 1.199276079936781869, 4.596799999999999997 ) ) ;
#3277 = CARTESIAN_POINT ( 'NONE',  ( -0.6785254037844502539, 1.175240473580838829, -1.405833333333330382 ) ) ;
#3278 = CARTESIAN_POINT ( 'NONE',  ( -1.310756855676673771, 0.7567658234670580075, 1.378020833333337025 ) ) ;
#3279 = CARTESIAN_POINT ( 'NONE',  ( -0.8738379037844493658, -1.513531646934164421, -1.496979166666662975 ) ) ;
#3280 = VECTOR ( 'NONE', #6281, 1000.000000000000000 ) ;
#3281 = CARTESIAN_POINT ( 'NONE',  ( 1.185093882767643381, -0.1004375725309655659, 4.596799999999999997 ) ) ;
#3282 = CARTESIAN_POINT ( 'NONE',  ( 0.2978604765686000966, 0.9333344501221035872, 6.166490495653772719 ) ) ;
#3283 = AXIS2_PLACEMENT_3D ( 'NONE', #5568, #4540, #1656 ) ;
#3284 = CARTESIAN_POINT ( 'NONE',  ( -0.8738379037844493658, -1.513531646934163755, -4.543854166666664085 ) ) ;
#3285 = CARTESIAN_POINT ( 'NONE',  ( 0.8660254037844512531, -1.500000000000025313, -4.405833333333328383 ) ) ;
#3286 = CARTESIAN_POINT ( 'NONE',  ( 0.6785254037844499209, -1.175240473580869027, -1.718333333333330604 ) ) ;
#3287 = CARTESIAN_POINT ( 'NONE',  ( -1.017788105676674659, -0.5876202367904418411, -4.843333333333329271 ) ) ;
#3288 = ORIENTED_EDGE ( 'NONE', *, *, #3686, .T. ) ;
#3289 = CARTESIAN_POINT ( 'NONE',  ( 1.439254484199213045E-16, -1.175240473580869693, -1.197499999999997344 ) ) ;
#3290 = AXIS2_PLACEMENT_3D ( 'NONE', #3140, #6040, #1691 ) ;
#3291 = CARTESIAN_POINT ( 'NONE',  ( -1.352703900888975630, 0.2739181309492673688, 6.072557239173109522 ) ) ;
#3292 = EDGE_CURVE ( 'NONE', #3866, #1914, #201, .T. ) ;
#3293 = DIRECTION ( 'NONE',  ( 1.224646799147353207E-16, 1.224646799147340388E-16, -1.000000000000000000 ) ) ;
#3294 = CARTESIAN_POINT ( 'NONE',  ( -3.870091602193580760E-17, -0.3212021873294851892, 1.124629700242972152 ) ) ;
#3295 = CARTESIAN_POINT ( 'NONE',  ( -0.6785254037844500319, -1.175240473580868805, -5.739166666666663197 ) ) ;
#3296 = CIRCLE ( 'NONE', #664, 2.855357816928085324 ) ;
#3297 = ORIENTED_EDGE ( 'NONE', *, *, #4425, .F. ) ;
#3298 = CARTESIAN_POINT ( 'NONE',  ( -0.3207632393750016186, -0.3605145027937233237, 4.596799999999999997 ) ) ;
#3299 = EDGE_CURVE ( 'NONE', #6043, #5010, #3978, .T. ) ;
#3300 = TOROIDAL_SURFACE ( 'NONE', #2290, 1.719999999999999973, 0.1749999999999999889 ) ;
#3301 = VERTEX_POINT ( 'NONE', #4774 ) ;
#3302 = ADVANCED_FACE ( 'NONE', ( #3688 ), #3748, .F. ) ;
#3303 = CARTESIAN_POINT ( 'NONE',  ( -1.341702213208714412, -0.2835645660972220816, 6.074989367807475560 ) ) ;
#3304 = CARTESIAN_POINT ( 'NONE',  ( -0.6785254037844501429, 1.175240473580838385, 2.531666666666669840 ) ) ;
#3305 = DIRECTION ( 'NONE',  ( -0.000000000000000000, 2.999224776947198600E-16, -1.000000000000000000 ) ) ;
#3306 = CARTESIAN_POINT ( 'NONE',  ( 0.000000000000000000, -3.168163357082304046E-16, 6.259999999999999787 ) ) ;
#3307 = CARTESIAN_POINT ( 'NONE',  ( -0.8660254037844480335, -1.500000000000032863, -0.05166666666666533403 ) ) ;
#3308 = CARTESIAN_POINT ( 'NONE',  ( -1.836970198721050395E-16, -1.500000000000031752, -2.509999999999998010 ) ) ;
#3309 = ADVANCED_FACE ( 'NONE', ( #6107 ), #1468, .F. ) ;
#3310 = EDGE_LOOP ( 'NONE', ( #2822, #5286, #4252, #2853 ) ) ;
#3311 = CARTESIAN_POINT ( 'NONE',  ( 1.017788105676674437, 0.5876202367904117541, 2.469166666666669840 ) ) ;
#3312 = CARTESIAN_POINT ( 'NONE',  ( 0.6785254037844494768, 1.175240473580839051, 0.01083333333333621855 ) ) ;
#3313 = CARTESIAN_POINT ( 'NONE',  ( 1.747675807568897399, -1.522493393624681000E-14, 0.1696875000000035993 ) ) ;
#3314 = CARTESIAN_POINT ( 'NONE',  ( -1.310756855676673105, 0.7567658234670597839, -1.621979166666662975 ) ) ;
#3315 = CARTESIAN_POINT ( 'NONE',  ( 0.000000000000000000, -4.119735391947782877E-16, 3.364019237886469060 ) ) ;
#3316 = CARTESIAN_POINT ( 'NONE',  ( -0.8660254037844595798, -1.500000000000012212, -2.051666666666665417 ) ) ;
#3317 = CARTESIAN_POINT ( 'NONE',  ( 0.8738379037844482555, -1.513531646934164865, -3.960520833333330604 ) ) ;
#3318 = CARTESIAN_POINT ( 'NONE',  ( 0.000000000000000000, 1.500000000000001998, -4.197499999999995346 ) ) ;
#3319 = CARTESIAN_POINT ( 'NONE',  ( 1.017788105676674215, 0.5876202367904121981, -2.093333333333330160 ) ) ;
#3320 = CARTESIAN_POINT ( 'NONE',  ( -1.439254484199213045E-16, -1.175240473580869471, -3.259999999999996678 ) ) ;
#3321 = CARTESIAN_POINT ( 'NONE',  ( -1.732050807568896511, -1.568169371233912912E-14, 0.4275000000000037659 ) ) ;
#3322 = CARTESIAN_POINT ( 'NONE',  ( 0.6785254037844500319, -1.175240473580869915, 1.344166666666669174 ) ) ;
#3323 = CARTESIAN_POINT ( 'NONE',  ( 1.167134686304119651, -0.1040360800434429051, 4.587917464159742664 ) ) ;
#3324 = DIRECTION ( 'NONE',  ( 1.195896129535480906E-16, 0.9925461516413219831, -0.1218693434051477398 ) ) ;
#3325 = CARTESIAN_POINT ( 'NONE',  ( -0.6785254037844494768, 1.175240473580839717, -4.905833333333330160 ) ) ;
#3326 = ORIENTED_EDGE ( 'NONE', *, *, #5067, .T. ) ;
#3327 = CARTESIAN_POINT ( 'NONE',  ( -3.707083373652255957E-16, 1.513531646934134445, -2.252187499999997566 ) ) ;
#3328 = VERTEX_POINT ( 'NONE', #5668 ) ;
#3329 = LINE ( 'NONE', #5188, #2076 ) ;
#3330 = CARTESIAN_POINT ( 'NONE',  ( 0.6785254037844499209, -1.175240473580869471, 1.281666666666669840 ) ) ;
#3331 = DIRECTION ( 'NONE',  ( -0.000000000000000000, 2.999224776947198600E-16, -1.000000000000000000 ) ) ;
#3332 = CARTESIAN_POINT ( 'NONE',  ( 0.000000000000000000, -1.499999999999999112, -6.000000000000000000 ) ) ;
#3333 = EDGE_LOOP ( 'NONE', ( #1719, #809, #1469, #4187 ) ) ;
#3334 = CARTESIAN_POINT ( 'NONE',  ( 0.8660254037844403729, -1.500000000000044853, -0.9683333333333318249 ) ) ;
#3335 =( BOUNDED_CURVE ( )  B_SPLINE_CURVE ( 2, ( #4155, #6132, #1880, #5248, #1402, #1309, #3234 ),
 .UNSPECIFIED., .F., .F. ) 
 B_SPLINE_CURVE_WITH_KNOTS ( ( 3, 2, 2, 3 ),
 ( 0.5909090909090907173, 0.6060606060606059664, 0.6212121212121211045, 0.6363636363636362425 ),
 .UNSPECIFIED. ) 
 CURVE ( )  GEOMETRIC_REPRESENTATION_ITEM ( )  RATIONAL_B_SPLINE_CURVE ( ( 1.000000000000000888, 0.8660254037844377084, 1.000000000000000000, 0.8660254037844387076, 1.000000000000000000, 0.8660254037844397068, 0.9999999999999990008 ) ) 
 REPRESENTATION_ITEM ( '' )  );
#3336 = CARTESIAN_POINT ( 'NONE',  ( 0.000000000000000000, 1.500000000000001776, -1.197499999999995790 ) ) ;
#3337 = ORIENTED_EDGE ( 'NONE', *, *, #4948, .F. ) ;
#3338 = CARTESIAN_POINT ( 'NONE',  ( -1.357050807568899176, -1.588835285969524626E-14, 2.677500000000002878 ) ) ;
#3339 = CARTESIAN_POINT ( 'NONE',  ( 1.357050807568899176, -1.534165808429054075E-14, 0.9275000000000027667 ) ) ;
#3340 = ADVANCED_FACE ( 'NONE', ( #5729 ), #6199, .T. ) ;
#3341 = CARTESIAN_POINT ( 'NONE',  ( 1.310756855676672883, 0.7567658234670593398, 1.711354166666670062 ) ) ;
#3342 = CARTESIAN_POINT ( 'NONE',  ( -1.747675807568897621, -1.501062074639602664E-14, -1.580312499999995790 ) ) ;
#3343 = DIRECTION ( 'NONE',  ( 0.1218335514324817154, -0.02423420014170761180, -0.9922546494165902509 ) ) ;
#3344 = PLANE ( 'NONE',  #2529 ) ;
#3345 = EDGE_CURVE ( 'NONE', #5883, #5132, #2884, .T. ) ;
#3346 = CARTESIAN_POINT ( 'NONE',  ( 0.8738379037844482555, -1.513531646934164865, -4.960520833333330160 ) ) ;
#3347 = PERSON_AND_ORGANIZATION ( #4406, #5444 ) ;
#3348 = CARTESIAN_POINT ( 'NONE',  ( -0.6785254037844501429, 1.175240473580838829, 0.03166666666666942409 ) ) ;
#3349 = CARTESIAN_POINT ( 'NONE',  ( 0.000000000000000000, 1.175240473580839939, -4.509999999999996234 ) ) ;
#3350 = CARTESIAN_POINT ( 'NONE',  ( 1.017788105676674659, -0.5876202367904425072, 0.8858333333333359150 ) ) ;
#3351 = DIRECTION ( 'NONE',  ( 0.000000000000000000, -0.9925461516413217611, 0.1218693434051494606 ) ) ;
#3352 = FACE_BOUND ( 'NONE', #2025, .T. ) ;
#3353 = CARTESIAN_POINT ( 'NONE',  ( -1.299038105676672217, 0.7499999999999934497, -1.614166666666662531 ) ) ;
#3354 = CARTESIAN_POINT ( 'NONE',  ( 0.000000000000000000, 1.175240473580839939, -5.947499999999996234 ) ) ;
#3355 = VERTEX_POINT ( 'NONE', #2736 ) ;
#3356 = CARTESIAN_POINT ( 'NONE',  ( -0.8738379037844482555, -1.513531646934165087, -1.043854166666664751 ) ) ;
#3357 = ORIENTED_EDGE ( 'NONE', *, *, #2571, .T. ) ;
#3358 = CARTESIAN_POINT ( 'NONE',  ( 0.2870500636019553964, 1.328023899308126587, 6.078446747423950747 ) ) ;
#3359 = CARTESIAN_POINT ( 'NONE',  ( -0.6785254037844501429, 1.175240473580838607, 2.031666666666669396 ) ) ;
#3360 = CARTESIAN_POINT ( 'NONE',  ( 0.000000000000000000, -3.168163357082304046E-16, 6.259999999999999787 ) ) ;
#3361 = FACE_OUTER_BOUND ( 'NONE', #2300, .T. ) ;
#3362 = VERTEX_POINT ( 'NONE', #5191 ) ;
#3363 = DIRECTION ( 'NONE',  ( -0.000000000000000000, -1.224646799147353207E-16, 1.000000000000000000 ) ) ;
#3364 = ORIENTED_EDGE ( 'NONE', *, *, #677, .T. ) ;
#3365 = CARTESIAN_POINT ( 'NONE',  ( 1.017788105676674437, 0.5876202367904116430, 2.969166666666669396 ) ) ;
#3366 = CARTESIAN_POINT ( 'NONE',  ( 1.017788105676674437, 0.5876202367904121981, -1.030833333333330160 ) ) ;
#3367 = EDGE_CURVE ( 'NONE', #3429, #1341, #1607, .T. ) ;
#3368 =( BOUNDED_SURFACE ( )  B_SPLINE_SURFACE ( 3, 2, ( 
 ( #3814, #1890, #4257 ),
 ( #1855, #2392, #1823 ),
 ( #3749, #6200, #900 ),
 ( #4288, #3779, #5701 ) ),
 .UNSPECIFIED., .F., .F., .F. ) 
 B_SPLINE_SURFACE_WITH_KNOTS ( ( 4, 4 ),
 ( 3, 3 ),
 ( 0.001156264230372863527, 0.002675593445269696096 ),
 ( 0.000000000000000000, 1.000000000000000000 ),
 .UNSPECIFIED. ) 
 GEOMETRIC_REPRESENTATION_ITEM ( )  RATIONAL_B_SPLINE_SURFACE ( (
 ( 1.000000000000000000, 0.7751521472629576692, 1.000000000000000000),
 ( 1.000000000000000000, 0.7634557616479220599, 1.000000000000000000),
 ( 1.000000000000000000, 0.7499943109390829754, 1.000000000000000000),
 ( 1.000000000000000000, 0.7334994083082728711, 1.000000000000000000) ) ) 
 REPRESENTATION_ITEM ( '' )  SURFACE ( )  );
#3369 = CARTESIAN_POINT ( 'NONE',  ( -1.747675807568897399, -1.592853658279226439E-14, 2.419687500000003766 ) ) ;
#3370 = CARTESIAN_POINT ( 'NONE',  ( -1.366827824223621590, -0.5937320626568748372, -6.029065214690740859 ) ) ;
#3371 = DIRECTION ( 'NONE',  ( -0.000000000000000000, -1.224646799147353207E-16, 1.000000000000000000 ) ) ;
#3372 = EDGE_CURVE ( 'NONE', #2655, #4912, #1271, .T. ) ;
#3373 = CARTESIAN_POINT ( 'NONE',  ( -0.3093420000000011161, 2.510828473904570487E-15, 6.259999999999999787 ) ) ;
#3374 = CARTESIAN_POINT ( 'NONE',  ( 0.000000000000000000, 1.513531646934134445, -1.252187499999997122 ) ) ;
#3375 = APPROVAL_DATE_TIME ( #5891, #2549 ) ;
#3376 = CARTESIAN_POINT ( 'NONE',  ( -2.878508968398425596E-16, 1.175240473580839495, -2.009999999999997122 ) ) ;
#3377 = CIRCLE ( 'NONE', #1872, 2.980318753177177982 ) ;
#3378 = CARTESIAN_POINT ( 'NONE',  ( -1.439254484199213045E-16, -1.175240473580869471, -3.759999999999996678 ) ) ;
#3379 = CARTESIAN_POINT ( 'NONE',  ( 1.836970198721050395E-16, -1.500000000000032196, 0.5525000000000039879 ) ) ;
#3380 = CARTESIAN_POINT ( 'NONE',  ( -0.6785254037844492547, -1.175240473580870582, 2.760833333333335915 ) ) ;
#3381 = EDGE_CURVE ( 'NONE', #5766, #3362, #1160, .T. ) ;
#3382 = CARTESIAN_POINT ( 'NONE',  ( -1.357050807568899176, -1.487476149211561458E-14, -2.884999999999997122 ) ) ;
#3383 = VECTOR ( 'NONE', #4562, 1000.000000000000000 ) ;
#3384 = CARTESIAN_POINT ( 'NONE',  ( 0.8426359540445995666, -0.1210619955558913524, 4.596799999999999997 ) ) ;
#3385 = CARTESIAN_POINT ( 'NONE',  ( 1.439254484199212798E-16, -1.175240473580869693, 0.7400000000000027667 ) ) ;
#3386 = CARTESIAN_POINT ( 'NONE',  ( -1.359756979427426238, -0.2626973412053388857, 6.087342579069140669 ) ) ;
#3387 = CARTESIAN_POINT ( 'NONE',  ( 1.017788105676675103, 0.5876202367904111989, -1.530833333333330160 ) ) ;
#3388 = AXIS2_PLACEMENT_3D ( 'NONE', #4551, #5576, #4618 ) ;
#3389 = VERTEX_POINT ( 'NONE', #3332 ) ;
#3390 = CARTESIAN_POINT ( 'NONE',  ( -1.310756855676673771, 0.7567658234670583406, 0.3311458333333354154 ) ) ;
#3391 = VERTEX_POINT ( 'NONE', #5283 ) ;
#3392 = CARTESIAN_POINT ( 'NONE',  ( 1.017788105676675103, 0.5876202367904118651, -6.093333333333330160 ) ) ;
#3393 = CIRCLE ( 'NONE', #3803, 1.544999999999998597 ) ;
#3394 = CARTESIAN_POINT ( 'NONE',  ( -0.6785254037844501429, 1.175240473580838607, 1.531666666666669396 ) ) ;
#3395 = CARTESIAN_POINT ( 'NONE',  ( -0.2870500636019552854, -1.328023899308126365, 6.078446747423950747 ) ) ;
#3396 = CARTESIAN_POINT ( 'NONE',  ( -0.8681195217894809302, -0.1105063561783058701, 4.596799999999999997 ) ) ;
#3397 = ORIENTED_EDGE ( 'NONE', *, *, #5989, .T. ) ;
#3398 = CARTESIAN_POINT ( 'NONE',  ( -1.193751676872629508, -0.09230896470716891400, 4.596799999999999997 ) ) ;
#3399 = CONICAL_SURFACE ( 'NONE', #1579, 1.406099999999995465, 0.1221730476396033355 ) ;
#3400 = CARTESIAN_POINT ( 'NONE',  ( -0.6785254037844494768, 1.175240473580839717, -4.405833333333330160 ) ) ;
#3401 = VERTEX_POINT ( 'NONE', #928 ) ;
#3402 = CARTESIAN_POINT ( 'NONE',  ( -0.1049940215086487966, 1.171508960780883957, 4.596799999999999997 ) ) ;
#3403 = CARTESIAN_POINT ( 'NONE',  ( 0.6785254037844494768, 1.175240473580839051, -0.4891666666666638075 ) ) ;
#3404 = CARTESIAN_POINT ( 'NONE',  ( -1.747675807568897399, -1.586730424283489682E-14, 1.919687500000003988 ) ) ;
#3405 = CARTESIAN_POINT ( 'NONE',  ( 0.000000000000000000, 1.500000000000001554, -1.759999999999998010 ) ) ;
#3406 = DIRECTION ( 'NONE',  ( 0.1218335514324818403, 0.02423420014170639750, 0.9922546494165902509 ) ) ;
#3407 = LINE ( 'NONE', #4297, #4354 ) ;
#3408 =( BOUNDED_CURVE ( )  B_SPLINE_CURVE ( 2, ( #1387, #430, #1510, #5831, #3437, #5388, #2402 ),
 .UNSPECIFIED., .F., .T. ) 
 B_SPLINE_CURVE_WITH_KNOTS ( ( 3, 2, 2, 3 ),
 ( 0.4999999999999998890, 0.5138888888888887285, 0.5277777777777775681, 0.5416666666666665186 ),
 .UNSPECIFIED. ) 
 CURVE ( )  GEOMETRIC_REPRESENTATION_ITEM ( )  RATIONAL_B_SPLINE_CURVE ( ( 1.000000000000001110, 0.8660254037844375974, 1.000000000000000000, 0.8660254037844387076, 1.000000000000000000, 0.8660254037844408170, 0.9999999999999978906 ) ) 
 REPRESENTATION_ITEM ( '' )  );
#3409 = CARTESIAN_POINT ( 'NONE',  ( -0.8738379037844493658, -1.513531646934164199, -2.543854166666664529 ) ) ;
#3410 =( NAMED_UNIT ( * ) SI_UNIT ( $, .STERADIAN. ) SOLID_ANGLE_UNIT ( ) );
#3411 = CARTESIAN_POINT ( 'NONE',  ( 0.6785254037844499209, -1.175240473580869471, 1.281666666666669840 ) ) ;
#3412 = EDGE_CURVE ( 'NONE', #5138, #2361, #2680, .T. ) ;
#3413 = CARTESIAN_POINT ( 'NONE',  ( 0.000000000000000000, 1.175240473580839495, -1.009999999999997122 ) ) ;
#3414 = CARTESIAN_POINT ( 'NONE',  ( -1.266647755626918700E-17, -0.1051267183062900984, 4.596799999999999997 ) ) ;
#3415 = CARTESIAN_POINT ( 'NONE',  ( 1.357050807568899176, -1.558658744412001105E-14, 2.927500000000002878 ) ) ;
#3416 = CARTESIAN_POINT ( 'NONE',  ( -1.017788105676674659, -0.5876202367904418411, -4.343333333333330160 ) ) ;
#3417 = CARTESIAN_POINT ( 'NONE',  ( 0.000000000000000000, -4.151552649109528287E-16, 3.390000000000000568 ) ) ;
#3418 = CARTESIAN_POINT ( 'NONE',  ( -0.6785254037844491437, -1.175240473580869471, -0.8016666666666636409 ) ) ;
#3419 = CARTESIAN_POINT ( 'NONE',  ( 1.017788105676675103, 0.5876202367904116430, -4.530833333333330160 ) ) ;
#3420 = EDGE_CURVE ( 'NONE', #3904, #5994, #951, .T. ) ;
#3421 = ORIENTED_EDGE ( 'NONE', *, *, #6090, .F. ) ;
#3422 = CARTESIAN_POINT ( 'NONE',  ( 1.310756855676673327, -0.7567658234670897599, -0.4188541666666645846 ) ) ;
#3423 = VERTEX_POINT ( 'NONE', #4412 ) ;
#3424 = CARTESIAN_POINT ( 'NONE',  ( 1.017788105676674215, -0.5876202367904423962, -6.176666666666664085 ) ) ;
#3425 = CARTESIAN_POINT ( 'NONE',  ( 1.051365021796776489, 0.9026122955781983315, -6.198328444396543624 ) ) ;
#3426 = CARTESIAN_POINT ( 'NONE',  ( -1.732050807568896511, -1.457625383482344608E-14, -5.134999999999998010 ) ) ;
#3427 = B_SPLINE_CURVE_WITH_KNOTS ( 'NONE', 3,
 ( #287, #3170, #4182, #5567 ),
 .UNSPECIFIED., .F., .F.,
 ( 4, 4 ),
 ( 0.000000000000000000, 8.279030431676567370E-05 ),
 .UNSPECIFIED. ) ;
#3428 = CARTESIAN_POINT ( 'NONE',  ( 1.506580608632190780E-16, -1.230216426222769055, 3.208259618943246405 ) ) ;
#3429 = VERTEX_POINT ( 'NONE', #3428 ) ;
#3430 = CARTESIAN_POINT ( 'NONE',  ( -1.171508960780882402, -0.1049940215086616196, 4.596799999999999997 ) ) ;
#3431 = CARTESIAN_POINT ( 'NONE',  ( 0.6785254037844502539, 1.175240473580839273, -3.989166666666663197 ) ) ;
#3432 = VERTEX_POINT ( 'NONE', #5346 ) ;
#3433 = CARTESIAN_POINT ( 'NONE',  ( 0.1051267183062853244, -1.168159110932236899, 4.596799999999999997 ) ) ;
#3434 = CARTESIAN_POINT ( 'NONE',  ( -0.6785254037844502539, 1.175240473580838385, 3.094166666666669840 ) ) ;
#3435 = AXIS2_PLACEMENT_3D ( 'NONE', #245, #1262, #5142 ) ;
#3436 = DIRECTION ( 'NONE',  ( -0.000000000000000000, -1.224646799147353207E-16, 1.000000000000000000 ) ) ;
#3437 = CARTESIAN_POINT ( 'NONE',  ( 1.299038105676672439, -0.7500000000000234257, 0.1358333333333371640 ) ) ;
#3438 = CARTESIAN_POINT ( 'NONE',  ( -0.8660254037844425934, 1.500000000000011546, -4.218333333333331936 ) ) ;
#3439 = CARTESIAN_POINT ( 'NONE',  ( -1.853541686826127979E-16, -1.513531646934164643, -1.002187499999997788 ) ) ;
#3440 = PERSON_AND_ORGANIZATION ( #4406, #5444 ) ;
#3441 = CARTESIAN_POINT ( 'NONE',  ( 1.017788105676674437, -0.5876202367904425072, 1.823333333333336137 ) ) ;
#3442 = CIRCLE ( 'NONE', #2735, 0.03163725000000002646 ) ;
#3443 = CARTESIAN_POINT ( 'NONE',  ( 1.357050807568899176, -1.536022392756294935E-14, -1.634999999999996678 ) ) ;
#3444 = ORIENTED_EDGE ( 'NONE', *, *, #986, .T. ) ;
#3445 =( BOUNDED_CURVE ( )  B_SPLINE_CURVE ( 2, ( #6273, #526, #1864, #2810, #1420, #6243, #5741 ),
 .UNSPECIFIED., .F., .F. ) 
 B_SPLINE_CURVE_WITH_KNOTS ( ( 3, 2, 2, 3 ),
 ( 0.7272727272727272929, 0.7424242424242423199, 0.7575757575757573470, 0.7727272727272723740 ),
 .UNSPECIFIED. ) 
 CURVE ( )  GEOMETRIC_REPRESENTATION_ITEM ( )  RATIONAL_B_SPLINE_CURVE ( ( 1.000000000000000000, 0.8660254037844387076, 1.000000000000000000, 0.8660254037844387076, 1.000000000000000000, 0.8660254037844417052, 0.9999999999999970024 ) ) 
 REPRESENTATION_ITEM ( '' )  );
#3446 = CARTESIAN_POINT ( 'NONE',  ( 1.357050807568899176, -1.523775924764821421E-14, -2.634999999999996678 ) ) ;
#3447 = DIRECTION ( 'NONE',  ( 0.000000000000000000, 1.000000000000000000, 0.000000000000000000 ) ) ;
#3448 = CARTESIAN_POINT ( 'NONE',  ( 1.357050807568898954, -1.539523638175323580E-14, 1.365000000000002878 ) ) ;
#3449 = FACE_OUTER_BOUND ( 'NONE', #5956, .T. ) ;
#3450 = CIRCLE ( 'NONE', #5699, 1.382988518302599168 ) ;
#3451 = CARTESIAN_POINT ( 'NONE',  ( -1.439254484199213045E-16, -1.175240473580869471, -2.697499999999996678 ) ) ;
#3452 = EDGE_CURVE ( 'NONE', #4141, #1401, #1600, .T. ) ;
#3453 = VERTEX_POINT ( 'NONE', #2010 ) ;
#3454 = CARTESIAN_POINT ( 'NONE',  ( -3.707083373652255957E-16, 1.513531646934134223, 0.7478125000000024336 ) ) ;
#3455 = CIRCLE ( 'NONE', #1232, 1.500000000000000888 ) ;
#3456 = EDGE_CURVE ( 'NONE', #1440, #1818, #5114, .T. ) ;
#3457 = CARTESIAN_POINT ( 'NONE',  ( -1.017788105676674437, 0.5876202367904127533, -5.926666666666663197 ) ) ;
#3458 = CARTESIAN_POINT ( 'NONE',  ( -0.8660254037844519193, 1.499999999999995337, -5.655833333333329271 ) ) ;
#3459 = CARTESIAN_POINT ( 'NONE',  ( -0.2833990067808757063, -1.342001944967377902, 6.074918150816173146 ) ) ;
#3460 = CARTESIAN_POINT ( 'NONE',  ( -1.237812411913744137, -0.6929657993908329150, -6.144253028075231882 ) ) ;
#3461 = ORIENTED_EDGE ( 'NONE', *, *, #4317, .T. ) ;
#3462 = CARTESIAN_POINT ( 'NONE',  ( 0.5180592987778073200, -1.127702945655482125, -6.259999999999996234 ) ) ;
#3464 = ADVANCED_FACE ( 'NONE', ( #4445 ), #1500, .T. ) ;
#3463 = CARTESIAN_POINT ( 'NONE',  ( 0.6785254037844492547, -1.175240473580869471, -3.655833333333330160 ) ) ;
#3465 = ORIENTED_EDGE ( 'NONE', *, *, #2153, .T. ) ;
#3466 = CARTESIAN_POINT ( 'NONE',  ( 1.836970198721050642E-16, -1.500000000000032641, 0.4900000000000013789 ) ) ;
#3467 = CARTESIAN_POINT ( 'NONE',  ( -2.878508968398426089E-16, 1.175240473580838829, 3.552500000000002878 ) ) ;
#3468 = CARTESIAN_POINT ( 'NONE',  ( 0.8738379037844483666, 1.513531646934133779, 3.253020833333336803 ) ) ;
#3469 = CARTESIAN_POINT ( 'NONE',  ( -1.732050807568896733, -1.579650434975919174E-14, 1.365000000000001323 ) ) ;
#3470 = CARTESIAN_POINT ( 'NONE',  ( 1.017788105676674215, -0.5876202367904425072, -5.614166666666663197 ) ) ;
#3471 = ORIENTED_EDGE ( 'NONE', *, *, #1370, .T. ) ;
#3472 = CARTESIAN_POINT ( 'NONE',  ( 1.299038105676671995, -0.7500000000000240918, -1.864166666666662087 ) ) ;
#3473 = CARTESIAN_POINT ( 'NONE',  ( 1.310756855676672883, -0.7567658234670903150, -2.918854166666664085 ) ) ;
#3474 = CARTESIAN_POINT ( 'NONE',  ( -0.6785254037844491437, -1.175240473580869915, 1.198333333333336359 ) ) ;
#3475 = CARTESIAN_POINT ( 'NONE',  ( -1.310756855676673105, 0.7567658234670603390, -6.121979166666662309 ) ) ;
#3476 = VERTEX_POINT ( 'NONE', #2857 ) ;
#3477 = DIRECTION ( 'NONE',  ( 0.3826834323651013836, 0.9238795325112820755, 0.000000000000000000 ) ) ;
#3478 = DIRECTION ( 'NONE',  ( 0.000000000000000000, -1.000000000000000000, 0.000000000000000000 ) ) ;
#3479 = CARTESIAN_POINT ( 'NONE',  ( 0.4125181635044951056, -0.2992226178155522609, 4.596799999999999997 ) ) ;
#3480 = CARTESIAN_POINT ( 'NONE',  ( 0.6785254037844493658, 1.175240473580839273, 0.4483333333333361925 ) ) ;
#3481 = FACE_OUTER_BOUND ( 'NONE', #6063, .T. ) ;
#3482 = CARTESIAN_POINT ( 'NONE',  ( -0.6785254037844500319, -1.175240473580869249, -2.739166666666664085 ) ) ;
#3483 = ORIENTED_EDGE ( 'NONE', *, *, #5571, .F. ) ;
#3484 = CARTESIAN_POINT ( 'NONE',  ( 1.853541686826127979E-16, -1.513531646934164643, -1.002187499999998010 ) ) ;
#3485 = CARTESIAN_POINT ( 'NONE',  ( 1.357050807568899176, -1.493159754786137634E-14, -5.134999999999997122 ) ) ;
#3486 = CARTESIAN_POINT ( 'NONE',  ( 0.8660254037844511421, 1.499999999999998224, -3.801666666666664529 ) ) ;
#3487 = CARTESIAN_POINT ( 'NONE',  ( -1.299038105676672439, -0.7500000000000227596, -5.093333333333331936 ) ) ;
#3488 = VECTOR ( 'NONE', #4162, 1000.000000000000227 ) ;
#3489 = DIRECTION ( 'NONE',  ( -1.000000000000000000, 0.000000000000000000, 0.000000000000000000 ) ) ;
#3490 = EDGE_CURVE ( 'NONE', #3101, #5910, #71, .T. ) ;
#3491 = VERTEX_POINT ( 'NONE', #2038 ) ;
#3492 = CARTESIAN_POINT ( 'NONE',  ( -1.173160333703290759, -0.1047302639361401694, 4.596799999999999997 ) ) ;
#3493 = CARTESIAN_POINT ( 'NONE',  ( 0.000000000000000000, 1.175240473580839939, -3.947499999999996234 ) ) ;
#3494 = AXIS2_PLACEMENT_3D ( 'NONE', #2800, #4776, #5764 ) ;
#3495 = ORIENTED_EDGE ( 'NONE', *, *, #4029, .T. ) ;
#3496 = CARTESIAN_POINT ( 'NONE',  ( 0.000000000000000000, -3.168163357082304046E-16, 6.259999999999999787 ) ) ;
#3497 = CARTESIAN_POINT ( 'NONE',  ( 1.017788105676674659, -0.5876202367904428403, 3.385833333333336359 ) ) ;
#3498 = CARTESIAN_POINT ( 'NONE',  ( -0.8738379037844495878, 1.513531646934133335, 2.336354166666670729 ) ) ;
#3499 = ADVANCED_FACE ( 'NONE', ( #3361 ), #3961, .T. ) ;
#3500 = VECTOR ( 'NONE', #4285, 1000.000000000000000 ) ;
#3501 = CARTESIAN_POINT ( 'NONE',  ( -0.6785254037844494768, 1.175240473580840161, -5.905833333333330160 ) ) ;
#3502 = CARTESIAN_POINT ( 'NONE',  ( 1.017788105676674659, -0.5876202367904423962, -0.6141666666666638630 ) ) ;
#3503 = VECTOR ( 'NONE', #1902, 1000.000000000000000 ) ;
#3504 = CARTESIAN_POINT ( 'NONE',  ( 0.8738379037844496988, 1.513531646934134001, -3.293854166666664085 ) ) ;
#3505 = APPROVAL_STATUS ( 'not_yet_approved' ) ;
#3506 = CARTESIAN_POINT ( 'NONE',  ( 1.017788105676674437, -0.5876202367904426183, 2.323333333333335915 ) ) ;
#3507 = CARTESIAN_POINT ( 'NONE',  ( 1.017788105676674215, -0.5876202367904429513, -2.176666666666663641 ) ) ;
#3508 = EDGE_LOOP ( 'NONE', ( #4130, #1225, #5754, #2994 ) ) ;
#3509 = CARTESIAN_POINT ( 'NONE',  ( -0.2626973412439699285, -1.359756979458583315, 6.087342579377972740 ) ) ;
#3510 = CARTESIAN_POINT ( 'NONE',  ( 1.358185157725198433, -0.2607495332532636656, 6.071772086592591045 ) ) ;
#3511 = CARTESIAN_POINT ( 'NONE',  ( -3.673940397442100790E-16, 1.500000000000001110, 2.802500000000004210 ) ) ;
#3512 = CARTESIAN_POINT ( 'NONE',  ( -2.878508968398425596E-16, 1.175240473580839051, 1.490000000000003100 ) ) ;
#3513 = CARTESIAN_POINT ( 'NONE',  ( -1.299038105676672439, -0.7500000000000230926, -2.530833333333328827 ) ) ;
#3514 = CARTESIAN_POINT ( 'NONE',  ( -1.017788105676674437, 0.5876202367904123092, -2.364166666666663641 ) ) ;
#3515 = ORIENTED_EDGE ( 'NONE', *, *, #1054, .T. ) ;
#3516 = CARTESIAN_POINT ( 'NONE',  ( -1.310756855676673771, 0.7567658234670580075, 2.331145833333335027 ) ) ;
#3517 = CARTESIAN_POINT ( 'NONE',  ( -1.439254484199213045E-16, -1.175240473580869027, -5.759999999999997122 ) ) ;
#3518 = LINE ( 'NONE', #5472, #4090 ) ;
#3519 = DIRECTION ( 'NONE',  ( 0.000000000000000000, 0.000000000000000000, 1.000000000000000000 ) ) ;
#3520 = CARTESIAN_POINT ( 'NONE',  ( -0.9125104491253948069, -1.190514460322534607, -5.999999999999999112 ) ) ;
#3521 = ORIENTED_EDGE ( 'NONE', *, *, #3565, .F. ) ;
#3522 = FACE_OUTER_BOUND ( 'NONE', #5195, .T. ) ;
#3523 = CARTESIAN_POINT ( 'NONE',  ( -0.6785254037844500319, -1.175240473580869027, -4.239166666666663197 ) ) ;
#3524 = ORIENTED_EDGE ( 'NONE', *, *, #2607, .F. ) ;
#3525 = CARTESIAN_POINT ( 'NONE',  ( 0.3148034922636769872, -0.8811735338144263130, 6.174697866662547163 ) ) ;
#3526 = CARTESIAN_POINT ( 'NONE',  ( -0.6785254037844492547, -1.175240473580870360, 1.760833333333335915 ) ) ;
#3527 = DIRECTION ( 'NONE',  ( 1.000000000000000000, 0.000000000000000000, 0.000000000000000000 ) ) ;
#3528 = CARTESIAN_POINT ( 'NONE',  ( -1.196584477098021182, -0.1354026319245605348, 4.843377528930627562 ) ) ;
#3529 = CARTESIAN_POINT ( 'NONE',  ( -0.6785254037844502539, 1.175240473580838607, 2.094166666666669840 ) ) ;
#3530 = DIRECTION ( 'NONE',  ( 0.000000000000000000, 0.000000000000000000, -1.000000000000000000 ) ) ;
#3531 = EDGE_LOOP ( 'NONE', ( #3397, #4976, #757, #2515, #6086, #2714, #5814, #3171, #5948, #4770, #4250, #4805, #3971, #4828, #3546, #3962, #384, #175, #4895, #4866, #637, #2793, #1308, #6093 ) ) ;
#3532 = CARTESIAN_POINT ( 'NONE',  ( -0.6785254037844502539, 1.175240473580838829, -0.9058333333333302706 ) ) ;
#3533 = EDGE_CURVE ( 'NONE', #1404, #2851, #5740, .T. ) ;
#3534 = CARTESIAN_POINT ( 'NONE',  ( -1.017788105676674437, 0.5876202367904127533, -5.364166666666663197 ) ) ;
#3535 = CARTESIAN_POINT ( 'NONE',  ( -0.6785254037844491437, -1.175240473580869471, 0.1983333333333363591 ) ) ;
#3536 = CARTESIAN_POINT ( 'NONE',  ( 1.017788105676675103, 0.5876202367904111989, -1.593333333333330382 ) ) ;
#3537 = VERTEX_POINT ( 'NONE', #2421 ) ;
#3538 = CARTESIAN_POINT ( 'NONE',  ( -0.2881423344222962535, -1.328925652794132661, 6.087342579377972740 ) ) ;
#3539 =( BOUNDED_CURVE ( )  B_SPLINE_CURVE ( 2, ( #2003, #4369, #2441, #2504, #2877, #2972, #5304 ),
 .UNSPECIFIED., .F., .F. ) 
 B_SPLINE_CURVE_WITH_KNOTS ( ( 3, 2, 2, 3 ),
 ( 0.4166666666666666297, 0.4305555555555555247, 0.4444444444444444198, 0.4583333333333333148 ),
 .UNSPECIFIED. ) 
 CURVE ( )  GEOMETRIC_REPRESENTATION_ITEM ( )  RATIONAL_B_SPLINE_CURVE ( ( 1.000000000000000444, 0.8660254037844381525, 1.000000000000000000, 0.8660254037844387076, 1.000000000000000000, 0.8660254037844387076, 1.000000000000000000 ) ) 
 REPRESENTATION_ITEM ( '' )  );
#3540 = DIRECTION ( 'NONE',  ( -0.1218335514324818819, 0.02423420014170693873, -0.9922546494165902509 ) ) ;
#3541 = EDGE_CURVE ( 'NONE', #193, #3198, #5123, .T. ) ;
#3542 = CARTESIAN_POINT ( 'NONE',  ( -1.359756979458579984, 0.2626973412439835287, 6.087342579377973628 ) ) ;
#3543 = CARTESIAN_POINT ( 'NONE',  ( -1.357050807568898954, -1.588069881720057373E-14, 2.615000000000002434 ) ) ;
#3544 = CARTESIAN_POINT ( 'NONE',  ( 1.836970198721050395E-16, -1.500000000000032196, 1.552500000000003988 ) ) ;
#3545 = CARTESIAN_POINT ( 'NONE',  ( 0.6785254037844492547, -1.175240473580869471, -2.655833333333329715 ) ) ;
#3546 = ORIENTED_EDGE ( 'NONE', *, *, #5493, .T. ) ;
#3547 = CARTESIAN_POINT ( 'NONE',  ( 1.310756855676673327, -0.7567658234670900930, 2.581145833333335471 ) ) ;
#3548 = CARTESIAN_POINT ( 'NONE',  ( 0.000000000000000000, 1.175240473580839939, -4.009999999999996234 ) ) ;
#3549 = CARTESIAN_POINT ( 'NONE',  ( 1.017788105676674215, 0.5876202367904115320, 3.406666666666669840 ) ) ;
#3550 = CARTESIAN_POINT ( 'NONE',  ( 0.08925122418257422363, -1.195706225585610349, 4.596799999999999997 ) ) ;
#3551 = CARTESIAN_POINT ( 'NONE',  ( -0.6785254037844500319, -1.175240473580868805, -6.301666666666663197 ) ) ;
#3552 = ORIENTED_EDGE ( 'NONE', *, *, #1444, .T. ) ;
#3553 = CARTESIAN_POINT ( 'NONE',  ( -1.836970198721050395E-16, -1.500000000000031752, -3.509999999999998010 ) ) ;
#3554 = AXIS2_PLACEMENT_3D ( 'NONE', #2622, #1578, #243 ) ;
#3555 = CARTESIAN_POINT ( 'NONE',  ( -1.017788105676674659, -0.5876202367904417301, -5.343333333333330160 ) ) ;
#3556 = ORIENTED_EDGE ( 'NONE', *, *, #1103, .T. ) ;
#3557 = CARTESIAN_POINT ( 'NONE',  ( 0.8660254037844489217, -1.500000000000032196, 0.5316666666666682861 ) ) ;
#3558 = CARTESIAN_POINT ( 'NONE',  ( -1.017788105676674215, -0.5876202367904432844, 1.219166666666669174 ) ) ;
#3559 = FACE_OUTER_BOUND ( 'NONE', #2558, .T. ) ;
#3560 = DIRECTION ( 'NONE',  ( -0.000000000000000000, -1.224646799147353207E-16, 1.000000000000000000 ) ) ;
#3561 = DIRECTION ( 'NONE',  ( -0.02423420014170640097, -0.1218335514324820901, 0.9922546494165903619 ) ) ;
#3562 = CARTESIAN_POINT ( 'NONE',  ( 0.6785254037844492547, -1.175240473580869249, -6.155833333333330160 ) ) ;
#3563 = ORIENTED_EDGE ( 'NONE', *, *, #5288, .T. ) ;
#3564 = CARTESIAN_POINT ( 'NONE',  ( -0.1686891805415590140, 1.281697830216368850, 5.336847168515002515 ) ) ;
#3565 = EDGE_CURVE ( 'NONE', #3328, #2443, #3991, .T. ) ;
#3566 = CARTESIAN_POINT ( 'NONE',  ( 1.017788105676674215, -0.5876202367904426183, -4.614166666666663197 ) ) ;
#3567 = CARTESIAN_POINT ( 'NONE',  ( 1.853541686826127732E-16, -1.513531646934164199, -2.455312499999996678 ) ) ;
#3568 = CARTESIAN_POINT ( 'NONE',  ( 1.747675807568897621, -1.497943531345307015E-14, -5.330312499999995346 ) ) ;
#3569 = ORIENTED_EDGE ( 'NONE', *, *, #629, .T. ) ;
#3570 = EDGE_CURVE ( 'NONE', #562, #3328, #5227, .T. ) ;
#3571 = CARTESIAN_POINT ( 'NONE',  ( 0.000000000000000000, 1.175240473580839495, -2.009999999999997122 ) ) ;
#3572 = B_SPLINE_CURVE_WITH_KNOTS ( 'NONE', 3,
 ( #4025, #1144, #6005, #4087, #3106, #3072, #3137 ),
 .UNSPECIFIED., .F., .F.,
 ( 4, 3, 4 ),
 ( 0.000000000000000000, 0.0007511732205897585354, 0.001501319096047298461 ),
 .UNSPECIFIED. ) ;
#3573 = CARTESIAN_POINT ( 'NONE',  ( -2.878508968398425596E-16, 1.175240473580838829, 2.490000000000002434 ) ) ;
#3574 = CARTESIAN_POINT ( 'NONE',  ( 1.299038105676671995, -0.7500000000000240918, -1.926666666666664529 ) ) ;
#3575 = CARTESIAN_POINT ( 'NONE',  ( 1.357050807568899176, -1.536787797005762188E-14, -1.572499999999996456 ) ) ;
#3576 =( BOUNDED_CURVE ( )  B_SPLINE_CURVE ( 2, ( #5525, #756, #4176, #4564, #5559, #4053, #218 ),
 .UNSPECIFIED., .F., .F. ) 
 B_SPLINE_CURVE_WITH_KNOTS ( ( 3, 2, 2, 3 ),
 ( 0.3636363636363635909, 0.3787878787878787290, 0.3939393939393938116, 0.4090909090909089496 ),
 .UNSPECIFIED. ) 
 CURVE ( )  GEOMETRIC_REPRESENTATION_ITEM ( )  RATIONAL_B_SPLINE_CURVE ( ( 1.000000000000000666, 0.8660254037844382635, 1.000000000000000000, 0.8660254037844387076, 1.000000000000000000, 0.8660254037844397068, 0.9999999999999990008 ) ) 
 REPRESENTATION_ITEM ( '' )  );
#3577 = EDGE_CURVE ( 'NONE', #4287, #4535, #4919, .T. ) ;
#3578 = ORIENTED_EDGE ( 'NONE', *, *, #1475, .F. ) ;
#3579 = CARTESIAN_POINT ( 'NONE',  ( 1.853541686826127979E-16, -1.513531646934165087, 1.997812500000001767 ) ) ;
#3580 = CARTESIAN_POINT ( 'NONE',  ( -0.6785254037844494768, 1.175240473580839717, -3.968333333333330604 ) ) ;
#3581 = CARTESIAN_POINT ( 'NONE',  ( -0.1004375725309607503, -1.185093882767644269, 4.596799999999999997 ) ) ;
#3582 = CARTESIAN_POINT ( 'NONE',  ( -1.299038105676672217, 0.7499999999999937828, -3.676666666666664529 ) ) ;
#3583 = CARTESIAN_POINT ( 'NONE',  ( -0.8660254037844478114, -1.500000000000032641, -5.551666666666665861 ) ) ;
#3584 = CARTESIAN_POINT ( 'NONE',  ( -0.1051267183062771227, 1.168159110932237121, 4.596799999999999997 ) ) ;
#3585 = AXIS2_PLACEMENT_3D ( 'NONE', #331, #272, #1135 ) ;
#3586 = ORIENTED_EDGE ( 'NONE', *, *, #357, .T. ) ;
#3587 = DIRECTION ( 'NONE',  ( -1.000000000000000000, 0.000000000000000000, 0.000000000000000000 ) ) ;
#3588 = CARTESIAN_POINT ( 'NONE',  ( 1.017788105676674215, -0.5876202367904423962, -6.176666666666664085 ) ) ;
#3589 = VERTEX_POINT ( 'NONE', #1689 ) ;
#3590 = CARTESIAN_POINT ( 'NONE',  ( 0.1040360803669025946, -1.167134686608084282, 4.587917466794174892 ) ) ;
#3591 = AXIS2_PLACEMENT_3D ( 'NONE', #2950, #2482, #1560 ) ;
#3592 = CARTESIAN_POINT ( 'NONE',  ( -0.6785254037844501429, 1.175240473580838829, -0.4683333333333303261 ) ) ;
#3593 = CARTESIAN_POINT ( 'NONE',  ( -0.2607495332532973609, -1.358185157725192438, 6.071772086592593709 ) ) ;
#3594 = CARTESIAN_POINT ( 'NONE',  ( 0.1051267183062885857, 1.168159110932235789, 4.596799999999999997 ) ) ;
#3595 = CARTESIAN_POINT ( 'NONE',  ( 1.836970198721050395E-16, -1.500000000000031974, -0.9474999999999959011 ) ) ;
#3596 = AXIS2_PLACEMENT_3D ( 'NONE', #740, #2171, #3083 ) ;
#3597 = CARTESIAN_POINT ( 'NONE',  ( 0.5640605803204559177, -0.4507650346315140166, 6.209378226151473612 ) ) ;
#3598 = CARTESIAN_POINT ( 'NONE',  ( 0.6785254037844500319, -1.175240473580869915, 0.8441666666666693963 ) ) ;
#3599 = AXIS2_PLACEMENT_3D ( 'NONE', #3360, #2389, #6263 ) ;
#3600 = CARTESIAN_POINT ( 'NONE',  ( 0.6785254037844502539, 1.175240473580839495, -5.989166666666663197 ) ) ;
#3601 = PERSON_AND_ORGANIZATION ( #4406, #5444 ) ;
#3602 = CARTESIAN_POINT ( 'NONE',  ( 0.8738379037844491437, -1.513531646934164199, -0.9136458333333297155 ) ) ;
#3603 = CARTESIAN_POINT ( 'NONE',  ( 0.8738379037844482555, -1.513531646934164865, -5.413645833333329271 ) ) ;
#3604 = VERTEX_POINT ( 'NONE', #5474 ) ;
#3605 = CARTESIAN_POINT ( 'NONE',  ( -1.732050807568896511, -1.482883723714758890E-14, -3.072499999999995790 ) ) ;
#3606 = AXIS2_PLACEMENT_3D ( 'NONE', #6190, #3769, #2252 ) ;
#3607 = CYLINDRICAL_SURFACE ( 'NONE', #1622, 1.500000000000000888 ) ;
#3608 = CARTESIAN_POINT ( 'NONE',  ( 0.000000000000000000, 1.513531646934134889, -6.252187499999997122 ) ) ;
#3609 = CARTESIAN_POINT ( 'NONE',  ( 0.1377321454054258321, -1.255209783581178185, 5.090064347703612491 ) ) ;
#3610 = CARTESIAN_POINT ( 'NONE',  ( -0.6785254037844494768, 1.175240473580839495, -1.405833333333329938 ) ) ;
#3611 = ORIENTED_EDGE ( 'NONE', *, *, #5176, .F. ) ;
#3612 = CARTESIAN_POINT ( 'NONE',  ( -1.747675807568897621, -1.592279605092125684E-14, 2.372812500000002434 ) ) ;
#3613 = CARTESIAN_POINT ( 'NONE',  ( -0.6785254037844500319, -1.175240473580869249, -3.801666666666663197 ) ) ;
#3614 = EDGE_CURVE ( 'NONE', #3965, #1318, #302, .T. ) ;
#3615 = CARTESIAN_POINT ( 'NONE',  ( 0.000000000000000000, 1.500000000000002220, -5.759999999999998010 ) ) ;
#3616 = CARTESIAN_POINT ( 'NONE',  ( 1.732050807568896511, -1.496986776033472949E-14, -5.384999999999998010 ) ) ;
#3617 =( BOUNDED_CURVE ( )  B_SPLINE_CURVE ( 2, ( #3770, #5782, #1431, #1460, #441, #892, #1366, #380, #3354, #2318, #4853, #4249, #412, #3295, #5305, #2878, #4311, #2819, #1813, #4825, #4767, #6222, #477, #2413, #1877, #1336, #5337, #2850, #3262, #985, #3802, #2912, #920, #3325, #4370, #5753, #1400, #507, #3037, #5872, #2505, #2062, #3419, #64, #5369, #4983, #1138, #5468, #3008, #1046, #5401, #3953, #5497, #3923, #2941, #3065, #5845, #5017, #628, #662, #2567, #1554, #2474, #2598, #598, #3894, #31, #154, #4499, #2097, #1015, #4019, #1969, #569, #1618, #4403, #4439, #4885, #2536, #2004, #4467, #1492, #1523, #5968, #3984, #3482, #3451, #3545, #536, #2973, #1107, #4918, #1584, #5433, #3514, #122, #93, #2030, #5901, #1080, #4952, #5933, #6000, #1773, #3226, #6027, #6062, #818, #3131, #3163, #2245, #2217, #187, #3575, #5111, #4662, #696, #3610, #4534, #2126, #3099, #5621, #1650, #310, #5050, #6092, #3196, #2626, #5079 ),
 .UNSPECIFIED., .F., .F. ) 
 B_SPLINE_CURVE_WITH_KNOTS ( ( 3, 2, 2, 2, 2, 2, 2, 2, 2, 2, 2, 2, 2, 2, 2, 2, 2, 2, 2, 2, 2, 2, 2, 2, 2, 2, 2, 2, 2, 2, 2, 2, 2, 2, 2, 2, 2, 2, 2, 2, 2, 2, 2, 2, 2, 2, 2, 2, 2, 2, 2, 2, 2, 2, 2, 2, 2, 2, 2, 2, 2, 2, 2, 2, 3 ),
 ( 0.03428763177756521952, 0.04545454545454545581, 0.06060606060606060774, 0.07575757575757575968, 0.09090909090909091161, 0.1060606060606060635, 0.1212121212121212016, 0.1363636363636363535, 0.1515151515151515194, 0.1666666666666666574, 0.1818181818181818232, 0.1969696969696969613, 0.2121212121212121271, 0.2272727272727272652, 0.2424242424242424310, 0.2575757575757575690, 0.2727272727272727071, 0.2878787878787879007, 0.3030303030303030387, 0.3181818181818181768, 0.3333333333333333148, 0.3484848484848485084, 0.3636363636363636465, 0.3787878787878787845, 0.3939393939393939226, 0.4090909090909091161, 0.4242424242424242542, 0.4393939393939393923, 0.4545454545454545303, 0.4696969696969697239, 0.4848484848484848619, 0.5000000000000000000, 0.5151515151515151381, 0.5303030303030302761, 0.5454545454545454142, 0.5606060606060605522, 0.5757575757575758013, 0.5909090909090909394, 0.6060606060606060774, 0.6212121212121212155, 0.6363636363636363535, 0.6515151515151514916, 0.6666666666666666297, 0.6818181818181817677, 0.6969696969696970168, 0.7121212121212121549, 0.7272727272727274039, 0.7424242424242424310, 0.7575757575757575690, 0.7727272727272727071, 0.7878787878787878451, 0.8030303030303029832, 0.8181818181818183433, 0.8333333333333333703, 0.8484848484848485084, 0.8636363636363636465, 0.8787878787878787845, 0.8939393939393939226, 0.9090909090909090606, 0.9242424242424241987, 0.9393939393939394478, 0.9545454545454545858, 0.9696969696969697239, 0.9848484848484848619, 1.000000000000000000 ),
 .UNSPECIFIED. ) 
 CURVE ( )  GEOMETRIC_REPRESENTATION_ITEM ( )  RATIONAL_B_SPLINE_CURVE ( ( 0.9480652107226179570, 0.9012585384440678915, 1.000000000000000000, 0.8660254037844387076, 1.000000000000000000, 0.8660254037844387076, 1.000000000000000000, 0.8660254037844387076, 1.000000000000000000, 0.8660254037844387076, 1.000000000000000000, 0.8660254037844387076, 1.000000000000000000, 0.8660254037844387076, 1.000000000000000000, 0.8660254037844387076, 1.000000000000000000, 0.8660254037844387076, 1.000000000000000000, 0.8660254037844387076, 1.000000000000000000, 0.8660254037844387076, 1.000000000000000000, 0.8660254037844387076, 1.000000000000000000, 0.8660254037844387076, 1.000000000000000000, 0.8660254037844387076, 1.000000000000000000, 0.8660254037844387076, 1.000000000000000000, 0.8660254037844387076, 1.000000000000000000, 0.8660254037844387076, 1.000000000000000000, 0.8660254037844387076, 1.000000000000000000, 0.8660254037844387076, 1.000000000000000000, 0.8660254037844387076, 1.000000000000000000, 0.8660254037844387076, 1.000000000000000000, 0.8660254037844387076, 1.000000000000000000, 0.8660254037844387076, 1.000000000000000000, 0.8660254037844387076, 1.000000000000000000, 0.8660254037844387076, 1.000000000000000000, 0.8660254037844387076, 1.000000000000000000, 0.8660254037844387076, 1.000000000000000000, 0.8660254037844387076, 1.000000000000000000, 0.8660254037844387076, 1.000000000000000000, 0.8660254037844387076, 1.000000000000000000, 0.8660254037844387076, 1.000000000000000000, 0.8660254037844387076, 1.000000000000000000, 0.8660254037844387076, 1.000000000000000000, 0.8660254037844387076, 1.000000000000000000, 0.8660254037844387076, 1.000000000000000000, 0.8660254037844387076, 1.000000000000000000, 0.8660254037844387076, 1.000000000000000000, 0.8660254037844387076, 1.000000000000000000, 0.8660254037844387076, 1.000000000000000000, 0.8660254037844387076, 1.000000000000000000, 0.8660254037844387076, 1.000000000000000000, 0.8660254037844387076, 1.000000000000000000, 0.8660254037844387076, 1.000000000000000000, 0.8660254037844387076, 1.000000000000000000, 0.8660254037844387076, 1.000000000000000000, 0.8660254037844387076, 1.000000000000000000, 0.8660254037844387076, 1.000000000000000000, 0.8660254037844387076, 1.000000000000000000, 0.8660254037844387076, 1.000000000000000000, 0.8660254037844387076, 1.000000000000000000, 0.8660254037844387076, 1.000000000000000000, 0.8660254037844387076, 1.000000000000000000, 0.8660254037844387076, 1.000000000000000000, 0.8660254037844387076, 1.000000000000000000, 0.8660254037844387076, 1.000000000000000000, 0.8660254037844387076, 1.000000000000000000, 0.8660254037844387076, 1.000000000000000000, 0.8660254037844387076, 1.000000000000000000, 0.8660254037844387076, 1.000000000000000000, 0.8660254037844387076, 1.000000000000000000, 0.8660254037844387076, 1.000000000000000000, 0.8660254037844387076, 1.000000000000000000, 0.8660254037844387076, 1.000000000000000000, 0.8660254037844387076, 1.000000000000000000 ) ) 
 REPRESENTATION_ITEM ( '' )  );
#3618 = CARTESIAN_POINT ( 'NONE',  ( -1.031333925354933623, -0.5845121358840340564, 3.176519237886481939 ) ) ;
#3619 = CARTESIAN_POINT ( 'NONE',  ( 0.6785254037844492547, -1.175240473580869249, -6.218333333333330160 ) ) ;
#3620 = ORIENTED_EDGE ( 'NONE', *, *, #6018, .F. ) ;
#3621 = CARTESIAN_POINT ( 'NONE',  ( 0.8660254037844564712, 1.499999999999988454, -4.801666666666665861 ) ) ;
#3622 = CARTESIAN_POINT ( 'NONE',  ( 1.357050807568899176, -1.480913286794664119E-14, -6.134999999999995346 ) ) ;
#3623 = VERTEX_POINT ( 'NONE', #162 ) ;
#3624 = CARTESIAN_POINT ( 'NONE',  ( -1.175260624440226165, 0.1045235934800926442, 4.596799999999999997 ) ) ;
#3625 = CARTESIAN_POINT ( 'NONE',  ( 0.6785254037844499209, -1.175240473580869027, -2.218333333333330604 ) ) ;
#3626 = CARTESIAN_POINT ( 'NONE',  ( 0.8660254037844532515, -1.500000000000022649, -3.905833333333328827 ) ) ;
#3627 = CARTESIAN_POINT ( 'NONE',  ( -0.1959930849398415498, -1.250564887371536704, 5.336847168515004292 ) ) ;
#3628 = CARTESIAN_POINT ( 'NONE',  ( -0.8660254037844439257, -1.500000000000039524, -0.9891666666666623087 ) ) ;
#3629 = CARTESIAN_POINT ( 'NONE',  ( 1.357050807568899176, -1.512294861022815158E-14, -3.572499999999996678 ) ) ;
#3630 = ORIENTED_EDGE ( 'NONE', *, *, #474, .F. ) ;
#3631 = CARTESIAN_POINT ( 'NONE',  ( 1.017788105676674659, -0.5876202367904425072, 0.3858333333333359150 ) ) ;
#3632 = DIRECTION ( 'NONE',  ( 0.000000000000000000, 1.000000000000000000, 3.037663906240472658E-16 ) ) ;
#3633 = CARTESIAN_POINT ( 'NONE',  ( -1.747675807568897399, -1.537744552317595622E-14, -2.080312499999996234 ) ) ;
#3634 = CARTESIAN_POINT ( 'NONE',  ( -0.8738379037844486996, 1.513531646934134667, -5.163645833333329271 ) ) ;
#3635 = ORIENTED_EDGE ( 'NONE', *, *, #366, .F. ) ;
#3636 = CARTESIAN_POINT ( 'NONE',  ( 1.277175285964140761, -0.2263352662769085311, 5.583964404704460982 ) ) ;
#3637 = LINE ( 'NONE', #1802, #5481 ) ;
#3638 = ADVANCED_FACE ( 'NONE', ( #2573 ), #4813, .T. ) ;
#3639 = CARTESIAN_POINT ( 'NONE',  ( 1.017788105676674215, 0.5876202367904117541, 1.906666666666669396 ) ) ;
#3640 = CARTESIAN_POINT ( 'NONE',  ( 0.000000000000000000, 1.500000000000001776, -2.697499999999994902 ) ) ;
#3641 = CARTESIAN_POINT ( 'NONE',  ( 0.000000000000000000, -3.168163357082304046E-16, 6.259999999999999787 ) ) ;
#3642 = ORIENTED_EDGE ( 'NONE', *, *, #5563, .F. ) ;
#3643 = CARTESIAN_POINT ( 'NONE',  ( -2.878508968398426089E-16, 1.175240473580839495, -2.447499999999997122 ) ) ;
#3644 = CARTESIAN_POINT ( 'NONE',  ( 1.357050807568899176, -1.511529456773347906E-14, -3.634999999999996678 ) ) ;
#3645 = EDGE_CURVE ( 'NONE', #4313, #5622, #4089, .T. ) ;
#3646 = CARTESIAN_POINT ( 'NONE',  ( 1.224754523996947508, -0.1653532637831590379, 5.087305850523757833 ) ) ;
#3647 = DIRECTION ( 'NONE',  ( -0.000000000000000000, -1.224646799147353207E-16, 1.000000000000000000 ) ) ;
#3648 = CARTESIAN_POINT ( 'NONE',  ( -0.2972229608625700514, 0.9609583210510952433, 6.161298346890663247 ) ) ;
#3649 = ORIENTED_EDGE ( 'NONE', *, *, #165, .T. ) ;
#3650 = CARTESIAN_POINT ( 'NONE',  ( -1.299038105676672439, -0.7500000000000228706, -4.030833333333329271 ) ) ;
#3651 = EDGE_CURVE ( 'NONE', #6006, #4166, #184, .T. ) ;
#3652 = CARTESIAN_POINT ( 'NONE',  ( -0.6785254037844500319, -1.175240473580869471, -1.239166666666663419 ) ) ;
#3653 = ORIENTED_EDGE ( 'NONE', *, *, #1744, .F. ) ;
#3654 = FACE_OUTER_BOUND ( 'NONE', #4800, .T. ) ;
#3655 = CARTESIAN_POINT ( 'NONE',  ( -1.017788105676673993, -0.5876202367904429513, -0.8433333333333304926 ) ) ;
#3656 = AXIS2_PLACEMENT_3D ( 'NONE', #88, #5838, #5329 ) ;
#3657 = CARTESIAN_POINT ( 'NONE',  ( 0.000000000000000000, 1.500000000000001998, -4.759999999999998899 ) ) ;
#3658 = CARTESIAN_POINT ( 'NONE',  ( -3.673940397442100790E-16, 1.500000000000001110, 2.802500000000004210 ) ) ;
#3659 = CARTESIAN_POINT ( 'NONE',  ( -1.836970198721050395E-16, -1.500000000000031752, -3.009999999999998455 ) ) ;
#3660 = ADVANCED_FACE ( 'NONE', ( #703 ), #4880, .T. ) ;
#3661 = CARTESIAN_POINT ( 'NONE',  ( 1.357050807568899176, -1.506171627027078085E-14, -4.072499999999996234 ) ) ;
#3662 = ORIENTED_EDGE ( 'NONE', *, *, #3073, .T. ) ;
#3663 = CARTESIAN_POINT ( 'NONE',  ( -0.6785254037844502539, 1.175240473580838829, -0.4058333333333303261 ) ) ;
#3664 = CARTESIAN_POINT ( 'NONE',  ( -1.017788105676675103, 0.5876202367904113100, -2.364166666666663641 ) ) ;
#3665 = CARTESIAN_POINT ( 'NONE',  ( 0.6785254037844493658, 1.175240473580838829, 3.448333333333336359 ) ) ;
#3666 = CARTESIAN_POINT ( 'NONE',  ( -1.310756855676673327, -0.7567658234670890938, -5.538645833333329271 ) ) ;
#3667 = ORIENTED_EDGE ( 'NONE', *, *, #1839, .F. ) ;
#3668 = CARTESIAN_POINT ( 'NONE',  ( 1.250564887371534928, -0.1959930849398461294, 5.336847168515000739 ) ) ;
#3669 = CARTESIAN_POINT ( 'NONE',  ( -0.2870500636019425733, 1.328023899308129474, 6.078446747423950747 ) ) ;
#3670 = PRODUCT_DEFINITION ( 'UNKNOWN', '', #1384, #4906 ) ;
#3671 = LINE ( 'NONE', #4051, #4299 ) ;
#3672 = CARTESIAN_POINT ( 'NONE',  ( 0.000000000000000000, 1.500000000000001998, -4.197499999999995346 ) ) ;
#3673 = CARTESIAN_POINT ( 'NONE',  ( 1.328023899308124811, -0.2870500636019608365, 6.078446747423949859 ) ) ;
#3674 = ORIENTED_EDGE ( 'NONE', *, *, #3345, .F. ) ;
#3675 = CARTESIAN_POINT ( 'NONE',  ( -1.017788105676674215, -0.5876202367904430623, -0.7808333333333308257 ) ) ;
#3676 = CARTESIAN_POINT ( 'NONE',  ( -0.6785254037844500319, -1.175240473580869471, -1.801666666666663197 ) ) ;
#3677 = CARTESIAN_POINT ( 'NONE',  ( -0.07903802380660135407, -1.199154756355604423, 4.596799999999999997 ) ) ;
#3678 = CARTESIAN_POINT ( 'NONE',  ( -1.836970198721050395E-16, -1.500000000000031752, -2.447499999999996234 ) ) ;
#3679 = CARTESIAN_POINT ( 'NONE',  ( 0.000000000000000000, 1.500000000000001776, -2.759999999999997566 ) ) ;
#3680 = ORIENTED_EDGE ( 'NONE', *, *, #2494, .F. ) ;
#3681 = CARTESIAN_POINT ( 'NONE',  ( -3.707083373652255957E-16, 1.513531646934134445, -1.752187499999997566 ) ) ;
#3682 = CARTESIAN_POINT ( 'NONE',  ( -1.357050807568899176, -1.456859979232877671E-14, -5.384999999999996234 ) ) ;
#3683 = VERTEX_POINT ( 'NONE', #3248 ) ;
#3684 = CARTESIAN_POINT ( 'NONE',  ( -1.199154756355602869, 0.07903802380661341387, 4.596799999999999997 ) ) ;
#3685 = CARTESIAN_POINT ( 'NONE',  ( -0.6785254037844491437, -1.175240473580869471, -0.3016666666666638630 ) ) ;
#3686 = EDGE_CURVE ( 'NONE', #3931, #1318, #2311, .T. ) ;
#3687 = AXIS2_PLACEMENT_3D ( 'NONE', #2478, #4472, #2916 ) ;
#3688 = FACE_OUTER_BOUND ( 'NONE', #1180, .T. ) ;
#3689 = CARTESIAN_POINT ( 'NONE',  ( 1.836970198721050642E-16, -1.500000000000032863, 1.990000000000001323 ) ) ;
#3690 = CARTESIAN_POINT ( 'NONE',  ( -0.5999499301644041216, -1.044810223922362891, 3.187567838020760380 ) ) ;
#3691 = CARTESIAN_POINT ( 'NONE',  ( -1.017788105676674437, 0.5876202367904126422, -4.864166666666663197 ) ) ;
#3692 =( BOUNDED_CURVE ( )  B_SPLINE_CURVE ( 2, ( #4426, #3532, #2522, #4455, #649, #3972, #2588, #1572, #3502, #2554, #5487, #4523, #4487, #3663, #2145, #5550, #271, #4198, #2208, #300, #3724, #1702, #4588, #5642, #2236, #3183, #5610, #2267, #5196, #237, #4683, #1254, #3631, #3121, #3216, #716, #5673, #6082, #841, #1187, #4652, #5164, #2649, #3598, #1221, #1761, #2174, #5133, #330, #4167, #4103, #6052, #1730, #3154, #780, #4072, #810, #2710, #2678, #5581, #744, #4137, #6113, #3695, #3245, #6017, #1289, #5102, #4554, #206, #4623, #2741, #6146, #1668, #1796, #1319, #5069, #2862, #2894, #6238, #4291, #2426, #3311, #4353, #875, #5259, #1827, #3338, #2804, #933, #1859, #3785, #362, #3818, #3365, #5317, #5735, #1382, #2396, #2362, #4232 ),
 .UNSPECIFIED., .F., .F. ) 
 B_SPLINE_CURVE_WITH_KNOTS ( ( 3, 2, 2, 2, 2, 2, 2, 2, 2, 2, 2, 2, 2, 2, 2, 2, 2, 2, 2, 2, 2, 2, 2, 2, 2, 2, 2, 2, 2, 2, 2, 2, 2, 2, 2, 2, 2, 2, 2, 2, 2, 2, 2, 2, 2, 2, 2, 2, 2, 2, 3 ),
 ( 0.2500000000000000000, 0.2638888888888888951, 0.2777777777777777901, 0.2916666666666666852, 0.3055555555555555802, 0.3194444444444444198, 0.3333333333333333148, 0.3472222222222222099, 0.3611111111111111049, 0.3750000000000000000, 0.3888888888888888951, 0.4027777777777777901, 0.4166666666666666852, 0.4305555555555555802, 0.4444444444444444198, 0.4583333333333333703, 0.4722222222222222099, 0.4861111111111111049, 0.5000000000000000000, 0.5138888888888888395, 0.5277777777777777901, 0.5416666666666666297, 0.5555555555555555802, 0.5694444444444444198, 0.5833333333333333703, 0.5972222222222222099, 0.6111111111111111605, 0.6250000000000000000, 0.6388888888888888395, 0.6527777777777777901, 0.6666666666666667407, 0.6805555555555555802, 0.6944444444444444198, 0.7083333333333332593, 0.7222222222222222099, 0.7361111111111111605, 0.7500000000000000000, 0.7638888888888888395, 0.7777777777777777901, 0.7916666666666666297, 0.8055555555555555802, 0.8194444444444444198, 0.8333333333333333703, 0.8472222222222222099, 0.8611111111111111605, 0.8750000000000000000, 0.8888888888888888395, 0.9027777777777777901, 0.9166666666666666297, 0.9305555555555555802, 0.9373474841335593943 ),
 .UNSPECIFIED. ) 
 CURVE ( )  GEOMETRIC_REPRESENTATION_ITEM ( )  RATIONAL_B_SPLINE_CURVE ( ( 1.000000000000000000, 0.8660254037844387076, 1.000000000000000000, 0.8660254037844387076, 1.000000000000000000, 0.8660254037844387076, 1.000000000000000000, 0.8660254037844387076, 1.000000000000000000, 0.8660254037844387076, 1.000000000000000000, 0.8660254037844387076, 1.000000000000000000, 0.8660254037844387076, 1.000000000000000000, 0.8660254037844387076, 1.000000000000000000, 0.8660254037844387076, 1.000000000000000000, 0.8660254037844387076, 1.000000000000000000, 0.8660254037844387076, 1.000000000000000000, 0.8660254037844387076, 1.000000000000000000, 0.8660254037844387076, 1.000000000000000000, 0.8660254037844387076, 1.000000000000000000, 0.8660254037844387076, 1.000000000000000000, 0.8660254037844387076, 1.000000000000000000, 0.8660254037844387076, 1.000000000000000000, 0.8660254037844387076, 1.000000000000000000, 0.8660254037844387076, 1.000000000000000000, 0.8660254037844387076, 1.000000000000000000, 0.8660254037844387076, 1.000000000000000000, 0.8660254037844387076, 1.000000000000000000, 0.8660254037844387076, 1.000000000000000000, 0.8660254037844387076, 1.000000000000000000, 0.8660254037844387076, 1.000000000000000000, 0.8660254037844387076, 1.000000000000000000, 0.8660254037844387076, 1.000000000000000000, 0.8660254037844387076, 1.000000000000000000, 0.8660254037844387076, 1.000000000000000000, 0.8660254037844387076, 1.000000000000000000, 0.8660254037844387076, 1.000000000000000000, 0.8660254037844387076, 1.000000000000000000, 0.8660254037844387076, 1.000000000000000000, 0.8660254037844387076, 1.000000000000000000, 0.8660254037844387076, 1.000000000000000000, 0.8660254037844387076, 1.000000000000000000, 0.8660254037844387076, 1.000000000000000000, 0.8660254037844387076, 1.000000000000000000, 0.8660254037844387076, 1.000000000000000000, 0.8660254037844387076, 1.000000000000000000, 0.8660254037844387076, 1.000000000000000000, 0.8660254037844387076, 1.000000000000000000, 0.8660254037844387076, 1.000000000000000000, 0.8660254037844387076, 1.000000000000000000, 0.8660254037844387076, 1.000000000000000000, 0.8660254037844387076, 1.000000000000000000, 0.8660254037844387076, 1.000000000000000000, 0.8660254037844387076, 1.000000000000000000, 0.8660254037844387076, 1.000000000000000000, 0.9344838960090642299, 0.9330450126763616403 ) ) 
 REPRESENTATION_ITEM ( '' )  );
#3693 = AXIS2_PLACEMENT_3D ( 'NONE', #4832, #6166, #5251 ) ;
#3694 = ORIENTED_EDGE ( 'NONE', *, *, #4475, .T. ) ;
#3695 = CARTESIAN_POINT ( 'NONE',  ( -1.357050807568899176, -1.576588817978051111E-14, 1.677500000000002656 ) ) ;
#3696 = CARTESIAN_POINT ( 'NONE',  ( 0.000000000000000000, -9.825582188149883933E-17, 4.470623874064160397 ) ) ;
#3697 = ADVANCED_FACE ( 'NONE', ( #1862 ), #5887, .T. ) ;
#3698 = CARTESIAN_POINT ( 'NONE',  ( -3.707083373652255464E-16, 1.513531646934134223, 0.2946875000000037104 ) ) ;
#3699 = CARTESIAN_POINT ( 'NONE',  ( 1.310756855676673771, 0.7567658234670587847, -4.288645833333329271 ) ) ;
#3700 = EDGE_LOOP ( 'NONE', ( #2788, #2528, #4040, #1742 ) ) ;
#3701 = CARTESIAN_POINT ( 'NONE',  ( 1.196584255563241328, 0.1354023959674278410, 4.843375607214006173 ) ) ;
#3702 = CARTESIAN_POINT ( 'NONE',  ( 1.350405284247267135, -0.2767528330603903908, 6.073023638259373413 ) ) ;
#3703 = VECTOR ( 'NONE', #3560, 1000.000000000000000 ) ;
#3704 = CARTESIAN_POINT ( 'NONE',  ( -1.310756855676673105, 0.7567658234670602280, -4.668854166666664085 ) ) ;
#3705 = CARTESIAN_POINT ( 'NONE',  ( 0.8660254037844564712, 1.499999999999988232, -1.801666666666665861 ) ) ;
#3706 = DIRECTION ( 'NONE',  ( 0.1218693434051478647, 0.000000000000000000, -0.9925461516413220942 ) ) ;
#3707 = AXIS2_PLACEMENT_3D ( 'NONE', #4860, #603, #3960 ) ;
#3708 = ORIENTED_EDGE ( 'NONE', *, *, #482, .F. ) ;
#3709 = CARTESIAN_POINT ( 'NONE',  ( 0.6785254037844494768, 1.175240473580839273, -1.989166666666663863 ) ) ;
#3710 = CARTESIAN_POINT ( 'NONE',  ( -1.732050807568896511, -1.580415839225386111E-14, 1.427500000000003766 ) ) ;
#3711 = FACE_OUTER_BOUND ( 'NONE', #563, .T. ) ;
#3712 = CARTESIAN_POINT ( 'NONE',  ( -1.836970198721050395E-16, -1.500000000000031308, -5.509999999999997122 ) ) ;
#3713 = VERTEX_POINT ( 'NONE', #2992 ) ;
#3714 = CARTESIAN_POINT ( 'NONE',  ( 0.8738379037844493658, -1.513531646934164421, -1.460520833333331714 ) ) ;
#3715 = CARTESIAN_POINT ( 'NONE',  ( 1.017788105676674215, -0.5876202367904427293, -4.176666666666663197 ) ) ;
#3716 = ORIENTED_EDGE ( 'NONE', *, *, #3736, .T. ) ;
#3717 = LINE ( 'NONE', #2292, #959 ) ;
#3718 = CARTESIAN_POINT ( 'NONE',  ( -1.017788105676674881, 0.5876202367904109769, 0.07333333333333627579 ) ) ;
#3719 = DIRECTION ( 'NONE',  ( 2.449293598294706907E-16, -1.000000000000000000, 0.000000000000000000 ) ) ;
#3720 = CARTESIAN_POINT ( 'NONE',  ( 0.2847406313326166227, 1.338739425595979471, 6.075716793780183700 ) ) ;
#3721 = CARTESIAN_POINT ( 'NONE',  ( 1.836970198721050642E-16, -1.500000000000032863, 2.490000000000001545 ) ) ;
#3722 = CARTESIAN_POINT ( 'NONE',  ( 0.000000000000000000, 1.175240473580839939, -4.447499999999996234 ) ) ;
#3723 = ORIENTED_EDGE ( 'NONE', *, *, #5047, .F. ) ;
#3724 = CARTESIAN_POINT ( 'NONE',  ( 1.017788105676674659, -0.5876202367904423962, -0.1141666666666638907 ) ) ;
#3725 = CARTESIAN_POINT ( 'NONE',  ( 1.357050807568899176, -1.497426404454633215E-14, -2.072499999999997122 ) ) ;
#3726 = CARTESIAN_POINT ( 'NONE',  ( 1.853541686826127732E-16, -1.513531646934164421, -0.4553124999999962896 ) ) ;
#3727 = CARTESIAN_POINT ( 'NONE',  ( 1.310756855676673771, 0.7567658234670584516, -1.788645833333329493 ) ) ;
#3728 = CARTESIAN_POINT ( 'NONE',  ( 1.168159110932235789, 0.1051267183062889049, 4.596799999999999997 ) ) ;
#3729 = ADVANCED_FACE ( 'NONE', ( #1569 ), #2929, .T. ) ;
#3730 = DIRECTION ( 'NONE',  ( -0.000000000000000000, -1.224646799147353207E-16, 1.000000000000000000 ) ) ;
#3731 = CARTESIAN_POINT ( 'NONE',  ( -1.853541686826127979E-16, -1.513531646934164199, -4.502187499999997122 ) ) ;
#3732 = DIRECTION ( 'NONE',  ( -1.195896129535480906E-16, -0.9925461516413219831, 0.1218693434051477398 ) ) ;
#3733 = CARTESIAN_POINT ( 'NONE',  ( 0.6785254037844493658, 1.175240473580839273, -1.551666666666663641 ) ) ;
#3734 = ORIENTED_EDGE ( 'NONE', *, *, #4149, .F. ) ;
#3735 = CARTESIAN_POINT ( 'NONE',  ( -0.6785254037844492547, -1.175240473580869915, -1.239166666666664085 ) ) ;
#3736 = EDGE_CURVE ( 'NONE', #5793, #952, #5538, .T. ) ;
#3737 = CARTESIAN_POINT ( 'NONE',  ( 0.6785254037844492547, -1.175240473580869915, -1.218333333333330160 ) ) ;
#3738 = CARTESIAN_POINT ( 'NONE',  ( 0.1051267183062885857, 1.168159110932235789, 4.596799999999999997 ) ) ;
#3739 = CARTESIAN_POINT ( 'NONE',  ( 0.8660254037844496988, -1.500000000000028866, -4.468333333333330160 ) ) ;
#3740 = CARTESIAN_POINT ( 'NONE',  ( 1.017788105676674215, -0.5876202367904429513, -1.614166666666662975 ) ) ;
#3741 = ORIENTED_EDGE ( 'NONE', *, *, #5091, .T. ) ;
#3742 = CARTESIAN_POINT ( 'NONE',  ( -1.747675807568897621, -1.549416967121968698E-14, -1.127187499999998010 ) ) ;
#3743 = CARTESIAN_POINT ( 'NONE',  ( -1.017788105676674437, 0.5876202367904125312, -3.926666666666663197 ) ) ;
#3744 = VERTEX_POINT ( 'NONE', #138 ) ;
#3745 = DIRECTION ( 'NONE',  ( -0.02423420014170640097, -0.1218335514324818403, -0.9922546494165902509 ) ) ;
#3746 = CARTESIAN_POINT ( 'NONE',  ( 1.017788105676674215, 0.5876202367904117541, 1.406666666666669396 ) ) ;
#3747 = CARTESIAN_POINT ( 'NONE',  ( 1.358185157725199987, 0.2607495332532582255, 6.071772086592591045 ) ) ;
#3748 = PLANE ( 'NONE',  #5429 ) ;
#3749 = CARTESIAN_POINT ( 'NONE',  ( -0.1374465032025721511, 1.255999185100855398, 5.087305564860090001 ) ) ;
#3750 = CARTESIAN_POINT ( 'NONE',  ( 1.354581615333148692, 0.2878278588507764968, 6.084781381380379273 ) ) ;
#3751 = CARTESIAN_POINT ( 'NONE',  ( 1.017788105676674215, -0.5876202367904428403, -3.114166666666663641 ) ) ;
#3752 = ORIENTED_EDGE ( 'NONE', *, *, #2615, .F. ) ;
#3753 = DIRECTION ( 'NONE',  ( 0.1218335514324818403, 0.02423420014170665424, -0.9922546494165902509 ) ) ;
#3754 = CARTESIAN_POINT ( 'NONE',  ( 1.307982460370770150, -0.1994084644922175797, 5.581734682221250132 ) ) ;
#3755 = CARTESIAN_POINT ( 'NONE',  ( 1.310756855676673105, -0.7567658234670898709, 1.128020833333336803 ) ) ;
#3756 = CARTESIAN_POINT ( 'NONE',  ( 1.310756855676673771, 0.7567658234670586737, -2.788645833333329715 ) ) ;
#3757 = CARTESIAN_POINT ( 'NONE',  ( 1.250564887371533374, 0.1959930849398413000, 5.336847168515000739 ) ) ;
#3758 = ADVANCED_FACE ( 'NONE', ( #3938 ), #4514, .F. ) ;
#3759 = CARTESIAN_POINT ( 'NONE',  ( -0.3605145027937197155, 0.3207632393750046162, 4.596799999999999997 ) ) ;
#3760 = CARTESIAN_POINT ( 'NONE',  ( -1.310756855676673327, -0.7567658234670890938, -5.585520833333330160 ) ) ;
#3761 = DIRECTION ( 'NONE',  ( -0.000000000000000000, -1.224646799147353207E-16, 1.000000000000000000 ) ) ;
#3762 = CARTESIAN_POINT ( 'NONE',  ( 1.357050807568898954, -1.515030702192376550E-14, -0.6349999999999971223 ) ) ;
#3763 = EDGE_CURVE ( 'NONE', #1923, #1940, #1094, .T. ) ;
#3764 = CARTESIAN_POINT ( 'NONE',  ( -1.439254484199213045E-16, -1.175240473580869249, -5.259999999999996234 ) ) ;
#3765 = ORIENTED_EDGE ( 'NONE', *, *, #1874, .F. ) ;
#3766 = CARTESIAN_POINT ( 'NONE',  ( -2.878508968398426089E-16, 1.175240473580839273, 0.5525000000000030997 ) ) ;
#3767 = CARTESIAN_POINT ( 'NONE',  ( 0.000000000000000000, 1.500000000000001554, -1.259999999999997788 ) ) ;
#3768 = LINE ( 'NONE', #346, #2874 ) ;
#3769 = DIRECTION ( 'NONE',  ( -0.000000000000000000, -1.224646799147353207E-16, 1.000000000000000000 ) ) ;
#3770 = CARTESIAN_POINT ( 'NONE',  ( -0.8234078741651523758, -0.8385640366158095826, -6.260000000000000675 ) ) ;
#3771 = ADVANCED_FACE ( 'NONE', ( #4484 ), #155, .T. ) ;
#3772 = ORIENTED_EDGE ( 'NONE', *, *, #3995, .F. ) ;
#3773 = CARTESIAN_POINT ( 'NONE',  ( -1.747675807568897621, -1.537170499130494867E-14, -2.127187499999998010 ) ) ;
#3774 = ORIENTED_EDGE ( 'NONE', *, *, #3836, .F. ) ;
#3775 = DIRECTION ( 'NONE',  ( 0.000000000000000000, -1.000000000000000000, -1.224646799147353207E-16 ) ) ;
#3776 = CARTESIAN_POINT ( 'NONE',  ( 1.017788105676674437, -0.5876202367904425072, 1.323333333333336137 ) ) ;
#3777 = FACE_OUTER_BOUND ( 'NONE', #5874, .T. ) ;
#3778 = CARTESIAN_POINT ( 'NONE',  ( 0.5977552287293359523, -1.117127910120748746, 3.227756272337734877 ) ) ;
#3779 = CARTESIAN_POINT ( 'NONE',  ( -0.1036295812145196921, 1.196260664588788547, 4.584606796874560075 ) ) ;
#3780 =( BOUNDED_CURVE ( )  B_SPLINE_CURVE ( 2, ( #3721, #4747, #4229, #3242, #391, #2327, #5193 ),
 .UNSPECIFIED., .F., .F. ) 
 B_SPLINE_CURVE_WITH_KNOTS ( ( 3, 2, 2, 3 ),
 ( 0.7916666666666665186, 0.8055555555555554692, 0.8194444444444441977, 0.8333333333333331483 ),
 .UNSPECIFIED. ) 
 CURVE ( )  GEOMETRIC_REPRESENTATION_ITEM ( )  RATIONAL_B_SPLINE_CURVE ( ( 1.000000000000001110, 0.8660254037844375974, 1.000000000000000000, 0.8660254037844387076, 1.000000000000000000, 0.8660254037844408170, 0.9999999999999978906 ) ) 
 REPRESENTATION_ITEM ( '' )  );
#3781 = DIRECTION ( 'NONE',  ( -0.3826834323650921132, 0.9238795325112858503, -0.000000000000000000 ) ) ;
#3782 = CARTESIAN_POINT ( 'NONE',  ( 0.6785254037844492547, -1.175240473580869471, -2.155833333333329715 ) ) ;
#3783 = CC_DESIGN_PERSON_AND_ORGANIZATION_ASSIGNMENT ( #4361, #4592, ( #3201 ) ) ;
#3784 = VERTEX_POINT ( 'NONE', #5453 ) ;
#3785 = CARTESIAN_POINT ( 'NONE',  ( 0.6785254037844500319, -1.175240473580870137, 2.844166666666668952 ) ) ;
#3786 = CARTESIAN_POINT ( 'NONE',  ( -2.878508968398426089E-16, 1.175240473580839273, -0.9474999999999969003 ) ) ;
#3787 = CARTESIAN_POINT ( 'NONE',  ( -1.310756855676673771, 0.7567658234670582296, -0.1219791666666630303 ) ) ;
#3788 = CARTESIAN_POINT ( 'NONE',  ( -1.853541686826127979E-16, -1.513531646934164421, -2.955312499999996234 ) ) ;
#3789 = AXIS2_PLACEMENT_3D ( 'NONE', #4697, #1305, #4795 ) ;
#3790 = CARTESIAN_POINT ( 'NONE',  ( 0.2870500636019553964, 1.328023899308126587, 6.078446747423950747 ) ) ;
#3791 = CARTESIAN_POINT ( 'NONE',  ( -0.2740484422446717305, 1.352618380277818888, 6.072573324221510305 ) ) ;
#3792 = VECTOR ( 'NONE', #3161, 1000.000000000000000 ) ;
#3793 = CARTESIAN_POINT ( 'NONE',  ( 1.747675807568897621, -1.515739180145416532E-14, -3.877187499999997122 ) ) ;
#3794 = DIRECTION ( 'NONE',  ( -0.000000000000000000, -1.224646799147353207E-16, 1.000000000000000000 ) ) ;
#3795 = CARTESIAN_POINT ( 'NONE',  ( -1.357050807568898954, -1.557453711741373586E-14, 0.1150000000000026834 ) ) ;
#3796 = CARTESIAN_POINT ( 'NONE',  ( 1.017788105676675103, 0.5876202367904116430, -4.593333333333330160 ) ) ;
#3797 = ORIENTED_EDGE ( 'NONE', *, *, #3367, .T. ) ;
#3798 = CARTESIAN_POINT ( 'NONE',  ( 0.6785254037844500319, -1.175240473580869471, -1.655833333333330826 ) ) ;
#3799 = AXIS2_PLACEMENT_3D ( 'NONE', #3878, #3436, #5918 ) ;
#3800 = CARTESIAN_POINT ( 'NONE',  ( 0.000000000000000000, 1.175240473580839495, -1.509999999999996678 ) ) ;
#3801 = CARTESIAN_POINT ( 'NONE',  ( -1.357050807568898954, -1.545207243749900071E-14, -0.8849999999999971223 ) ) ;
#3802 = CARTESIAN_POINT ( 'NONE',  ( 1.017788105676675103, 0.5876202367904116430, -5.030833333333330160 ) ) ;
#3803 = AXIS2_PLACEMENT_3D ( 'NONE', #3270, #4319, #835 ) ;
#3804 = EDGE_LOOP ( 'NONE', ( #4938, #5258, #3143, #3030 ) ) ;
#3805 = CARTESIAN_POINT ( 'NONE',  ( 0.9609583210510930229, -0.2972229608625832076, 6.161298346890662359 ) ) ;
#3806 = EDGE_CURVE ( 'NONE', #1361, #3904, #539, .T. ) ;
#3807 = LOCAL_TIME ( 4, 42, 42.00000000000000000, #22 ) ;
#3808 = ORIENTED_EDGE ( 'NONE', *, *, #3456, .F. ) ;
#3809 = CARTESIAN_POINT ( 'NONE',  ( 1.836970198721050642E-16, -1.500000000000032863, 0.9900000000000013234 ) ) ;
#3810 = CARTESIAN_POINT ( 'NONE',  ( -1.357050807568898954, -1.588069881720057373E-14, 2.615000000000002434 ) ) ;
#3811 = CARTESIAN_POINT ( 'NONE',  ( 0.000000000000000000, -1.500000000000001110, 6.259999999999999787 ) ) ;
#3812 = CARTESIAN_POINT ( 'NONE',  ( 0.000000000000000000, 2.070106209874711453E-15, 4.596799999999999997 ) ) ;
#3813 = EDGE_LOOP ( 'NONE', ( #1413, #3471, #1729, #3357 ) ) ;
#3814 = CARTESIAN_POINT ( 'NONE',  ( -0.2626973412439565503, 1.359756979458585979, 6.087342579377972740 ) ) ;
#3815 = DIRECTION ( 'NONE',  ( -0.3826834323650920577, 0.9238795325112858503, 0.000000000000000000 ) ) ;
#3816 = EDGE_CURVE ( 'NONE', #501, #1280, #5024, .T. ) ;
#3817 = VERTEX_POINT ( 'NONE', #2018 ) ;
#3818 = CARTESIAN_POINT ( 'NONE',  ( 1.357050807568899176, -1.558658744412001105E-14, 2.927500000000002878 ) ) ;
#3819 = CARTESIAN_POINT ( 'NONE',  ( 1.357050807568899176, -1.528042574433317318E-14, 0.4275000000000028222 ) ) ;
#3820 =( BOUNDED_CURVE ( )  B_SPLINE_CURVE ( 2, ( #2603, #1655, #3582, #2663, #5532, #5055, #2632 ),
 .UNSPECIFIED., .F., .F. ) 
 B_SPLINE_CURVE_WITH_KNOTS ( ( 3, 2, 2, 3 ),
 ( 0.4545454545454544748, 0.4696969696969696684, 0.4848484848484848619, 0.5000000000000000000 ),
 .UNSPECIFIED. ) 
 CURVE ( )  GEOMETRIC_REPRESENTATION_ITEM ( )  RATIONAL_B_SPLINE_CURVE ( ( 1.000000000000000444, 0.8660254037844381525, 1.000000000000000000, 0.8660254037844387076, 1.000000000000000000, 0.8660254037844387076, 1.000000000000000000 ) ) 
 REPRESENTATION_ITEM ( '' )  );
#3821 = CARTESIAN_POINT ( 'NONE',  ( 0.8738379037844491437, -1.513531646934164421, 1.086354166666670507 ) ) ;
#3822 = CARTESIAN_POINT ( 'NONE',  ( -0.8738379037844486996, 1.513531646934134001, -1.663645833333329493 ) ) ;
#3823 = LINE ( 'NONE', #5739, #4784 ) ;
#3824 = CARTESIAN_POINT ( 'NONE',  ( 0.3037169132267213967, 0.9067387578785610636, 6.170957365736449596 ) ) ;
#3825 = CARTESIAN_POINT ( 'NONE',  ( 1.747675807568897621, -1.497369478158206260E-14, -5.377187499999998010 ) ) ;
#3826 = CARTESIAN_POINT ( 'NONE',  ( 1.017788105676674437, -0.5876202367904422852, -0.1766666666666637242 ) ) ;
#3827 = CARTESIAN_POINT ( 'NONE',  ( -0.6785254037844494768, 1.175240473580839717, -4.468333333333330160 ) ) ;
#3828 = CARTESIAN_POINT ( 'NONE',  ( -0.9067387578785608415, -0.3037169132267227845, 6.170957365736449596 ) ) ;
#3829 = CARTESIAN_POINT ( 'NONE',  ( 1.439254484199213045E-16, -1.175240473580870137, 1.802500000000002434 ) ) ;
#3830 = CYLINDRICAL_SURFACE ( 'NONE', #6125, 0.2109150000000001024 ) ;
#3831 = DIRECTION ( 'NONE',  ( -0.000000000000000000, -1.224646799147353207E-16, 1.000000000000000000 ) ) ;
#3832 = CARTESIAN_POINT ( 'NONE',  ( -0.1051267183062885857, 2.073267742852641606E-15, 4.596799999999999997 ) ) ;
#3833 = CARTESIAN_POINT ( 'NONE',  ( -0.6785254037844500319, -1.175240473580869471, -1.239166666666663419 ) ) ;
#3834 = ORIENTED_EDGE ( 'NONE', *, *, #4005, .T. ) ;
#3835 = CARTESIAN_POINT ( 'NONE',  ( -0.8738379037844496988, 1.513531646934133779, -0.7105208333333309367 ) ) ;
#3836 = EDGE_CURVE ( 'NONE', #5094, #4953, #4113, .T. ) ;
#3837 = ORIENTED_EDGE ( 'NONE', *, *, #4702, .F. ) ;
#3838 = CARTESIAN_POINT ( 'NONE',  ( -1.352618380277816446, -0.2740484422446864965, 6.072573324221510305 ) ) ;
#3839 = CARTESIAN_POINT ( 'NONE',  ( 0.6785254037844499209, -1.175240473580869471, 1.781666666666669618 ) ) ;
#3840 = CARTESIAN_POINT ( 'NONE',  ( 0.000000000000000000, -3.168163357082304046E-16, 6.259999999999999787 ) ) ;
#3841 = CARTESIAN_POINT ( 'NONE',  ( -0.1184053660935278779, -1.485613789036316801, -6.024037606922249211 ) ) ;
#3842 = ADVANCED_FACE ( 'NONE', ( #1034 ), #2461, .T. ) ;
#3843 = VERTEX_POINT ( 'NONE', #2492 ) ;
#3844 = FACE_OUTER_BOUND ( 'NONE', #1496, .T. ) ;
#3845 = ORIENTED_EDGE ( 'NONE', *, *, #663, .T. ) ;
#3846 = CARTESIAN_POINT ( 'NONE',  ( -3.543448836626869161E-16, 1.446722777168861329, 3.333259618943237967 ) ) ;
#3847 = CARTESIAN_POINT ( 'NONE',  ( 1.357050807568899176, -1.515796106441843803E-14, -0.5724999999999972333 ) ) ;
#3848 = CARTESIAN_POINT ( 'NONE',  ( 0.8738379037844491437, -1.513531646934164643, 2.586354166666669840 ) ) ;
#3849 = EDGE_CURVE ( 'NONE', #1869, #4032, #1241, .T. ) ;
#3850 = CARTESIAN_POINT ( 'NONE',  ( -1.464235148957092614, 0.1480192555110235730, -6.060127169311845030 ) ) ;
#3851 = CARTESIAN_POINT ( 'NONE',  ( -0.8681195217894801530, 0.1105063561783130727, 4.596799999999999997 ) ) ;
#3852 = LINE ( 'NONE', #5800, #1627 ) ;
#3853 =( BOUNDED_CURVE ( )  B_SPLINE_CURVE ( 2, ( #1110, #5850, #4858, #3041, #1465, #4988, #2540 ),
 .UNSPECIFIED., .F., .F. ) 
 B_SPLINE_CURVE_WITH_KNOTS ( ( 3, 2, 2, 3 ),
 ( 0.6666666666666666297, 0.6805555555555554692, 0.6944444444444443088, 0.7083333333333331483 ),
 .UNSPECIFIED. ) 
 CURVE ( )  GEOMETRIC_REPRESENTATION_ITEM ( )  RATIONAL_B_SPLINE_CURVE ( ( 1.000000000000001110, 0.8660254037844375974, 1.000000000000000000, 0.8660254037844387076, 1.000000000000000000, 0.8660254037844398178, 0.9999999999999988898 ) ) 
 REPRESENTATION_ITEM ( '' )  );
#3854 = CARTESIAN_POINT ( 'NONE',  ( -1.310756855676673327, -0.7567658234670894268, -2.585520833333330604 ) ) ;
#3855 = CARTESIAN_POINT ( 'NONE',  ( -1.017788105676674881, 0.5876202367904109769, 0.07333333333333627579 ) ) ;
#3856 = CARTESIAN_POINT ( 'NONE',  ( -1.017788105676674659, -0.5876202367904420631, -2.843333333333330160 ) ) ;
#3857 = CARTESIAN_POINT ( 'NONE',  ( -0.9333344501221030320, -0.2978604765686018174, 6.166490495653771831 ) ) ;
#3858 = CARTESIAN_POINT ( 'NONE',  ( 1.017788105676674437, 0.5876202367904117541, 2.469166666666669840 ) ) ;
#3859 = CARTESIAN_POINT ( 'NONE',  ( 1.017788105676675103, 0.5876202367904116430, -4.593333333333330160 ) ) ;
#3860 = CARTESIAN_POINT ( 'NONE',  ( 1.836970198721050395E-16, -1.500000000000032419, 3.052500000000003766 ) ) ;
#3861 = FACE_OUTER_BOUND ( 'NONE', #262, .T. ) ;
#3862 = DIRECTION ( 'NONE',  ( -3.007354389889113960E-17, -1.000000000000000000, 0.000000000000000000 ) ) ;
#3863 = CARTESIAN_POINT ( 'NONE',  ( -0.6785254037844500319, -1.175240473580869471, -1.739166666666662975 ) ) ;
#3864 = ORIENTED_EDGE ( 'NONE', *, *, #81, .F. ) ;
#3865 = CARTESIAN_POINT ( 'NONE',  ( 0.8738379037844486996, 1.513531646934134001, 0.2061458333333355264 ) ) ;
#3866 = VERTEX_POINT ( 'NONE', #5001 ) ;
#3867 = DIRECTION ( 'NONE',  ( 0.9925461516413217611, 0.000000000000000000, -0.1218693434051494606 ) ) ;
#3868 = CARTESIAN_POINT ( 'NONE',  ( 1.017788105676674215, 0.5876202367904118651, 0.9066666666666692853 ) ) ;
#3869 = CARTESIAN_POINT ( 'NONE',  ( -0.2814659200495069347, -1.345094300463017811, 6.074194860050707412 ) ) ;
#3870 = CARTESIAN_POINT ( 'NONE',  ( -0.8951647877168018574, -0.1051267183062900290, 4.596799999999999997 ) ) ;
#3871 = ORIENTED_EDGE ( 'NONE', *, *, #939, .F. ) ;
#3872 = CYLINDRICAL_SURFACE ( 'NONE', #3895, 1.544999999999999929 ) ;
#3873 = CARTESIAN_POINT ( 'NONE',  ( -1.017788105676674659, -0.5876202367904421742, -2.280833333333330160 ) ) ;
#3874 = EDGE_LOOP ( 'NONE', ( #1950, #3263, #5308, #3586 ) ) ;
#3875 = CARTESIAN_POINT ( 'NONE',  ( -0.1030321941882353792, 1.180013898932688488, 4.596799999999999997 ) ) ;
#3876 = CARTESIAN_POINT ( 'NONE',  ( 0.6785254037844494768, 1.175240473580839273, -1.489166666666663641 ) ) ;
#3877 = FACE_OUTER_BOUND ( 'NONE', #1041, .T. ) ;
#3878 = CARTESIAN_POINT ( 'NONE',  ( 0.000000000000000000, -3.168163357082304046E-16, 6.259999999999999787 ) ) ;
#3879 = CARTESIAN_POINT ( 'NONE',  ( 1.836970198721050395E-16, -1.500000000000032196, 0.5525000000000039879 ) ) ;
#3880 = CARTESIAN_POINT ( 'NONE',  ( 0.000000000000000000, -1.500000000000001110, 6.259999999999999787 ) ) ;
#3881 = EDGE_CURVE ( 'NONE', #4231, #3744, #1546, .T. ) ;
#3882 = CARTESIAN_POINT ( 'NONE',  ( 0.8738379037844482555, -1.513531646934165087, -1.960520833333330604 ) ) ;
#3883 = DIRECTION ( 'NONE',  ( 0.000000000000000000, 1.000000000000000000, 1.257092401578333565E-16 ) ) ;
#3884 = CARTESIAN_POINT ( 'NONE',  ( -1.357050807568898954, -1.569700179732847101E-14, 1.115000000000002656 ) ) ;
#3885 = CARTESIAN_POINT ( 'NONE',  ( 1.310756855676673771, 0.7567658234670590067, -5.788645833333329271 ) ) ;
#3886 = ORIENTED_EDGE ( 'NONE', *, *, #2798, .F. ) ;
#3887 = CARTESIAN_POINT ( 'NONE',  ( -0.6785254037844502539, 1.175240473580838607, 1.094166666666669396 ) ) ;
#3888 =( BOUNDED_CURVE ( )  B_SPLINE_CURVE ( 2, ( #213, #5462, #5995, #3605, #1645, #2090, #4013 ),
 .UNSPECIFIED., .F., .T. ) 
 B_SPLINE_CURVE_WITH_KNOTS ( ( 3, 2, 2, 3 ),
 ( 0.3181818181818180657, 0.3333333333333332593, 0.3484848484848483974, 0.3636363636363635909 ),
 .UNSPECIFIED. ) 
 CURVE ( )  GEOMETRIC_REPRESENTATION_ITEM ( )  RATIONAL_B_SPLINE_CURVE ( ( 1.000000000000001554, 0.8660254037844373753, 1.000000000000000000, 0.8660254037844387076, 1.000000000000000000, 0.8660254037844391517, 0.9999999999999995559 ) ) 
 REPRESENTATION_ITEM ( '' )  );
#3889 = CARTESIAN_POINT ( 'NONE',  ( 1.357050807568899176, -1.511529456773347906E-14, -3.634999999999996678 ) ) ;
#3890 = AXIS2_PLACEMENT_3D ( 'NONE', #5223, #4256, #6231 ) ;
#3891 = CARTESIAN_POINT ( 'NONE',  ( 1.198448955679934258, 0.08275259656694412824, 4.596799999999999997 ) ) ;
#3892 = CARTESIAN_POINT ( 'NONE',  ( -0.6785254037844491437, -1.175240473580869471, 0.1983333333333363868 ) ) ;
#3893 = CARTESIAN_POINT ( 'NONE',  ( -1.224754504716543346, -0.1653532432805763230, 5.087305683543650758 ) ) ;
#3894 = CARTESIAN_POINT ( 'NONE',  ( 1.357050807568899176, -1.512294861022815158E-14, -3.572499999999996678 ) ) ;
#3895 = AXIS2_PLACEMENT_3D ( 'NONE', #40, #544, #4837 ) ;
#3896 = ORIENTED_EDGE ( 'NONE', *, *, #1096, .T. ) ;
#3897 = CARTESIAN_POINT ( 'NONE',  ( 1.310756855676673327, -0.7567658234670898709, 1.081145833333335249 ) ) ;
#3898 = ORIENTED_EDGE ( 'NONE', *, *, #165, .F. ) ;
#3899 = CARTESIAN_POINT ( 'NONE',  ( -0.6785254037844494768, 1.175240473580839717, -4.968333333333330160 ) ) ;
#3900 = AXIS2_PLACEMENT_3D ( 'NONE', #4377, #1529, #5908 ) ;
#3901 = CARTESIAN_POINT ( 'NONE',  ( -1.017788105676673993, -0.5876202367904433954, 3.156666666666669396 ) ) ;
#3902 = CARTESIAN_POINT ( 'NONE',  ( -0.5671683580306314809, -0.4538728123416874149, 6.242448403943561708 ) ) ;
#3903 = CARTESIAN_POINT ( 'NONE',  ( 0.000000000000000000, 0.01061802973623758063, 4.470623874064160397 ) ) ;
#3904 = VERTEX_POINT ( 'NONE', #4099 ) ;
#3905 = CARTESIAN_POINT ( 'NONE',  ( -1.183090911502124420, -0.1013773601154172449, 4.596799999999999997 ) ) ;
#3906 = VECTOR ( 'NONE', #3794, 1000.000000000000000 ) ;
#3907 = CARTESIAN_POINT ( 'NONE',  ( -0.6785254037844494768, 1.175240473580839495, -2.405833333333330604 ) ) ;
#3908 = ORIENTED_EDGE ( 'NONE', *, *, #2758, .F. ) ;
#3909 = FACE_OUTER_BOUND ( 'NONE', #3310, .T. ) ;
#3910 = CARTESIAN_POINT ( 'NONE',  ( 1.357050807568899176, -1.564781978407737862E-14, 3.427500000000002434 ) ) ;
#3911 = CARTESIAN_POINT ( 'NONE',  ( -1.836970198721050395E-16, -1.500000000000031974, -1.509999999999998010 ) ) ;
#3912 = CARTESIAN_POINT ( 'NONE',  ( -1.299038105676672439, -0.7500000000000230926, -1.593333333333331492 ) ) ;
#3913 = CARTESIAN_POINT ( 'NONE',  ( -0.8951647877168010803, 0.1051267183062975091, 4.596799999999999997 ) ) ;
#3914 = CARTESIAN_POINT ( 'NONE',  ( -1.836970198721050395E-16, -1.500000000000031974, -1.947499999999995568 ) ) ;
#3915 = CARTESIAN_POINT ( 'NONE',  ( 1.310756855676673771, 0.7567658234670586737, -2.335520833333331048 ) ) ;
#3916 = CARTESIAN_POINT ( 'NONE',  ( 0.000000000000000000, 1.517883041479706208E-15, 1.085191030710668469 ) ) ;
#3917 = CARTESIAN_POINT ( 'NONE',  ( -2.878508968398425596E-16, 1.175240473580839051, 0.9900000000000029887 ) ) ;
#3918 = CARTESIAN_POINT ( 'NONE',  ( -1.017788105676674659, -0.5876202367904422852, -1.343333333333330160 ) ) ;
#3919 = ADVANCED_FACE ( 'NONE', ( #6048 ), #2583, .T. ) ;
#3920 = CARTESIAN_POINT ( 'NONE',  ( -0.6785254037844500319, -1.175240473580869249, -2.301666666666663641 ) ) ;
#3921 = CYLINDRICAL_SURFACE ( 'NONE', #5424, 1.500000000000000888 ) ;
#3922 = CARTESIAN_POINT ( 'NONE',  ( -1.017788105676673993, -0.5876202367904431734, 1.156666666666669618 ) ) ;
#3923 = CARTESIAN_POINT ( 'NONE',  ( 1.357050807568899176, -1.506171627027078401E-14, -4.072499999999996234 ) ) ;
#3924 = EDGE_CURVE ( 'NONE', #3453, #6173, #4037, .T. ) ;
#3925 = ORIENTED_EDGE ( 'NONE', *, *, #4748, .F. ) ;
#3926 = CARTESIAN_POINT ( 'NONE',  ( 1.853541686826127979E-16, -1.513531646934164865, -0.002187499999998067726 ) ) ;
#3927 = CARTESIAN_POINT ( 'NONE',  ( -1.357050807568899176, -1.462983213228614112E-14, -4.884999999999997122 ) ) ;
#3928 = CARTESIAN_POINT ( 'NONE',  ( 0.4125181635044960493, 0.2992226178155500960, 4.596799999999999997 ) ) ;
#3929 = CARTESIAN_POINT ( 'NONE',  ( -0.2443528623747554529, 0.5899199943498316667, 6.259999999999999787 ) ) ;
#3930 = CARTESIAN_POINT ( 'NONE',  ( 1.836970198721050642E-16, -1.500000000000032863, 1.490000000000001323 ) ) ;
#3931 = VERTEX_POINT ( 'NONE', #2113 ) ;
#3932 = CARTESIAN_POINT ( 'NONE',  ( 0.6402255351737610178, -1.080562694871962437, -6.259999999999999787 ) ) ;
#3933 = CARTESIAN_POINT ( 'NONE',  ( 0.6785254037844502539, 1.175240473580839051, -2.489166666666663641 ) ) ;
#3934 = ORIENTED_EDGE ( 'NONE', *, *, #1680, .F. ) ;
#3935 = CARTESIAN_POINT ( 'NONE',  ( -1.299038105676673105, 0.7499999999999920064, 1.823333333333335249 ) ) ;
#3936 = CARTESIAN_POINT ( 'NONE',  ( -2.878508968398426089E-16, 1.175240473580839051, 1.552500000000003100 ) ) ;
#3937 = CARTESIAN_POINT ( 'NONE',  ( 1.310756855676673105, -0.7567658234670899819, 2.128020833333336803 ) ) ;
#3938 = FACE_OUTER_BOUND ( 'NONE', #4704, .T. ) ;
#3939 = CARTESIAN_POINT ( 'NONE',  ( -1.357050807568899176, -1.451502149486607850E-14, -5.822499999999996234 ) ) ;
#3940 = CARTESIAN_POINT ( 'NONE',  ( 0.1374466758873830741, 1.255999343241878563, 5.087306936655884293 ) ) ;
#3941 = CARTESIAN_POINT ( 'NONE',  ( 0.8738379037844482555, -1.513531646934165087, -2.960520833333330604 ) ) ;
#3942 = APPROVAL_STATUS ( 'not_yet_approved' ) ;
#3943 = CARTESIAN_POINT ( 'NONE',  ( 1.439254484199212798E-16, -1.175240473580869693, 1.740000000000002878 ) ) ;
#3944 = CARTESIAN_POINT ( 'NONE',  ( -1.357050807568899176, -1.499722617203034657E-14, -1.884999999999996900 ) ) ;
#3945 = ORIENTED_EDGE ( 'NONE', *, *, #4149, .T. ) ;
#3946 = CARTESIAN_POINT ( 'NONE',  ( 0.3207632393750018407, 0.3605145027937224356, 4.596799999999999997 ) ) ;
#3947 = ADVANCED_FACE ( 'NONE', ( #1634 ), #2142, .T. ) ;
#3948 = CARTESIAN_POINT ( 'NONE',  ( 0.000000000000000000, 1.344386060257486859, -1.107656249999996678 ) ) ;
#3949 = CARTESIAN_POINT ( 'NONE',  ( 1.328023899308126810, 0.2870500636019557850, 6.078446747423950747 ) ) ;
#3950 = CARTESIAN_POINT ( 'NONE',  ( -1.017788105676674881, 0.5876202367904109769, -0.4266666666666637520 ) ) ;
#3951 = CARTESIAN_POINT ( 'NONE',  ( 1.836970198721050642E-16, -1.500000000000033085, 2.990000000000001545 ) ) ;
#3952 = VECTOR ( 'NONE', #334, 1000.000000000000000 ) ;
#3953 = CARTESIAN_POINT ( 'NONE',  ( 0.6785254037844492547, -1.175240473580869471, -4.155833333333330160 ) ) ;
#3954 = ORIENTED_EDGE ( 'NONE', *, *, #5514, .F. ) ;
#3955 = CARTESIAN_POINT ( 'NONE',  ( -1.310756855676672883, -0.7567658234670906481, 0.4144791666666684526 ) ) ;
#3956 = VECTOR ( 'NONE', #2430, 1000.000000000000227 ) ;
#3957 = CARTESIAN_POINT ( 'NONE',  ( -1.439254484199213045E-16, -1.175240473580869249, -4.759999999999997122 ) ) ;
#3958 = EDGE_CURVE ( 'NONE', #6237, #4405, #3179, .T. ) ;
#3959 = CARTESIAN_POINT ( 'NONE',  ( 0.000000000000000000, 1.500000000000001998, -4.697499999999995346 ) ) ;
#3960 = DIRECTION ( 'NONE',  ( 0.000000000000000000, -1.000000000000000000, 0.000000000000000000 ) ) ;
#3961 = SPHERICAL_SURFACE ( 'NONE', #759, 5.174808969289331095 ) ;
#3962 = ORIENTED_EDGE ( 'NONE', *, *, #5082, .T. ) ;
#3963 = CARTESIAN_POINT ( 'NONE',  ( 0.000000000000000000, -3.168163357082304046E-16, 6.259999999999999787 ) ) ;
#3964 = CARTESIAN_POINT ( 'NONE',  ( 1.017788105676674215, -0.5876202367904427293, -3.614166666666663641 ) ) ;
#3965 = VERTEX_POINT ( 'NONE', #233 ) ;
#3966 = CARTESIAN_POINT ( 'NONE',  ( 0.2861895683422946979, -1.335101964132485497, 6.076609608249429861 ) ) ;
#3967 = CARTESIAN_POINT ( 'NONE',  ( 1.017788105676674659, -0.5876202367904427293, 2.385833333333336359 ) ) ;
#3968 = CARTESIAN_POINT ( 'NONE',  ( 0.2607495332532969723, 1.358185157725192216, 6.071772086592591045 ) ) ;
#3969 = CARTESIAN_POINT ( 'NONE',  ( 0.000000000000000000, 2.070106209874711453E-15, 6.259999999999999787 ) ) ;
#3970 = CARTESIAN_POINT ( 'NONE',  ( -1.333432200134598622, 0.2300933100751100246, 5.826717118006234486 ) ) ;
#3971 = ORIENTED_EDGE ( 'NONE', *, *, #2720, .T. ) ;
#3972 = CARTESIAN_POINT ( 'NONE',  ( -0.6785254037844492547, -1.175240473580870137, -0.7391666666666639740 ) ) ;
#3973 = CARTESIAN_POINT ( 'NONE',  ( -1.310756855676673327, -0.7567658234670895379, -1.585520833333331048 ) ) ;
#3974 = CARTESIAN_POINT ( 'NONE',  ( 1.017788105676674215, 0.5876202367904117541, 1.906666666666669396 ) ) ;
#3975 = CARTESIAN_POINT ( 'NONE',  ( -1.747675807568897621, -1.445952968677971532E-14, -6.080312499999998010 ) ) ;
#3976 = ORIENTED_EDGE ( 'NONE', *, *, #4390, .T. ) ;
#3977 = CARTESIAN_POINT ( 'NONE',  ( -0.1636368741916333358, -1.251243312695211163, 5.073326979085607036 ) ) ;
#3978 =( BOUNDED_CURVE ( )  B_SPLINE_CURVE ( 2, ( #326, #1789, #868, #1345, #1822, #1755, #4677 ),
 .UNSPECIFIED., .F., .F. ) 
 B_SPLINE_CURVE_WITH_KNOTS ( ( 3, 2, 2, 3 ),
 ( 0.4090909090909089496, 0.4242424242424240877, 0.4393939393939393367, 0.4545454545454544748 ),
 .UNSPECIFIED. ) 
 CURVE ( )  GEOMETRIC_REPRESENTATION_ITEM ( )  RATIONAL_B_SPLINE_CURVE ( ( 1.000000000000000888, 0.8660254037844377084, 1.000000000000000000, 0.8660254037844387076, 1.000000000000000000, 0.8660254037844397068, 0.9999999999999990008 ) ) 
 REPRESENTATION_ITEM ( '' )  );
#3979 = CARTESIAN_POINT ( 'NONE',  ( 0.6785254037844502539, 1.175240473580838829, -2.051666666666663197 ) ) ;
#3980 = DIRECTION ( 'NONE',  ( 1.000000000000000000, 0.000000000000000000, -0.000000000000000000 ) ) ;
#3981 = EDGE_CURVE ( 'NONE', #4912, #4831, #5934, .T. ) ;
#3982 = CARTESIAN_POINT ( 'NONE',  ( -0.6785254037844491437, -1.175240473580869915, 1.198333333333336359 ) ) ;
#3983 = DIRECTION ( 'NONE',  ( 4.352074256530613638E-14, -1.000000000000000000, 0.000000000000000000 ) ) ;
#3984 = CARTESIAN_POINT ( 'NONE',  ( -1.017788105676674659, -0.5876202367904420631, -2.780833333333330160 ) ) ;
#3985 = ORIENTED_EDGE ( 'NONE', *, *, #5765, .F. ) ;
#3986 = CARTESIAN_POINT ( 'NONE',  ( -1.017788105676674215, -0.5876202367904429513, -2.280833333333331048 ) ) ;
#3987 = TOROIDAL_SURFACE ( 'NONE', #2676, -0.01061802973623767778, 3.010618029736235712 ) ;
#3988 = CARTESIAN_POINT ( 'NONE',  ( -1.357050807568899176, -1.456859979232877355E-14, -5.384999999999996234 ) ) ;
#3989 = CARTESIAN_POINT ( 'NONE',  ( 1.308948470170371303, -0.3376375714356159574, -6.255191961425253133 ) ) ;
#3990 = DIRECTION ( 'NONE',  ( -0.02423420014170526646, 0.1218335514324819652, 0.9922546494165902509 ) ) ;
#3991 = CIRCLE ( 'NONE', #5929, 3.010618029736235712 ) ;
#3992 = CARTESIAN_POINT ( 'NONE',  ( -0.8660254037844519193, -1.500000000000025535, 2.448333333333334139 ) ) ;
#3993 = VERTEX_POINT ( 'NONE', #3658 ) ;
#3994 = CARTESIAN_POINT ( 'NONE',  ( 1.732050807568896511, -1.546738052248833945E-14, -1.322499999999995790 ) ) ;
#3995 = EDGE_CURVE ( 'NONE', #1016, #4287, #5577, .T. ) ;
#3996 = CARTESIAN_POINT ( 'NONE',  ( -1.017788105676674437, 0.5876202367904126422, -4.364166666666664085 ) ) ;
#3997 = VECTOR ( 'NONE', #451, 1000.000000000000000 ) ;
#3998 = EDGE_LOOP ( 'NONE', ( #443, #2414, #480, #3208, #3864 ) ) ;
#3999 = CYLINDRICAL_SURFACE ( 'NONE', #6141, 1.500000000000000888 ) ;
#4000 = CARTESIAN_POINT ( 'NONE',  ( -1.357050807568899176, -1.582712051973787868E-14, 2.177500000000003322 ) ) ;
#4001 = CARTESIAN_POINT ( 'NONE',  ( 1.299038105676671995, -0.7500000000000238698, -3.864166666666661865 ) ) ;
#4002 = AXIS2_PLACEMENT_3D ( 'NONE', #2132, #3647, #4539 ) ;
#4003 = DIRECTION ( 'NONE',  ( 0.9925461516413219831, -0.000000000000000000, -0.1218693434051477398 ) ) ;
#4004 = CARTESIAN_POINT ( 'NONE',  ( -2.878508968398426089E-16, 1.175240473580839051, 1.052500000000003100 ) ) ;
#4005 = EDGE_CURVE ( 'NONE', #6117, #6112, #2885, .T. ) ;
#4006 = CARTESIAN_POINT ( 'NONE',  ( -1.307982460370782807, 0.1994084644922419214, 5.581734682221381583 ) ) ;
#4007 = ORIENTED_EDGE ( 'NONE', *, *, #5059, .T. ) ;
#4008 = CARTESIAN_POINT ( 'NONE',  ( -0.2300933100750512939, 1.333432200134577084, 5.826717118005976026 ) ) ;
#4009 = CARTESIAN_POINT ( 'NONE',  ( -0.6785254037844500319, -1.175240473580868805, -5.739166666666663197 ) ) ;
#4010 = CARTESIAN_POINT ( 'NONE',  ( 0.6785254037844499209, -1.175240473580869471, 2.281666666666669840 ) ) ;
#4011 = CARTESIAN_POINT ( 'NONE',  ( -0.8738379037844486996, 1.513531646934134889, -6.663645833333330160 ) ) ;
#4012 = ORIENTED_EDGE ( 'NONE', *, *, #5677, .T. ) ;
#4013 = CARTESIAN_POINT ( 'NONE',  ( 0.000000000000000000, 1.500000000000001776, -3.197499999999995346 ) ) ;
#4014 = CARTESIAN_POINT ( 'NONE',  ( 0.000000000000000000, 1.500000000000001776, -2.759999999999997566 ) ) ;
#4015 = ORIENTED_EDGE ( 'NONE', *, *, #4748, .T. ) ;
#4016 = CARTESIAN_POINT ( 'NONE',  ( 1.357050807568899176, -1.503549638450370288E-14, -1.572499999999997122 ) ) ;
#4017 = CARTESIAN_POINT ( 'NONE',  ( -1.310756855676673105, 0.7567658234670604500, -6.168854166666663197 ) ) ;
#4018 = CARTESIAN_POINT ( 'NONE',  ( 0.1994089464784627175, -1.307982860071111864, 5.581738530340459192 ) ) ;
#4019 = CARTESIAN_POINT ( 'NONE',  ( -1.357050807568899176, -1.482118319465291637E-14, -3.322499999999996678 ) ) ;
#4020 =( BOUNDED_CURVE ( )  B_SPLINE_CURVE ( 2, ( #476, #1491, #92, #1430, #3353, #568, #4402 ),
 .UNSPECIFIED., .F., .F. ) 
 B_SPLINE_CURVE_WITH_KNOTS ( ( 3, 2, 2, 3 ),
 ( 0.04545454545454542805, 0.06060606060606052448, 0.07575757575757573192, 0.09090909090909082835 ),
 .UNSPECIFIED. ) 
 CURVE ( )  GEOMETRIC_REPRESENTATION_ITEM ( )  RATIONAL_B_SPLINE_CURVE ( ( 0.9999999999999998890, 0.8660254037844388186, 1.000000000000000000, 0.8660254037844387076, 1.000000000000000000, 0.8660254037844397068, 0.9999999999999990008 ) ) 
 REPRESENTATION_ITEM ( '' )  );
#4021 = ORIENTED_EDGE ( 'NONE', *, *, #1486, .F. ) ;
#4022 = CARTESIAN_POINT ( 'NONE',  ( -0.8738379037844496988, 1.513531646934133557, 2.289479166666668952 ) ) ;
#4023 = CARTESIAN_POINT ( 'NONE',  ( 1.017788105676674215, -0.5876202367904427293, -3.676666666666663641 ) ) ;
#4024 = CARTESIAN_POINT ( 'NONE',  ( 0.2183814054604826527, 1.407188931659905773, -6.155075994938438377 ) ) ;
#4025 = CARTESIAN_POINT ( 'NONE',  ( -1.328023899308122813, 0.2870500636019687746, 6.078446747423950747 ) ) ;
#4026 = CARTESIAN_POINT ( 'NONE',  ( -0.1656924446729564349, 1.223990920715826602, 5.090068257192154277 ) ) ;
#4027 = ORIENTED_EDGE ( 'NONE', *, *, #1721, .T. ) ;
#4028 = LINE ( 'NONE', #675, #459 ) ;
#4029 = EDGE_CURVE ( 'NONE', #3389, #3965, #4519, .T. ) ;
#4030 = APPLICATION_CONTEXT ( 'configuration controlled 3d designs of mechanical parts and assemblies' ) ;
#4031 = CARTESIAN_POINT ( 'NONE',  ( -1.017788105676674659, -0.5876202367904417301, -5.843333333333330160 ) ) ;
#4032 = VERTEX_POINT ( 'NONE', #296 ) ;
#4033 = CARTESIAN_POINT ( 'NONE',  ( 0.2740484422446808899, -1.352618380277818444, 6.072573324221509417 ) ) ;
#4034 = CARTESIAN_POINT ( 'NONE',  ( -0.6785254037844492547, -1.175240473580870582, 3.260833333333335915 ) ) ;
#4035 = EDGE_CURVE ( 'NONE', #1818, #6009, #2457, .T. ) ;
#4036 = CARTESIAN_POINT ( 'NONE',  ( -1.732050807568896511, -1.463748617478081365E-14, -4.634999999999998899 ) ) ;
#4037 = LINE ( 'NONE', #4133, #3703 ) ;
#4038 = CARTESIAN_POINT ( 'NONE',  ( -1.357050807568899176, -1.564342349986577596E-14, 0.6775000000000025446 ) ) ;
#4039 = CARTESIAN_POINT ( 'NONE',  ( -0.6785254037844500319, -1.175240473580868805, -5.739166666666663197 ) ) ;
#4040 = ORIENTED_EDGE ( 'NONE', *, *, #2684, .T. ) ;
#4041 = DIRECTION ( 'NONE',  ( 0.000000000000000000, -1.000000000000000000, 0.000000000000000000 ) ) ;
#4042 = EDGE_CURVE ( 'NONE', #2666, #5766, #6247, .T. ) ;
#4043 = CARTESIAN_POINT ( 'NONE',  ( -0.6785254037844500319, -1.175240473580869027, -4.739166666666664085 ) ) ;
#4044 = CALENDAR_DATE ( 2026, 8, 1 ) ;
#4045 = CARTESIAN_POINT ( 'NONE',  ( -3.707083373652255464E-16, 1.513531646934134223, -1.205312499999996234 ) ) ;
#4046 = CARTESIAN_POINT ( 'NONE',  ( 0.8738379037844482555, -1.513531646934164865, -4.913645833333329271 ) ) ;
#4047 = ORIENTED_EDGE ( 'NONE', *, *, #2188, .F. ) ;
#4048 = CARTESIAN_POINT ( 'NONE',  ( -1.299038105676671995, -0.7500000000000243139, -0.5308333333333293824 ) ) ;
#4049 = B_SPLINE_CURVE_WITH_KNOTS ( 'NONE', 3,
 ( #3358, #1883, #956, #4705, #2883, #1312, #6196 ),
 .UNSPECIFIED., .F., .F.,
 ( 4, 3, 4 ),
 ( 0.000000000000000000, 0.0007511732205897631975, 0.001501319096047298461 ),
 .UNSPECIFIED. ) ;
#4050 = CARTESIAN_POINT ( 'NONE',  ( 0.3148034922636769872, -0.8811735338144263130, 6.174697866662547163 ) ) ;
#4051 = CARTESIAN_POINT ( 'NONE',  ( 0.1051267183062885857, 2.070106209874711453E-15, 4.596799999999999997 ) ) ;
#4052 = CARTESIAN_POINT ( 'NONE',  ( -1.836970198721050395E-16, -1.500000000000031752, -2.009999999999998455 ) ) ;
#4053 = CARTESIAN_POINT ( 'NONE',  ( 0.8660254037844512531, -1.500000000000025535, -3.405833333333328383 ) ) ;
#4054 = ORIENTED_EDGE ( 'NONE', *, *, #3103, .T. ) ;
#4055 = CARTESIAN_POINT ( 'NONE',  ( 0.8738379037844493658, -1.513531646934164865, 2.039479166666668508 ) ) ;
#4056 = VECTOR ( 'NONE', #3540, 1000.000000000000000 ) ;
#4057 = CARTESIAN_POINT ( 'NONE',  ( 0.6785254037844492547, -1.175240473580869471, -3.718333333333330160 ) ) ;
#4058 = DIRECTION ( 'NONE',  ( 0.000000000000000000, -1.000000000000000000, 0.000000000000000000 ) ) ;
#4059 = CARTESIAN_POINT ( 'NONE',  ( -1.836970198721050395E-16, -1.500000000000031308, -5.509999999999997122 ) ) ;
#4060 =( BOUNDED_CURVE ( )  B_SPLINE_CURVE ( 2, ( #1281, #5031, #4580, #263, #293, #3210, #1723 ),
 .UNSPECIFIED., .F., .F. ) 
 B_SPLINE_CURVE_WITH_KNOTS ( ( 3, 2, 2, 3 ),
 ( 0.1363636363636362148, 0.1515151515151514083, 0.1666666666666666297, 0.1818181818181818232 ),
 .UNSPECIFIED. ) 
 CURVE ( )  GEOMETRIC_REPRESENTATION_ITEM ( )  RATIONAL_B_SPLINE_CURVE ( ( 1.000000000000001110, 0.8660254037844373753, 1.000000000000000000, 0.8660254037844387076, 1.000000000000000000, 0.8660254037844381525, 1.000000000000000444 ) ) 
 REPRESENTATION_ITEM ( '' )  );
#4061 = CARTESIAN_POINT ( 'NONE',  ( -3.673940397442101283E-16, 1.500000000000001332, 2.240000000000001990 ) ) ;
#4062 = ORIENTED_EDGE ( 'NONE', *, *, #2917, .T. ) ;
#4063 = DIRECTION ( 'NONE',  ( -0.000000000000000000, -1.224646799147353207E-16, 1.000000000000000000 ) ) ;
#4064 = CARTESIAN_POINT ( 'NONE',  ( -1.017788105676674437, 0.5876202367904121981, -1.364166666666663641 ) ) ;
#4065 = ORIENTED_EDGE ( 'NONE', *, *, #1667, .T. ) ;
#4066 = DIRECTION ( 'NONE',  ( -0.000000000000000000, -1.224646799147353207E-16, 1.000000000000000000 ) ) ;
#4067 = CARTESIAN_POINT ( 'NONE',  ( 1.439254484199212798E-16, -1.175240473580869471, -0.2599999999999970113 ) ) ;
#4068 = DIRECTION ( 'NONE',  ( 3.480381056527772885E-15, 0.9925461516413219831, 0.1218693434051478647 ) ) ;
#4069 = DIRECTION ( 'NONE',  ( 0.1218693434051478647, 0.000000000000000000, 0.9925461516413220942 ) ) ;
#4070 = EDGE_CURVE ( 'NONE', #2568, #893, #1882, .T. ) ;
#4071 = ORIENTED_EDGE ( 'NONE', *, *, #792, .F. ) ;
#4072 = CARTESIAN_POINT ( 'NONE',  ( 0.6785254037844500319, -1.175240473580869915, 1.344166666666669396 ) ) ;
#4073 = CARTESIAN_POINT ( 'NONE',  ( 0.000000000000000000, 1.175240473580839939, -6.447499999999996234 ) ) ;
#4074 = CARTESIAN_POINT ( 'NONE',  ( 0.8738379037844483666, 1.513531646934134001, -1.746979166666662975 ) ) ;
#4075 = CARTESIAN_POINT ( 'NONE',  ( 1.310756855676672883, -0.7567658234670903150, -3.871979166666662753 ) ) ;
#4076 = ORIENTED_EDGE ( 'NONE', *, *, #3381, .T. ) ;
#4077 = CARTESIAN_POINT ( 'NONE',  ( -0.002856215466205477924, 0.001183083183163661026, 1.084811436673219998 ) ) ;
#4078 = EDGE_CURVE ( 'NONE', #4528, #32, #1781, .T. ) ;
#4079 = CARTESIAN_POINT ( 'NONE',  ( 0.2972229608625767683, -0.9609583210510946882, 6.161298346890663247 ) ) ;
#4080 = CARTESIAN_POINT ( 'NONE',  ( -0.8426359540445995666, -0.1210619955558890765, 4.596799999999999997 ) ) ;
#4081 = CARTESIAN_POINT ( 'NONE',  ( -0.1051267183062771227, 1.168159110932237121, 4.596799999999999997 ) ) ;
#4082 = CYLINDRICAL_SURFACE ( 'NONE', #2979, 1.500000000000000888 ) ;
#4083 = ORIENTED_EDGE ( 'NONE', *, *, #1247, .T. ) ;
#4084 = CARTESIAN_POINT ( 'NONE',  ( 0.8738379037844493658, -1.513531646934165087, 3.039479166666668064 ) ) ;
#4085 = CARTESIAN_POINT ( 'NONE',  ( 0.6785254037844502539, 1.175240473580839273, -2.551666666666664085 ) ) ;
#4086 = CARTESIAN_POINT ( 'NONE',  ( -0.1021956419559588852, -1.181919103194880583, 4.596799999999999997 ) ) ;
#4087 = CARTESIAN_POINT ( 'NONE',  ( -1.250564887371533596, 0.1959930849398540953, 5.336847168515005180 ) ) ;
#4088 = DIRECTION ( 'NONE',  ( -0.000000000000000000, -1.224646799147353207E-16, 1.000000000000000000 ) ) ;
#4089 = LINE ( 'NONE', #2103, #553 ) ;
#4090 = VECTOR ( 'NONE', #2035, 1000.000000000000000 ) ;
#4091 = EDGE_LOOP ( 'NONE', ( #3256, #3495, #2751 ) ) ;
#4092 = DIRECTION ( 'NONE',  ( 0.9925461516413217611, 0.000000000000000000, -0.1218693434051494606 ) ) ;
#4093 = CARTESIAN_POINT ( 'NONE',  ( -1.357050807568899176, -1.462983213228614112E-14, -4.884999999999997122 ) ) ;
#4094 = ORIENTED_EDGE ( 'NONE', *, *, #593, .T. ) ;
#4095 = CYLINDRICAL_SURFACE ( 'NONE', #4811, 1.500000000000000888 ) ;
#4096 = TOROIDAL_SURFACE ( 'NONE', #6130, 2.435050777396621235, 0.5488559999999996775 ) ;
#4097 = CARTESIAN_POINT ( 'NONE',  ( 0.6785254037844493658, 1.175240473580839051, -1.051666666666663863 ) ) ;
#4098 = DIRECTION ( 'NONE',  ( -0.1218335514324817154, 0.02423420014170761527, 0.9922546494165903619 ) ) ;
#4099 = CARTESIAN_POINT ( 'NONE',  ( 1.836970198721050642E-16, -1.500000000000032863, 1.490000000000001323 ) ) ;
#4100 = AXIS2_PLACEMENT_3D ( 'NONE', #2852, #2352, #4769 ) ;
#4101 = CARTESIAN_POINT ( 'NONE',  ( 0.6785254037844492547, -1.175240473580869471, -4.655833333333330160 ) ) ;
#4102 = ORIENTED_EDGE ( 'NONE', *, *, #366, .T. ) ;
#4103 = CARTESIAN_POINT ( 'NONE',  ( -1.017788105676675103, 0.5876202367904109769, 1.135833333333336137 ) ) ;
#4104 = DIRECTION ( 'NONE',  ( 0.000000000000000000, -1.000000000000000000, 0.000000000000000000 ) ) ;
#4105 = CARTESIAN_POINT ( 'NONE',  ( -0.6785254037844494768, 1.175240473580839717, -4.905833333333330160 ) ) ;
#4106 = CARTESIAN_POINT ( 'NONE',  ( -1.310756855676673771, 0.7567658234670583406, -1.621979166666662975 ) ) ;
#4107 = CARTESIAN_POINT ( 'NONE',  ( -1.310756855676673327, -0.7567658234670894268, -3.538645833333329271 ) ) ;
#4108 = ORIENTED_EDGE ( 'NONE', *, *, #4702, .T. ) ;
#4109 = CARTESIAN_POINT ( 'NONE',  ( -3.481204849126448823E-16, -2.842619481429419892, 5.409328210823625582 ) ) ;
#4110 = AXIS2_PLACEMENT_3D ( 'NONE', #248, #5932, #3983 ) ;
#4111 = EDGE_CURVE ( 'NONE', #1749, #5026, #3213, .T. ) ;
#4112 = DIRECTION ( 'NONE',  ( 1.000000000000000000, 0.000000000000000000, 0.000000000000000000 ) ) ;
#4113 = B_SPLINE_CURVE_WITH_KNOTS ( 'NONE', 3,
 ( #2552, #4452, #4903, #5953, #4870, #1602, #1508 ),
 .UNSPECIFIED., .F., .F.,
 ( 4, 3, 4 ),
 ( 0.000000000000000000, 0.0007446073159875578372, 0.001494990424739676017 ),
 .UNSPECIFIED. ) ;
#4114 = CARTESIAN_POINT ( 'NONE',  ( 1.017788105676674437, -0.5876202367904426183, 2.323333333333335915 ) ) ;
#4115 = DIRECTION ( 'NONE',  ( -0.3826834323651013281, -0.9238795325112819645, 0.000000000000000000 ) ) ;
#4116 = FACE_OUTER_BOUND ( 'NONE', #2382, .T. ) ;
#4117 = ADVANCED_FACE ( 'NONE', ( #3844 ), #3368, .F. ) ;
#4118 = ORIENTED_EDGE ( 'NONE', *, *, #2615, .T. ) ;
#4119 = CARTESIAN_POINT ( 'NONE',  ( 1.310756855676673327, -0.7567658234670902040, 3.581145833333335471 ) ) ;
#4120 = AXIS2_PLACEMENT_3D ( 'NONE', #556, #2995, #2116 ) ;
#4121 = CARTESIAN_POINT ( 'NONE',  ( -1.017788105676674659, -0.5876202367904421742, -1.843333333333330604 ) ) ;
#4122 = EDGE_CURVE ( 'NONE', #3015, #501, #107, .T. ) ;
#4123 = CARTESIAN_POINT ( 'NONE',  ( -0.07737216077210350151, -1.199392855347108933, 4.596799999999999997 ) ) ;
#4124 = CARTESIAN_POINT ( 'NONE',  ( 0.09230896470716395963, -1.193751676872630618, 4.596799999999999997 ) ) ;
#4125 = CARTESIAN_POINT ( 'NONE',  ( 1.836970198721030920E-16, 1.500000000000000666, 6.259999999999999787 ) ) ;
#4126 = EDGE_CURVE ( 'NONE', #2157, #197, #4678, .T. ) ;
#4127 = VERTEX_POINT ( 'NONE', #2830 ) ;
#4128 = CARTESIAN_POINT ( 'NONE',  ( 1.299038105676671995, -0.7500000000000238698, -3.426666666666664529 ) ) ;
#4129 = CARTESIAN_POINT ( 'NONE',  ( -1.017788105676674659, -0.5876202367904416191, -6.343333333333330160 ) ) ;
#4130 = ORIENTED_EDGE ( 'NONE', *, *, #3533, .F. ) ;
#4131 = CARTESIAN_POINT ( 'NONE',  ( -1.357050807568898954, -1.539084009754163314E-14, -1.384999999999996900 ) ) ;
#4132 = FACE_OUTER_BOUND ( 'NONE', #6029, .T. ) ;
#4133 = CARTESIAN_POINT ( 'NONE',  ( 1.836970198721030920E-16, 1.500000000000000666, 6.259999999999999787 ) ) ;
#4134 = CARTESIAN_POINT ( 'NONE',  ( 1.299038105676672439, 0.7499999999999934497, 0.1566666666666684804 ) ) ;
#4135 = CARTESIAN_POINT ( 'NONE',  ( -1.439254484199213045E-16, -1.175240473580869471, -3.697499999999996678 ) ) ;
#4136 = EDGE_LOOP ( 'NONE', ( #2828, #1331, #798, #5119 ) ) ;
#4137 = CARTESIAN_POINT ( 'NONE',  ( -0.6785254037844502539, 1.175240473580838607, 1.594166666666669618 ) ) ;
#4138 = CARTESIAN_POINT ( 'NONE',  ( -1.836970198721050395E-16, -1.500000000000031308, -5.509999999999997122 ) ) ;
#4139 = CARTESIAN_POINT ( 'NONE',  ( -1.747675807568897399, -1.531621318321858865E-14, -2.580312499999995790 ) ) ;
#4140 = CARTESIAN_POINT ( 'NONE',  ( -1.310756855676673327, -0.7567658234670892048, -4.538645833333329271 ) ) ;
#4141 = VERTEX_POINT ( 'NONE', #5285 ) ;
#4142 = CARTESIAN_POINT ( 'NONE',  ( 1.328023899308126810, 0.2870500636019557850, 6.078446747423950747 ) ) ;
#4143 = CARTESIAN_POINT ( 'NONE',  ( 0.2992226178155503735, 0.4125181635044957718, 4.596799999999999997 ) ) ;
#4144 = CARTESIAN_POINT ( 'NONE',  ( -1.017788105676674881, 0.5876202367904106438, 2.573333333333336359 ) ) ;
#4145 = CARTESIAN_POINT ( 'NONE',  ( 0.2870500636019515661, -1.328023899308128586, 6.078446747423948970 ) ) ;
#4146 = CARTESIAN_POINT ( 'NONE',  ( -3.673940397442100790E-16, 1.500000000000001554, -0.1974999999999958733 ) ) ;
#4147 = ORIENTED_EDGE ( 'NONE', *, *, #5295, .F. ) ;
#4148 = CARTESIAN_POINT ( 'NONE',  ( -1.017788105676674215, -0.5876202367904430623, -1.280833333333330826 ) ) ;
#4149 = EDGE_CURVE ( 'NONE', #180, #147, #6179, .T. ) ;
#4150 = CARTESIAN_POINT ( 'NONE',  ( 0.6785254037844492547, -1.175240473580869471, -2.218333333333330160 ) ) ;
#4151 = CARTESIAN_POINT ( 'NONE',  ( 0.1959937933994694570, -1.250565508697615735, 5.336852938455672657 ) ) ;
#4152 = CARTESIAN_POINT ( 'NONE',  ( 0.07570317101014154004, -1.199498189242981461, 4.596799999999999997 ) ) ;
#4153 = CARTESIAN_POINT ( 'NONE',  ( -1.836970198721050395E-16, -1.500000000000031752, -3.009999999999998455 ) ) ;
#4154 = ORIENTED_EDGE ( 'NONE', *, *, #5840, .T. ) ;
#4155 = CARTESIAN_POINT ( 'NONE',  ( -1.836970198721050395E-16, -1.500000000000031530, -4.447499999999994458 ) ) ;
#4156 = CONICAL_SURFACE ( 'NONE', #1833, 1.344393210065480515, 0.5393067388662433626 ) ;
#4158 = ADVANCED_FACE ( 'NONE', ( #5192 ), #837, .T. ) ;
#4157 = CARTESIAN_POINT ( 'NONE',  ( 0.000000000000000000, 1.175240473580839939, -5.509999999999996234 ) ) ;
#4159 = ORIENTED_EDGE ( 'NONE', *, *, #1921, .T. ) ;
#4160 = CARTESIAN_POINT ( 'NONE',  ( -1.171685379079052458, 0.1051267183063004096, 4.596799999999999997 ) ) ;
#4161 = CARTESIAN_POINT ( 'NONE',  ( -1.017788105676674881, 0.5876202367904111989, -1.926666666666663863 ) ) ;
#4162 = DIRECTION ( 'NONE',  ( 0.3826834323650920577, -0.9238795325112858503, -0.000000000000000000 ) ) ;
#4163 = CARTESIAN_POINT ( 'NONE',  ( -0.1051267183062886273, -1.168159110932235789, 4.596799999999999997 ) ) ;
#4164 = CARTESIAN_POINT ( 'NONE',  ( 1.732050807568896511, -1.559424148661468673E-14, 3.177500000000003766 ) ) ;
#4165 = CARTESIAN_POINT ( 'NONE',  ( 1.017788105676675103, 0.5876202367904116430, -4.530833333333330160 ) ) ;
#4166 = VERTEX_POINT ( 'NONE', #5881 ) ;
#4167 = CARTESIAN_POINT ( 'NONE',  ( -0.6785254037844502539, 1.175240473580838607, 1.094166666666669396 ) ) ;
#4168 = CARTESIAN_POINT ( 'NONE',  ( 0.6785254037844494768, 1.175240473580839273, -1.989166666666663863 ) ) ;
#4169 = CARTESIAN_POINT ( 'NONE',  ( -0.6785254037844501429, 1.175240473580838385, 3.031666666666669396 ) ) ;
#4170 = CARTESIAN_POINT ( 'NONE',  ( 1.310756855676673771, 0.7567658234670587847, -3.788645833333329715 ) ) ;
#4171 = ORIENTED_EDGE ( 'NONE', *, *, #2607, .T. ) ;
#4172 = CARTESIAN_POINT ( 'NONE',  ( 0.1331526574384492567, -1.492421800282518696, -6.005271167512386654 ) ) ;
#4173 = CARTESIAN_POINT ( 'NONE',  ( 2.106392494533447536E-16, 1.719999999999999973, 3.740000000000001101 ) ) ;
#4174 = CARTESIAN_POINT ( 'NONE',  ( -1.747675807568897621, -1.445378915490871093E-14, -6.127187499999997122 ) ) ;
#4175 = CARTESIAN_POINT ( 'NONE',  ( -0.5854651049460972700, -1.030318922749758226, -6.260000000000000675 ) ) ;
#4176 = CARTESIAN_POINT ( 'NONE',  ( 1.299038105676672883, 0.7499999999999923395, -3.280833333333329271 ) ) ;
#4177 = ORIENTED_EDGE ( 'NONE', *, *, #5796, .T. ) ;
#4178 = CARTESIAN_POINT ( 'NONE',  ( -1.357050807568899176, -1.558219115990840523E-14, 0.1775000000000025446 ) ) ;
#4179 = CARTESIAN_POINT ( 'NONE',  ( 1.017788105676675103, 0.5876202367904111989, -1.593333333333330382 ) ) ;
#4180 = FACE_OUTER_BOUND ( 'NONE', #4587, .T. ) ;
#4181 = CARTESIAN_POINT ( 'NONE',  ( -1.892079304682659104E-16, -1.544999999999999041, 3.390000000000000568 ) ) ;
#4182 = CARTESIAN_POINT ( 'NONE',  ( -0.3037169132267212301, -0.9067387578785620628, 6.170957365736448708 ) ) ;
#4183 = VERTEX_POINT ( 'NONE', #2012 ) ;
#4184 = CARTESIAN_POINT ( 'NONE',  ( -1.747675807568897621, -1.543293733126231940E-14, -1.627187499999998455 ) ) ;
#4185 =( BOUNDED_CURVE ( )  B_SPLINE_CURVE ( 2, ( #6282, #30, #2940, #2412, #506, #4438, #2535 ),
 .UNSPECIFIED., .F., .F. ) 
 B_SPLINE_CURVE_WITH_KNOTS ( ( 3, 2, 2, 3 ),
 ( 0.2916666666666666297, 0.3055555555555555247, 0.3194444444444444198, 0.3333333333333333148 ),
 .UNSPECIFIED. ) 
 CURVE ( )  GEOMETRIC_REPRESENTATION_ITEM ( )  RATIONAL_B_SPLINE_CURVE ( ( 1.000000000000000444, 0.8660254037844381525, 1.000000000000000000, 0.8660254037844387076, 1.000000000000000000, 0.8660254037844387076, 1.000000000000000000 ) ) 
 REPRESENTATION_ITEM ( '' )  );
#4186 = CARTESIAN_POINT ( 'NONE',  ( -0.6785254037844494768, 1.175240473580839717, -3.968333333333330604 ) ) ;
#4187 = ORIENTED_EDGE ( 'NONE', *, *, #4305, .F. ) ;
#4188 = CARTESIAN_POINT ( 'NONE',  ( -1.178589314099671492, 0.1033598099115680680, 4.596799999999999997 ) ) ;
#4189 = CARTESIAN_POINT ( 'NONE',  ( -2.878508968398425596E-16, 1.175240473580839273, -0.5099999999999970113 ) ) ;
#4190 = CIRCLE ( 'NONE', #1463, 1.344393210065480515 ) ;
#4191 = CARTESIAN_POINT ( 'NONE',  ( 0.6703473904594694499, 1.256231318323121959, 3.313860532701574879 ) ) ;
#4192 = ADVANCED_FACE ( 'NONE', ( #577 ), #3872, .T. ) ;
#4193 = CARTESIAN_POINT ( 'NONE',  ( 1.732050807568896511, -1.552095881995103766E-14, -0.8849999999999983435 ) ) ;
#4194 = CARTESIAN_POINT ( 'NONE',  ( -3.673940397442101283E-16, 1.500000000000001110, 3.240000000000001990 ) ) ;
#4195 = CARTESIAN_POINT ( 'NONE',  ( -1.439254484199213045E-16, -1.175240473580869471, -2.697499999999996678 ) ) ;
#4196 = AXIS2_PLACEMENT_3D ( 'NONE', #265, #5604, #1697 ) ;
#4197 = ORIENTED_EDGE ( 'NONE', *, *, #2530, .T. ) ;
#4198 = CARTESIAN_POINT ( 'NONE',  ( -0.6785254037844492547, -1.175240473580870137, -0.2391666666666642238 ) ) ;
#4199 = CARTESIAN_POINT ( 'NONE',  ( -1.357050807568899176, -1.533726180007893809E-14, -1.822499999999997344 ) ) ;
#4200 = CARTESIAN_POINT ( 'NONE',  ( 0.8738379037844491437, -1.513531646934164199, 0.08635416666667035390 ) ) ;
#4201 = ADVANCED_FACE ( 'NONE', ( #2545 ), #1470, .T. ) ;
#4202 = AXIS2_PLACEMENT_3D ( 'NONE', #202, #5606, #4069 ) ;
#4203 = CARTESIAN_POINT ( 'NONE',  ( 1.310756855676672883, -0.7567658234670904260, -2.371979166666662753 ) ) ;
#4204 = CARTESIAN_POINT ( 'NONE',  ( 1.190576561512318055, -0.09603820785165539942, 4.596799999999999997 ) ) ;
#4205 = CARTESIAN_POINT ( 'NONE',  ( -1.836970198721050395E-16, -1.500000000000031974, -1.509999999999998010 ) ) ;
#4206 = AXIS2_PLACEMENT_3D ( 'NONE', #2284, #5086, #5118 ) ;
#4207 = CARTESIAN_POINT ( 'NONE',  ( 1.747675807568897621, -1.491246244162469502E-14, -5.877187499999997122 ) ) ;
#4208 = CARTESIAN_POINT ( 'NONE',  ( -2.878508968398425596E-16, 1.175240473580839273, -1.009999999999997122 ) ) ;
#4209 = CARTESIAN_POINT ( 'NONE',  ( -0.6785254037844501429, 1.175240473580838829, -0.4683333333333303261 ) ) ;
#4210 = CARTESIAN_POINT ( 'NONE',  ( 1.836970198721050642E-16, -1.500000000000032863, 2.490000000000001545 ) ) ;
#4211 = VERTEX_POINT ( 'NONE', #1532 ) ;
#4212 = CARTESIAN_POINT ( 'NONE',  ( -1.357050807568899176, -1.533726180007893809E-14, -1.822499999999997344 ) ) ;
#4213 = CARTESIAN_POINT ( 'NONE',  ( -3.673940397442100790E-16, 1.500000000000001332, 1.302500000000003988 ) ) ;
#4214 = CIRCLE ( 'NONE', #65, 5.164680204508076855 ) ;
#4215 = CARTESIAN_POINT ( 'NONE',  ( 0.000000000000000000, 1.544999999999999929, 3.740000000000001101 ) ) ;
#4216 = CARTESIAN_POINT ( 'NONE',  ( 0.4125181635044951056, -0.2992226178155522609, 4.596799999999999997 ) ) ;
#4217 = CARTESIAN_POINT ( 'NONE',  ( -1.175159077848084488, 0.01383157596917293855, 3.176519237886480607 ) ) ;
#4218 = ORIENTED_EDGE ( 'NONE', *, *, #704, .T. ) ;
#4219 = CARTESIAN_POINT ( 'NONE',  ( 0.8738379037844486996, 1.513531646934134001, -1.293854166666664307 ) ) ;
#4220 = CARTESIAN_POINT ( 'NONE',  ( -0.6785254037844500319, -1.175240473580869027, -4.301666666666663197 ) ) ;
#4221 = ORIENTED_EDGE ( 'NONE', *, *, #3345, .T. ) ;
#4222 = CARTESIAN_POINT ( 'NONE',  ( -1.218868498401258993, 0.5672324804480346483, -6.259999999999999787 ) ) ;
#4223 = CARTESIAN_POINT ( 'NONE',  ( -2.878508968398425596E-16, 1.175240473580838829, 2.990000000000002878 ) ) ;
#4224 = LINE ( 'NONE', #448, #3500 ) ;
#4225 = CARTESIAN_POINT ( 'NONE',  ( 0.1767787466195311630, 1.439085742736224693, 3.328850375057744060 ) ) ;
#4226 = EDGE_CURVE ( 'NONE', #4211, #4127, #4733, .T. ) ;
#4227 = CARTESIAN_POINT ( 'NONE',  ( -0.8660254037844492547, 1.500000000000001110, -0.2183333333333314086 ) ) ;
#4228 =( BOUNDED_CURVE ( )  B_SPLINE_CURVE ( 2, ( #3911, #3021, #4967, #4483, #1926, #4840, #491 ),
 .UNSPECIFIED., .F., .F. ) 
 B_SPLINE_CURVE_WITH_KNOTS ( ( 3, 2, 2, 3 ),
 ( 0.8636363636363635354, 0.8787878787878786735, 0.8939393939393938116, 0.9090909090909089496 ),
 .UNSPECIFIED. ) 
 CURVE ( )  GEOMETRIC_REPRESENTATION_ITEM ( )  RATIONAL_B_SPLINE_CURVE ( ( 1.000000000000000888, 0.8660254037844377084, 1.000000000000000000, 0.8660254037844387076, 1.000000000000000000, 0.8660254037844397068, 0.9999999999999990008 ) ) 
 REPRESENTATION_ITEM ( '' )  );
#4229 = CARTESIAN_POINT ( 'NONE',  ( 1.299038105676672661, -0.7500000000000237588, 2.573333333333335471 ) ) ;
#4230 = CARTESIAN_POINT ( 'NONE',  ( 0.000000000000000000, 1.175240473580839939, -3.947499999999996234 ) ) ;
#4231 = VERTEX_POINT ( 'NONE', #1441 ) ;
#4232 = CARTESIAN_POINT ( 'NONE',  ( -1.175159077848084710, 0.01383157596917293855, 3.176519237886480163 ) ) ;
#4233 = ADVANCED_FACE ( 'NONE', ( #1502 ), #5911, .T. ) ;
#4234 = CARTESIAN_POINT ( 'NONE',  ( 1.017788105676674659, -0.5876202367904421742, -2.114166666666664085 ) ) ;
#4235 = CARTESIAN_POINT ( 'NONE',  ( -1.747675807568897399, -1.556114254304805895E-14, -0.5803124999999963451 ) ) ;
#4236 = CARTESIAN_POINT ( 'NONE',  ( 1.747675807568897621, -1.546929403311200758E-14, -1.330312499999996456 ) ) ;
#4237 = FACE_OUTER_BOUND ( 'NONE', #3275, .T. ) ;
#4238 = CARTESIAN_POINT ( 'NONE',  ( 1.836970198721050642E-16, -1.500000000000032863, 1.990000000000001323 ) ) ;
#4239 = EDGE_CURVE ( 'NONE', #5101, #4405, #2922, .T. ) ;
#4240 = CARTESIAN_POINT ( 'NONE',  ( -0.8738379037844486996, 1.513531646934134667, -3.710520833333331048 ) ) ;
#4241 = DIRECTION ( 'NONE',  ( -0.9925461516413219831, 0.000000000000000000, 0.1218693434051477398 ) ) ;
#4242 = CARTESIAN_POINT ( 'NONE',  ( 0.6785254037844499209, -1.175240473580869027, -1.218333333333330382 ) ) ;
#4243 = CARTESIAN_POINT ( 'NONE',  ( -1.357050807568899176, -1.469106447224351185E-14, -4.384999999999996234 ) ) ;
#4244 = EDGE_LOOP ( 'NONE', ( #3152, #921, #4920, #2599 ) ) ;
#4245 = CARTESIAN_POINT ( 'NONE',  ( 1.439254484199213045E-16, -1.175240473580869693, -1.697499999999997344 ) ) ;
#4246 = CARTESIAN_POINT ( 'NONE',  ( 1.017788105676674215, -0.5876202367904429513, -1.676666666666663197 ) ) ;
#4247 = LINE ( 'NONE', #1844, #859 ) ;
#4248 = CARTESIAN_POINT ( 'NONE',  ( -0.2300933100750967575, -1.333432200134601953, 5.826717118006234486 ) ) ;
#4249 = CARTESIAN_POINT ( 'NONE',  ( -1.357050807568899176, -1.451502149486607850E-14, -5.822499999999996234 ) ) ;
#4250 = ORIENTED_EDGE ( 'NONE', *, *, #5534, .T. ) ;
#4251 = FACE_OUTER_BOUND ( 'NONE', #771, .T. ) ;
#4252 = ORIENTED_EDGE ( 'NONE', *, *, #3452, .T. ) ;
#4253 = CARTESIAN_POINT ( 'NONE',  ( -1.358185157725200209, -0.2607495332532598908, 6.071772086592593709 ) ) ;
#4254 = CARTESIAN_POINT ( 'NONE',  ( 1.357050807568898954, -1.539523638175323896E-14, 1.365000000000002878 ) ) ;
#4255 = CARTESIAN_POINT ( 'NONE',  ( -0.8811735338144218721, 0.3148034922636875343, 6.174697866662547163 ) ) ;
#4256 = DIRECTION ( 'NONE',  ( 0.000000000000000000, 0.000000000000000000, 1.000000000000000000 ) ) ;
#4257 = CARTESIAN_POINT ( 'NONE',  ( -0.2881423344222832084, 1.328925652794135770, 6.087342579377972740 ) ) ;
#4258 = CYLINDRICAL_SURFACE ( 'NONE', #3494, 1.500000000000000888 ) ;
#4259 = CARTESIAN_POINT ( 'NONE',  ( 0.6785254037844502539, 1.175240473580838829, -1.989166666666663197 ) ) ;
#4260 = EDGE_LOOP ( 'NONE', ( #5215, #1850, #5469, #5787 ) ) ;
#4261 = CARTESIAN_POINT ( 'NONE',  ( 0.8660254037844482555, 1.500000000000001554, -0.2391666666666627250 ) ) ;
#4262 = CARTESIAN_POINT ( 'NONE',  ( -0.6785254037844502539, 1.175240473580838829, 0.5941666666666693963 ) ) ;
#4263 = AXIS2_PLACEMENT_3D ( 'NONE', #4596, #3127, #5962 ) ;
#4264 =( BOUNDED_CURVE ( )  B_SPLINE_CURVE ( 2, ( #4601, #5655, #1740, #249, #4631, #2187, #4146 ),
 .UNSPECIFIED., .F., .F. ) 
 B_SPLINE_CURVE_WITH_KNOTS ( ( 3, 2, 2, 3 ),
 ( 0.5416666666666665186, 0.5555555555555554692, 0.5694444444444443088, 0.5833333333333332593 ),
 .UNSPECIFIED. ) 
 CURVE ( )  GEOMETRIC_REPRESENTATION_ITEM ( )  RATIONAL_B_SPLINE_CURVE ( ( 1.000000000000002220, 0.8660254037844365982, 1.000000000000000000, 0.8660254037844387076, 1.000000000000000000, 0.8660254037844387076, 1.000000000000000000 ) ) 
 REPRESENTATION_ITEM ( '' )  );
#4265 = CARTESIAN_POINT ( 'NONE',  ( -0.8738379037844481445, -1.513531646934165087, -0.4969791666666631968 ) ) ;
#4266 = CARTESIAN_POINT ( 'NONE',  ( 0.8738379037844482555, -1.513531646934165087, -2.913645833333328827 ) ) ;
#4267 = FACE_OUTER_BOUND ( 'NONE', #6022, .T. ) ;
#4268 = CARTESIAN_POINT ( 'NONE',  ( -1.732050807568896511, -1.494364787456765152E-14, -2.134999999999997566 ) ) ;
#4269 = CARTESIAN_POINT ( 'NONE',  ( -0.8738379037844486996, 1.513531646934134667, -4.710520833333331048 ) ) ;
#4270 = CARTESIAN_POINT ( 'NONE',  ( -0.1533120777041309113, -1.175240473580869027, -6.259999999999993570 ) ) ;
#4271 = CARTESIAN_POINT ( 'NONE',  ( 0.6785254037844499209, -1.175240473580869027, -2.218333333333330604 ) ) ;
#4272 = CARTESIAN_POINT ( 'NONE',  ( 1.017788105676675103, 0.5876202367904116430, -5.093333333333330160 ) ) ;
#4273 = EDGE_CURVE ( 'NONE', #2945, #3931, #517, .T. ) ;
#4274 = ORIENTED_EDGE ( 'NONE', *, *, #4785, .F. ) ;
#4275 = CARTESIAN_POINT ( 'NONE',  ( 1.017788105676674437, 0.5876202367904120871, -0.03083333333333041631 ) ) ;
#4276 = CARTESIAN_POINT ( 'NONE',  ( -1.356232658073292185, 0.2677179653690291983, 6.071935536153223012 ) ) ;
#4277 = CARTESIAN_POINT ( 'NONE',  ( 0.2992226178155493188, -0.4125181635044976591, 4.596799999999999997 ) ) ;
#4278 = CARTESIAN_POINT ( 'NONE',  ( 0.000000000000000000, 1.175240473580839495, -1.447499999999996456 ) ) ;
#4279 = EDGE_CURVE ( 'NONE', #1786, #1869, #4419, .T. ) ;
#4280 = ORIENTED_EDGE ( 'NONE', *, *, #4239, .T. ) ;
#4281 = CARTESIAN_POINT ( 'NONE',  ( -0.8738379037844482555, -1.513531646934165087, -2.043854166666664973 ) ) ;
#4282 = ORIENTED_EDGE ( 'NONE', *, *, #3541, .F. ) ;
#4283 = CARTESIAN_POINT ( 'NONE',  ( -1.338402268248514160, -0.2848769957993608770, 6.075799443945359535 ) ) ;
#4284 = CARTESIAN_POINT ( 'NONE',  ( -1.017788105676674881, 0.5876202367904106438, 2.573333333333336359 ) ) ;
#4285 = DIRECTION ( 'NONE',  ( -0.000000000000000000, -1.224646799147353207E-16, 1.000000000000000000 ) ) ;
#4286 = CARTESIAN_POINT ( 'NONE',  ( 2.836735106140954491E-15, -7.965299035831909888E-16, 6.259999999999999787 ) ) ;
#4287 = VERTEX_POINT ( 'NONE', #4478 ) ;
#4288 = CARTESIAN_POINT ( 'NONE',  ( -0.07458509077000601006, 1.198475484481093423, 4.587917464159742664 ) ) ;
#4289 = FACE_OUTER_BOUND ( 'NONE', #3998, .T. ) ;
#4290 = ORIENTED_EDGE ( 'NONE', *, *, #4985, .T. ) ;
#4291 = CARTESIAN_POINT ( 'NONE',  ( 1.017788105676674659, -0.5876202367904427293, 2.385833333333336359 ) ) ;
#4292 = CARTESIAN_POINT ( 'NONE',  ( 1.439254484199213045E-16, -1.175240473580870137, 0.8025000000000024336 ) ) ;
#4293 = CARTESIAN_POINT ( 'NONE',  ( 0.8738379037844491437, -1.513531646934164421, 1.586354166666670507 ) ) ;
#4294 = CARTESIAN_POINT ( 'NONE',  ( -0.8738379037844493658, -1.513531646934164421, -1.996979166666662531 ) ) ;
#4295 = CIRCLE ( 'NONE', #3693, 1.719999999999999973 ) ;
#4296 = CARTESIAN_POINT ( 'NONE',  ( 1.199498189242979462, -0.07570317101015615335, 4.596799999999999997 ) ) ;
#4297 = CARTESIAN_POINT ( 'NONE',  ( 0.000000000000000000, 1.544999999999998153, 3.390000000000000568 ) ) ;
#4298 =( BOUNDED_CURVE ( )  B_SPLINE_CURVE ( 2, ( #6188, #4666, #2282, #3710, #1873, #1396, #4213 ),
 .UNSPECIFIED., .F., .F. ) 
 B_SPLINE_CURVE_WITH_KNOTS ( ( 3, 2, 2, 3 ),
 ( 0.2916666666666665186, 0.3055555555555554692, 0.3194444444444443643, 0.3333333333333333148 ),
 .UNSPECIFIED. ) 
 CURVE ( )  GEOMETRIC_REPRESENTATION_ITEM ( )  RATIONAL_B_SPLINE_CURVE ( ( 1.000000000000001110, 0.8660254037844375974, 1.000000000000000000, 0.8660254037844387076, 1.000000000000000000, 0.8660254037844392627, 0.9999999999999994449 ) ) 
 REPRESENTATION_ITEM ( '' )  );
#4299 = VECTOR ( 'NONE', #5557, 1000.000000000000000 ) ;
#4300 = CARTESIAN_POINT ( 'NONE',  ( 0.000000000000000000, 1.513531646934134667, -5.252187499999997122 ) ) ;
#4301 = SPHERICAL_SURFACE ( 'NONE', #4730, 5.174808969289331095 ) ;
#4302 = CARTESIAN_POINT ( 'NONE',  ( -0.6785254037844491437, -1.175240473580869471, -0.8016666666666636409 ) ) ;
#4303 = CARTESIAN_POINT ( 'NONE',  ( -0.6785254037844500319, -1.175240473580869249, -3.801666666666663197 ) ) ;
#4304 = CARTESIAN_POINT ( 'NONE',  ( -0.9609583210510930229, -0.2972229608625809871, 6.161298346890662359 ) ) ;
#4305 = EDGE_CURVE ( 'NONE', #5766, #3015, #2375, .T. ) ;
#4306 = CARTESIAN_POINT ( 'NONE',  ( -2.878508968398426089E-16, 1.175240473580838829, 2.552500000000002878 ) ) ;
#4307 = CARTESIAN_POINT ( 'NONE',  ( -1.342001944967374349, 0.2833990067808889735, 6.074918150816174034 ) ) ;
#4308 = EDGE_CURVE ( 'NONE', #4183, #5969, #1435, .T. ) ;
#4309 = CYLINDRICAL_SURFACE ( 'NONE', #1666, 1.500000000000000888 ) ;
#4310 = CARTESIAN_POINT ( 'NONE',  ( -1.836970198721050395E-16, -1.500000000000031752, -3.947499999999995346 ) ) ;
#4311 = CARTESIAN_POINT ( 'NONE',  ( 1.017788105676674215, -0.5876202367904425072, -5.614166666666663197 ) ) ;
#4312 = CIRCLE ( 'NONE', #4002, 2.980318753177177982 ) ;
#4313 = VERTEX_POINT ( 'NONE', #4414 ) ;
#4314 = CARTESIAN_POINT ( 'NONE',  ( -0.8738379037844496988, 1.513531646934133779, 0.7894791666666687302 ) ) ;
#4315 = CC_DESIGN_SECURITY_CLASSIFICATION ( #3201, ( #1384 ) ) ;
#4316 = EDGE_LOOP ( 'NONE', ( #1826, #5724, #5527, #5240 ) ) ;
#4317 = EDGE_CURVE ( 'NONE', #312, #3843, #1188, .T. ) ;
#4318 = CARTESIAN_POINT ( 'NONE',  ( 0.6785254037844493658, 1.175240473580838829, 1.448333333333336359 ) ) ;
#4319 = DIRECTION ( 'NONE',  ( 0.000000000000000000, 1.224646799147353207E-16, -1.000000000000000000 ) ) ;
#4320 = CARTESIAN_POINT ( 'NONE',  ( -1.286957982142906909, -0.5838027061149487773, -6.153442658218253314 ) ) ;
#4321 = ORIENTED_EDGE ( 'NONE', *, *, #5726, .T. ) ;
#4322 = CARTESIAN_POINT ( 'NONE',  ( 0.2677179653690155425, 1.356232658073295960, 6.071935536153223012 ) ) ;
#4323 = DIRECTION ( 'NONE',  ( 0.000000000000000000, 1.000000000000000000, 3.037663906240472658E-16 ) ) ;
#4324 = ORIENTED_EDGE ( 'NONE', *, *, #3073, .F. ) ;
#4325 = DIRECTION ( 'NONE',  ( -0.000000000000000000, -1.224646799147353207E-16, 1.000000000000000000 ) ) ;
#4326 = CARTESIAN_POINT ( 'NONE',  ( 0.6785254037844494768, 1.175240473580838829, 1.010833333333336137 ) ) ;
#4327 = CARTESIAN_POINT ( 'NONE',  ( -1.310756855676673771, 0.7567658234670580075, 1.878020833333336581 ) ) ;
#4328 = CARTESIAN_POINT ( 'NONE',  ( 3.653965153383165128E-12, 1.412153057931390787, -6.146781544349384063 ) ) ;
#4329 = DIRECTION ( 'NONE',  ( 0.000000000000000000, 1.224646799147353207E-16, -1.000000000000000000 ) ) ;
#4330 = LINE ( 'NONE', #4873, #4970 ) ;
#4331 = CARTESIAN_POINT ( 'NONE',  ( -1.853541686826127979E-16, -1.513531646934164421, -3.002187499999997566 ) ) ;
#4332 = CARTESIAN_POINT ( 'NONE',  ( 1.017788105676674437, -0.5876202367904420631, -1.676666666666663863 ) ) ;
#4333 = CARTESIAN_POINT ( 'NONE',  ( -1.017788105676674437, 0.5876202367904124202, -2.926666666666663197 ) ) ;
#4334 = CARTESIAN_POINT ( 'NONE',  ( 0.3605145027937226576, 0.3207632393750016186, 4.596799999999999997 ) ) ;
#4335 = CARTESIAN_POINT ( 'NONE',  ( 0.6785254037844494768, 1.175240473580838829, 3.010833333333335915 ) ) ;
#4336 = CARTESIAN_POINT ( 'NONE',  ( -1.017788105676674659, -0.5876202367904420631, -3.343333333333330160 ) ) ;
#4337 = CARTESIAN_POINT ( 'NONE',  ( 1.176610382180142134, 0.1041792215888971834, 4.596799999999999997 ) ) ;
#4338 = DIRECTION ( 'NONE',  ( 2.121150477449817527E-16, -0.8660254037844397068, -0.4999999999999981126 ) ) ;
#4339 = CARTESIAN_POINT ( 'NONE',  ( -1.017788105676674659, -0.5876202367904421742, -1.780833333333330382 ) ) ;
#4340 = ORIENTED_EDGE ( 'NONE', *, *, #2637, .T. ) ;
#4341 = CARTESIAN_POINT ( 'NONE',  ( 1.747675807568897621, -1.515796106441843803E-14, -0.3771874999999979550 ) ) ;
#4342 = EDGE_CURVE ( 'NONE', #678, #1350, #706, .T. ) ;
#4343 = ORIENTED_EDGE ( 'NONE', *, *, #2424, .F. ) ;
#4344 = CARTESIAN_POINT ( 'NONE',  ( 0.000000000000000000, -3.168163357082304046E-16, 6.259999999999999787 ) ) ;
#4345 = CARTESIAN_POINT ( 'NONE',  ( -1.357050807568898954, -1.563576945737110344E-14, 0.6150000000000026557 ) ) ;
#4346 = CYLINDRICAL_SURFACE ( 'NONE', #1892, 0.2109150000000000469 ) ;
#4347 = VECTOR ( 'NONE', #2931, 1000.000000000000000 ) ;
#4348 = ORIENTED_EDGE ( 'NONE', *, *, #550, .F. ) ;
#4349 = DIRECTION ( 'NONE',  ( 0.000000000000000000, -1.000000000000000000, 0.000000000000000000 ) ) ;
#4350 = ADVANCED_FACE ( 'NONE', ( #3522 ), #2198, .T. ) ;
#4351 = CARTESIAN_POINT ( 'NONE',  ( 0.6785254037844492547, -1.175240473580869471, -2.155833333333329715 ) ) ;
#4352 = ORIENTED_EDGE ( 'NONE', *, *, #5952, .T. ) ;
#4353 = CARTESIAN_POINT ( 'NONE',  ( 0.6785254037844494768, 1.175240473580838829, 2.510833333333336803 ) ) ;
#4354 = VECTOR ( 'NONE', #882, 1000.000000000000000 ) ;
#4355 = CARTESIAN_POINT ( 'NONE',  ( 1.357050807568899176, -1.509672872446107045E-14, -1.072499999999997122 ) ) ;
#4356 = CARTESIAN_POINT ( 'NONE',  ( -0.8738379037844481445, -1.513531646934165087, 2.003020833333336803 ) ) ;
#4357 = DIRECTION ( 'NONE',  ( 0.1218693434051477398, -2.575717417130363489E-14, 0.9925461516413220942 ) ) ;
#4358 = CARTESIAN_POINT ( 'NONE',  ( 1.299038105676672217, 0.7499999999999931166, 1.719166666666670507 ) ) ;
#4359 = CARTESIAN_POINT ( 'NONE',  ( 0.000000000000000000, -1.500000000000001110, 6.259999999999999787 ) ) ;
#4360 = CARTESIAN_POINT ( 'NONE',  ( -0.8738379037844493658, -1.513531646934164199, -3.043854166666664085 ) ) ;
#4361 = PERSON_AND_ORGANIZATION ( #4406, #5444 ) ;
#4362 = CARTESIAN_POINT ( 'NONE',  ( -2.878508968398425596E-16, 1.175240473580839051, 1.490000000000003100 ) ) ;
#4363 = CARTESIAN_POINT ( 'NONE',  ( 0.000000000000000000, 1.175240473580839939, -4.009999999999996234 ) ) ;
#4364 = CARTESIAN_POINT ( 'NONE',  ( -1.836970198721050395E-16, -1.500000000000031752, -2.509999999999998010 ) ) ;
#4365 = CARTESIAN_POINT ( 'NONE',  ( -1.017788105676675103, 0.5876202367904108659, 1.635833333333336137 ) ) ;
#4366 = CARTESIAN_POINT ( 'NONE',  ( -1.357050807568899176, -1.475229681220087943E-14, -3.884999999999996678 ) ) ;
#4367 = CARTESIAN_POINT ( 'NONE',  ( 0.000000000000000000, -3.168163357082304046E-16, 6.259999999999999787 ) ) ;
#4368 = CARTESIAN_POINT ( 'NONE',  ( 0.6785254037844496988, -1.175240473580869249, -0.2183333333333303816 ) ) ;
#4369 = CARTESIAN_POINT ( 'NONE',  ( -0.8660254037844472563, 1.500000000000004663, 0.2816666666666681751 ) ) ;
#4370 = CARTESIAN_POINT ( 'NONE',  ( -1.017788105676674437, 0.5876202367904126422, -4.864166666666663197 ) ) ;
#4371 = ORIENTED_EDGE ( 'NONE', *, *, #52, .T. ) ;
#4372 = CARTESIAN_POINT ( 'NONE',  ( -0.8738379037844482555, -1.513531646934165531, 0.9561458333333352488 ) ) ;
#4373 = ADVANCED_FACE ( 'NONE', ( #4611 ), #4720, .T. ) ;
#4374 = ORIENTED_EDGE ( 'NONE', *, *, #2460, .F. ) ;
#4375 = CARTESIAN_POINT ( 'NONE',  ( 0.6785254037844515862, -1.175240473580865030, -6.218333333333327495 ) ) ;
#4376 = CARTESIAN_POINT ( 'NONE',  ( 1.306199797947660057, 0.4209177591427603615, -6.220615490167405781 ) ) ;
#4377 = CARTESIAN_POINT ( 'NONE',  ( 0.002856215466205788006, 0.001183083183163756436, 1.084811436673219776 ) ) ;
#4378 = DIRECTION ( 'NONE',  ( 0.000000000000000000, 1.224646799147353207E-16, -1.000000000000000000 ) ) ;
#4379 = VERTEX_POINT ( 'NONE', #4993 ) ;
#4380 = CARTESIAN_POINT ( 'NONE',  ( 0.1311383300260082485, -1.189188505172484422, -6.259999999999996234 ) ) ;
#4381 = CARTESIAN_POINT ( 'NONE',  ( -1.357050807568899176, -1.475995085469554880E-14, -3.822499999999997122 ) ) ;
#4382 = VERTEX_POINT ( 'NONE', #3172 ) ;
#4383 = DIRECTION ( 'NONE',  ( -1.000000000000000000, 0.000000000000000000, 0.000000000000000000 ) ) ;
#4384 = CARTESIAN_POINT ( 'NONE',  ( -1.017788105676675103, 0.5876202367904111989, -0.8641666666666638630 ) ) ;
#4385 = EDGE_CURVE ( 'NONE', #5969, #2592, #5476, .T. ) ;
#4386 = CARTESIAN_POINT ( 'NONE',  ( 1.299038105676672439, -0.7500000000000235367, 1.135833333333337247 ) ) ;
#4387 = DIRECTION ( 'NONE',  ( 0.9169930745742603806, 0.3798309680908642516, 0.1218693434051478230 ) ) ;
#4388 = CARTESIAN_POINT ( 'NONE',  ( -0.001183083183162936779, -0.002856215466205961045, 1.084811436673219553 ) ) ;
#4389 = CARTESIAN_POINT ( 'NONE',  ( 0.000000000000000000, 1.500000000000001554, -0.7599999999999982325 ) ) ;
#4390 = EDGE_CURVE ( 'NONE', #5734, #3101, #2084, .T. ) ;
#4391 = CARTESIAN_POINT ( 'NONE',  ( -1.310756855676673105, 0.7567658234670597839, -1.168854166666664307 ) ) ;
#4392 = COORDINATED_UNIVERSAL_TIME_OFFSET ( 6, 0, .BEHIND. ) ;
#4393 = B_SPLINE_CURVE_WITH_KNOTS ( 'NONE', 3,
 ( #5523, #2596, #3194, #4532 ),
 .UNSPECIFIED., .F., .F.,
 ( 4, 4 ),
 ( 0.000000000000000000, 0.0001633910678170352531 ),
 .UNSPECIFIED. ) ;
#4394 = CARTESIAN_POINT ( 'NONE',  ( 0.6785254037844499209, -1.175240473580869471, 0.7816666666666698404 ) ) ;
#4395 = VECTOR ( 'NONE', #1762, 1000.000000000000000 ) ;
#4396 = CARTESIAN_POINT ( 'NONE',  ( 1.310756855676672883, -0.7567658234670900930, -5.871979166666662309 ) ) ;
#4397 = DIRECTION ( 'NONE',  ( 0.000000000000000000, -1.000000000000000000, 0.000000000000000000 ) ) ;
#4398 = CARTESIAN_POINT ( 'NONE',  ( 1.017788105676674437, 0.5876202367904118651, 1.469166666666669396 ) ) ;
#4399 = CARTESIAN_POINT ( 'NONE',  ( -1.357050807568899176, -1.493599383207298215E-14, -2.384999999999996678 ) ) ;
#4400 = CARTESIAN_POINT ( 'NONE',  ( 0.5133079544288807750, -0.4722784313483939234, 6.213072483967408743 ) ) ;
#4401 = CARTESIAN_POINT ( 'NONE',  ( 0.6785254037844493658, 1.175240473580839273, -0.5516666666666638630 ) ) ;
#4402 = CARTESIAN_POINT ( 'NONE',  ( 0.000000000000000000, 1.500000000000001554, -1.697499999999995346 ) ) ;
#4403 = CARTESIAN_POINT ( 'NONE',  ( 0.6785254037844492547, -1.175240473580869471, -3.155833333333330604 ) ) ;
#4404 = VECTOR ( 'NONE', #5058, 1000.000000000000114 ) ;
#4405 = VERTEX_POINT ( 'NONE', #260 ) ;
#4406 = PERSON ( 'UNSPECIFIED', 'UNSPECIFIED', 'UNSPECIFIED', ('UNSPECIFIED'), ('UNSPECIFIED'), ('UNSPECIFIED') ) ;
#4407 = CARTESIAN_POINT ( 'NONE',  ( 0.8738379037844486996, 1.513531646934134001, -0.2938541666666645291 ) ) ;
#4408 = CYLINDRICAL_SURFACE ( 'NONE', #3687, 1.500000000000000888 ) ;
#4409 = AXIS2_PLACEMENT_3D ( 'NONE', #1375, #3305, #6229 ) ;
#4410 = CARTESIAN_POINT ( 'NONE',  ( -1.299038105676672217, 0.7499999999999938938, -5.614166666666661420 ) ) ;
#4411 = CARTESIAN_POINT ( 'NONE',  ( 0.000000000000000000, -1.500000000000001110, 6.259999999999999787 ) ) ;
#4412 = CARTESIAN_POINT ( 'NONE',  ( 0.3148034922636790967, 0.8811735338144247587, 6.174697866662547163 ) ) ;
#4413 = ORIENTED_EDGE ( 'NONE', *, *, #5614, .F. ) ;
#4414 = CARTESIAN_POINT ( 'NONE',  ( -0.4507650346315063006, 0.5640605803204606916, 6.209378226151474500 ) ) ;
#4415 = AXIS2_PLACEMENT_3D ( 'NONE', #5589, #2688, #1231 ) ;
#4416 = CARTESIAN_POINT ( 'NONE',  ( 0.6785254037844502539, 1.175240473580839051, -2.989166666666663641 ) ) ;
#4417 = ORIENTED_EDGE ( 'NONE', *, *, #6178, .F. ) ;
#4418 = LINE ( 'NONE', #1118, #407 ) ;
#4419 = B_SPLINE_CURVE_WITH_KNOTS ( 'NONE', 3,
 ( #103, #4961, #2453, #1980, #2484, #3398, #2040, #5443, #5348, #3905, #1562, #5856, #3492, #3430, #131, #1089 ),
 .UNSPECIFIED., .F., .F.,
 ( 4, 3, 3, 3, 3, 4 ),
 ( 4.065758146820641628E-20, 1.057880841792320808E-05, 2.116331355726231196E-05, 3.167000848053404439E-05, 4.214965269405488980E-05, 4.711135977139852135E-05 ),
 .UNSPECIFIED. ) ;
#4420 = CARTESIAN_POINT ( 'NONE',  ( -0.6785254037844502539, 1.175240473580838385, 2.594166666666669840 ) ) ;
#4421 = EDGE_CURVE ( 'NONE', #767, #5685, #6218, .T. ) ;
#4422 = CARTESIAN_POINT ( 'NONE',  ( -3.707083373652255464E-16, 1.513531646934133779, 2.294687500000003322 ) ) ;
#4423 = CARTESIAN_POINT ( 'NONE',  ( -1.223991347988388156, -0.1656929168108881578, 5.090072102446922209 ) ) ;
#4424 = CARTESIAN_POINT ( 'NONE',  ( -1.017788105676674659, -0.5876202367904416191, -6.280833333333330160 ) ) ;
#4425 = EDGE_CURVE ( 'NONE', #6006, #691, #4028, .T. ) ;
#4426 = CARTESIAN_POINT ( 'NONE',  ( -2.878508968398426089E-16, 1.175240473580839273, -0.9474999999999969003 ) ) ;
#4427 = CARTESIAN_POINT ( 'NONE',  ( -1.747675807568897621, -1.506611255448238667E-14, -1.127187499999997122 ) ) ;
#4428 = PERSON_AND_ORGANIZATION_ROLE ( 'design_owner' ) ;
#4429 = CARTESIAN_POINT ( 'NONE',  ( -0.6785254037844491437, -1.175240473580869915, 1.698333333333335915 ) ) ;
#4430 = CARTESIAN_POINT ( 'NONE',  ( 1.017788105676675103, 0.5876202367904114210, -2.593333333333330160 ) ) ;
#4431 = EDGE_LOOP ( 'NONE', ( #6257, #5847, #2587, #6195 ) ) ;
#4432 = CARTESIAN_POINT ( 'NONE',  ( 1.732050807568896511, -1.533726180007893494E-14, -2.384999999999998455 ) ) ;
#4433 =( BOUNDED_CURVE ( )  B_SPLINE_CURVE ( 2, ( #5941, #993, #5852, #514, #1052, #5406, #2978 ),
 .UNSPECIFIED., .F., .F. ) 
 B_SPLINE_CURVE_WITH_KNOTS ( ( 3, 2, 2, 3 ),
 ( 0.6818181818181818787, 0.6969696969696970168, 0.7121212121212121549, 0.7272727272727272929 ),
 .UNSPECIFIED. ) 
 CURVE ( )  GEOMETRIC_REPRESENTATION_ITEM ( )  RATIONAL_B_SPLINE_CURVE ( ( 1.000000000000000000, 0.8660254037844387076, 1.000000000000000000, 0.8660254037844387076, 1.000000000000000000, 0.8660254037844387076, 1.000000000000000000 ) ) 
 REPRESENTATION_ITEM ( '' )  );
#4434 = EDGE_CURVE ( 'NONE', #5656, #6173, #2046, .T. ) ;
#4435 = CARTESIAN_POINT ( 'NONE',  ( -1.357050807568899176, -1.499722617203034657E-14, -1.884999999999996900 ) ) ;
#4436 = CARTESIAN_POINT ( 'NONE',  ( 0.8660254037844454800, 1.500000000000007772, -2.739166666666662309 ) ) ;
#4437 = CARTESIAN_POINT ( 'NONE',  ( 1.357050807568898954, -1.533400404179586823E-14, 0.8650000000000027667 ) ) ;
#4438 = CARTESIAN_POINT ( 'NONE',  ( 0.8660254037844482555, 1.500000000000001554, -0.3016666666666649177 ) ) ;
#4439 = CARTESIAN_POINT ( 'NONE',  ( 1.017788105676674215, -0.5876202367904428403, -3.114166666666663641 ) ) ;
#4440 = ORIENTED_EDGE ( 'NONE', *, *, #1166, .F. ) ;
#4441 = CARTESIAN_POINT ( 'NONE',  ( 0.8738379037844486996, 1.513531646934134001, 0.7061458333333355819 ) ) ;
#4442 = CARTESIAN_POINT ( 'NONE',  ( 1.017788105676675103, 0.5876202367904117541, -5.593333333333330160 ) ) ;
#4443 = CARTESIAN_POINT ( 'NONE',  ( 1.299038105676672883, 0.7499999999999924505, -3.843333333333331048 ) ) ;
#4444 = CARTESIAN_POINT ( 'NONE',  ( -0.9628031646469168425, 0.5158404875021219693, 6.211130278184685771 ) ) ;
#4445 = FACE_OUTER_BOUND ( 'NONE', #2164, .T. ) ;
#4446 = EDGE_LOOP ( 'NONE', ( #828, #3667, #3483, #250 ) ) ;
#4447 = CARTESIAN_POINT ( 'NONE',  ( 1.646406841502125804E-16, 1.344393210065481847, -6.259999999999999787 ) ) ;
#4448 = CARTESIAN_POINT ( 'NONE',  ( -1.439254484199213045E-16, -1.175240473580869471, -3.197499999999996678 ) ) ;
#4449 = ORIENTED_EDGE ( 'NONE', *, *, #4902, .F. ) ;
#4450 = CARTESIAN_POINT ( 'NONE',  ( 0.6785254037844500319, -1.175240473580870137, 2.844166666666669396 ) ) ;
#4451 = DIRECTION ( 'NONE',  ( 0.3826834323650920577, -0.9238795325112857393, 0.000000000000000000 ) ) ;
#4452 = CARTESIAN_POINT ( 'NONE',  ( 1.333432200134574863, 0.2300933100750645055, 5.826717118005976026 ) ) ;
#4453 = CARTESIAN_POINT ( 'NONE',  ( -1.732050807568896511, -1.506611255448238667E-14, -1.134999999999997788 ) ) ;
#4454 = ORIENTED_EDGE ( 'NONE', *, *, #2332, .T. ) ;
#4455 = CARTESIAN_POINT ( 'NONE',  ( -1.357050807568899176, -1.545972647999367324E-14, -0.8224999999999972333 ) ) ;
#4456 = CARTESIAN_POINT ( 'NONE',  ( -1.310756855676673105, 0.7567658234670598949, -1.668854166666664085 ) ) ;
#4457 = APPROVAL_ROLE ( '' ) ;
#4458 = CARTESIAN_POINT ( 'NONE',  ( -1.017788105676674881, 0.5876202367904106438, 2.073333333333335915 ) ) ;
#4459 = CARTESIAN_POINT ( 'NONE',  ( 0.6785254037844502539, 1.175240473580838829, -1.051666666666663641 ) ) ;
#4460 = ORIENTED_EDGE ( 'NONE', *, *, #6209, .F. ) ;
#4461 = CARTESIAN_POINT ( 'NONE',  ( -0.1036295812145316131, -1.196260664588787659, 4.584606796874560075 ) ) ;
#4462 = CARTESIAN_POINT ( 'NONE',  ( 1.357050807568899176, -1.536022392756294935E-14, -1.634999999999996678 ) ) ;
#4463 = CARTESIAN_POINT ( 'NONE',  ( 1.189015705862473515, 0.09750366069946132808, 4.596799999999999997 ) ) ;
#4464 = CARTESIAN_POINT ( 'NONE',  ( -1.017788105676673993, -0.5876202367904430623, 0.1566666666666695351 ) ) ;
#4465 = CARTESIAN_POINT ( 'NONE',  ( 1.732050807568896733, -1.558658744412001420E-14, 3.115000000000002434 ) ) ;
#4466 = VECTOR ( 'NONE', #5555, 1000.000000000000000 ) ;
#4467 = CARTESIAN_POINT ( 'NONE',  ( 0.000000000000000000, 1.175240473580839717, -2.947499999999996678 ) ) ;
#4468 = EDGE_CURVE ( 'NONE', #1611, #4379, #768, .T. ) ;
#4469 =( BOUNDED_CURVE ( )  B_SPLINE_CURVE ( 3, ( #4277, #2849, #2754, #4216 ),
 .UNSPECIFIED., .F., .F. ) 
 B_SPLINE_CURVE_WITH_KNOTS ( ( 4, 4 ),
 ( 2.751979090126459138, 3.531206217053126650 ),
 .UNSPECIFIED. ) 
 CURVE ( )  GEOMETRIC_REPRESENTATION_ITEM ( )  RATIONAL_B_SPLINE_CURVE ( ( 1.000000000000000000, 0.9500372729921764403, 0.9500372729921764403, 1.000000000000000000 ) ) 
 REPRESENTATION_ITEM ( '' )  );
#4470 = ORIENTED_EDGE ( 'NONE', *, *, #5605, .T. ) ;
#4471 = CARTESIAN_POINT ( 'NONE',  ( -1.747675807568897621, -1.598402839087862757E-14, 2.872812500000002434 ) ) ;
#4472 = DIRECTION ( 'NONE',  ( -0.000000000000000000, -1.224646799147353207E-16, 1.000000000000000000 ) ) ;
#4473 = CARTESIAN_POINT ( 'NONE',  ( 1.360107623671822363, 0.09699593092991040666, -6.235251014880285325 ) ) ;
#4474 = LINE ( 'NONE', #3902, #2091 ) ;
#4475 = EDGE_CURVE ( 'NONE', #3355, #2391, #258, .T. ) ;
#4476 = CARTESIAN_POINT ( 'NONE',  ( -1.732050807568896733, -1.591896902967392373E-14, 2.365000000000002434 ) ) ;
#4477 = VERTEX_POINT ( 'NONE', #5537 ) ;
#4478 = CARTESIAN_POINT ( 'NONE',  ( -3.673940397442101283E-16, 1.500000000000001332, 2.240000000000001990 ) ) ;
#4479 = CARTESIAN_POINT ( 'NONE',  ( -1.439254484199213045E-16, -1.175240473580869471, -2.197499999999997122 ) ) ;
#4480 = ORIENTED_EDGE ( 'NONE', *, *, #824, .F. ) ;
#4481 = CARTESIAN_POINT ( 'NONE',  ( -1.732050807568896733, -1.585773668971655932E-14, 1.865000000000001101 ) ) ;
#4482 = CARTESIAN_POINT ( 'NONE',  ( -0.6785254037844502539, 1.175240473580838607, 1.594166666666669396 ) ) ;
#4483 = CARTESIAN_POINT ( 'NONE',  ( 1.732050807568896511, -1.545972647999367008E-14, -1.384999999999998010 ) ) ;
#4484 = FACE_OUTER_BOUND ( 'NONE', #10, .T. ) ;
#4485 = CARTESIAN_POINT ( 'NONE',  ( 0.6785254037844492547, -1.175240473580869471, -5.155833333333330160 ) ) ;
#4486 = ORIENTED_EDGE ( 'NONE', *, *, #2571, .F. ) ;
#4487 = CARTESIAN_POINT ( 'NONE',  ( -2.878508968398426089E-16, 1.175240473580839273, -0.4474999999999969558 ) ) ;
#4488 = CARTESIAN_POINT ( 'NONE',  ( -0.6785254037844494768, 1.175240473580840161, -5.905833333333330160 ) ) ;
#4489 = CARTESIAN_POINT ( 'NONE',  ( 0.6785254037844499209, -1.175240473580869471, 2.781666666666669396 ) ) ;
#4490 = CARTESIAN_POINT ( 'NONE',  ( -0.6785254037844494768, 1.175240473580839495, -2.468333333333330160 ) ) ;
#4491 = ORIENTED_EDGE ( 'NONE', *, *, #1096, .F. ) ;
#4492 = CARTESIAN_POINT ( 'NONE',  ( -0.2878278585163916992, -1.354581615062507405, 6.084781378657035056 ) ) ;
#4493 = CARTESIAN_POINT ( 'NONE',  ( -1.017788105676674659, -0.5876202367904422852, -1.343333333333330160 ) ) ;
#4494 = ORIENTED_EDGE ( 'NONE', *, *, #5785, .F. ) ;
#4495 = FACE_OUTER_BOUND ( 'NONE', #4260, .T. ) ;
#4496 = AXIS2_PLACEMENT_3D ( 'NONE', #3417, #1936, #3447 ) ;
#4497 = CARTESIAN_POINT ( 'NONE',  ( 1.439254484199212798E-16, -1.175240473580869693, 1.740000000000002878 ) ) ;
#4498 = CARTESIAN_POINT ( 'NONE',  ( -0.4012496753669810845, 0.1662030574348131173, 4.596799999999999997 ) ) ;
#4499 = CARTESIAN_POINT ( 'NONE',  ( 0.000000000000000000, 1.175240473580839717, -3.447499999999996678 ) ) ;
#4500 = EDGE_CURVE ( 'NONE', #3432, #5910, #3335, .T. ) ;
#4501 = VERTEX_POINT ( 'NONE', #861 ) ;
#4502 = CARTESIAN_POINT ( 'NONE',  ( 1.853541686826127979E-16, -1.513531646934165309, 3.497812500000001545 ) ) ;
#4503 = ADVANCED_FACE ( 'NONE', ( #4251 ), #4740, .T. ) ;
#4504 = CARTESIAN_POINT ( 'NONE',  ( -1.357050807568899176, -1.450736745237140598E-14, -5.884999999999997122 ) ) ;
#4505 = CARTESIAN_POINT ( 'NONE',  ( 1.299038105676671995, -0.7500000000000237588, -4.864166666666661420 ) ) ;
#4506 = CARTESIAN_POINT ( 'NONE',  ( 0.8660254037844491437, 1.500000000000001110, -5.301666666666664973 ) ) ;
#4507 =( BOUNDED_CURVE ( )  B_SPLINE_CURVE ( 2, ( #3062, #1133, #5045, #148, #1674 ),
 .UNSPECIFIED., .F., .F. ) 
 B_SPLINE_CURVE_WITH_KNOTS ( ( 3, 2, 3 ),
 ( 0.9166666666666666297, 0.9305555555555555802, 0.9373474841335592833 ),
 .UNSPECIFIED. ) 
 CURVE ( )  GEOMETRIC_REPRESENTATION_ITEM ( )  RATIONAL_B_SPLINE_CURVE ( ( 1.000000000000000000, 0.8660254037844387076, 1.000000000000000000, 0.9344838960090653401, 0.9330450126763616403 ) ) 
 REPRESENTATION_ITEM ( '' )  );
#4508 = CIRCLE ( 'NONE', #49, 5.164680204508076855 ) ;
#4509 = CARTESIAN_POINT ( 'NONE',  ( -0.8660254037844492547, 1.500000000000001110, 2.281666666666668508 ) ) ;
#4510 = EDGE_LOOP ( 'NONE', ( #2089, #2452, #1234, #3578 ) ) ;
#4511 = CARTESIAN_POINT ( 'NONE',  ( 1.732050807568896511, -1.503110010029209707E-14, -4.884999999999998899 ) ) ;
#4513 = EDGE_CURVE ( 'NONE', #2361, #3391, #1982, .T. ) ;
#4512 = CARTESIAN_POINT ( 'NONE',  ( -1.017788105676674437, 0.5876202367904127533, -5.926666666666663197 ) ) ;
#4514 = CONICAL_SURFACE ( 'NONE', #5639, 1.406099999999997463, 0.1221730476396033355 ) ;
#4515 = ORIENTED_EDGE ( 'NONE', *, *, #5832, .F. ) ;
#4516 = CARTESIAN_POINT ( 'NONE',  ( 0.2835645660972165860, -1.341702213208716410, 6.074989367807474672 ) ) ;
#4517 = CARTESIAN_POINT ( 'NONE',  ( -1.017788105676675103, 0.5876202367904107549, 2.635833333333336359 ) ) ;
#4518 = CARTESIAN_POINT ( 'NONE',  ( -0.8660254037844468122, -1.500000000000034639, -4.551666666666664085 ) ) ;
#4519 = LINE ( 'NONE', #776, #1472 ) ;
#4520 = CARTESIAN_POINT ( 'NONE',  ( 1.017788105676674659, -0.5876202367904427293, 2.385833333333336359 ) ) ;
#4521 = CARTESIAN_POINT ( 'NONE',  ( -0.6785254037844494768, 1.175240473580840161, -6.405833333333330160 ) ) ;
#4522 = VERTEX_POINT ( 'NONE', #3206 ) ;
#4523 = CARTESIAN_POINT ( 'NONE',  ( 0.6785254037844494768, 1.175240473580839273, -0.4891666666666638075 ) ) ;
#4524 = CC_DESIGN_APPROVAL ( #1621, ( #3670 ) ) ;
#4525 = CARTESIAN_POINT ( 'NONE',  ( -1.017788105676674437, 0.5876202367904126422, -4.864166666666663197 ) ) ;
#4526 = CARTESIAN_POINT ( 'NONE',  ( -1.747675807568897399, -1.543867786313332695E-14, -1.580312499999996234 ) ) ;
#4527 = CARTESIAN_POINT ( 'NONE',  ( 0.8738379037844482555, -1.513531646934164643, -5.913645833333330160 ) ) ;
#4528 = VERTEX_POINT ( 'NONE', #1339 ) ;
#4529 = CARTESIAN_POINT ( 'NONE',  ( 1.836970198721050395E-16, -1.500000000000031974, -0.4474999999999959011 ) ) ;
#4530 = CARTESIAN_POINT ( 'NONE',  ( 0.3064976159286808555, -0.9628031646469230598, 6.236834350748982736 ) ) ;
#4531 = CARTESIAN_POINT ( 'NONE',  ( 1.333432200134573531, -0.2300933100750696958, 5.826717118005976026 ) ) ;
#4532 = CARTESIAN_POINT ( 'NONE',  ( -0.4507650346315063006, 0.5640605803204606916, 6.209378226151474500 ) ) ;
#4533 = CARTESIAN_POINT ( 'NONE',  ( 1.335101964132483499, 0.2861895683422986947, 6.076609608249430750 ) ) ;
#4534 = CARTESIAN_POINT ( 'NONE',  ( -1.017788105676674437, 0.5876202367904121981, -1.364166666666663641 ) ) ;
#4535 = VERTEX_POINT ( 'NONE', #383 ) ;
#4536 = CARTESIAN_POINT ( 'NONE',  ( 1.017788105676674659, -0.5876202367904421742, -2.114166666666664085 ) ) ;
#4537 = CARTESIAN_POINT ( 'NONE',  ( 1.017788105676674215, -0.5876202367904429513, -2.176666666666663641 ) ) ;
#4538 = CARTESIAN_POINT ( 'NONE',  ( 0.000000000000000000, -3.168163357082304046E-16, 6.259999999999999787 ) ) ;
#4539 = DIRECTION ( 'NONE',  ( 0.000000000000000000, -1.000000000000000000, 0.000000000000000000 ) ) ;
#4540 = DIRECTION ( 'NONE',  ( -0.000000000000000000, -1.224646799147353207E-16, 1.000000000000000000 ) ) ;
#4541 = ADVANCED_FACE ( 'NONE', ( #5630 ), #5535, .T. ) ;
#4542 = ORIENTED_EDGE ( 'NONE', *, *, #442, .T. ) ;
#4543 = CARTESIAN_POINT ( 'NONE',  ( 0.8660254037844491437, 1.500000000000001110, -3.301666666666664529 ) ) ;
#4544 = CARTESIAN_POINT ( 'NONE',  ( 1.017788105676674215, -0.5876202367904429513, -1.614166666666662975 ) ) ;
#4545 = ORIENTED_EDGE ( 'NONE', *, *, #322, .T. ) ;
#4546 =( BOUNDED_CURVE ( )  B_SPLINE_CURVE ( 2, ( #1226, #786, #3249, #3159, #4723, #6087, #5107 ),
 .UNSPECIFIED., .F., .F. ) 
 B_SPLINE_CURVE_WITH_KNOTS ( ( 3, 2, 2, 3 ),
 ( 0.1249999999999999029, 0.1388888888888887840, 0.1527777777777777901, 0.1666666666666666574 ),
 .UNSPECIFIED. ) 
 CURVE ( )  GEOMETRIC_REPRESENTATION_ITEM ( )  RATIONAL_B_SPLINE_CURVE ( ( 1.000000000000001110, 0.8660254037844378194, 1.000000000000000000, 0.8660254037844387076, 1.000000000000000000, 0.8660254037844384856, 1.000000000000000222 ) ) 
 REPRESENTATION_ITEM ( '' )  );
#4547 = DIRECTION ( 'NONE',  ( -0.09315614143603849484, -0.09315614143603881403, 0.9912839485361889524 ) ) ;
#4548 = CARTESIAN_POINT ( 'NONE',  ( -1.017788105676675103, 0.5876202367904106438, 3.135833333333335915 ) ) ;
#4549 = DIRECTION ( 'NONE',  ( 0.02423420014170640097, 0.1218335514324820901, -0.9922546494165902509 ) ) ;
#4550 = EDGE_CURVE ( 'NONE', #1108, #2197, #6236, .T. ) ;
#4551 = CARTESIAN_POINT ( 'NONE',  ( 0.000000000000000000, -3.168163357082304046E-16, 6.259999999999999787 ) ) ;
#4552 = CARTESIAN_POINT ( 'NONE',  ( 0.000000000000000000, 1.500000000000001776, -3.259999999999997566 ) ) ;
#4553 = CARTESIAN_POINT ( 'NONE',  ( 0.000000000000000000, 1.500000000000001554, -1.259999999999997788 ) ) ;
#4554 = CARTESIAN_POINT ( 'NONE',  ( 1.017788105676674659, -0.5876202367904426183, 1.885833333333335915 ) ) ;
#4555 = B_SPLINE_CURVE_WITH_KNOTS ( 'NONE', 3,
 ( #5110, #2096, #4018, #5967, #3609, #5558, #1617 ),
 .UNSPECIFIED., .F., .F.,
 ( 4, 3, 4 ),
 ( 0.000000000000000000, 0.0007446014679719324810, 0.001494990424876115054 ),
 .UNSPECIFIED. ) ;
#4556 = CARTESIAN_POINT ( 'NONE',  ( 1.017788105676674215, -0.5876202367904426183, -5.114166666666663197 ) ) ;
#4557 = CARTESIAN_POINT ( 'NONE',  ( -1.310756855676673771, 0.7567658234670584516, -2.621979166666663197 ) ) ;
#4558 = CARTESIAN_POINT ( 'NONE',  ( 0.8738379037844496988, 1.513531646934134001, -4.746979166666663197 ) ) ;
#4559 = ORIENTED_EDGE ( 'NONE', *, *, #833, .F. ) ;
#4560 = FACE_OUTER_BOUND ( 'NONE', #5609, .T. ) ;
#4561 = CARTESIAN_POINT ( 'NONE',  ( -1.017788105676674437, 0.5876202367904121981, -1.426666666666663863 ) ) ;
#4562 = DIRECTION ( 'NONE',  ( 0.9238795325112859613, -0.3826834323650916136, -0.000000000000000000 ) ) ;
#4563 = CARTESIAN_POINT ( 'NONE',  ( -1.836970198721050395E-16, -1.500000000000031752, -3.447499999999995346 ) ) ;
#4564 = CARTESIAN_POINT ( 'NONE',  ( 1.732050807568896511, -1.522245116265886916E-14, -3.322499999999995790 ) ) ;
#4565 = ORIENTED_EDGE ( 'NONE', *, *, #2905, .F. ) ;
#4566 = CARTESIAN_POINT ( 'NONE',  ( -0.8738379037844482555, -1.513531646934165531, 1.956145833333334805 ) ) ;
#4567 = B_SPLINE_CURVE_WITH_KNOTS ( 'NONE', 3,
 ( #4217, #1239, #5533, #3618, #4638, #1748 ),
 .UNSPECIFIED., .F., .F.,
 ( 4, 2, 4 ),
 ( 0.000000000000000000, 0.0004684596088655014826, 0.0009369192177310029651 ),
 .UNSPECIFIED. ) ;
#4568 = VECTOR ( 'NONE', #6024, 1000.000000000000114 ) ;
#4569 = CARTESIAN_POINT ( 'NONE',  ( -1.017788105676674659, -0.5876202367904420631, -3.343333333333330160 ) ) ;
#4570 = CARTESIAN_POINT ( 'NONE',  ( 1.309299083427791333, -0.2001335369900365535, 5.587203606221712526 ) ) ;
#4571 = CYLINDRICAL_SURFACE ( 'NONE', #463, 1.500000000000000888 ) ;
#4572 = CARTESIAN_POINT ( 'NONE',  ( 0.000000000000000000, 1.500000000000001776, -3.697499999999995346 ) ) ;
#4573 = CARTESIAN_POINT ( 'NONE',  ( -1.357050807568899176, -1.456859979232877671E-14, -5.384999999999996234 ) ) ;
#4574 = ORIENTED_EDGE ( 'NONE', *, *, #4035, .F. ) ;
#4575 = EDGE_CURVE ( 'NONE', #167, #3866, #2524, .T. ) ;
#4576 = CARTESIAN_POINT ( 'NONE',  ( 0.8660254037844472563, -1.500000000000033307, -1.405833333333329049 ) ) ;
#4577 = VECTOR ( 'NONE', #1998, 1000.000000000000000 ) ;
#4578 = CARTESIAN_POINT ( 'NONE',  ( -0.6785254037844494768, 1.175240473580839717, -5.468333333333329271 ) ) ;
#4579 = ORIENTED_EDGE ( 'NONE', *, *, #3651, .T. ) ;
#4580 = CARTESIAN_POINT ( 'NONE',  ( -1.299038105676672439, -0.7500000000000230926, -2.030833333333329271 ) ) ;
#4581 = CARTESIAN_POINT ( 'NONE',  ( 1.017788105676674437, -0.5876202367904421742, -1.176666666666663863 ) ) ;
#4582 = CARTESIAN_POINT ( 'NONE',  ( 0.000000000000000000, -3.168163357082304046E-16, 6.259999999999999787 ) ) ;
#4583 = ADVANCED_FACE ( 'NONE', ( #5185 ), #1846, .T. ) ;
#4584 = CARTESIAN_POINT ( 'NONE',  ( 0.09603820785165045892, 1.190576561512318943, 4.596799999999999997 ) ) ;
#4585 = CARTESIAN_POINT ( 'NONE',  ( 0.8660254037844502539, 1.499999999999998224, 0.1983333333333349713 ) ) ;
#4586 = CARTESIAN_POINT ( 'NONE',  ( -0.6785254037844500319, -1.175240473580869027, -4.739166666666664085 ) ) ;
#4587 = EDGE_LOOP ( 'NONE', ( #5987, #2942, #1970, #4047 ) ) ;
#4588 = CARTESIAN_POINT ( 'NONE',  ( 1.017788105676674437, 0.5876202367904120871, -0.03083333333333041631 ) ) ;
#4589 = ADVANCED_FACE ( 'NONE', ( #1286 ), #2707, .T. ) ;
#4590 = DIRECTION ( 'NONE',  ( 0.000000000000000000, -1.000000000000000000, 0.000000000000000000 ) ) ;
#4591 = CARTESIAN_POINT ( 'NONE',  ( -1.439254484199213045E-16, -1.175240473580869027, -5.697499999999997122 ) ) ;
#4592 = PERSON_AND_ORGANIZATION_ROLE ( 'classification_officer' ) ;
#4593 = CARTESIAN_POINT ( 'NONE',  ( -0.6785254037844491437, -1.175240473580870137, 3.198333333333335471 ) ) ;
#4594 = CARTESIAN_POINT ( 'NONE',  ( -0.8738379037844493658, -1.513531646934164199, -3.496979166666662309 ) ) ;
#4595 = ORIENTED_EDGE ( 'NONE', *, *, #357, .F. ) ;
#4596 = CARTESIAN_POINT ( 'NONE',  ( 0.9628031646469207283, -0.5158404875021167513, 6.211130278184685771 ) ) ;
#4597 = CARTESIAN_POINT ( 'NONE',  ( -0.2861895683422854830, 1.335101964132486385, 6.076609608249431638 ) ) ;
#4598 = EDGE_CURVE ( 'NONE', #6157, #3537, #578, .T. ) ;
#4599 = CARTESIAN_POINT ( 'NONE',  ( 1.357050807568898954, -1.557893340162533852E-14, 2.865000000000002878 ) ) ;
#4600 = CARTESIAN_POINT ( 'NONE',  ( -1.167134686608083172, -0.1040360803669072021, 4.587917466794174892 ) ) ;
#4601 = CARTESIAN_POINT ( 'NONE',  ( 1.836970198721050395E-16, -1.500000000000031974, 0.05250000000000390465 ) ) ;
#4602 = ORIENTED_EDGE ( 'NONE', *, *, #557, .F. ) ;
#4603 = CARTESIAN_POINT ( 'NONE',  ( 1.310756855676673105, 0.7567658234670592288, 3.164479166666668952 ) ) ;
#4604 = CARTESIAN_POINT ( 'NONE',  ( 1.017788105676675103, 0.5876202367904114210, -2.593333333333330160 ) ) ;
#4605 = CARTESIAN_POINT ( 'NONE',  ( -0.1033598099115562718, -1.178589314099673491, 4.596799999999999997 ) ) ;
#4606 = DIRECTION ( 'NONE',  ( 0.02423420014170638709, 0.1218335514324818403, 0.9922546494165902509 ) ) ;
#4607 = LINE ( 'NONE', #1718, #6149 ) ;
#4608 = CC_DESIGN_PERSON_AND_ORGANIZATION_ASSIGNMENT ( #1995, #4428, ( #1248 ) ) ;
#4609 = AXIS2_PLACEMENT_3D ( 'NONE', #2316, #3831, #2876 ) ;
#4610 = ORIENTED_EDGE ( 'NONE', *, *, #5514, .T. ) ;
#4611 = FACE_OUTER_BOUND ( 'NONE', #3078, .T. ) ;
#4612 = CARTESIAN_POINT ( 'NONE',  ( -1.017788105676674659, -0.5876202367904422852, -1.280833333333329938 ) ) ;
#4613 = EDGE_LOOP ( 'NONE', ( #3018, #34, #1381, #2070 ) ) ;
#4614 = CARTESIAN_POINT ( 'NONE',  ( 0.2254535277640285496, -1.304097710444057201, 5.576783220797650209 ) ) ;
#4615 = AXIS2_PLACEMENT_3D ( 'NONE', #711, #2111, #2078 ) ;
#4616 = CARTESIAN_POINT ( 'NONE',  ( 0.6785254037844493658, 1.175240473580839051, -0.5516666666666638630 ) ) ;
#4617 = DIRECTION ( 'NONE',  ( -0.000000000000000000, -1.224646799147353207E-16, 1.000000000000000000 ) ) ;
#4618 = DIRECTION ( 'NONE',  ( 0.000000000000000000, -1.000000000000000000, 0.000000000000000000 ) ) ;
#4619 = DIRECTION ( 'NONE',  ( -0.000000000000000000, -1.224646799147353207E-16, 1.000000000000000000 ) ) ;
#4620 = VECTOR ( 'NONE', #6049, 1000.000000000000000 ) ;
#4621 = CARTESIAN_POINT ( 'NONE',  ( -1.017788105676674437, 0.5876202367904126422, -4.364166666666664085 ) ) ;
#4622 = ORIENTED_EDGE ( 'NONE', *, *, #2345, .T. ) ;
#4623 = CARTESIAN_POINT ( 'NONE',  ( 1.017788105676674437, 0.5876202367904118651, 1.969166666666669396 ) ) ;
#4624 = CARTESIAN_POINT ( 'NONE',  ( -1.310756855676673771, 0.7567658234670584516, -2.121979166666663197 ) ) ;
#4625 = CARTESIAN_POINT ( 'NONE',  ( -0.8738379037844486996, 1.513531646934134667, -5.663645833333329271 ) ) ;
#4626 = EDGE_LOOP ( 'NONE', ( #4639, #1473, #5598, #4992 ) ) ;
#4627 = DIRECTION ( 'NONE',  ( -0.9169930745742591593, 0.3798309680908670827, 0.1218693434051478924 ) ) ;
#4628 = VECTOR ( 'NONE', #4115, 1000.000000000000114 ) ;
#4629 = DIRECTION ( 'NONE',  ( -0.000000000000000000, -1.224646799147353207E-16, 1.000000000000000000 ) ) ;
#4630 = DIRECTION ( 'NONE',  ( 0.000000000000000000, -1.000000000000000000, -1.224646799147353207E-16 ) ) ;
#4631 = CARTESIAN_POINT ( 'NONE',  ( -1.299038105676673105, 0.7499999999999921174, -0.1141666666666626140 ) ) ;
#4632 = ADVANCED_FACE ( 'NONE', ( #3119 ), #2686, .F. ) ;
#4633 = EDGE_LOOP ( 'NONE', ( #543, #2181, #212, #4656 ) ) ;
#4634 = CARTESIAN_POINT ( 'NONE',  ( 1.357050807568899176, -1.515796106441843803E-14, -0.5724999999999972333 ) ) ;
#4635 = CARTESIAN_POINT ( 'NONE',  ( -1.017788105676674659, -0.5876202367904419521, -3.843333333333330160 ) ) ;
#4636 = CARTESIAN_POINT ( 'NONE',  ( 0.2001053846336540987, -1.486592693053719882, -6.000000000000001776 ) ) ;
#4637 = CARTESIAN_POINT ( 'NONE',  ( -3.369244173210039437E-15, -0.3212021873294856888, 1.124629700242972152 ) ) ;
#4638 = CARTESIAN_POINT ( 'NONE',  ( -0.9437912857123809118, -0.7175662737080039655, 3.176519237886485048 ) ) ;
#4639 = ORIENTED_EDGE ( 'NONE', *, *, #3981, .F. ) ;
#4640 = CARTESIAN_POINT ( 'NONE',  ( -1.732050807568896511, -1.470637255723285375E-14, -4.072499999999995346 ) ) ;
#4641 =( BOUNDED_CURVE ( )  B_SPLINE_CURVE ( 3, ( #327, #5161, #807, #2172 ),
 .UNSPECIFIED., .F., .F. ) 
 B_SPLINE_CURVE_WITH_KNOTS ( ( 4, 4 ),
 ( 2.946725557337479096, 3.336459749842106248 ),
 .UNSPECIFIED. ) 
 CURVE ( )  GEOMETRIC_REPRESENTATION_ITEM ( )  RATIONAL_B_SPLINE_CURVE ( ( 1.000000000000000000, 0.9873822754559015147, 0.9873822754559015147, 1.000000000000000000 ) ) 
 REPRESENTATION_ITEM ( '' )  );
#4642 = CARTESIAN_POINT ( 'NONE',  ( -0.6785254037844500319, -1.175240473580869471, -1.739166666666662975 ) ) ;
#4643 = ORIENTED_EDGE ( 'NONE', *, *, #4696, .T. ) ;
#4644 = CARTESIAN_POINT ( 'NONE',  ( -1.199498189242979018, 0.07570317101016349470, 4.596799999999999997 ) ) ;
#4645 = CARTESIAN_POINT ( 'NONE',  ( 1.017788105676674437, -0.5876202367904422852, -0.1766666666666637242 ) ) ;
#4646 = CARTESIAN_POINT ( 'NONE',  ( 2.982077140300046357E-16, 2.435050777396621235, 4.189596514420281359 ) ) ;
#4647 = DIRECTION ( 'NONE',  ( 0.02423420014170526993, -0.1218335514324819652, -0.9922546494165902509 ) ) ;
#4648 = CARTESIAN_POINT ( 'NONE',  ( 1.299038105676672217, 0.7499999999999928946, 3.219166666666671173 ) ) ;
#4649 = CARTESIAN_POINT ( 'NONE',  ( -1.017788105676674659, -0.5876202367904418411, -4.780833333333329271 ) ) ;
#4650 = B_SPLINE_CURVE_WITH_KNOTS ( 'NONE', 3,
 ( #5182, #2755, #6069, #3107, #5597, #1275, #5152 ),
 .UNSPECIFIED., .F., .F.,
 ( 4, 3, 4 ),
 ( 0.000000000000000000, 0.0007446014679719316137, 0.001494990424876115054 ),
 .UNSPECIFIED. ) ;
#4651 = ORIENTED_EDGE ( 'NONE', *, *, #5560, .T. ) ;
#4652 = CARTESIAN_POINT ( 'NONE',  ( -1.017788105676674215, -0.5876202367904431734, 0.7191666666666691743 ) ) ;
#4653 = CARTESIAN_POINT ( 'NONE',  ( 1.358185157725198433, -0.2607495332532636656, 6.071772086592591045 ) ) ;
#4654 = CARTESIAN_POINT ( 'NONE',  ( 0.8738379037844483666, 1.513531646934134001, -2.246979166666663197 ) ) ;
#4655 = CARTESIAN_POINT ( 'NONE',  ( 0.000000000000000000, 1.513531646934134445, -3.705312499999995790 ) ) ;
#4656 = ORIENTED_EDGE ( 'NONE', *, *, #5125, .F. ) ;
#4657 = CARTESIAN_POINT ( 'NONE',  ( 1.277175285964139428, 0.2263352662769036738, 5.583964404704460982 ) ) ;
#4658 = VECTOR ( 'NONE', #336, 1000.000000000000000 ) ;
#4659 = CARTESIAN_POINT ( 'NONE',  ( 1.335342877374593007, -0.2861373716937448686, 6.076548246111994622 ) ) ;
#4660 = CARTESIAN_POINT ( 'NONE',  ( 0.000000000000000000, 1.500000000000001554, -1.697499999999995346 ) ) ;
#4661 = CARTESIAN_POINT ( 'NONE',  ( -1.732050807568896511, -1.586539073221122868E-14, 1.927500000000004432 ) ) ;
#4662 = CARTESIAN_POINT ( 'NONE',  ( 0.6785254037844502539, 1.175240473580838829, -1.489166666666664307 ) ) ;
#4663 = ORIENTED_EDGE ( 'NONE', *, *, #1172, .T. ) ;
#4664 = CIRCLE ( 'NONE', #5786, 2.749861645946508837 ) ;
#4665 = CARTESIAN_POINT ( 'NONE',  ( 1.017788105676674437, 0.5876202367904120871, -0.5308333333333303816 ) ) ;
#4666 = CARTESIAN_POINT ( 'NONE',  ( -0.8660254037844439257, -1.500000000000039524, 1.510833333333337691 ) ) ;
#4667 = EDGE_CURVE ( 'NONE', #4382, #5010, #6109, .T. ) ;
#4668 = CARTESIAN_POINT ( 'NONE',  ( -0.2972229608625789887, -0.9609583210510942441, 6.161298346890661470 ) ) ;
#4669 = FACE_OUTER_BOUND ( 'NONE', #1100, .T. ) ;
#4670 = CARTESIAN_POINT ( 'NONE',  ( 0.000000000000000000, 1.500000000000001998, -5.697499999999995346 ) ) ;
#4671 = ORIENTED_EDGE ( 'NONE', *, *, #4977, .F. ) ;
#4672 = CARTESIAN_POINT ( 'NONE',  ( -1.017788105676674659, -0.5876202367904419521, -3.843333333333330160 ) ) ;
#4673 = ORIENTED_EDGE ( 'NONE', *, *, #401, .T. ) ;
#4674 = DIRECTION ( 'NONE',  ( 0.000000000000000000, -0.9956133613080446754, -0.09356299901615358627 ) ) ;
#4675 = EDGE_CURVE ( 'NONE', #2521, #3429, #4872, .T. ) ;
#4676 = CARTESIAN_POINT ( 'NONE',  ( 1.017788105676674215, 0.5876202367904121981, -2.093333333333330160 ) ) ;
#4677 = CARTESIAN_POINT ( 'NONE',  ( 0.000000000000000000, 1.500000000000001776, -3.697499999999995346 ) ) ;
#4678 = LINE ( 'NONE', #2262, #1676 ) ;
#4679 =( BOUNDED_CURVE ( )  B_SPLINE_CURVE ( 2, ( #5751, #919, #1875, #3801, #2939, #3418, #2910, #5899, #2440, #2565, #505, #4401, #29, #1552, #3950, #2029, #4851, #5810, #1078, #4368, #1967, #2534, #5431, #534, #5335, #596, #567, #983, #4464, #3892, #2503, #5843, #3035, #3006, #1490, #3480, #5931, #4950, #2002, #62, #120, #91, #3385, #5367, #2095, #4437, #1013, #5399, #4883, #2060, #5870, #2473, #3922, #3982, #152, #1521, #2971, #3448, #1044, #1582, #3512, #4916, #5466, #1105, #4981, #626, #4497, #1458, #5015, #3129, #3639, #5966, #2657, #1136, #1167, #3097, #2687, #2215, #1197, #722, #4114, #1616, #1230, #754, #3573, #215, #4144, #3543, #1648, #2154, #5048, #5496, #694, #4599, #3063, #2624, #6091, #5077, #247, #308, #5998, #660, #789 ),
 .UNSPECIFIED., .F., .F. ) 
 B_SPLINE_CURVE_WITH_KNOTS ( ( 3, 2, 2, 2, 2, 2, 2, 2, 2, 2, 2, 2, 2, 2, 2, 2, 2, 2, 2, 2, 2, 2, 2, 2, 2, 2, 2, 2, 2, 2, 2, 2, 2, 2, 2, 2, 2, 2, 2, 2, 2, 2, 2, 2, 2, 2, 2, 2, 2, 2, 2, 3 ),
 ( 0.2500000000000000000, 0.2638888888888888951, 0.2777777777777777901, 0.2916666666666666852, 0.3055555555555555802, 0.3194444444444444198, 0.3333333333333333148, 0.3472222222222222099, 0.3611111111111111049, 0.3750000000000000000, 0.3888888888888888951, 0.4027777777777777901, 0.4166666666666666852, 0.4305555555555555802, 0.4444444444444444198, 0.4583333333333333148, 0.4722222222222222099, 0.4861111111111110494, 0.5000000000000000000, 0.5138888888888888395, 0.5277777777777777901, 0.5416666666666666297, 0.5555555555555555802, 0.5694444444444444198, 0.5833333333333333703, 0.5972222222222222099, 0.6111111111111111605, 0.6250000000000000000, 0.6388888888888888395, 0.6527777777777777901, 0.6666666666666666297, 0.6805555555555555802, 0.6944444444444444198, 0.7083333333333333703, 0.7222222222222220989, 0.7361111111111111605, 0.7500000000000000000, 0.7638888888888888395, 0.7777777777777777901, 0.7916666666666666297, 0.8055555555555555802, 0.8194444444444444198, 0.8333333333333333703, 0.8472222222222222099, 0.8611111111111111605, 0.8750000000000000000, 0.8888888888888888395, 0.9027777777777777901, 0.9166666666666666297, 0.9305555555555555802, 0.9444444444444444198, 0.9479365604120124633 ),
 .UNSPECIFIED. ) 
 CURVE ( )  GEOMETRIC_REPRESENTATION_ITEM ( )  RATIONAL_B_SPLINE_CURVE ( ( 1.000000000000000000, 0.8660254037844387076, 1.000000000000000000, 0.8660254037844387076, 1.000000000000000000, 0.8660254037844387076, 1.000000000000000000, 0.8660254037844387076, 1.000000000000000000, 0.8660254037844387076, 1.000000000000000000, 0.8660254037844387076, 1.000000000000000000, 0.8660254037844387076, 1.000000000000000000, 0.8660254037844387076, 1.000000000000000000, 0.8660254037844387076, 1.000000000000000000, 0.8660254037844387076, 1.000000000000000000, 0.8660254037844387076, 1.000000000000000000, 0.8660254037844387076, 1.000000000000000000, 0.8660254037844387076, 1.000000000000000000, 0.8660254037844387076, 1.000000000000000000, 0.8660254037844387076, 1.000000000000000000, 0.8660254037844387076, 1.000000000000000000, 0.8660254037844387076, 1.000000000000000000, 0.8660254037844387076, 1.000000000000000000, 0.8660254037844387076, 1.000000000000000000, 0.8660254037844387076, 1.000000000000000000, 0.8660254037844387076, 1.000000000000000000, 0.8660254037844387076, 1.000000000000000000, 0.8660254037844387076, 1.000000000000000000, 0.8660254037844387076, 1.000000000000000000, 0.8660254037844387076, 1.000000000000000000, 0.8660254037844387076, 1.000000000000000000, 0.8660254037844387076, 1.000000000000000000, 0.8660254037844387076, 1.000000000000000000, 0.8660254037844387076, 1.000000000000000000, 0.8660254037844387076, 1.000000000000000000, 0.8660254037844387076, 1.000000000000000000, 0.8660254037844387076, 1.000000000000000000, 0.8660254037844387076, 1.000000000000000000, 0.8660254037844387076, 1.000000000000000000, 0.8660254037844387076, 1.000000000000000000, 0.8660254037844387076, 1.000000000000000000, 0.8660254037844387076, 1.000000000000000000, 0.8660254037844387076, 1.000000000000000000, 0.8660254037844387076, 1.000000000000000000, 0.8660254037844387076, 1.000000000000000000, 0.8660254037844387076, 1.000000000000000000, 0.8660254037844387076, 1.000000000000000000, 0.8660254037844387076, 1.000000000000000000, 0.8660254037844387076, 1.000000000000000000, 0.8660254037844387076, 1.000000000000000000, 0.8660254037844387076, 1.000000000000000000, 0.8660254037844387076, 1.000000000000000000, 0.8660254037844387076, 1.000000000000000000, 0.8660254037844387076, 1.000000000000000000, 0.8660254037844387076, 1.000000000000000000, 0.9663144524781155376, 0.9495681776825830589 ) ) 
 REPRESENTATION_ITEM ( '' )  );
#4680 = CARTESIAN_POINT ( 'NONE',  ( -1.299038105676672439, -0.7500000000000229816, -3.093333333333331048 ) ) ;
#4681 = CARTESIAN_POINT ( 'NONE',  ( 0.6785254037844502539, 1.175240473580839273, -4.989166666666663197 ) ) ;
#4682 = ORIENTED_EDGE ( 'NONE', *, *, #4675, .F. ) ;
#4683 = CARTESIAN_POINT ( 'NONE',  ( 1.439254484199213045E-16, -1.175240473580869915, 0.3025000000000024336 ) ) ;
#4684 = CARTESIAN_POINT ( 'NONE',  ( -1.251243312695672572, 0.1636368741917445524, 5.073326979085527100 ) ) ;
#4685 = CARTESIAN_POINT ( 'NONE',  ( -0.8738379037844481445, -1.513531646934165087, 0.003020833333337077237 ) ) ;
#4686 = CARTESIAN_POINT ( 'NONE',  ( -1.310756855676673105, 0.7567658234670602280, -5.121979166666662309 ) ) ;
#4687 = CARTESIAN_POINT ( 'NONE',  ( 0.5899199943498298904, -0.2443528623747633910, 6.259999999999999787 ) ) ;
#4688 = CARTESIAN_POINT ( 'NONE',  ( 1.331662752906473735, -0.2869320653179737168, 6.077485728521252462 ) ) ;
#4689 = CARTESIAN_POINT ( 'NONE',  ( -1.747675807568897621, -1.451502149486607850E-14, -5.627187499999997122 ) ) ;
#4690 = CARTESIAN_POINT ( 'NONE',  ( 0.3093420000000000059, 0.000000000000000000, 6.259999999999999787 ) ) ;
#4691 = CARTESIAN_POINT ( 'NONE',  ( 1.439254484199212798E-16, -1.175240473580869249, -1.759999999999997122 ) ) ;
#4692 = CARTESIAN_POINT ( 'NONE',  ( -0.1354023959674158228, 1.196584255563242660, 4.843375607214006173 ) ) ;
#4693 = ORIENTED_EDGE ( 'NONE', *, *, #314, .F. ) ;
#4694 = CARTESIAN_POINT ( 'NONE',  ( 1.357050807568899176, -1.503549638450370288E-14, -1.572499999999997122 ) ) ;
#4695 = CARTESIAN_POINT ( 'NONE',  ( -1.017788105676674437, 0.5876202367904121981, -1.426666666666663863 ) ) ;
#4696 = EDGE_CURVE ( 'NONE', #3589, #478, #4641, .T. ) ;
#4697 = CARTESIAN_POINT ( 'NONE',  ( 0.000000000000000000, -8.205342323097518902E-18, 3.740000000000001101 ) ) ;
#4698 = CARTESIAN_POINT ( 'NONE',  ( 0.000000000000000000, 1.500000000000001554, -2.197499999999995790 ) ) ;
#4699 = CARTESIAN_POINT ( 'NONE',  ( 1.299038105676671995, -0.7500000000000239808, -2.926666666666664973 ) ) ;
#4700 = ORIENTED_EDGE ( 'NONE', *, *, #4667, .T. ) ;
#4701 = CARTESIAN_POINT ( 'NONE',  ( -1.310756855676673771, 0.7567658234670585626, -1.668854166666664529 ) ) ;
#4702 = EDGE_CURVE ( 'NONE', #893, #3301, #746, .T. ) ;
#4703 = CARTESIAN_POINT ( 'NONE',  ( -1.439254484199213045E-16, -1.175240473580869249, -4.259999999999996234 ) ) ;
#4704 = EDGE_LOOP ( 'NONE', ( #4963, #2287, #6123, #2648 ) ) ;
#4705 = CARTESIAN_POINT ( 'NONE',  ( 0.1959930849398411057, 1.250564887371533374, 5.336847168515000739 ) ) ;
#4706 = CARTESIAN_POINT ( 'NONE',  ( -0.6785254037844491437, -1.175240473580869471, -2.301666666666663641 ) ) ;
#4707 = CARTESIAN_POINT ( 'NONE',  ( 0.5640605803204570279, 0.4507650346315113521, 6.209378226151474500 ) ) ;
#4708 = CIRCLE ( 'NONE', #2976, 5.164680204508076855 ) ;
#4709 = CARTESIAN_POINT ( 'NONE',  ( 0.3502642194770613782, 1.398088463427176187, 3.323981936444416974 ) ) ;
#4710 = CARTESIAN_POINT ( 'NONE',  ( 0.07903802380660107652, 1.199154756355604645, 4.596799999999999997 ) ) ;
#4711 = CARTESIAN_POINT ( 'NONE',  ( 1.309299043774373672, 0.2001334878119581107, 5.587203213073758334 ) ) ;
#4712 = EDGE_CURVE ( 'NONE', #5685, #1611, #1228, .T. ) ;
#4713 = CARTESIAN_POINT ( 'NONE',  ( 0.6785254037844502539, 1.175240473580839051, -2.489166666666663641 ) ) ;
#4714 = AXIS2_PLACEMENT_3D ( 'NONE', #4646, #295, #4804 ) ;
#4715 = ORIENTED_EDGE ( 'NONE', *, *, #4434, .T. ) ;
#4716 = CARTESIAN_POINT ( 'NONE',  ( -1.299038105676671995, -0.7500000000000245359, 0.9691666666666706176 ) ) ;
#4717 = CARTESIAN_POINT ( 'NONE',  ( 1.439254484199213045E-16, -1.175240473580869693, -1.697499999999997344 ) ) ;
#4718 =( BOUNDED_CURVE ( )  B_SPLINE_CURVE ( 2, ( #3511, #5430, #1966, #61, #533, #1581, #5465 ),
 .UNSPECIFIED., .F., .F. ) 
 B_SPLINE_CURVE_WITH_KNOTS ( ( 3, 2, 2, 3 ),
 ( 0.08333333333333325932, 0.09722222222222209886, 0.1111111111111110633, 0.1249999999999999029 ),
 .UNSPECIFIED. ) 
 CURVE ( )  GEOMETRIC_REPRESENTATION_ITEM ( )  RATIONAL_B_SPLINE_CURVE ( ( 1.000000000000001110, 0.8660254037844375974, 1.000000000000000000, 0.8660254037844387076, 1.000000000000000000, 0.8660254037844395958, 0.9999999999999991118 ) ) 
 REPRESENTATION_ITEM ( '' )  );
#4719 = CARTESIAN_POINT ( 'NONE',  ( -0.8738379037844481445, -1.513531646934165087, 1.003020833333337247 ) ) ;
#4720 = CONICAL_SURFACE ( 'NONE', #3290, 1.344393210065480515, 0.5393067388662433626 ) ;
#4721 = B_SPLINE_CURVE_WITH_KNOTS ( 'NONE', 3,
 ( #6053, #2856, #6168, #4255 ),
 .UNSPECIFIED., .F., .F.,
 ( 4, 4 ),
 ( 1.084202172485504434E-19, 8.279030431676586343E-05 ),
 .UNSPECIFIED. ) ;
#4722 = CARTESIAN_POINT ( 'NONE',  ( 0.8738379037844482555, -1.513531646934165087, -1.913645833333329715 ) ) ;
#4723 = CARTESIAN_POINT ( 'NONE',  ( -1.299038105676673105, 0.7499999999999916733, 2.385833333333337247 ) ) ;
#4724 = CARTESIAN_POINT ( 'NONE',  ( -1.299038105676673105, 0.7499999999999918954, 2.823333333333335027 ) ) ;
#4725 = CIRCLE ( 'NONE', #770, 1.201884718306285516 ) ;
#4726 = CARTESIAN_POINT ( 'NONE',  ( -0.8738379037844493658, -1.513531646934163755, -4.043854166666664973 ) ) ;
#4727 = CARTESIAN_POINT ( 'NONE',  ( -0.8660254037844521413, 1.499999999999996003, 1.844166666666670285 ) ) ;
#4728 = CARTESIAN_POINT ( 'NONE',  ( -2.878508968398425596E-16, 1.175240473580839495, -2.509999999999997122 ) ) ;
#4729 = CARTESIAN_POINT ( 'NONE',  ( 1.357050807568899176, -1.493159754786137634E-14, -5.134999999999997122 ) ) ;
#4730 = AXIS2_PLACEMENT_3D ( 'NONE', #3916, #942, #3883 ) ;
#4731 = ORIENTED_EDGE ( 'NONE', *, *, #5785, .T. ) ;
#4732 = CARTESIAN_POINT ( 'NONE',  ( 0.6785254037844500319, -1.175240473580869471, -0.1558333333333307424 ) ) ;
#4733 = B_SPLINE_CURVE_WITH_KNOTS ( 'NONE', 3,
 ( #487, #4380, #11, #3462, #3932, #5410, #2890, #5792, #1056, #2423 ),
 .UNSPECIFIED., .F., .F.,
 ( 4, 2, 2, 2, 4 ),
 ( 0.000000000000000000, 0.0003900157018118361970, 0.0007800314036236723940, 0.001170047105435508645, 0.001560062807247345222 ),
 .UNSPECIFIED. ) ;
#4734 = DIRECTION ( 'NONE',  ( 0.000000000000000000, -1.000000000000000000, 0.000000000000000000 ) ) ;
#4735 = CARTESIAN_POINT ( 'NONE',  ( -0.8660254037844480335, -1.500000000000033085, 0.9483333333333349158 ) ) ;
#4736 = CARTESIAN_POINT ( 'NONE',  ( 1.299038105676672883, 0.7499999999999922284, -2.280833333333328383 ) ) ;
#4737 = CARTESIAN_POINT ( 'NONE',  ( 0.000000000000000000, 1.175240473580839495, -0.9474999999999969003 ) ) ;
#4738 = ORIENTED_EDGE ( 'NONE', *, *, #5486, .F. ) ;
#4739 = AXIS2_PLACEMENT_3D ( 'NONE', #1095, #1126, #4041 ) ;
#4740 = CYLINDRICAL_SURFACE ( 'NONE', #5323, 1.500000000000000888 ) ;
#4741 = VERTEX_POINT ( 'NONE', #741 ) ;
#4742 = CARTESIAN_POINT ( 'NONE',  ( -0.4722784313483913143, -0.5133079544288834395, 6.213072483967408743 ) ) ;
#4743 = CARTESIAN_POINT ( 'NONE',  ( 0.6785254037844493658, 1.175240473580838829, 0.9483333333333362480 ) ) ;
#4744 = CARTESIAN_POINT ( 'NONE',  ( -3.673940397442100790E-16, 1.500000000000001332, 1.802500000000004210 ) ) ;
#4745 = CARTESIAN_POINT ( 'NONE',  ( 0.8244627137499916936, -0.9815960892257361570, 3.236375936961879418 ) ) ;
#4746 = CARTESIAN_POINT ( 'NONE',  ( 0.09036918427905128726, 1.194815747780120230, 4.596799999999999997 ) ) ;
#4747 = CARTESIAN_POINT ( 'NONE',  ( 0.8660254037844449249, -1.500000000000039524, 2.531666666666668064 ) ) ;
#4748 = EDGE_CURVE ( 'NONE', #2395, #630, #2614, .T. ) ;
#4749 = CARTESIAN_POINT ( 'NONE',  ( 1.017788105676675103, 0.5876202367904113100, -2.030833333333329715 ) ) ;
#4750 = VERTEX_POINT ( 'NONE', #714 ) ;
#4751 = CARTESIAN_POINT ( 'NONE',  ( 1.168159110932235123, -0.1051267183062932348, 4.596799999999999997 ) ) ;
#4752 = CARTESIAN_POINT ( 'NONE',  ( 1.357050807568899176, -1.521919340437580560E-14, -0.07249999999999726108 ) ) ;
#4753 = EDGE_CURVE ( 'NONE', #5715, #312, #3169, .T. ) ;
#4754 = CARTESIAN_POINT ( 'NONE',  ( -0.8738379037844481445, -1.513531646934165087, 1.503020833333336803 ) ) ;
#4755 = CARTESIAN_POINT ( 'NONE',  ( -1.031104151165660010, -1.094913226505324744, -6.006234223811922845 ) ) ;
#4756 = CARTESIAN_POINT ( 'NONE',  ( 1.199154756355603535, -0.07903802380660616966, 4.596799999999999997 ) ) ;
#4757 = CARTESIAN_POINT ( 'NONE',  ( -1.299038105676672217, 0.7499999999999935607, -2.176666666666665417 ) ) ;
#4758 = CARTESIAN_POINT ( 'NONE',  ( 0.8738379037844482555, -1.513531646934164643, -5.960520833333331048 ) ) ;
#4759 = CARTESIAN_POINT ( 'NONE',  ( 1.732050807568896511, -1.539849414003630251E-14, -1.884999999999998233 ) ) ;
#4760 = CARTESIAN_POINT ( 'NONE',  ( -1.017788105676673993, -0.5876202367904430623, -0.3433333333333304926 ) ) ;
#4761 = CARTESIAN_POINT ( 'NONE',  ( -0.6785254037844494768, 1.175240473580839717, -3.968333333333330604 ) ) ;
#4762 = VERTEX_POINT ( 'NONE', #452 ) ;
#4763 = CARTESIAN_POINT ( 'NONE',  ( -2.878508968398426089E-16, 1.175240473580839495, -1.947499999999996900 ) ) ;
#4764 = CARTESIAN_POINT ( 'NONE',  ( -1.357050807568899176, -1.505845851198771414E-14, -1.384999999999996678 ) ) ;
#4765 = LINE ( 'NONE', #5688, #3280 ) ;
#4766 = CARTESIAN_POINT ( 'NONE',  ( 0.3273190898542916449, -0.8836630409603465353, 6.276629229193637194 ) ) ;
#4767 = CARTESIAN_POINT ( 'NONE',  ( 0.000000000000000000, 1.175240473580839939, -5.447499999999996234 ) ) ;
#4768 = ORIENTED_EDGE ( 'NONE', *, *, #2909, .F. ) ;
#4769 = DIRECTION ( 'NONE',  ( 1.224646799147353207E-16, 1.000000000000000000, 0.000000000000000000 ) ) ;
#4770 = ORIENTED_EDGE ( 'NONE', *, *, #3, .T. ) ;
#4771 = FACE_OUTER_BOUND ( 'NONE', #607, .T. ) ;
#4772 = CARTESIAN_POINT ( 'NONE',  ( 1.017788105676674215, 0.5876202367904117541, 1.906666666666669396 ) ) ;
#4773 = CARTESIAN_POINT ( 'NONE',  ( 3.508723542161862662E-16, 2.749861645946508837, 3.740000000000001101 ) ) ;
#4774 = CARTESIAN_POINT ( 'NONE',  ( -3.673940397442101283E-16, 1.500000000000001554, 0.2400000000000019618 ) ) ;
#4775 = ORIENTED_EDGE ( 'NONE', *, *, #2758, .T. ) ;
#4776 = DIRECTION ( 'NONE',  ( -0.000000000000000000, -1.224646799147353207E-16, 1.000000000000000000 ) ) ;
#4777 = VERTEX_POINT ( 'NONE', #3308 ) ;
#4778 = CARTESIAN_POINT ( 'NONE',  ( 1.836970198721050395E-16, -1.500000000000032196, 1.052500000000003988 ) ) ;
#4779 = CARTESIAN_POINT ( 'NONE',  ( 1.017788105676674437, 0.5876202367904120871, -0.5308333333333303816 ) ) ;
#4780 = ADVANCED_FACE ( 'NONE', ( #1378 ), #4258, .T. ) ;
#4781 = CARTESIAN_POINT ( 'NONE',  ( -0.8738379037844495878, 1.513531646934133557, 1.336354166666670062 ) ) ;
#4782 = CARTESIAN_POINT ( 'NONE',  ( -1.310756855676673327, -0.7567658234670896489, -1.538645833333329271 ) ) ;
#4783 = CARTESIAN_POINT ( 'NONE',  ( 0.000000000000000000, -3.168163357082304046E-16, 6.259999999999999787 ) ) ;
#4784 = VECTOR ( 'NONE', #3343, 1000.000000000000114 ) ;
#4785 = EDGE_CURVE ( 'NONE', #3391, #2443, #5434, .T. ) ;
#4786 = CARTESIAN_POINT ( 'NONE',  ( 1.747675807568897621, -1.509615946149679775E-14, -4.377187499999998010 ) ) ;
#4787 = CARTESIAN_POINT ( 'NONE',  ( 0.000000000000000000, 0.000000000000000000, 0.000000000000000000 ) ) ;
#4788 = CARTESIAN_POINT ( 'NONE',  ( -1.357050807568898954, -1.539084009754163314E-14, -1.384999999999996900 ) ) ;
#4789 = CARTESIAN_POINT ( 'NONE',  ( 0.000000000000000000, 1.175240473580839717, -3.009999999999996678 ) ) ;
#4790 = CARTESIAN_POINT ( 'NONE',  ( -3.673940397442101283E-16, 1.500000000000001110, 2.740000000000001545 ) ) ;
#4791 = CARTESIAN_POINT ( 'NONE',  ( 0.6785254037844500319, -1.175240473580869915, 1.844166666666669396 ) ) ;
#4792 = EDGE_CURVE ( 'NONE', #998, #1752, #2393, .T. ) ;
#4793 =( BOUNDED_CURVE ( )  B_SPLINE_CURVE ( 2, ( #4364, #5867, #1425, #4432, #1454, #1933, #5300 ),
 .UNSPECIFIED., .F., .F. ) 
 B_SPLINE_CURVE_WITH_KNOTS ( ( 3, 2, 2, 3 ),
 ( 0.6818181818181818787, 0.6969696969696971278, 0.7121212121212121549, 0.7272727272727272929 ),
 .UNSPECIFIED. ) 
 CURVE ( )  GEOMETRIC_REPRESENTATION_ITEM ( )  RATIONAL_B_SPLINE_CURVE ( ( 0.9999999999999990008, 0.8660254037844397068, 1.000000000000000000, 0.8660254037844387076, 1.000000000000000000, 0.8660254037844387076, 1.000000000000000000 ) ) 
 REPRESENTATION_ITEM ( '' )  );
#4794 = FACE_OUTER_BOUND ( 'NONE', #3174, .T. ) ;
#4795 = DIRECTION ( 'NONE',  ( 0.000000000000000000, -1.000000000000000000, 0.000000000000000000 ) ) ;
#4796 = PLANE ( 'NONE',  #5342 ) ;
#4797 = CARTESIAN_POINT ( 'NONE',  ( 0.6785254037844492547, -1.175240473580869915, -1.155833333333329938 ) ) ;
#4798 = ORIENTED_EDGE ( 'NONE', *, *, #3456, .T. ) ;
#4799 = CARTESIAN_POINT ( 'NONE',  ( 0.8738379037844493658, -1.513531646934164421, -1.960520833333331492 ) ) ;
#4800 = EDGE_LOOP ( 'NONE', ( #2056, #4807, #5153, #5554 ) ) ;
#4801 = CARTESIAN_POINT ( 'NONE',  ( 1.299038105676672439, 0.7499999999999933387, 1.156666666666668286 ) ) ;
#4802 = CARTESIAN_POINT ( 'NONE',  ( -1.017788105676674881, 0.5876202367904108659, 1.073333333333336359 ) ) ;
#4803 = CARTESIAN_POINT ( 'NONE',  ( 0.4538728123416846949, -0.5671683580306338124, 6.242448403943561708 ) ) ;
#4804 = DIRECTION ( 'NONE',  ( 1.224646799147353454E-16, 1.000000000000000000, 0.000000000000000000 ) ) ;
#4805 = ORIENTED_EDGE ( 'NONE', *, *, #1680, .T. ) ;
#4806 = DIRECTION ( 'NONE',  ( 0.000000000000000000, 1.224646799147353207E-16, -1.000000000000000000 ) ) ;
#4807 = ORIENTED_EDGE ( 'NONE', *, *, #1132, .T. ) ;
#4808 = CARTESIAN_POINT ( 'NONE',  ( 0.6785254037844500319, -1.175240473580869471, -0.6558333333333307147 ) ) ;
#4809 = CARTESIAN_POINT ( 'NONE',  ( -0.8738379037844495878, 1.513531646934133557, 1.836354166666670062 ) ) ;
#4810 = CARTESIAN_POINT ( 'NONE',  ( -1.853541686826127979E-16, -1.513531646934164421, -2.455312499999996678 ) ) ;
#4811 = AXIS2_PLACEMENT_3D ( 'NONE', #772, #2670, #679 ) ;
#4812 = LINE ( 'NONE', #461, #724 ) ;
#4813 = TOROIDAL_SURFACE ( 'NONE', #3283, 2.435050777396621235, 0.5488559999999996775 ) ;
#4814 = CARTESIAN_POINT ( 'NONE',  ( 1.310756855676672883, -0.7567658234670899819, -5.918854166666664085 ) ) ;
#4815 = CALENDAR_DATE ( 2026, 8, 1 ) ;
#4816 = CARTESIAN_POINT ( 'NONE',  ( -1.357050807568898954, -1.532960775758426557E-14, -1.884999999999996900 ) ) ;
#4817 = EDGE_CURVE ( 'NONE', #3301, #3491, #1347, .T. ) ;
#4818 = CARTESIAN_POINT ( 'NONE',  ( 1.017788105676675103, 0.5876202367904114210, -3.093333333333330160 ) ) ;
#4819 = CARTESIAN_POINT ( 'NONE',  ( -1.299038105676673105, 0.7499999999999920064, 0.3858333333333373583 ) ) ;
#4820 = CARTESIAN_POINT ( 'NONE',  ( 1.017788105676674437, 0.5876202367904116430, 2.969166666666669396 ) ) ;
#4821 = CARTESIAN_POINT ( 'NONE',  ( -0.6785254037844500319, -1.175240473580869027, -4.801666666666663197 ) ) ;
#4822 = CARTESIAN_POINT ( 'NONE',  ( 1.183090911502124642, 0.1013773601154161208, 4.596799999999999997 ) ) ;
#4823 = FACE_OUTER_BOUND ( 'NONE', #1782, .T. ) ;
#4824 = CYLINDRICAL_SURFACE ( 'NONE', #670, 0.2109150000000000191 ) ;
#4825 = CARTESIAN_POINT ( 'NONE',  ( 0.6785254037844502539, 1.175240473580839495, -5.489166666666664085 ) ) ;
#4826 = ADVANCED_FACE ( 'NONE', ( #6201 ), #2489, .F. ) ;
#4827 = VECTOR ( 'NONE', #2542, 999.9999999999998863 ) ;
#4828 = ORIENTED_EDGE ( 'NONE', *, *, #1999, .T. ) ;
#4829 = CARTESIAN_POINT ( 'NONE',  ( -3.707083373652255957E-16, 1.513531646934134223, -0.2521874999999976219 ) ) ;
#4830 = AXIS2_PLACEMENT_3D ( 'NONE', #723, #1710, #2566 ) ;
#4831 = VERTEX_POINT ( 'NONE', #2831 ) ;
#4832 = CARTESIAN_POINT ( 'NONE',  ( 0.000000000000000000, -8.205342323097518902E-18, 3.740000000000001101 ) ) ;
#4833 = CARTESIAN_POINT ( 'NONE',  ( 0.6785254037844499209, -1.175240473580869471, 2.781666666666669396 ) ) ;
#4834 = CYLINDRICAL_SURFACE ( 'NONE', #3707, 1.500000000000000888 ) ;
#4835 = CARTESIAN_POINT ( 'NONE',  ( -1.355181120074649748, -0.3555293622074385262, -6.173802853854722272 ) ) ;
#4836 = ORIENTED_EDGE ( 'NONE', *, *, #2380, .F. ) ;
#4837 = DIRECTION ( 'NONE',  ( 0.000000000000000000, -1.000000000000000000, 0.000000000000000000 ) ) ;
#4838 = VERTEX_POINT ( 'NONE', #4194 ) ;
#4839 = CARTESIAN_POINT ( 'NONE',  ( -1.017788105676675103, 0.5876202367904111989, -1.364166666666663863 ) ) ;
#4840 = CARTESIAN_POINT ( 'NONE',  ( 0.8660254037844528074, 1.499999999999994671, -1.301666666666665417 ) ) ;
#4841 = CARTESIAN_POINT ( 'NONE',  ( -1.836970198721050395E-16, -1.500000000000031974, -1.509999999999998010 ) ) ;
#4842 =( BOUNDED_CURVE ( )  B_SPLINE_CURVE ( 2, ( #3951, #1014, #63, #4465, #5811, #1938, #5400 ),
 .UNSPECIFIED., .F., .F. ) 
 B_SPLINE_CURVE_WITH_KNOTS ( ( 3, 2, 2, 3 ),
 ( 0.8749999999999997780, 0.8888888888888887285, 0.9027777777777776791, 0.9166666666666666297 ),
 .UNSPECIFIED. ) 
 CURVE ( )  GEOMETRIC_REPRESENTATION_ITEM ( )  RATIONAL_B_SPLINE_CURVE ( ( 1.000000000000002220, 0.8660254037844365982, 1.000000000000000000, 0.8660254037844387076, 1.000000000000000000, 0.8660254037844387076, 1.000000000000000000 ) ) 
 REPRESENTATION_ITEM ( '' )  );
#4843 = CARTESIAN_POINT ( 'NONE',  ( 0.000000000000000000, 1.500000000000001776, -2.259999999999997566 ) ) ;
#4844 = CARTESIAN_POINT ( 'NONE',  ( 1.310756855676673771, 0.7567658234670587847, -3.335520833333331048 ) ) ;
#4845 = PERSON_AND_ORGANIZATION ( #4406, #5444 ) ;
#4846 = CARTESIAN_POINT ( 'NONE',  ( 1.357050807568898954, -1.527277170183850065E-14, 0.3650000000000028777 ) ) ;
#4847 = CARTESIAN_POINT ( 'NONE',  ( 0.6785254037844502539, 1.175240473580839051, -3.051666666666663197 ) ) ;
#4848 = CARTESIAN_POINT ( 'NONE',  ( -1.017788105676674215, -0.5876202367904435064, 3.219166666666669396 ) ) ;
#4849 = CARTESIAN_POINT ( 'NONE',  ( 1.017788105676674215, -0.5876202367904428403, -2.676666666666663641 ) ) ;
#4850 = CARTESIAN_POINT ( 'NONE',  ( -1.299038105676671995, -0.7500000000000247580, 2.969166666666670729 ) ) ;
#4851 = CARTESIAN_POINT ( 'NONE',  ( -1.017788105676673993, -0.5876202367904430623, -0.3433333333333304926 ) ) ;
#4852 = CARTESIAN_POINT ( 'NONE',  ( -1.255999165852225374, -0.1374464821838533857, 5.087305397887781133 ) ) ;
#4853 = CARTESIAN_POINT ( 'NONE',  ( -1.017788105676674437, 0.5876202367904127533, -5.864166666666663197 ) ) ;
#4854 = ORIENTED_EDGE ( 'NONE', *, *, #5796, .F. ) ;
#4855 = CARTESIAN_POINT ( 'NONE',  ( 1.853541686826127979E-16, -1.513531646934164865, 0.4978125000000017120 ) ) ;
#4856 = EDGE_CURVE ( 'NONE', #2709, #4, #2691, .T. ) ;
#4857 = ORIENTED_EDGE ( 'NONE', *, *, #3103, .F. ) ;
#4858 = CARTESIAN_POINT ( 'NONE',  ( 1.299038105676672217, 0.7499999999999933387, -0.7808333333333293824 ) ) ;
#4859 = CARTESIAN_POINT ( 'NONE',  ( -1.017788105676674881, 0.5876202367904106438, 3.073333333333335915 ) ) ;
#4860 = CARTESIAN_POINT ( 'NONE',  ( 0.000000000000000000, -3.168163357082304046E-16, 6.259999999999999787 ) ) ;
#4861 = CARTESIAN_POINT ( 'NONE',  ( -0.2374246436683931094, -1.465538604639930576, -6.033550402980188743 ) ) ;
#4862 = ORIENTED_EDGE ( 'NONE', *, *, #5272, .F. ) ;
#4863 = DIRECTION ( 'NONE',  ( -0.000000000000000000, -1.224646799147353207E-16, 1.000000000000000000 ) ) ;
#4865 = ADVANCED_FACE ( 'NONE', ( #4289 ), #3399, .F. ) ;
#4864 = CARTESIAN_POINT ( 'NONE',  ( -1.439254484199213045E-16, -1.175240473580869471, -3.697499999999996678 ) ) ;
#4866 = ORIENTED_EDGE ( 'NONE', *, *, #635, .T. ) ;
#4867 = CARTESIAN_POINT ( 'NONE',  ( 0.2870500636019515661, -1.328023899308128586, 6.078446747423948970 ) ) ;
#4868 = CARTESIAN_POINT ( 'NONE',  ( -0.6785254037844492547, -1.175240473580870137, -0.7391666666666639740 ) ) ;
#4869 = CARTESIAN_POINT ( 'NONE',  ( 1.853541686826127732E-16, -1.513531646934164643, 2.044687500000002878 ) ) ;
#4870 = CARTESIAN_POINT ( 'NONE',  ( 1.255209357433234141, 0.1377316623241236215, 5.090060502557290256 ) ) ;
#4871 = CARTESIAN_POINT ( 'NONE',  ( 0.000000000000000000, 1.500000000000002220, -5.759999999999998010 ) ) ;
#4872 = B_SPLINE_CURVE_WITH_KNOTS ( 'NONE', 3,
 ( #1758, #3084, #3690, #5066, #1217, #5099 ),
 .UNSPECIFIED., .F., .F.,
 ( 4, 2, 4 ),
 ( 1.003341099549005304E-17, 0.0004730054561822201746, 0.0009460109123644303746 ),
 .UNSPECIFIED. ) ;
#4873 = CARTESIAN_POINT ( 'NONE',  ( 0.000000000000000000, -1.500000000000001110, 6.259999999999999787 ) ) ;
#4874 = CARTESIAN_POINT ( 'NONE',  ( -1.310756855676673105, 0.7567658234670600059, -2.668854166666664085 ) ) ;
#4875 =( LENGTH_UNIT ( ) NAMED_UNIT ( * ) SI_UNIT ( .MILLI., .METRE. ) );
#4876 = CARTESIAN_POINT ( 'NONE',  ( -1.017788105676673993, -0.5876202367904432844, 2.156666666666669396 ) ) ;
#4877 = CARTESIAN_POINT ( 'NONE',  ( 0.000000000000000000, 1.513531646934134889, -6.705312499999996234 ) ) ;
#4878 = CARTESIAN_POINT ( 'NONE',  ( -3.673940397442100790E-16, 1.500000000000001554, 0.3025000000000041545 ) ) ;
#4879 = CARTESIAN_POINT ( 'NONE',  ( 1.439254484199213045E-16, -1.175240473580870137, 0.8025000000000024336 ) ) ;
#4880 =( BOUNDED_SURFACE ( )  B_SPLINE_SURFACE ( 1, 2, ( 
 ( #5087, #129, #2163, #1626, #604, #3551, #340, #3619, #2278, #5504, #1145, #5056, #1113, #1207, #1807, #3044, #2604, #3074, #1087, #2634, #2543, #2069, #3138, #5942, #1591, #5025, #673, #4573, #6214, #977, #3764, #1868, #434, #4729, #4272, #467, #1424, #1932, #2371, #2813, #3287, #2780, #5775, #2312, #2435, #373, #3796, #6184, #3349, #3827, #1904, #4243, #5683, #944, #1838, #5714, #886, #2342, #849, #2903, #4363, #4761, #915, #1962, #5746, #4303, #3378, #5299, #1330, #1360, #6248, #5805, #5238, #405, #3255, #5207, #1392, #2871, #3320, #5269, #24, #2843, #4818, #4847, #4789, #2407, #4333, #6276, #3856, #1453, #5327, #499, #1997, #5960, #4430, #561, #146, #4490, #3000, #5425, #179, #1515, #1485, #1099, #3507, #5866, #3029, #2055, #2498, #2088, #115, #3944, #1610, #2934, #4975, #1040, #5837, #3443, #3536, #620, #3060, #2965, #4910, #590, #3918, #2557, #5490, #57, #1074, #5394, #2591, #4459, #3413 ),
 ( #4877, #4011, #5360, #85, #1130, #2024, #5893, #4944, #529, #1547, #5009, #5925, #654, #2527, #3475, #3975, #1008, #1576, #2467, #4527, #4396, #5460, #3885, #2211, #274, #4625, #5519, #2119, #3666, #1161, #3092, #3603, #5072, #3568, #5647, #812, #5553, #3634, #4686, #719, #748, #6116, #6085, #4046, #5043, #2681, #2239, #4558, #1192, #5993, #1643, #690, #4140, #2620, #211, #5168, #2149, #1733, #3699, #3125, #1259, #2654, #3157, #5615, #3187, #5137, #783, #241, #4075, #6021, #4170, #2713, #4655, #1224, #1765, #1672, #4107, #4594, #304, #2180, #6056, #1292, #1705, #3219, #5584, #5105, #2744, #969, #2865, #1830, #3788, #4266, #5321, #2897, #3756, #1354, #5738, #2334, #1898, #2400, #1322, #6207, #4810, #6151, #4203, #5770, #5263, #908, #2366, #333, #1447, #5708, #5291, #4294, #1386, #4722, #6272, #2270, #3727, #1418, #5798, #3822, #3314, #3342, #4782, #3279, #1800, #5676, #937, #4236, #460, #6241, #5232 ) ),
 .UNSPECIFIED., .F., .F., .F. ) 
 B_SPLINE_SURFACE_WITH_KNOTS ( ( 2, 2 ),
 ( 3, 2, 2, 2, 2, 2, 2, 2, 2, 2, 2, 2, 2, 2, 2, 2, 2, 2, 2, 2, 2, 2, 2, 2, 2, 2, 2, 2, 2, 2, 2, 2, 2, 2, 2, 2, 2, 2, 2, 2, 2, 2, 2, 2, 2, 2, 2, 2, 2, 2, 2, 2, 2, 2, 2, 2, 2, 2, 2, 2, 2, 2, 2, 2, 2, 2, 3 ),
 ( 0.000000000000000000, 1.000000000000000000 ),
 ( 0.000000000000000000, 0.01515151515151515194, 0.03030303030303030387, 0.04545454545454545581, 0.06060606060606060774, 0.07575757575757575968, 0.09090909090909091161, 0.1060606060606060635, 0.1212121212121212155, 0.1363636363636363535, 0.1515151515151515194, 0.1666666666666666574, 0.1818181818181818232, 0.1969696969696969613, 0.2121212121212121271, 0.2272727272727272652, 0.2424242424242424310, 0.2575757575757575690, 0.2727272727272727071, 0.2878787878787879007, 0.3030303030303030387, 0.3181818181818181768, 0.3333333333333333148, 0.3484848484848485084, 0.3636363636363636465, 0.3787878787878787845, 0.3939393939393939226, 0.4090909090909091161, 0.4242424242424242542, 0.4393939393939393923, 0.4545454545454545303, 0.4696969696969697239, 0.4848484848484848619, 0.5000000000000000000, 0.5151515151515151381, 0.5303030303030302761, 0.5454545454545454142, 0.5606060606060605522, 0.5757575757575758013, 0.5909090909090909394, 0.6060606060606060774, 0.6212121212121212155, 0.6363636363636363535, 0.6515151515151514916, 0.6666666666666666297, 0.6818181818181817677, 0.6969696969696970168, 0.7121212121212121549, 0.7272727272727272929, 0.7424242424242424310, 0.7575757575757575690, 0.7727272727272727071, 0.7878787878787878451, 0.8030303030303029832, 0.8181818181818182323, 0.8333333333333333703, 0.8484848484848485084, 0.8636363636363636465, 0.8787878787878787845, 0.8939393939393939226, 0.9090909090909090606, 0.9242424242424241987, 0.9393939393939394478, 0.9545454545454545858, 0.9696969696969697239, 0.9848484848484848619, 1.000000000000000000 ),
 .UNSPECIFIED. ) 
 GEOMETRIC_REPRESENTATION_ITEM ( )  RATIONAL_B_SPLINE_SURFACE ( (
 ( 1.000000000000000000, 0.8660254037844387076, 1.000000000000000000, 0.8660254037844387076, 1.000000000000000000, 0.8660254037844387076, 1.000000000000000000, 0.8660254037844387076, 1.000000000000000000, 0.8660254037844387076, 1.000000000000000000, 0.8660254037844387076, 1.000000000000000000, 0.8660254037844387076, 1.000000000000000000, 0.8660254037844387076, 1.000000000000000000, 0.8660254037844387076, 1.000000000000000000, 0.8660254037844387076, 1.000000000000000000, 0.8660254037844387076, 1.000000000000000000, 0.8660254037844387076, 1.000000000000000000, 0.8660254037844387076, 1.000000000000000000, 0.8660254037844387076, 1.000000000000000000, 0.8660254037844387076, 1.000000000000000000, 0.8660254037844387076, 1.000000000000000000, 0.8660254037844387076, 1.000000000000000000, 0.8660254037844387076, 1.000000000000000000, 0.8660254037844387076, 1.000000000000000000, 0.8660254037844387076, 1.000000000000000000, 0.8660254037844387076, 1.000000000000000000, 0.8660254037844387076, 1.000000000000000000, 0.8660254037844387076, 1.000000000000000000, 0.8660254037844387076, 1.000000000000000000, 0.8660254037844387076, 1.000000000000000000, 0.8660254037844387076, 1.000000000000000000, 0.8660254037844387076, 1.000000000000000000, 0.8660254037844387076, 1.000000000000000000, 0.8660254037844387076, 1.000000000000000000, 0.8660254037844387076, 1.000000000000000000, 0.8660254037844387076, 1.000000000000000000, 0.8660254037844387076, 1.000000000000000000, 0.8660254037844387076, 1.000000000000000000, 0.8660254037844387076, 1.000000000000000000, 0.8660254037844387076, 1.000000000000000000, 0.8660254037844387076, 1.000000000000000000, 0.8660254037844387076, 1.000000000000000000, 0.8660254037844387076, 1.000000000000000000, 0.8660254037844387076, 1.000000000000000000, 0.8660254037844387076, 1.000000000000000000, 0.8660254037844387076, 1.000000000000000000, 0.8660254037844387076, 1.000000000000000000, 0.8660254037844387076, 1.000000000000000000, 0.8660254037844387076, 1.000000000000000000, 0.8660254037844387076, 1.000000000000000000, 0.8660254037844387076, 1.000000000000000000, 0.8660254037844387076, 1.000000000000000000, 0.8660254037844387076, 1.000000000000000000, 0.8660254037844387076, 1.000000000000000000, 0.8660254037844387076, 1.000000000000000000, 0.8660254037844387076, 1.000000000000000000, 0.8660254037844387076, 1.000000000000000000, 0.8660254037844387076, 1.000000000000000000, 0.8660254037844387076, 1.000000000000000000, 0.8660254037844387076, 1.000000000000000000, 0.8660254037844387076, 1.000000000000000000, 0.8660254037844387076, 1.000000000000000000, 0.8660254037844387076, 1.000000000000000000, 0.8660254037844387076, 1.000000000000000000, 0.8660254037844387076, 1.000000000000000000, 0.8660254037844387076, 1.000000000000000000, 0.8660254037844387076, 1.000000000000000000, 0.8660254037844387076, 1.000000000000000000, 0.8660254037844387076, 1.000000000000000000, 0.8660254037844387076, 1.000000000000000000, 0.8660254037844387076, 1.000000000000000000),
 ( 1.000000000000000000, 0.8660254037844387076, 1.000000000000000000, 0.8660254037844387076, 1.000000000000000000, 0.8660254037844387076, 1.000000000000000000, 0.8660254037844387076, 1.000000000000000000, 0.8660254037844387076, 1.000000000000000000, 0.8660254037844387076, 1.000000000000000000, 0.8660254037844387076, 1.000000000000000000, 0.8660254037844387076, 1.000000000000000000, 0.8660254037844387076, 1.000000000000000000, 0.8660254037844387076, 1.000000000000000000, 0.8660254037844387076, 1.000000000000000000, 0.8660254037844387076, 1.000000000000000000, 0.8660254037844387076, 1.000000000000000000, 0.8660254037844387076, 1.000000000000000000, 0.8660254037844387076, 1.000000000000000000, 0.8660254037844387076, 1.000000000000000000, 0.8660254037844387076, 1.000000000000000000, 0.8660254037844387076, 1.000000000000000000, 0.8660254037844387076, 1.000000000000000000, 0.8660254037844387076, 1.000000000000000000, 0.8660254037844387076, 1.000000000000000000, 0.8660254037844387076, 1.000000000000000000, 0.8660254037844387076, 1.000000000000000000, 0.8660254037844387076, 1.000000000000000000, 0.8660254037844387076, 1.000000000000000000, 0.8660254037844387076, 1.000000000000000000, 0.8660254037844387076, 1.000000000000000000, 0.8660254037844387076, 1.000000000000000000, 0.8660254037844387076, 1.000000000000000000, 0.8660254037844387076, 1.000000000000000000, 0.8660254037844387076, 1.000000000000000000, 0.8660254037844387076, 1.000000000000000000, 0.8660254037844387076, 1.000000000000000000, 0.8660254037844387076, 1.000000000000000000, 0.8660254037844387076, 1.000000000000000000, 0.8660254037844387076, 1.000000000000000000, 0.8660254037844387076, 1.000000000000000000, 0.8660254037844387076, 1.000000000000000000, 0.8660254037844387076, 1.000000000000000000, 0.8660254037844387076, 1.000000000000000000, 0.8660254037844387076, 1.000000000000000000, 0.8660254037844387076, 1.000000000000000000, 0.8660254037844387076, 1.000000000000000000, 0.8660254037844387076, 1.000000000000000000, 0.8660254037844387076, 1.000000000000000000, 0.8660254037844387076, 1.000000000000000000, 0.8660254037844387076, 1.000000000000000000, 0.8660254037844387076, 1.000000000000000000, 0.8660254037844387076, 1.000000000000000000, 0.8660254037844387076, 1.000000000000000000, 0.8660254037844387076, 1.000000000000000000, 0.8660254037844387076, 1.000000000000000000, 0.8660254037844387076, 1.000000000000000000, 0.8660254037844387076, 1.000000000000000000, 0.8660254037844387076, 1.000000000000000000, 0.8660254037844387076, 1.000000000000000000, 0.8660254037844387076, 1.000000000000000000, 0.8660254037844387076, 1.000000000000000000, 0.8660254037844387076, 1.000000000000000000, 0.8660254037844387076, 1.000000000000000000, 0.8660254037844387076, 1.000000000000000000, 0.8660254037844387076, 1.000000000000000000, 0.8660254037844387076, 1.000000000000000000, 0.8660254037844387076, 1.000000000000000000, 0.8660254037844387076, 1.000000000000000000, 0.8660254037844387076, 1.000000000000000000) ) ) 
 REPRESENTATION_ITEM ( '' )  SURFACE ( )  );
#4881 = CARTESIAN_POINT ( 'NONE',  ( -0.6785254037844494768, 1.175240473580839495, -2.468333333333330160 ) ) ;
#4882 = DIRECTION ( 'NONE',  ( 0.000000000000000000, -1.000000000000000000, 0.000000000000000000 ) ) ;
#4883 = CARTESIAN_POINT ( 'NONE',  ( -2.878508968398425596E-16, 1.175240473580839051, 0.9900000000000029887 ) ) ;
#4884 = CARTESIAN_POINT ( 'NONE',  ( 0.000000000000000000, 1.500000000000001998, -4.259999999999998010 ) ) ;
#4885 = CARTESIAN_POINT ( 'NONE',  ( 1.357050807568899176, -1.518418095018551916E-14, -3.072499999999995790 ) ) ;
#4886 = ORIENTED_EDGE ( 'NONE', *, *, #322, .F. ) ;
#4887 = CARTESIAN_POINT ( 'NONE',  ( 0.8738379037844486996, 1.513531646934134001, -0.7938541666666644181 ) ) ;
#4888 = EDGE_CURVE ( 'NONE', #4535, #141, #3780, .T. ) ;
#4889 = ORIENTED_EDGE ( 'NONE', *, *, #1370, .F. ) ;
#4890 = CARTESIAN_POINT ( 'NONE',  ( 1.357050807568899176, -1.480913286794664119E-14, -6.134999999999996234 ) ) ;
#4891 = CARTESIAN_POINT ( 'NONE',  ( -1.836970198721050395E-16, -1.500000000000031530, -5.447499999999994458 ) ) ;
#4892 = DIRECTION ( 'NONE',  ( -0.000000000000000000, 0.8660254037844384856, 0.5000000000000002220 ) ) ;
#4893 = CARTESIAN_POINT ( 'NONE',  ( -3.673940397442101283E-16, 1.500000000000001332, 1.740000000000002212 ) ) ;
#4894 = EDGE_CURVE ( 'NONE', #1140, #3713, #5731, .T. ) ;
#4895 = ORIENTED_EDGE ( 'NONE', *, *, #200, .T. ) ;
#4896 = CARTESIAN_POINT ( 'NONE',  ( 0.2300933100750962579, 1.333432200134601286, 5.826717118006230933 ) ) ;
#4897 = CARTESIAN_POINT ( 'NONE',  ( 0.6785254037844492547, -1.175240473580869471, -3.155833333333329715 ) ) ;
#4898 = ORIENTED_EDGE ( 'NONE', *, *, #5140, .T. ) ;
#4899 = CARTESIAN_POINT ( 'NONE',  ( -1.299038105676672217, -0.7500000000000246470, 1.906666666666668064 ) ) ;
#4900 = CARTESIAN_POINT ( 'NONE',  ( 1.017788105676674437, 0.5876202367904118651, 1.469166666666669396 ) ) ;
#4901 = CARTESIAN_POINT ( 'NONE',  ( -1.747675807568897399, -1.598976892274963196E-14, 2.919687500000003766 ) ) ;
#4902 = EDGE_CURVE ( 'NONE', #5018, #1840, #5627, .T. ) ;
#4903 = CARTESIAN_POINT ( 'NONE',  ( 1.307982460370771483, 0.1994084644922128891, 5.581734682221249244 ) ) ;
#4904 = DIRECTION ( 'NONE',  ( 0.000000000000000000, -1.000000000000000000, 0.000000000000000000 ) ) ;
#4905 = CARTESIAN_POINT ( 'NONE',  ( -1.328023899308122813, 0.2870500636019687746, 6.078446747423950747 ) ) ;
#4906 = DESIGN_CONTEXT ( 'detailed design', #4030, 'design' ) ;
#4907 = CARTESIAN_POINT ( 'NONE',  ( 0.8738379037844496988, 1.513531646934134001, -1.793854166666664085 ) ) ;
#4908 = CARTESIAN_POINT ( 'NONE',  ( -1.017788105676673993, -0.5876202367904430623, 0.6566666666666695074 ) ) ;
#4909 = AXIS2_PLACEMENT_3D ( 'NONE', #5938, #5906, #3867 ) ;
#4910 = CARTESIAN_POINT ( 'NONE',  ( -1.017788105676674437, 0.5876202367904121981, -1.426666666666663863 ) ) ;
#4911 = ORIENTED_EDGE ( 'NONE', *, *, #3806, .F. ) ;
#4912 = VERTEX_POINT ( 'NONE', #257 ) ;
#4913 = CARTESIAN_POINT ( 'NONE',  ( -0.6785254037844494768, 1.175240473580839273, -1.968333333333329715 ) ) ;
#4914 = VECTOR ( 'NONE', #1266, 1000.000000000000000 ) ;
#4915 = CARTESIAN_POINT ( 'NONE',  ( -0.8660254037844479225, -1.500000000000032196, 3.010833333333336803 ) ) ;
#4916 = CARTESIAN_POINT ( 'NONE',  ( -0.6785254037844501429, 1.175240473580838607, 1.531666666666669396 ) ) ;
#4917 = DIRECTION ( 'NONE',  ( -0.09315614143603771768, 0.09315614143603934139, 0.9912839485361888414 ) ) ;
#4918 = CARTESIAN_POINT ( 'NONE',  ( 0.6785254037844502539, 1.175240473580839273, -2.489166666666663641 ) ) ;
#4919 =( BOUNDED_CURVE ( )  B_SPLINE_CURVE ( 2, ( #4061, #4509, #636, #4476, #1176, #3992, #4210 ),
 .UNSPECIFIED., .F., .F. ) 
 B_SPLINE_CURVE_WITH_KNOTS ( ( 3, 2, 2, 3 ),
 ( 0.7500000000000000000, 0.7638888888888888395, 0.7777777777777776791, 0.7916666666666665186 ),
 .UNSPECIFIED. ) 
 CURVE ( )  GEOMETRIC_REPRESENTATION_ITEM ( )  RATIONAL_B_SPLINE_CURVE ( ( 1.000000000000000000, 0.8660254037844387076, 1.000000000000000000, 0.8660254037844387076, 1.000000000000000000, 0.8660254037844398178, 0.9999999999999988898 ) ) 
 REPRESENTATION_ITEM ( '' )  );
#4920 = ORIENTED_EDGE ( 'NONE', *, *, #2451, .F. ) ;
#4921 = CARTESIAN_POINT ( 'NONE',  ( -1.310756855676673771, 0.7567658234670582296, 1.331145833333335471 ) ) ;
#4922 = CARTESIAN_POINT ( 'NONE',  ( 1.357050807568899176, -1.499282988781874391E-14, -4.634999999999998010 ) ) ;
#4923 = B_SPLINE_CURVE_WITH_KNOTS ( 'NONE', 3,
 ( #513, #3989, #2479, #1589, #4473, #5877, #4376, #5940, #5907, #3425, #1111, #2948, #1558, #1021, #4024, #2068 ),
 .UNSPECIFIED., .F., .F.,
 ( 4, 2, 2, 2, 2, 2, 2, 4 ),
 ( 0.000000000000000000, 0.0003274458336930605976, 0.0006548916673861211952, 0.0009823375010791820638, 0.001309783334772243041, 0.001637229168465303801, 0.001964675002158364995, 0.002619566669544486082 ),
 .UNSPECIFIED. ) ;
#4924 = AXIS2_PLACEMENT_3D ( 'NONE', #4637, #1112, #672 ) ;
#4925 = CARTESIAN_POINT ( 'NONE',  ( -1.836970198721050395E-16, -1.500000000000031530, -4.009999999999998010 ) ) ;
#4926 = LINE ( 'NONE', #574, #2491 ) ;
#4927 = CARTESIAN_POINT ( 'NONE',  ( 0.8660254037844518082, -1.500000000000026645, 2.094166666666670729 ) ) ;
#4928 = ORIENTED_EDGE ( 'NONE', *, *, #5183, .F. ) ;
#4929 = DIRECTION ( 'NONE',  ( 0.000000000000000000, -1.000000000000000000, 0.000000000000000000 ) ) ;
#4930 = LOCAL_TIME ( 4, 42, 42.00000000000000000, #4392 ) ;
#4931 = CARTESIAN_POINT ( 'NONE',  ( -1.017788105676674659, -0.5876202367904419521, -3.780833333333330160 ) ) ;
#4932 = ORIENTED_EDGE ( 'NONE', *, *, #2637, .F. ) ;
#4933 = FACE_OUTER_BOUND ( 'NONE', #2436, .T. ) ;
#4934 = CARTESIAN_POINT ( 'NONE',  ( 1.017788105676674437, 0.5876202367904118651, 1.969166666666669396 ) ) ;
#4935 = DIRECTION ( 'NONE',  ( 0.3826834323651013836, 0.9238795325112819645, 0.000000000000000000 ) ) ;
#4936 = DIRECTION ( 'NONE',  ( 0.000000000000000000, 1.000000000000000000, 2.999224776947198600E-16 ) ) ;
#4937 = CARTESIAN_POINT ( 'NONE',  ( 0.6785254037844502539, 1.175240473580839273, -5.489166666666662309 ) ) ;
#4938 = ORIENTED_EDGE ( 'NONE', *, *, #6267, .F. ) ;
#4939 = CARTESIAN_POINT ( 'NONE',  ( 0.1636370356254882308, 1.251243460718843625, 5.073328293858320848 ) ) ;
#4940 = EDGE_CURVE ( 'NONE', #665, #2247, #2891, .T. ) ;
#4941 = CARTESIAN_POINT ( 'NONE',  ( -0.8738379037844493658, -1.513531646934164421, -1.043854166666664307 ) ) ;
#4942 = DATE_AND_TIME ( #4044, #2193 ) ;
#4943 = CARTESIAN_POINT ( 'NONE',  ( -0.6785254037844501429, 1.175240473580838607, 2.031666666666669396 ) ) ;
#4944 = CARTESIAN_POINT ( 'NONE',  ( 0.8738379037844482555, -1.513531646934164643, -6.413645833333329271 ) ) ;
#4945 = VERTEX_POINT ( 'NONE', #3648 ) ;
#4946 = CARTESIAN_POINT ( 'NONE',  ( -0.2254535218728910273, -1.304097705676699803, 5.576783172816020873 ) ) ;
#4947 = CARTESIAN_POINT ( 'NONE',  ( -1.299038105676672439, -0.7500000000000229816, -2.593333333333331492 ) ) ;
#4948 = EDGE_CURVE ( 'NONE', #3817, #648, #972, .T. ) ;
#4949 = CARTESIAN_POINT ( 'NONE',  ( 1.197077816990377741, 0.08600137404280813747, 4.596799999999999997 ) ) ;
#4950 = CARTESIAN_POINT ( 'NONE',  ( -0.6785254037844501429, 1.175240473580838829, 0.5316666666666693963 ) ) ;
#4951 = CARTESIAN_POINT ( 'NONE',  ( -0.6472804066655102329, 0.6472804066655218902, 6.216744331379264743 ) ) ;
#4952 = CARTESIAN_POINT ( 'NONE',  ( 1.017788105676674215, -0.5876202367904429513, -2.114166666666663641 ) ) ;
#4953 = VERTEX_POINT ( 'NONE', #6129 ) ;
#4954 = CARTESIAN_POINT ( 'NONE',  ( -0.6785254037844502539, 1.175240473580838829, -2.405833333333330604 ) ) ;
#4955 = CARTESIAN_POINT ( 'NONE',  ( 1.017788105676674215, -0.5876202367904426183, -4.676666666666663197 ) ) ;
#4956 = CARTESIAN_POINT ( 'NONE',  ( 1.358185157725198433, -0.2607495332532636656, 6.071772086592591045 ) ) ;
#4957 = CARTESIAN_POINT ( 'NONE',  ( 1.836970198721050642E-16, -1.500000000000033085, 2.990000000000001545 ) ) ;
#4958 =( BOUNDED_CURVE ( )  B_SPLINE_CURVE ( 2, ( #1956, #50, #4358, #5771, #938, #5799, #2866 ),
 .UNSPECIFIED., .F., .F. ) 
 B_SPLINE_CURVE_WITH_KNOTS ( ( 3, 2, 2, 3 ),
 ( 0.2499999999999999167, 0.2638888888888887285, 0.2777777777777776791, 0.2916666666666665186 ),
 .UNSPECIFIED. ) 
 CURVE ( )  GEOMETRIC_REPRESENTATION_ITEM ( )  RATIONAL_B_SPLINE_CURVE ( ( 1.000000000000000888, 0.8660254037844379305, 1.000000000000000000, 0.8660254037844387076, 1.000000000000000000, 0.8660254037844398178, 0.9999999999999988898 ) ) 
 REPRESENTATION_ITEM ( '' )  );
#4959 = DIRECTION ( 'NONE',  ( 0.09315614143603773156, -0.09315614143603935526, -0.9912839485361889524 ) ) ;
#4960 = ORIENTED_EDGE ( 'NONE', *, *, #288, .F. ) ;
#4961 = CARTESIAN_POINT ( 'NONE',  ( -1.199276079936780759, -0.07922243852623248039, 4.596799999999999997 ) ) ;
#4962 = CARTESIAN_POINT ( 'NONE',  ( -0.6785254037844500319, -1.175240473580869249, -2.739166666666664085 ) ) ;
#4963 = ORIENTED_EDGE ( 'NONE', *, *, #5288, .F. ) ;
#4964 = DIRECTION ( 'NONE',  ( 0.000000000000000000, -1.000000000000000000, 0.000000000000000000 ) ) ;
#4965 = EDGE_CURVE ( 'NONE', #323, #903, #2394, .T. ) ;
#4966 = CARTESIAN_POINT ( 'NONE',  ( -0.6785254037844492547, -1.175240473580870360, 2.260833333333335915 ) ) ;
#4967 = CARTESIAN_POINT ( 'NONE',  ( 1.299038105676671995, -0.7500000000000240918, -1.426666666666664085 ) ) ;
#4968 = CARTESIAN_POINT ( 'NONE',  ( -1.299038105676672217, 0.7499999999999935607, -1.676666666666664529 ) ) ;
#4969 = CARTESIAN_POINT ( 'NONE',  ( 0.000000000000000000, 1.175240473580839939, -5.447499999999996234 ) ) ;
#4970 = VECTOR ( 'NONE', #5294, 1000.000000000000000 ) ;
#4971 = CARTESIAN_POINT ( 'NONE',  ( 0.2881423347565516546, 1.328925653069992663, 6.087342582100264465 ) ) ;
#4972 = EDGE_CURVE ( 'NONE', #2105, #678, #335, .T. ) ;
#4973 = CARTESIAN_POINT ( 'NONE',  ( -1.357050807568899176, -1.463748617478081365E-14, -4.822499999999996234 ) ) ;
#4974 = CARTESIAN_POINT ( 'NONE',  ( -0.6785254037844501429, 1.175240473580838829, 0.5316666666666695074 ) ) ;
#4975 = CARTESIAN_POINT ( 'NONE',  ( -1.439254484199213045E-16, -1.175240473580869693, -1.759999999999996900 ) ) ;
#4976 = ORIENTED_EDGE ( 'NONE', *, *, #4965, .T. ) ;
#4977 = EDGE_CURVE ( 'NONE', #784, #2966, #4607, .T. ) ;
#4978 = CARTESIAN_POINT ( 'NONE',  ( -0.1374465032026077616, -1.255999185100852511, 5.087305564860090001 ) ) ;
#4979 = CARTESIAN_POINT ( 'NONE',  ( 1.017788105676675103, 0.5876202367904111989, -1.093333333333329938 ) ) ;
#4980 = CARTESIAN_POINT ( 'NONE',  ( -1.836970198721050395E-16, -1.500000000000031530, -4.509999999999997122 ) ) ;
#4981 = CARTESIAN_POINT ( 'NONE',  ( -1.017788105676673993, -0.5876202367904431734, 1.656666666666669618 ) ) ;
#4982 = DIRECTION ( 'NONE',  ( -0.000000000000000000, -1.224646799147353207E-16, 1.000000000000000000 ) ) ;
#4983 = CARTESIAN_POINT ( 'NONE',  ( -0.6785254037844494768, 1.175240473580839717, -4.405833333333330160 ) ) ;
#4984 = EDGE_CURVE ( 'NONE', #2893, #1786, #4650, .T. ) ;
#4985 = EDGE_CURVE ( 'NONE', #4750, #2521, #4567, .T. ) ;
#4986 = ORIENTED_EDGE ( 'NONE', *, *, #3686, .F. ) ;
#4987 = CARTESIAN_POINT ( 'NONE',  ( -0.8738379037844482555, -1.513531646934165531, 2.456145833333335027 ) ) ;
#4988 = CARTESIAN_POINT ( 'NONE',  ( 0.8660254037844526964, -1.500000000000024647, -0.9058333333333288273 ) ) ;
#4989 = DIRECTION ( 'NONE',  ( 0.3798309680908609764, -0.9169930745742616018, -0.1218693434051478647 ) ) ;
#4990 = CARTESIAN_POINT ( 'NONE',  ( 0.000000000000000000, 1.500000000000001998, -5.259999999999997122 ) ) ;
#4991 = DIRECTION ( 'NONE',  ( -1.000000000000000000, 0.000000000000000000, -0.000000000000000000 ) ) ;
#4992 = ORIENTED_EDGE ( 'NONE', *, *, #6075, .T. ) ;
#4993 = CARTESIAN_POINT ( 'NONE',  ( -1.836970198721050395E-16, -1.500000000000031752, -2.947499999999995790 ) ) ;
#4994 = CARTESIAN_POINT ( 'NONE',  ( -1.357050807568899176, -1.494364787456765152E-14, -2.322499999999996678 ) ) ;
#4995 = VERTEX_POINT ( 'NONE', #1687 ) ;
#4996 =( BOUNDED_CURVE ( )  B_SPLINE_CURVE ( 2, ( #4778, #2769, #4716, #2330, #6269, #965, #2301 ),
 .UNSPECIFIED., .F., .F. ) 
 B_SPLINE_CURVE_WITH_KNOTS ( ( 3, 2, 2, 3 ),
 ( 0.3749999999999998890, 0.3888888888888887285, 0.4027777777777777346, 0.4166666666666665741 ),
 .UNSPECIFIED. ) 
 CURVE ( )  GEOMETRIC_REPRESENTATION_ITEM ( )  RATIONAL_B_SPLINE_CURVE ( ( 1.000000000000001110, 0.8660254037844375974, 1.000000000000000000, 0.8660254037844387076, 1.000000000000000000, 0.8660254037844392627, 0.9999999999999994449 ) ) 
 REPRESENTATION_ITEM ( '' )  );
#4997 = CARTESIAN_POINT ( 'NONE',  ( 1.836970198721050642E-16, -1.500000000000032863, 1.990000000000001323 ) ) ;
#4998 = CC_DESIGN_PERSON_AND_ORGANIZATION_ASSIGNMENT ( #5325, #2901, ( #1384 ) ) ;
#4999 = CARTESIAN_POINT ( 'NONE',  ( -1.357050807568899176, -1.570465583982314354E-14, 1.177500000000002434 ) ) ;
#5000 = CARTESIAN_POINT ( 'NONE',  ( 0.8660254037844454800, 1.500000000000007772, -3.739166666666661865 ) ) ;
#5001 = CARTESIAN_POINT ( 'NONE',  ( -0.2992226178155504290, -0.4125181635044966599, 4.596799999999999997 ) ) ;
#5002 = CARTESIAN_POINT ( 'NONE',  ( -0.6785254037844492547, -1.175240473580870360, 2.260833333333335915 ) ) ;
#5003 = CARTESIAN_POINT ( 'NONE',  ( 1.357050807568899176, -1.481678691044131371E-14, -6.072499999999997122 ) ) ;
#5004 = ORIENTED_EDGE ( 'NONE', *, *, #4226, .T. ) ;
#5005 = CARTESIAN_POINT ( 'NONE',  ( -0.1067388246147281949, 1.227874302212327295, 4.843366928109136715 ) ) ;
#5006 = B_SPLINE_CURVE_WITH_KNOTS ( 'NONE', 3,
 ( #3005, #2875, #3891, #4949, #5842, #504, #2533, #4463, #119, #4822, #473, #4337, #982, #6280, #5809, #2439 ),
 .UNSPECIFIED., .F., .F.,
 ( 4, 3, 3, 3, 3, 4 ),
 ( 6.776263578034402713E-20, 1.057880841792307764E-05, 2.116331355726206462E-05, 3.167000848053415281E-05, 4.214965269405526927E-05, 4.711135977139871786E-05 ),
 .UNSPECIFIED. ) ;
#5007 = CARTESIAN_POINT ( 'NONE',  ( -1.017788105676674437, 0.5876202367904128643, -6.364166666666663197 ) ) ;
#5008 = CARTESIAN_POINT ( 'NONE',  ( -2.878508968398425596E-16, 1.175240473580838829, 3.490000000000002434 ) ) ;
#5009 = CARTESIAN_POINT ( 'NONE',  ( 1.310756855676673771, 0.7567658234670591177, -6.288645833333329271 ) ) ;
#5010 = VERTEX_POINT ( 'NONE', #4572 ) ;
#5011 = CARTESIAN_POINT ( 'NONE',  ( -0.1105063561782962389, 0.8681195217894812632, 4.596799999999999997 ) ) ;
#5012 = CARTESIAN_POINT ( 'NONE',  ( 1.357050807568899176, -1.542145626752031693E-14, -1.134999999999997122 ) ) ;
#5013 = CARTESIAN_POINT ( 'NONE',  ( 1.227874302212329294, -0.1067388246147497055, 4.843366928109172243 ) ) ;
#5014 = VECTOR ( 'NONE', #4338, 1000.000000000000000 ) ;
#5015 = CARTESIAN_POINT ( 'NONE',  ( 1.017788105676674437, -0.5876202367904425072, 1.823333333333336137 ) ) ;
#5016 = LINE ( 'NONE', #4498, #4628 ) ;
#5017 = CARTESIAN_POINT ( 'NONE',  ( -0.6785254037844494768, 1.175240473580839717, -3.905833333333330160 ) ) ;
#5018 = VERTEX_POINT ( 'NONE', #3679 ) ;
#5019 = CARTESIAN_POINT ( 'NONE',  ( -3.707083373652255957E-16, 1.513531646934133779, 3.247812500000002434 ) ) ;
#5020 = AXIS2_PLACEMENT_3D ( 'NONE', #6077, #4068, #2170 ) ;
#5021 = CARTESIAN_POINT ( 'NONE',  ( 0.6785254037844492547, -1.175240473580869471, -4.218333333333330160 ) ) ;
#5022 = EDGE_CURVE ( 'NONE', #2544, #2709, #3427, .T. ) ;
#5023 = CARTESIAN_POINT ( 'NONE',  ( 1.304097705676665608, -0.2254535218728419277, 5.576783172816034195 ) ) ;
#5024 = CIRCLE ( 'NONE', #2281, 5.164680204508076855 ) ;
#5025 = CARTESIAN_POINT ( 'NONE',  ( -0.6785254037844494768, 1.175240473580839717, -5.468333333333329271 ) ) ;
#5026 = VERTEX_POINT ( 'NONE', #2224 ) ;
#5027 = CARTESIAN_POINT ( 'NONE',  ( -0.8660254037844431485, -1.500000000000040856, -3.989166666666661865 ) ) ;
#5028 = CARTESIAN_POINT ( 'NONE',  ( 0.000000000000000000, 1.175240473580839939, -5.009999999999997122 ) ) ;
#5029 = AXIS2_PLACEMENT_3D ( 'NONE', #867, #5311, #4590 ) ;
#5030 = ORIENTED_EDGE ( 'NONE', *, *, #5091, .F. ) ;
#5031 = CARTESIAN_POINT ( 'NONE',  ( -0.8660254037844442587, -1.500000000000039746, -1.989166666666661198 ) ) ;
#5032 = CARTESIAN_POINT ( 'NONE',  ( -1.017788105676675103, 0.5876202367904108659, 1.635833333333336137 ) ) ;
#5033 = FACE_OUTER_BOUND ( 'NONE', #4316, .T. ) ;
#5034 = CONICAL_SURFACE ( 'NONE', #5545, 1.344393210065480515, 0.5393067388662433626 ) ;
#5035 = CARTESIAN_POINT ( 'NONE',  ( 0.8660254037844408170, -1.500000000000046185, 2.031666666666667620 ) ) ;
#5036 = CARTESIAN_POINT ( 'NONE',  ( 1.357050807568899176, -1.564781978407737862E-14, 3.427500000000002434 ) ) ;
#5037 = DIRECTION ( 'NONE',  ( -0.1218335514324818264, -0.02423420014170665424, 0.9922546494165902509 ) ) ;
#5038 = EDGE_LOOP ( 'NONE', ( #3049, #3886, #3674, #5858 ) ) ;
#5039 = CARTESIAN_POINT ( 'NONE',  ( 0.1040360773865564720, 1.167134683807445228, 4.587917442521176170 ) ) ;
#5040 = CARTESIAN_POINT ( 'NONE',  ( 0.6785254037844502539, 1.175240473580839273, -5.489166666666662309 ) ) ;
#5041 = DATE_AND_TIME ( #1072, #5747 ) ;
#5042 = CARTESIAN_POINT ( 'NONE',  ( 1.853541686826127732E-16, -1.513531646934164421, -0.9553124999999963451 ) ) ;
#5043 = CARTESIAN_POINT ( 'NONE',  ( 1.310756855676672883, -0.7567658234670902040, -4.871979166666662309 ) ) ;
#5044 = ORIENTED_EDGE ( 'NONE', *, *, #1196, .T. ) ;
#5045 = CARTESIAN_POINT ( 'NONE',  ( -1.299038105676673105, 0.7499999999999917843, 3.323333333333335027 ) ) ;
#5046 = CARTESIAN_POINT ( 'NONE',  ( 0.000000000000000000, 1.175240473580839495, -1.009999999999997122 ) ) ;
#5047 = EDGE_CURVE ( 'NONE', #1611, #5018, #2726, .T. ) ;
#5048 = CARTESIAN_POINT ( 'NONE',  ( 1.439254484199212798E-16, -1.175240473580869915, 2.740000000000002878 ) ) ;
#5049 = CARTESIAN_POINT ( 'NONE',  ( 1.350257442004912267, 0.2769255566850684636, 6.073054125198387609 ) ) ;
#5050 = CARTESIAN_POINT ( 'NONE',  ( 1.017788105676674215, -0.5876202367904430623, -1.114166666666663419 ) ) ;
#5051 = EDGE_LOOP ( 'NONE', ( #640, #156, #5691, #5228 ) ) ;
#5052 = CARTESIAN_POINT ( 'NONE',  ( 0.8738379037844486996, 1.513531646934133779, 3.206145833333335471 ) ) ;
#5053 = CARTESIAN_POINT ( 'NONE',  ( 1.017788105676675103, 0.5876202367904114210, -3.093333333333330160 ) ) ;
#5054 = CARTESIAN_POINT ( 'NONE',  ( 0.9305313394058052356, -1.388272442114073524, -5.962126246784111849 ) ) ;
#5055 = CARTESIAN_POINT ( 'NONE',  ( -0.8660254037844488106, -1.500000000000031530, -3.551666666666664529 ) ) ;
#5056 = CARTESIAN_POINT ( 'NONE',  ( 0.6785254037844502539, 1.175240473580839495, -6.051666666666664085 ) ) ;
#5057 = ORIENTED_EDGE ( 'NONE', *, *, #1395, .F. ) ;
#5058 = DIRECTION ( 'NONE',  ( 0.3826834323650948888, 0.9238795325112846291, -0.000000000000000000 ) ) ;
#5059 = EDGE_CURVE ( 'NONE', #1983, #312, #2162, .T. ) ;
#5060 = CARTESIAN_POINT ( 'NONE',  ( 1.357050807568899176, -1.487036520790400876E-14, -5.634999999999996234 ) ) ;
#5061 = EDGE_LOOP ( 'NONE', ( #1267, #924, #3845, #2353 ) ) ;
#5062 = CARTESIAN_POINT ( 'NONE',  ( 0.1653532432805686903, -1.224754504716617953, 5.087305683543627666 ) ) ;
#5063 = CARTESIAN_POINT ( 'NONE',  ( 1.017788105676674437, -0.5876202367904423962, 0.3233333333333360815 ) ) ;
#5064 = DIRECTION ( 'NONE',  ( 0.9925461516413217611, 0.000000000000000000, 0.1218693434051494606 ) ) ;
#5065 = CARTESIAN_POINT ( 'NONE',  ( 0.1021956419559587603, 1.181919103194880583, 4.596799999999999997 ) ) ;
#5066 = CARTESIAN_POINT ( 'NONE',  ( -0.3143699034117815039, -1.182371495750599522, 3.198422128804445652 ) ) ;
#5067 = EDGE_CURVE ( 'NONE', #5748, #3965, #1399, .T. ) ;
#5068 = CARTESIAN_POINT ( 'NONE',  ( 0.6785254037844492547, -1.175240473580869471, -3.655833333333330160 ) ) ;
#5069 = CARTESIAN_POINT ( 'NONE',  ( -1.017788105676674215, -0.5876202367904433954, 2.219166666666669396 ) ) ;
#5070 = CARTESIAN_POINT ( 'NONE',  ( -1.439254484199213045E-16, -1.175240473580869249, -5.197499999999996234 ) ) ;
#5071 = CARTESIAN_POINT ( 'NONE',  ( 1.017788105676674215, 0.5876202367904115320, 3.406666666666669840 ) ) ;
#5072 = CARTESIAN_POINT ( 'NONE',  ( 1.310756855676672883, -0.7567658234670902040, -5.371979166666663197 ) ) ;
#5073 = ORIENTED_EDGE ( 'NONE', *, *, #3958, .F. ) ;
#5074 = CARTESIAN_POINT ( 'NONE',  ( -0.2267330061764640525, -1.278244735102542329, 5.587203736234711116 ) ) ;
#5075 = DIRECTION ( 'NONE',  ( 0.000000000000000000, -1.000000000000000000, 0.000000000000000000 ) ) ;
#5076 = CC_DESIGN_PERSON_AND_ORGANIZATION_ASSIGNMENT ( #4845, #497, ( #1384 ) ) ;
#5077 = CARTESIAN_POINT ( 'NONE',  ( -0.6785254037844501429, 1.175240473580838385, 3.031666666666669396 ) ) ;
#5078 = CARTESIAN_POINT ( 'NONE',  ( -1.196260664885361313, -0.1036295815382095170, 4.584606799510694941 ) ) ;
#5079 = CARTESIAN_POINT ( 'NONE',  ( -2.878508968398426089E-16, 1.175240473580839273, -0.9474999999999969003 ) ) ;
#5080 = VERTEX_POINT ( 'NONE', #4744 ) ;
#5081 = CARTESIAN_POINT ( 'NONE',  ( -1.310756855676672883, -0.7567658234670908701, 1.914479166666668508 ) ) ;
#5082 = EDGE_CURVE ( 'NONE', #3476, #6237, #4721, .T. ) ;
#5083 = CARTESIAN_POINT ( 'NONE',  ( 0.6785254037844502539, 1.175240473580839495, -4.051666666666663197 ) ) ;
#5084 = CARTESIAN_POINT ( 'NONE',  ( 0.000000000000000000, -2.855357816928085768, 5.392580145971678007 ) ) ;
#5085 = CARTESIAN_POINT ( 'NONE',  ( 0.1013773601154124432, -1.183090911502125531, 4.596799999999999997 ) ) ;
#5086 = DIRECTION ( 'NONE',  ( 0.000000000000000000, 0.000000000000000000, 1.000000000000000000 ) ) ;
#5087 = CARTESIAN_POINT ( 'NONE',  ( 0.000000000000000000, 1.175240473580839939, -6.509999999999997122 ) ) ;
#5088 = VERTEX_POINT ( 'NONE', #1821 ) ;
#5089 = CARTESIAN_POINT ( 'NONE',  ( 1.732050807568896511, -1.521479712016419979E-14, -3.384999999999998010 ) ) ;
#5090 = CONICAL_SURFACE ( 'NONE', #2346, 1.544999999999998597, 1.047197551196600074 ) ;
#5091 = EDGE_CURVE ( 'NONE', #2197, #2105, #6198, .T. ) ;
#5092 =( BOUNDED_CURVE ( )  B_SPLINE_CURVE ( 2, ( #5511, #5000, #5097, #2582, #4001, #3626, #3147 ),
 .UNSPECIFIED., .F., .F. ) 
 B_SPLINE_CURVE_WITH_KNOTS ( ( 3, 2, 2, 3 ),
 ( 0.4545454545454544748, 0.4696969696969696129, 0.4848484848484846954, 0.4999999999999998335 ),
 .UNSPECIFIED. ) 
 CURVE ( )  GEOMETRIC_REPRESENTATION_ITEM ( )  RATIONAL_B_SPLINE_CURVE ( ( 1.000000000000000888, 0.8660254037844377084, 1.000000000000000000, 0.8660254037844387076, 1.000000000000000000, 0.8660254037844401509, 0.9999999999999985567 ) ) 
 REPRESENTATION_ITEM ( '' )  );
#5093 = CARTESIAN_POINT ( 'NONE',  ( 0.6785254037844502539, 1.175240473580838829, -0.9891666666666634189 ) ) ;
#5094 = VERTEX_POINT ( 'NONE', #3747 ) ;
#5095 = FACE_OUTER_BOUND ( 'NONE', #5585, .T. ) ;
#5096 = CARTESIAN_POINT ( 'NONE',  ( 1.017788105676674215, 0.5876202367904119761, -0.5933333333333304926 ) ) ;
#5097 = CARTESIAN_POINT ( 'NONE',  ( 1.299038105676672883, 0.7499999999999924505, -3.780833333333329271 ) ) ;
#5098 = CARTESIAN_POINT ( 'NONE',  ( -0.1656924446729687583, -1.223990920715825048, 5.090068257192156054 ) ) ;
#5099 = CARTESIAN_POINT ( 'NONE',  ( 1.506580608632190780E-16, -1.230216426222769055, 3.208259618943246405 ) ) ;
#5100 = CARTESIAN_POINT ( 'NONE',  ( 1.017788105676674215, -0.5876202367904426183, -4.614166666666663197 ) ) ;
#5101 = VERTEX_POINT ( 'NONE', #5698 ) ;
#5102 = CARTESIAN_POINT ( 'NONE',  ( 0.6785254037844500319, -1.175240473580869915, 1.844166666666669396 ) ) ;
#5103 = EDGE_CURVE ( 'NONE', #32, #4528, #3393, .T. ) ;
#5104 = CARTESIAN_POINT ( 'NONE',  ( 1.310756855676672883, 0.7567658234670597839, -1.788645833333329493 ) ) ;
#5105 = CARTESIAN_POINT ( 'NONE',  ( -0.8738379037844486996, 1.513531646934134445, -3.163645833333329271 ) ) ;
#5106 = ORIENTED_EDGE ( 'NONE', *, *, #5902, .T. ) ;
#5107 = CARTESIAN_POINT ( 'NONE',  ( -3.673940397442100790E-16, 1.500000000000001110, 2.302500000000003766 ) ) ;
#5108 = CARTESIAN_POINT ( 'NONE',  ( -0.2792892724142067573, 1.347545104444243247, 6.073654477749246716 ) ) ;
#5109 = CARTESIAN_POINT ( 'NONE',  ( -0.1662030574348080658, -0.4012496753669838601, 4.596799999999999997 ) ) ;
#5110 = CARTESIAN_POINT ( 'NONE',  ( 0.2607495332532545063, -1.358185157725201764, 6.071772086592593709 ) ) ;
#5111 = CARTESIAN_POINT ( 'NONE',  ( 1.017788105676675103, 0.5876202367904111989, -1.530833333333330160 ) ) ;
#5112 = VERTEX_POINT ( 'NONE', #1703 ) ;
#5113 = CARTESIAN_POINT ( 'NONE',  ( -1.357050807568899176, -1.539849414003630251E-14, -1.322499999999997344 ) ) ;
#5114 = B_SPLINE_CURVE_WITH_KNOTS ( 'NONE', 3,
 ( #575, #3841, #4861, #5820, #1053, #1946, #1439, #1530, #5313, #3460, #4320, #4835, #5909, #5408, #2511, #1978 ),
 .UNSPECIFIED., .F., .F.,
 ( 4, 2, 2, 2, 2, 2, 2, 4 ),
 ( 0.0002000744662900479781, 0.0005565621257939106902, 0.0009130497852977734023, 0.001269537444801636114, 0.001626025104305498827, 0.001982512763809361755, 0.002339000423313224251, 0.003051975742320949675 ),
 .UNSPECIFIED. ) ;
#5115 = CARTESIAN_POINT ( 'NONE',  ( -1.357050807568899176, -1.475229681220087627E-14, -3.884999999999997122 ) ) ;
#5116 = CARTESIAN_POINT ( 'NONE',  ( 1.299038105676672883, 0.7499999999999928946, -5.843333333333331048 ) ) ;
#5117 = FACE_OUTER_BOUND ( 'NONE', #955, .T. ) ;
#5118 = DIRECTION ( 'NONE',  ( 1.000000000000000000, 0.000000000000000000, 0.000000000000000000 ) ) ;
#5119 = ORIENTED_EDGE ( 'NONE', *, *, #3268, .T. ) ;
#5120 = CARTESIAN_POINT ( 'NONE',  ( 1.017788105676674215, -0.5876202367904425072, -5.676666666666663197 ) ) ;
#5121 = ORIENTED_EDGE ( 'NONE', *, *, #2175, .T. ) ;
#5122 = CARTESIAN_POINT ( 'NONE',  ( 0.2267330118526489635, -1.278244739786546846, 5.587203782463555868 ) ) ;
#5123 = CIRCLE ( 'NONE', #2381, 1.544999999999999929 ) ;
#5124 = CARTESIAN_POINT ( 'NONE',  ( -1.357050807568898954, -1.545207243749900071E-14, -0.8849999999999970113 ) ) ;
#5125 = EDGE_CURVE ( 'NONE', #2443, #3391, #3296, .T. ) ;
#5126 = CARTESIAN_POINT ( 'NONE',  ( -1.836970198721050395E-16, -1.500000000000031530, -4.509999999999997122 ) ) ;
#5127 = DIRECTION ( 'NONE',  ( -0.000000000000000000, -1.224646799147353207E-16, 1.000000000000000000 ) ) ;
#5128 =( BOUNDED_CURVE ( )  B_SPLINE_CURVE ( 2, ( #5181, #3739, #1335, #3261, #5213, #5368, #4884 ),
 .UNSPECIFIED., .F., .F. ) 
 B_SPLINE_CURVE_WITH_KNOTS ( ( 3, 2, 2, 3 ),
 ( 0.3181818181818182323, 0.3333333333333333148, 0.3484848484848483974, 0.3636363636363634799 ),
 .UNSPECIFIED. ) 
 CURVE ( )  GEOMETRIC_REPRESENTATION_ITEM ( )  RATIONAL_B_SPLINE_CURVE ( ( 0.9999999999999995559, 0.8660254037844391517, 1.000000000000000000, 0.8660254037844387076, 1.000000000000000000, 0.8660254037844401509, 0.9999999999999985567 ) ) 
 REPRESENTATION_ITEM ( '' )  );
#5129 = CARTESIAN_POINT ( 'NONE',  ( 1.732050807568896733, -1.521919340437580560E-14, 0.1150000000000016287 ) ) ;
#5130 = AXIS2_PLACEMENT_3D ( 'NONE', #2959, #4387, #2048 ) ;
#5131 = CARTESIAN_POINT ( 'NONE',  ( -0.6785254037844494768, 1.175240473580839717, -4.405833333333330160 ) ) ;
#5132 = VERTEX_POINT ( 'NONE', #4707 ) ;
#5133 = CARTESIAN_POINT ( 'NONE',  ( 0.6785254037844494768, 1.175240473580838829, 1.010833333333336137 ) ) ;
#5134 = CARTESIAN_POINT ( 'NONE',  ( -2.878508968398426089E-16, 1.175240473580839495, -2.447499999999997122 ) ) ;
#5135 = VECTOR ( 'NONE', #423, 1000.000000000000000 ) ;
#5136 = CARTESIAN_POINT ( 'NONE',  ( 0.8738379037844491437, -1.513531646934163755, -2.413645833333329715 ) ) ;
#5137 = CARTESIAN_POINT ( 'NONE',  ( -0.8738379037844493658, -1.513531646934164199, -3.996979166666662753 ) ) ;
#5138 = VERTEX_POINT ( 'NONE', #4773 ) ;
#5139 = CARTESIAN_POINT ( 'NONE',  ( 1.171685379079053568, -0.1051267183062932903, 4.596799999999999997 ) ) ;
#5140 = EDGE_CURVE ( 'NONE', #4741, #2592, #2763, .T. ) ;
#5141 =( GEOMETRIC_REPRESENTATION_CONTEXT ( 3 ) GLOBAL_UNCERTAINTY_ASSIGNED_CONTEXT ( ( #650 ) ) GLOBAL_UNIT_ASSIGNED_CONTEXT ( ( #4875, #974, #3410 ) ) REPRESENTATION_CONTEXT ( 'NONE', 'WORKASPACE' ) );
#5142 = DIRECTION ( 'NONE',  ( -0.9238795325112859613, 0.3826834323650916136, 0.000000000000000000 ) ) ;
#5143 = CARTESIAN_POINT ( 'NONE',  ( -0.1105063561783046766, -0.8681195217894814853, 4.596799999999999997 ) ) ;
#5144 = CARTESIAN_POINT ( 'NONE',  ( -3.673940397442100790E-16, 1.500000000000001332, 1.802500000000004210 ) ) ;
#5145 = DIRECTION ( 'NONE',  ( -0.000000000000000000, -1.224646799147353207E-16, 1.000000000000000000 ) ) ;
#5146 = ORIENTED_EDGE ( 'NONE', *, *, #5295, .T. ) ;
#5147 = CARTESIAN_POINT ( 'NONE',  ( -1.017788105676674215, -0.5876202367904430623, -0.2808333333333308257 ) ) ;
#5148 = EDGE_CURVE ( 'NONE', #5132, #3604, #5338, .T. ) ;
#5149 = CARTESIAN_POINT ( 'NONE',  ( 0.000000000000000000, 1.175240473580839717, -2.509999999999996678 ) ) ;
#5150 = CARTESIAN_POINT ( 'NONE',  ( -1.499896111815513189, 0.01765371804339289571, 3.364019237886478830 ) ) ;
#5151 = CARTESIAN_POINT ( 'NONE',  ( -0.1377316623241257032, -1.255209357433236583, 5.090060502557311573 ) ) ;
#5152 = CARTESIAN_POINT ( 'NONE',  ( -1.199498189242980573, -0.07570317101014625849, 4.596799999999999997 ) ) ;
#5153 = ORIENTED_EDGE ( 'NONE', *, *, #4977, .T. ) ;
#5154 = DIRECTION ( 'NONE',  ( 0.000000000000000000, -1.000000000000000000, 0.000000000000000000 ) ) ;
#5155 = CARTESIAN_POINT ( 'NONE',  ( 1.017788105676675103, 0.5876202367904116430, -5.093333333333330160 ) ) ;
#5156 = ORIENTED_EDGE ( 'NONE', *, *, #1986, .F. ) ;
#5157 = FACE_OUTER_BOUND ( 'NONE', #5894, .T. ) ;
#5158 = CARTESIAN_POINT ( 'NONE',  ( 1.357050807568898954, -1.508907468196639793E-14, -1.134999999999997122 ) ) ;
#5159 = CARTESIAN_POINT ( 'NONE',  ( 1.338508116896532485, 0.2607772379925196726, 3.278831143939561876 ) ) ;
#5160 = CARTESIAN_POINT ( 'NONE',  ( 0.2870500636019553964, 1.328023899308126587, 6.078446747423950747 ) ) ;
#5161 = CARTESIAN_POINT ( 'NONE',  ( 0.8951647877168020795, 0.1051267183062888216, 4.596799999999999997 ) ) ;
#5162 = CARTESIAN_POINT ( 'NONE',  ( 1.017788105676675103, 0.5876202367904116430, -5.030833333333330160 ) ) ;
#5163 = ORIENTED_EDGE ( 'NONE', *, *, #2303, .F. ) ;
#5164 = CARTESIAN_POINT ( 'NONE',  ( -0.6785254037844492547, -1.175240473580870360, 0.7608333333333361370 ) ) ;
#5165 = FACE_OUTER_BOUND ( 'NONE', #5314, .T. ) ;
#5166 =( BOUNDED_SURFACE ( )  B_SPLINE_SURFACE ( 1, 2, ( 
 ( #5134, #1731, #3664, #1798, #5611, #2268, #2094, #781, #4234, #3725, #5674, #4168, #2711, #1104, #1290, #4199, #5197, #2770, #4717, #363, #2302, #4016, #5289, #3876, #5230, #3277, #4839, #905, #5736, #5795, #490, #522, #2834, #4355, #3366, #2863, #3786, #5353, #4384, #2805, #2427, #4868, #966, #4808, #2895, #3847, #4779, #3403, #1383, #2363, #6239, #15, #5319, #427, #876, #1952, #456, #4752, #5827, #3312, #2397, #2331, #2926, #1476, #5260, #1445, #1000, #2458, #1895, #3819, #46, #396, #1985, #4262, #5706, #6205, #1352, #1860, #4292, #5768, #1415, #3339, #934, #4326, #6270, #1925, #3081, #4999, #3558, #609, #5450, #5480, #2988, #3051, #4900, #549, #3936, #4482, #5032, #2488, #3020, #3526, #5860, #2550, #1032, #1061, #4934, #2581, #2110, #1092, #136, #4000, #2517, #4966, #642, #5415, #3967, #2077, #5950, #2957, #5885, #4420, #4517, #1632, #582, #5916, #77, #4450, #1568, #680, #1537, #2016, #2611, #3434, #4548, #169, #199, #4034, #108, #1598, #3497, #3910, #1506, #1119, #3467 ),
 ( #5384, #2045, #5982, #5510, #1151, #4706, #3176, #3625, #1724, #231, #4676, #2202, #6045, #710, #4161, #2762, #5574, #5603, #1214, #2169, #3211, #6106, #773, #1246, #6137, #1754, #264, #4131, #6076, #3145, #2641, #804, #4581, #5158, #1662, #4097, #5189, #325, #2734, #5124, #3655, #2139, #1696, #6011, #5635, #2260, #5096, #4616, #4189, #3592, #737, #2705, #2671, #3685, #4067, #5543, #4645, #294, #1788, #2231, #1282, #1182, #3718, #5667, #1313, #3238, #834, #3116, #5063, #1886, #2795, #5345, #926, #6228, #1944, #4345, #2855, #483, #5697, #2419, #2293, #896, #3868, #4743, #2824, #1343, #4802, #386, #447, #2388, #2886, #3330, #3776, #4254, #3746, #4318, #3269, #3394, #5221, #5252, #866, #6262, #1916, #3839, #2324, #417, #4772, #2355, #6197, #3359, #5789, #1374, #6167, #1437, #1406, #1820, #5310, #1852, #5281, #5727, #5818, #3304, #4284, #3810, #957, #5758, #992, #4833, #6, #1466, #2918, #354, #4223, #1975, #4859, #127, #3901, #5851, #69, #1528, #36, #2101, #3549, #2008, #99 ) ),
 .UNSPECIFIED., .F., .F., .F. ) 
 B_SPLINE_SURFACE_WITH_KNOTS ( ( 2, 2 ),
 ( 3, 2, 2, 2, 2, 2, 2, 2, 2, 2, 2, 2, 2, 2, 2, 2, 2, 2, 2, 2, 2, 2, 2, 2, 2, 2, 2, 2, 2, 2, 2, 2, 2, 2, 2, 2, 2, 2, 2, 2, 2, 2, 2, 2, 2, 2, 2, 2, 2, 2, 2, 2, 2, 2, 2, 2, 2, 2, 2, 2, 2, 2, 2, 2, 2, 2, 2, 2, 2, 2, 2, 2, 3 ),
 ( 0.000000000000000000, 1.000000000000000000 ),
 ( 0.000000000000000000, 0.01388888888888888812, 0.02777777777777777624, 0.04166666666666666435, 0.05555555555555555247, 0.06944444444444444753, 0.08333333333333332871, 0.09722222222222222376, 0.1111111111111111049, 0.1250000000000000000, 0.1388888888888888951, 0.1527777777777777901, 0.1666666666666666574, 0.1805555555555555525, 0.1944444444444444475, 0.2083333333333333426, 0.2222222222222222099, 0.2361111111111111049, 0.2500000000000000000, 0.2638888888888888951, 0.2777777777777777901, 0.2916666666666666852, 0.3055555555555555802, 0.3194444444444444198, 0.3333333333333333148, 0.3472222222222222099, 0.3611111111111111049, 0.3750000000000000000, 0.3888888888888888951, 0.4027777777777777901, 0.4166666666666666852, 0.4305555555555555802, 0.4444444444444444198, 0.4583333333333333148, 0.4722222222222222099, 0.4861111111111111049, 0.5000000000000000000, 0.5138888888888888395, 0.5277777777777777901, 0.5416666666666666297, 0.5555555555555555802, 0.5694444444444444198, 0.5833333333333333703, 0.5972222222222222099, 0.6111111111111111605, 0.6250000000000000000, 0.6388888888888888395, 0.6527777777777777901, 0.6666666666666666297, 0.6805555555555555802, 0.6944444444444444198, 0.7083333333333333703, 0.7222222222222222099, 0.7361111111111111605, 0.7500000000000000000, 0.7638888888888888395, 0.7777777777777777901, 0.7916666666666666297, 0.8055555555555555802, 0.8194444444444444198, 0.8333333333333333703, 0.8472222222222222099, 0.8611111111111111605, 0.8750000000000000000, 0.8888888888888888395, 0.9027777777777777901, 0.9166666666666666297, 0.9305555555555555802, 0.9444444444444444198, 0.9583333333333333703, 0.9722222222222222099, 0.9861111111111111605, 1.000000000000000000 ),
 .UNSPECIFIED. ) 
 GEOMETRIC_REPRESENTATION_ITEM ( )  RATIONAL_B_SPLINE_SURFACE ( (
 ( 1.000000000000000000, 0.8660254037844387076, 1.000000000000000000, 0.8660254037844387076, 1.000000000000000000, 0.8660254037844387076, 1.000000000000000000, 0.8660254037844387076, 1.000000000000000000, 0.8660254037844387076, 1.000000000000000000, 0.8660254037844387076, 1.000000000000000000, 0.8660254037844387076, 1.000000000000000000, 0.8660254037844387076, 1.000000000000000000, 0.8660254037844387076, 1.000000000000000000, 0.8660254037844387076, 1.000000000000000000, 0.8660254037844387076, 1.000000000000000000, 0.8660254037844387076, 1.000000000000000000, 0.8660254037844387076, 1.000000000000000000, 0.8660254037844387076, 1.000000000000000000, 0.8660254037844387076, 1.000000000000000000, 0.8660254037844387076, 1.000000000000000000, 0.8660254037844387076, 1.000000000000000000, 0.8660254037844387076, 1.000000000000000000, 0.8660254037844387076, 1.000000000000000000, 0.8660254037844387076, 1.000000000000000000, 0.8660254037844387076, 1.000000000000000000, 0.8660254037844387076, 1.000000000000000000, 0.8660254037844387076, 1.000000000000000000, 0.8660254037844387076, 1.000000000000000000, 0.8660254037844387076, 1.000000000000000000, 0.8660254037844387076, 1.000000000000000000, 0.8660254037844387076, 1.000000000000000000, 0.8660254037844387076, 1.000000000000000000, 0.8660254037844387076, 1.000000000000000000, 0.8660254037844387076, 1.000000000000000000, 0.8660254037844387076, 1.000000000000000000, 0.8660254037844387076, 1.000000000000000000, 0.8660254037844387076, 1.000000000000000000, 0.8660254037844387076, 1.000000000000000000, 0.8660254037844387076, 1.000000000000000000, 0.8660254037844387076, 1.000000000000000000, 0.8660254037844387076, 1.000000000000000000, 0.8660254037844387076, 1.000000000000000000, 0.8660254037844387076, 1.000000000000000000, 0.8660254037844387076, 1.000000000000000000, 0.8660254037844387076, 1.000000000000000000, 0.8660254037844387076, 1.000000000000000000, 0.8660254037844387076, 1.000000000000000000, 0.8660254037844387076, 1.000000000000000000, 0.8660254037844387076, 1.000000000000000000, 0.8660254037844387076, 1.000000000000000000, 0.8660254037844387076, 1.000000000000000000, 0.8660254037844387076, 1.000000000000000000, 0.8660254037844387076, 1.000000000000000000, 0.8660254037844387076, 1.000000000000000000, 0.8660254037844387076, 1.000000000000000000, 0.8660254037844387076, 1.000000000000000000, 0.8660254037844387076, 1.000000000000000000, 0.8660254037844387076, 1.000000000000000000, 0.8660254037844387076, 1.000000000000000000, 0.8660254037844387076, 1.000000000000000000, 0.8660254037844387076, 1.000000000000000000, 0.8660254037844387076, 1.000000000000000000, 0.8660254037844387076, 1.000000000000000000, 0.8660254037844387076, 1.000000000000000000, 0.8660254037844387076, 1.000000000000000000, 0.8660254037844387076, 1.000000000000000000, 0.8660254037844387076, 1.000000000000000000, 0.8660254037844387076, 1.000000000000000000, 0.8660254037844387076, 1.000000000000000000, 0.8660254037844387076, 1.000000000000000000, 0.8660254037844387076, 1.000000000000000000, 0.8660254037844387076, 1.000000000000000000, 0.8660254037844387076, 1.000000000000000000, 0.8660254037844387076, 1.000000000000000000, 0.8660254037844387076, 1.000000000000000000, 0.8660254037844387076, 1.000000000000000000),
 ( 1.000000000000000000, 0.8660254037844387076, 1.000000000000000000, 0.8660254037844387076, 1.000000000000000000, 0.8660254037844387076, 1.000000000000000000, 0.8660254037844387076, 1.000000000000000000, 0.8660254037844387076, 1.000000000000000000, 0.8660254037844387076, 1.000000000000000000, 0.8660254037844387076, 1.000000000000000000, 0.8660254037844387076, 1.000000000000000000, 0.8660254037844387076, 1.000000000000000000, 0.8660254037844387076, 1.000000000000000000, 0.8660254037844387076, 1.000000000000000000, 0.8660254037844387076, 1.000000000000000000, 0.8660254037844387076, 1.000000000000000000, 0.8660254037844387076, 1.000000000000000000, 0.8660254037844387076, 1.000000000000000000, 0.8660254037844387076, 1.000000000000000000, 0.8660254037844387076, 1.000000000000000000, 0.8660254037844387076, 1.000000000000000000, 0.8660254037844387076, 1.000000000000000000, 0.8660254037844387076, 1.000000000000000000, 0.8660254037844387076, 1.000000000000000000, 0.8660254037844387076, 1.000000000000000000, 0.8660254037844387076, 1.000000000000000000, 0.8660254037844387076, 1.000000000000000000, 0.8660254037844387076, 1.000000000000000000, 0.8660254037844387076, 1.000000000000000000, 0.8660254037844387076, 1.000000000000000000, 0.8660254037844387076, 1.000000000000000000, 0.8660254037844387076, 1.000000000000000000, 0.8660254037844387076, 1.000000000000000000, 0.8660254037844387076, 1.000000000000000000, 0.8660254037844387076, 1.000000000000000000, 0.8660254037844387076, 1.000000000000000000, 0.8660254037844387076, 1.000000000000000000, 0.8660254037844387076, 1.000000000000000000, 0.8660254037844387076, 1.000000000000000000, 0.8660254037844387076, 1.000000000000000000, 0.8660254037844387076, 1.000000000000000000, 0.8660254037844387076, 1.000000000000000000, 0.8660254037844387076, 1.000000000000000000, 0.8660254037844387076, 1.000000000000000000, 0.8660254037844387076, 1.000000000000000000, 0.8660254037844387076, 1.000000000000000000, 0.8660254037844387076, 1.000000000000000000, 0.8660254037844387076, 1.000000000000000000, 0.8660254037844387076, 1.000000000000000000, 0.8660254037844387076, 1.000000000000000000, 0.8660254037844387076, 1.000000000000000000, 0.8660254037844387076, 1.000000000000000000, 0.8660254037844387076, 1.000000000000000000, 0.8660254037844387076, 1.000000000000000000, 0.8660254037844387076, 1.000000000000000000, 0.8660254037844387076, 1.000000000000000000, 0.8660254037844387076, 1.000000000000000000, 0.8660254037844387076, 1.000000000000000000, 0.8660254037844387076, 1.000000000000000000, 0.8660254037844387076, 1.000000000000000000, 0.8660254037844387076, 1.000000000000000000, 0.8660254037844387076, 1.000000000000000000, 0.8660254037844387076, 1.000000000000000000, 0.8660254037844387076, 1.000000000000000000, 0.8660254037844387076, 1.000000000000000000, 0.8660254037844387076, 1.000000000000000000, 0.8660254037844387076, 1.000000000000000000, 0.8660254037844387076, 1.000000000000000000, 0.8660254037844387076, 1.000000000000000000, 0.8660254037844387076, 1.000000000000000000, 0.8660254037844387076, 1.000000000000000000, 0.8660254037844387076, 1.000000000000000000, 0.8660254037844387076, 1.000000000000000000, 0.8660254037844387076, 1.000000000000000000, 0.8660254037844387076, 1.000000000000000000) ) ) 
 REPRESENTATION_ITEM ( '' )  SURFACE ( )  );
#5167 = CARTESIAN_POINT ( 'NONE',  ( 1.853541686826127732E-16, -1.513531646934164643, 0.5446875000000035438 ) ) ;
#5168 = CARTESIAN_POINT ( 'NONE',  ( 0.8738379037844482555, -1.513531646934164865, -4.413645833333329271 ) ) ;
#5169 = ORIENTED_EDGE ( 'NONE', *, *, #2537, .T. ) ;
#5170 = CARTESIAN_POINT ( 'NONE',  ( -3.673940397442100790E-16, 1.500000000000001554, -0.6974999999999959011 ) ) ;
#5171 = ADVANCED_FACE ( 'NONE', ( #3777 ), #897, .T. ) ;
#5172 = CARTESIAN_POINT ( 'NONE',  ( 0.3093420000000011161, -1.883962625796222822E-15, 6.259999999999999787 ) ) ;
#5173 = CARTESIAN_POINT ( 'NONE',  ( -1.853541686826127979E-16, -1.513531646934164421, -3.502187499999997566 ) ) ;
#5174 = CARTESIAN_POINT ( 'NONE',  ( -0.8660254037844447028, -1.500000000000037526, 2.010833333333337691 ) ) ;
#5175 = DIRECTION ( 'NONE',  ( 0.000000000000000000, -1.000000000000000000, 0.000000000000000000 ) ) ;
#5176 = EDGE_CURVE ( 'NONE', #1889, #5177, #2796, .T. ) ;
#5177 = VERTEX_POINT ( 'NONE', #5728 ) ;
#5178 = CARTESIAN_POINT ( 'NONE',  ( -2.878508968398426089E-16, 1.175240473580839273, 0.05250000000000306505 ) ) ;
#5179 = DIRECTION ( 'NONE',  ( 0.000000000000000000, -2.449293598294706414E-16, 1.000000000000000000 ) ) ;
#5180 = CARTESIAN_POINT ( 'NONE',  ( -1.732050807568896733, -1.573527200980182101E-14, 0.8650000000000015454 ) ) ;
#5181 = CARTESIAN_POINT ( 'NONE',  ( -1.836970198721050395E-16, -1.500000000000031530, -4.509999999999997122 ) ) ;
#5182 = CARTESIAN_POINT ( 'NONE',  ( -1.358185157725200209, -0.2607495332532598908, 6.071772086592593709 ) ) ;
#5183 = EDGE_CURVE ( 'NONE', #141, #3993, #4224, .T. ) ;
#5184 = ORIENTED_EDGE ( 'NONE', *, *, #2153, .F. ) ;
#5185 = FACE_OUTER_BOUND ( 'NONE', #2190, .T. ) ;
#5186 = CARTESIAN_POINT ( 'NONE',  ( -1.439254484199213045E-16, -1.175240473580869471, -3.759999999999996678 ) ) ;
#5187 = ORIENTED_EDGE ( 'NONE', *, *, #5339, .F. ) ;
#5188 = CARTESIAN_POINT ( 'NONE',  ( 0.000000000000000000, -1.344393210065479183, -6.259999999999999787 ) ) ;
#5189 = CARTESIAN_POINT ( 'NONE',  ( -2.878508968398425596E-16, 1.175240473580839273, -1.009999999999997122 ) ) ;
#5190 = DIRECTION ( 'NONE',  ( -0.000000000000000000, -1.224646799147353207E-16, 1.000000000000000000 ) ) ;
#5191 = CARTESIAN_POINT ( 'NONE',  ( -0.07570317101013318561, 1.199498189242981239, 4.596799999999999997 ) ) ;
#5192 = FACE_OUTER_BOUND ( 'NONE', #4613, .T. ) ;
#5193 = CARTESIAN_POINT ( 'NONE',  ( -3.673940397442101283E-16, 1.500000000000001110, 2.740000000000001545 ) ) ;
#5194 = CARTESIAN_POINT ( 'NONE',  ( -1.017788105676674659, -0.5876202367904419521, -3.780833333333330160 ) ) ;
#5195 = EDGE_LOOP ( 'NONE', ( #3158, #406, #4440, #1464 ) ) ;
#5196 = CARTESIAN_POINT ( 'NONE',  ( -1.017788105676674215, -0.5876202367904430623, 0.2191666666666691465 ) ) ;
#5197 = CARTESIAN_POINT ( 'NONE',  ( -1.017788105676674215, -0.5876202367904429513, -1.780833333333330604 ) ) ;
#5198 = CARTESIAN_POINT ( 'NONE',  ( -1.310756855676672661, -0.7567658234670906481, 0.4613541666666702290 ) ) ;
#5199 = B_SPLINE_CURVE_WITH_KNOTS ( 'NONE', 3,
 ( #5287, #3276, #394, #5229, #5767, #6204, #1414, #426, #455, #489, #3875, #5825, #1474, #3402, #1597, #2516 ),
 .UNSPECIFIED., .F., .F.,
 ( 4, 3, 3, 3, 3, 4 ),
 ( 4.065758146820641628E-20, 1.057880841792301157E-05, 2.116331355726193926E-05, 3.167000848053406472E-05, 4.214965269405478816E-05, 4.711135977139845358E-05 ),
 .UNSPECIFIED. ) ;
#5200 = CARTESIAN_POINT ( 'NONE',  ( -0.3012336648200837352, 1.419000536297375659, -6.135340241719156928 ) ) ;
#5201 = CARTESIAN_POINT ( 'NONE',  ( 0.4538728123416860272, 0.5671683580306317030, 6.242448403943561708 ) ) ;
#5202 = CARTESIAN_POINT ( 'NONE',  ( 1.892079304682660583E-16, 1.544999999999999707, 6.259999999999999787 ) ) ;
#5203 =( BOUNDED_CURVE ( )  B_SPLINE_CURVE ( 2, ( #4843, #2431, #4757, #4268, #6210, #3316, #5265 ),
 .UNSPECIFIED., .F., .F. ) 
 B_SPLINE_CURVE_WITH_KNOTS ( ( 3, 2, 2, 3 ),
 ( 0.7272727272727272929, 0.7424242424242423199, 0.7575757575757573470, 0.7727272727272723740 ),
 .UNSPECIFIED. ) 
 CURVE ( )  GEOMETRIC_REPRESENTATION_ITEM ( )  RATIONAL_B_SPLINE_CURVE ( ( 1.000000000000000000, 0.8660254037844387076, 1.000000000000000000, 0.8660254037844387076, 1.000000000000000000, 0.8660254037844417052, 0.9999999999999970024 ) ) 
 REPRESENTATION_ITEM ( '' )  );
#5204 = CARTESIAN_POINT ( 'NONE',  ( -1.747675807568897621, -1.469871851473818122E-14, -4.127187499999997122 ) ) ;
#5205 = DIRECTION ( 'NONE',  ( 0.000000000000000000, -0.1218693434051477398, -0.9925461516413219831 ) ) ;
#5206 = CARTESIAN_POINT ( 'NONE',  ( 1.439254484199212798E-16, -1.175240473580869249, -2.259999999999997122 ) ) ;
#5207 = CARTESIAN_POINT ( 'NONE',  ( -1.357050807568899176, -1.481352915215824385E-14, -3.384999999999996678 ) ) ;
#5208 = ORIENTED_EDGE ( 'NONE', *, *, #5997, .F. ) ;
#5209 = CARTESIAN_POINT ( 'NONE',  ( 0.6785254037844494768, 1.175240473580839051, -0.4891666666666638075 ) ) ;
#5210 = ADVANCED_FACE ( 'NONE', ( #5790 ), #238, .T. ) ;
#5211 = DIRECTION ( 'NONE',  ( 0.000000000000000000, -1.000000000000000000, 0.000000000000000000 ) ) ;
#5212 = DIRECTION ( 'NONE',  ( 0.000000000000000000, -1.000000000000000000, -1.224646799147353207E-16 ) ) ;
#5213 = CARTESIAN_POINT ( 'NONE',  ( 1.299038105676672883, 0.7499999999999925615, -4.343333333333331936 ) ) ;
#5214 = CARTESIAN_POINT ( 'NONE',  ( 1.017788105676675103, 0.5876202367904111989, -1.030833333333329715 ) ) ;
#5215 = ORIENTED_EDGE ( 'NONE', *, *, #1667, .F. ) ;
#5216 = CARTESIAN_POINT ( 'NONE',  ( 0.000000000000000000, -3.168163357082304046E-16, 6.259999999999999787 ) ) ;
#5218 = EDGE_CURVE ( 'NONE', #5442, #3537, #3239, .T. ) ;
#5217 = CARTESIAN_POINT ( 'NONE',  ( 1.017788105676675103, 0.5876202367904114210, -3.093333333333330160 ) ) ;
#5219 = ORIENTED_EDGE ( 'NONE', *, *, #2917, .F. ) ;
#5220 = CARTESIAN_POINT ( 'NONE',  ( 0.1210619955558879940, 0.8426359540445995666, 4.596799999999999997 ) ) ;
#5221 = CARTESIAN_POINT ( 'NONE',  ( -1.017788105676674881, 0.5876202367904107549, 1.573333333333336359 ) ) ;
#5222 = CARTESIAN_POINT ( 'NONE',  ( 0.000000000000000000, -3.747712312781884643E-16, 5.392580145971678007 ) ) ;
#5223 = CARTESIAN_POINT ( 'NONE',  ( 2.465513527709969390E-15, -7.965299035831909888E-16, 4.596799999999999997 ) ) ;
#5224 = CARTESIAN_POINT ( 'NONE',  ( 0.08740251360469153408, 1.196661111718038351, 4.596799999999999997 ) ) ;
#5225 = CARTESIAN_POINT ( 'NONE',  ( 1.196260662152803578, 0.1036295785559334381, 4.584606775222013653 ) ) ;
#5226 = CARTESIAN_POINT ( 'NONE',  ( -1.017788105676674437, 0.5876202367904123092, -2.364166666666663641 ) ) ;
#5227 = CIRCLE ( 'NONE', #5634, 0.5488559999999994554 ) ;
#5228 = ORIENTED_EDGE ( 'NONE', *, *, #1986, .T. ) ;
#5229 = CARTESIAN_POINT ( 'NONE',  ( -0.08600137404279613318, 1.197077816990378407, 4.596799999999999997 ) ) ;
#5230 = CARTESIAN_POINT ( 'NONE',  ( -2.878508968398426089E-16, 1.175240473580839495, -1.447499999999996900 ) ) ;
#5231 = CARTESIAN_POINT ( 'NONE',  ( 1.310756855676672883, 0.7567658234670594508, 0.7113541666666700625 ) ) ;
#5232 = CARTESIAN_POINT ( 'NONE',  ( 0.000000000000000000, 1.513531646934134445, -1.205312499999996234 ) ) ;
#5233 = CARTESIAN_POINT ( 'NONE',  ( 1.196661111718037462, -0.08740251360469650233, 4.596799999999999997 ) ) ;
#5234 = CARTESIAN_POINT ( 'NONE',  ( 0.3148034922636790967, 0.8811735338144247587, 6.174697866662547163 ) ) ;
#5235 = VECTOR ( 'NONE', #358, 1000.000000000000000 ) ;
#5236 = CARTESIAN_POINT ( 'NONE',  ( -1.310756855676673327, -0.7567658234670892048, -4.085520833333331048 ) ) ;
#5237 = CARTESIAN_POINT ( 'NONE',  ( 1.017788105676674215, 0.5876202367904121981, -1.593333333333330382 ) ) ;
#5238 = CARTESIAN_POINT ( 'NONE',  ( 0.000000000000000000, 1.175240473580839717, -3.509999999999996678 ) ) ;
#5239 = AXIS2_PLACEMENT_3D ( 'NONE', #4787, #2496, #5773 ) ;
#5240 = ORIENTED_EDGE ( 'NONE', *, *, #6018, .T. ) ;
#5241 = CARTESIAN_POINT ( 'NONE',  ( 1.439254484199213045E-16, -1.175240473580869915, -0.1974999999999973721 ) ) ;
#5242 = ADVANCED_FACE ( 'NONE', ( #387 ), #3089, .T. ) ;
#5243 = DIRECTION ( 'NONE',  ( 0.000000000000000000, -1.000000000000000000, 0.000000000000000000 ) ) ;
#5244 = DIRECTION ( 'NONE',  ( 1.000000000000000000, 3.552713678800500929E-15, 0.000000000000000000 ) ) ;
#5245 = CARTESIAN_POINT ( 'NONE',  ( 0.000000000000000000, 1.500000000000001998, -5.697499999999995346 ) ) ;
#5246 = CARTESIAN_POINT ( 'NONE',  ( 1.017788105676674215, -0.5876202367904430623, -1.114166666666663419 ) ) ;
#5247 = EDGE_LOOP ( 'NONE', ( #1774, #1561, #4062, #5413 ) ) ;
#5248 = CARTESIAN_POINT ( 'NONE',  ( -1.732050807568896511, -1.464514021727548617E-14, -4.572499999999994458 ) ) ;
#5249 = ADVANCED_FACE ( 'NONE', ( #5253 ), #1168, .F. ) ;
#5250 = EDGE_LOOP ( 'NONE', ( #450, #4159, #5756, #5648 ) ) ;
#5251 = DIRECTION ( 'NONE',  ( 0.000000000000000000, -1.000000000000000000, 0.000000000000000000 ) ) ;
#5252 = CARTESIAN_POINT ( 'NONE',  ( -1.357050807568898954, -1.575823413728583859E-14, 1.615000000000002878 ) ) ;
#5253 = FACE_OUTER_BOUND ( 'NONE', #1577, .T. ) ;
#5254 = CARTESIAN_POINT ( 'NONE',  ( 1.300861621937868584, -0.2624240602582359472, 3.262511861310338990 ) ) ;
#5255 = ADVANCED_FACE ( 'NONE', ( #1917 ), #1407, .T. ) ;
#5256 = CARTESIAN_POINT ( 'NONE',  ( 1.836970198721050642E-16, -1.500000000000032641, -0.009999999999998485795 ) ) ;
#5257 = CARTESIAN_POINT ( 'NONE',  ( 0.000000000000000000, -3.747712312781884643E-16, 5.392580145971678007 ) ) ;
#5258 = ORIENTED_EDGE ( 'NONE', *, *, #3372, .F. ) ;
#5259 = CARTESIAN_POINT ( 'NONE',  ( -0.6785254037844502539, 1.175240473580838385, 2.594166666666669840 ) ) ;
#5260 = CARTESIAN_POINT ( 'NONE',  ( -1.017788105676674215, -0.5876202367904430623, 0.2191666666666691465 ) ) ;
#5261 = CARTESIAN_POINT ( 'NONE',  ( -0.8738379037844495878, 1.513531646934133779, 0.3363541666666701735 ) ) ;
#5262 = ADVANCED_FACE ( 'NONE', ( #2887 ), #4834, .T. ) ;
#5263 = CARTESIAN_POINT ( 'NONE',  ( 1.310756855676673771, 0.7567658234670585626, -2.288645833333329271 ) ) ;
#5264 = CARTESIAN_POINT ( 'NONE',  ( -0.8426359540445986784, 0.1210619955558960709, 4.596799999999999997 ) ) ;
#5265 = CARTESIAN_POINT ( 'NONE',  ( -1.836970198721050395E-16, -1.500000000000031752, -2.009999999999998455 ) ) ;
#5266 = CARTESIAN_POINT ( 'NONE',  ( 0.000000000000000000, 1.513531646934134667, -3.752187499999997122 ) ) ;
#5267 = DIRECTION ( 'NONE',  ( 1.195896129535480906E-16, 0.9925461516413219831, 0.1218693434051479896 ) ) ;
#5268 = CARTESIAN_POINT ( 'NONE',  ( -2.878508968398425596E-16, 1.175240473580839495, -1.509999999999997122 ) ) ;
#5269 = CARTESIAN_POINT ( 'NONE',  ( 0.6785254037844492547, -1.175240473580869471, -3.218333333333330160 ) ) ;
#5270 = CARTESIAN_POINT ( 'NONE',  ( 0.1662030574348068723, -0.4012496753669843041, 4.596799999999999997 ) ) ;
#5271 = CARTESIAN_POINT ( 'NONE',  ( -0.6785254037844492547, -1.175240473580870360, 0.7608333333333359150 ) ) ;
#5272 = EDGE_CURVE ( 'NONE', #2150, #697, #484, .T. ) ;
#5273 = CARTESIAN_POINT ( 'NONE',  ( 1.017788105676674215, -0.5876202367904430623, -1.176666666666663641 ) ) ;
#5274 = DIRECTION ( 'NONE',  ( -0.000000000000000000, -1.224646799147353207E-16, 1.000000000000000000 ) ) ;
#5275 = CARTESIAN_POINT ( 'NONE',  ( -0.2992226178155464877, 0.4125181635044981587, 4.596799999999999997 ) ) ;
#5276 = CARTESIAN_POINT ( 'NONE',  ( -1.358185157725200209, -0.2607495332532598908, 6.071772086592593709 ) ) ;
#5277 = ORIENTED_EDGE ( 'NONE', *, *, #1403, .T. ) ;
#5278 = CARTESIAN_POINT ( 'NONE',  ( 0.9333344501221032541, -0.2978604765686040934, 6.166490495653771831 ) ) ;
#5279 = ORIENTED_EDGE ( 'NONE', *, *, #395, .T. ) ;
#5280 = CARTESIAN_POINT ( 'NONE',  ( 0.8660254037844482555, 1.500000000000001110, 1.198333333333335249 ) ) ;
#5281 = CARTESIAN_POINT ( 'NONE',  ( 1.017788105676674215, 0.5876202367904116430, 2.406666666666669840 ) ) ;
#5282 = CARTESIAN_POINT ( 'NONE',  ( -1.836970198721050395E-16, -1.500000000000031308, -5.947499999999996234 ) ) ;
#5283 = CARTESIAN_POINT ( 'NONE',  ( 3.573321316219307998E-16, 2.855357816928084880, 5.392580145971678895 ) ) ;
#5284 = ORIENTED_EDGE ( 'NONE', *, *, #5493, .F. ) ;
#5285 = CARTESIAN_POINT ( 'NONE',  ( -3.673940397442100790E-16, 1.500000000000001110, 2.302500000000003766 ) ) ;
#5286 = ORIENTED_EDGE ( 'NONE', *, *, #1337, .T. ) ;
#5287 = CARTESIAN_POINT ( 'NONE',  ( -0.07570317101013318561, 1.199498189242981239, 4.596799999999999997 ) ) ;
#5288 = EDGE_CURVE ( 'NONE', #648, #4953, #4725, .T. ) ;
#5289 = CARTESIAN_POINT ( 'NONE',  ( 1.017788105676674437, 0.5876202367904123092, -1.530833333333330160 ) ) ;
#5290 = CARTESIAN_POINT ( 'NONE',  ( 0.8738379037844483666, 1.513531646934134001, 1.753020833333336581 ) ) ;
#5291 = CARTESIAN_POINT ( 'NONE',  ( -1.310756855676673327, -0.7567658234670895379, -2.038645833333329715 ) ) ;
#5292 = CARTESIAN_POINT ( 'NONE',  ( -0.9628031646469190630, 0.3064976159286925128, 6.236834350748982736 ) ) ;
#5293 =( BOUNDED_CURVE ( )  B_SPLINE_CURVE ( 2, ( #4059, #5973, #5566, #3616, #1686, #4506, #4990 ),
 .UNSPECIFIED., .F., .F. ) 
 B_SPLINE_CURVE_WITH_KNOTS ( ( 3, 2, 2, 3 ),
 ( 0.1363636363636363813, 0.1515151515151515471, 0.1666666666666666574, 0.1818181818181818232 ),
 .UNSPECIFIED. ) 
 CURVE ( )  GEOMETRIC_REPRESENTATION_ITEM ( )  RATIONAL_B_SPLINE_CURVE ( ( 0.9999999999999997780, 0.8660254037844389297, 1.000000000000000000, 0.8660254037844387076, 1.000000000000000000, 0.8660254037844387076, 1.000000000000000000 ) ) 
 REPRESENTATION_ITEM ( '' )  );
#5294 = DIRECTION ( 'NONE',  ( -0.000000000000000000, -1.224646799147353207E-16, 1.000000000000000000 ) ) ;
#5295 = EDGE_CURVE ( 'NONE', #6039, #167, #4474, .T. ) ;
#5296 = CARTESIAN_POINT ( 'NONE',  ( 0.8738379037844496988, 1.513531646934134001, -3.793854166666664529 ) ) ;
#5297 = APPROVAL_STATUS ( 'not_yet_approved' ) ;
#5298 = CARTESIAN_POINT ( 'NONE',  ( -1.017788105676674881, 0.5876202367904111989, -1.926666666666663863 ) ) ;
#5299 = CARTESIAN_POINT ( 'NONE',  ( 0.6785254037844492547, -1.175240473580869471, -3.718333333333329715 ) ) ;
#5300 = CARTESIAN_POINT ( 'NONE',  ( 0.000000000000000000, 1.500000000000001776, -2.259999999999997566 ) ) ;
#5301 = CARTESIAN_POINT ( 'NONE',  ( -1.017788105676674215, -0.5876202367904431734, 0.7191666666666691743 ) ) ;
#5302 = CYLINDRICAL_SURFACE ( 'NONE', #1060, 1.500000000000000888 ) ;
#5303 = DIRECTION ( 'NONE',  ( 0.000000000000000000, -1.000000000000000000, 0.000000000000000000 ) ) ;
#5304 = CARTESIAN_POINT ( 'NONE',  ( 1.836970198721050642E-16, -1.500000000000032641, 0.4900000000000013789 ) ) ;
#5305 = CARTESIAN_POINT ( 'NONE',  ( -1.439254484199213045E-16, -1.175240473580869027, -5.697499999999997122 ) ) ;
#5306 = ORIENTED_EDGE ( 'NONE', *, *, #4111, .T. ) ;
#5307 = CARTESIAN_POINT ( 'NONE',  ( -0.8738379037844482555, -1.513531646934165309, -0.5438541666666647512 ) ) ;
#5308 = ORIENTED_EDGE ( 'NONE', *, *, #5418, .T. ) ;
#5309 = CARTESIAN_POINT ( 'NONE',  ( -1.344836440886493012, -0.2816497863669326085, 6.074254017091210933 ) ) ;
#5310 = CARTESIAN_POINT ( 'NONE',  ( 1.017788105676674437, -0.5876202367904426183, 2.323333333333335915 ) ) ;
#5311 = DIRECTION ( 'NONE',  ( -0.000000000000000000, -1.224646799147353207E-16, 1.000000000000000000 ) ) ;
#5312 = B_SPLINE_CURVE_WITH_KNOTS ( 'NONE', 3,
 ( #6118, #5139, #1768, #1355, #1294, #3281, #2272, #4204, #6152, #1801, #5233, #881, #2809, #4756, #6242, #4296 ),
 .UNSPECIFIED., .F., .F.,
 ( 4, 3, 3, 3, 3, 4 ),
 ( 0.000000000000000000, 1.057880444045528302E-05, 2.116330739910299893E-05, 3.166998053641244547E-05, 4.214963376976378021E-05, 4.711136014189844386E-05 ),
 .UNSPECIFIED. ) ;
#5313 = CARTESIAN_POINT ( 'NONE',  ( -1.115216755450207264, -0.8949920767626624585, -6.125218786891188039 ) ) ;
#5314 = EDGE_LOOP ( 'NONE', ( #708, #1212, #1881, #4775 ) ) ;
#5315 = CARTESIAN_POINT ( 'NONE',  ( 0.000000000000000000, -3.168163357082304046E-16, 6.259999999999999787 ) ) ;
#5316 = ORIENTED_EDGE ( 'NONE', *, *, #1303, .F. ) ;
#5317 = CARTESIAN_POINT ( 'NONE',  ( 0.6785254037844494768, 1.175240473580838829, 3.010833333333335915 ) ) ;
#5318 = AXIS2_PLACEMENT_3D ( 'NONE', #6044, #4066, #5602 ) ;
#5319 = CARTESIAN_POINT ( 'NONE',  ( -1.017788105676674215, -0.5876202367904430623, -0.2808333333333308257 ) ) ;
#5320 = CARTESIAN_POINT ( 'NONE',  ( 1.747675807568897399, -1.553109563603364787E-14, 2.669687500000003766 ) ) ;
#5321 = CARTESIAN_POINT ( 'NONE',  ( 1.310756855676672883, -0.7567658234670903150, -2.871979166666662753 ) ) ;
#5322 = FACE_OUTER_BOUND ( 'NONE', #1461, .T. ) ;
#5323 = AXIS2_PLACEMENT_3D ( 'NONE', #5216, #5692, #5154 ) ;
#5324 = CARTESIAN_POINT ( 'NONE',  ( 1.747675807568897621, -1.552478584119837076E-14, -0.8771874999999977884 ) ) ;
#5325 = PERSON_AND_ORGANIZATION ( #4406, #5444 ) ;
#5326 = CARTESIAN_POINT ( 'NONE',  ( -1.357050807568898954, -1.551330477745636829E-14, -0.3849999999999971223 ) ) ;
#5327 = CARTESIAN_POINT ( 'NONE',  ( -1.439254484199213045E-16, -1.175240473580869471, -2.759999999999996678 ) ) ;
#5328 = ADVANCED_FACE ( 'NONE', ( #2036 ), #4346, .T. ) ;
#5329 = DIRECTION ( 'NONE',  ( 1.000000000000000000, 1.065814103640150279E-14, 0.000000000000000000 ) ) ;
#5330 = CARTESIAN_POINT ( 'NONE',  ( -2.878508968398426089E-16, 1.175240473580838829, 3.052500000000003322 ) ) ;
#5331 =( BOUNDED_SURFACE ( )  B_SPLINE_SURFACE ( 3, 2, ( 
 ( #1716, #3071, #6004 ),
 ( #2631, #5023, #4570 ),
 ( #3646, #6033, #5595 ),
 ( #3323, #1937, #2785 ) ),
 .UNSPECIFIED., .F., .F., .F. ) 
 B_SPLINE_SURFACE_WITH_KNOTS ( ( 4, 4 ),
 ( 3, 3 ),
 ( 0.001156264230372853552, 0.002675593445269686121 ),
 ( 0.000000000000000000, 1.000000000000000000 ),
 .UNSPECIFIED. ) 
 GEOMETRIC_REPRESENTATION_ITEM ( )  RATIONAL_B_SPLINE_SURFACE ( (
 ( 1.000000000000000000, 0.7751521472629560039, 1.000000000000000000),
 ( 1.000000000000000000, 0.7634557616479183961, 1.000000000000000000),
 ( 1.000000000000000000, 0.7499943109390820872, 1.000000000000000000),
 ( 1.000000000000000000, 0.7334994083082710947, 1.000000000000000000) ) ) 
 REPRESENTATION_ITEM ( '' )  SURFACE ( )  );
#5332 = AXIS2_PLACEMENT_3D ( 'NONE', #5315, #3363, #4929 ) ;
#5333 = CARTESIAN_POINT ( 'NONE',  ( 0.6785254037844492547, -1.175240473580869471, -2.718333333333329715 ) ) ;
#5334 = FACE_OUTER_BOUND ( 'NONE', #6192, .T. ) ;
#5335 = CARTESIAN_POINT ( 'NONE',  ( -2.878508968398425596E-16, 1.175240473580839273, -0.009999999999996990463 ) ) ;
#5336 = CARTESIAN_POINT ( 'NONE',  ( -1.309299088090950525, -0.2001335427731842642, 5.587203652454585168 ) ) ;
#5337 = CARTESIAN_POINT ( 'NONE',  ( -1.439254484199213045E-16, -1.175240473580869249, -5.197499999999996234 ) ) ;
#5338 = CIRCLE ( 'NONE', #1478, 5.174808031888050053 ) ;
#5339 = EDGE_CURVE ( 'NONE', #3228, #4231, #5930, .T. ) ;
#5340 = ORIENTED_EDGE ( 'NONE', *, *, #3763, .T. ) ;
#5341 = CARTESIAN_POINT ( 'NONE',  ( 1.310756855676673327, -0.7567658234670896489, -0.9188541666666646401 ) ) ;
#5342 = AXIS2_PLACEMENT_3D ( 'NONE', #1812, #1876, #3203 ) ;
#5343 = ORIENTED_EDGE ( 'NONE', *, *, #4984, .T. ) ;
#5344 = CARTESIAN_POINT ( 'NONE',  ( -1.439254484199213045E-16, -1.175240473580869249, -5.259999999999996234 ) ) ;
#5345 = CARTESIAN_POINT ( 'NONE',  ( 0.6785254037844493658, 1.175240473580839051, 0.4483333333333361925 ) ) ;
#5346 = CARTESIAN_POINT ( 'NONE',  ( -1.836970198721050395E-16, -1.500000000000031530, -4.447499999999994458 ) ) ;
#5347 = ORIENTED_EDGE ( 'NONE', *, *, #2073, .T. ) ;
#5348 = CARTESIAN_POINT ( 'NONE',  ( -1.186175250110404367, -0.09971858605910467743, 4.596799999999999997 ) ) ;
#5349 = CARTESIAN_POINT ( 'NONE',  ( -0.6785254037844494768, 1.175240473580839717, -3.905833333333330160 ) ) ;
#5350 = EDGE_LOOP ( 'NONE', ( #5372, #4007, #3461, #2913 ) ) ;
#5351 = MANIFOLD_SOLID_BREP ( 'Boss-Extrude1', #3250 ) ;
#5352 = CARTESIAN_POINT ( 'NONE',  ( 1.836970198721030920E-16, 1.500000000000000666, 6.259999999999999787 ) ) ;
#5353 = CARTESIAN_POINT ( 'NONE',  ( -0.6785254037844502539, 1.175240473580838829, -0.9058333333333302706 ) ) ;
#5354 = CARTESIAN_POINT ( 'NONE',  ( 1.310756855676672883, 0.7567658234670591177, 2.711354166666670285 ) ) ;
#5355 = DIRECTION ( 'NONE',  ( -0.000000000000000000, -1.224646799147353207E-16, 1.000000000000000000 ) ) ;
#5356 = CARTESIAN_POINT ( 'NONE',  ( -0.3037169132267127925, 0.9067387578785631730, 6.170957365736450484 ) ) ;
#5357 = CARTESIAN_POINT ( 'NONE',  ( -0.3148034922636708810, 0.8811735338144270901, 6.174697866662547163 ) ) ;
#5358 = CARTESIAN_POINT ( 'NONE',  ( 1.310756855676672883, -0.7567658234670903150, -2.418854166666664085 ) ) ;
#5359 = CARTESIAN_POINT ( 'NONE',  ( 1.017788105676674215, 0.5876202367904118651, 0.4066666666666697294 ) ) ;
#5360 = CARTESIAN_POINT ( 'NONE',  ( -1.310756855676673105, 0.7567658234670604500, -6.621979166666662309 ) ) ;
#5361 = CARTESIAN_POINT ( 'NONE',  ( 0.1210619955558879940, 0.8426359540445995666, 4.596799999999999997 ) ) ;
#5362 = EDGE_CURVE ( 'NONE', #6268, #1940, #4433, .T. ) ;
#5363 = CARTESIAN_POINT ( 'NONE',  ( -1.357050807568899176, -1.594958519965261383E-14, 3.177500000000003322 ) ) ;
#5364 = CARTESIAN_POINT ( 'NONE',  ( 1.017788105676674215, -0.5876202367904428403, -3.176666666666663641 ) ) ;
#5365 = FACE_OUTER_BOUND ( 'NONE', #5350, .T. ) ;
#5366 = EDGE_CURVE ( 'NONE', #3423, #5883, #359, .T. ) ;
#5367 = CARTESIAN_POINT ( 'NONE',  ( 0.6785254037844496988, -1.175240473580869471, 0.7816666666666698404 ) ) ;
#5368 = CARTESIAN_POINT ( 'NONE',  ( 0.8660254037844546948, 1.499999999999991784, -4.301666666666665861 ) ) ;
#5369 = CARTESIAN_POINT ( 'NONE',  ( 0.000000000000000000, 1.175240473580839939, -4.447499999999996234 ) ) ;
#5370 = AXIS2_PLACEMENT_3D ( 'NONE', #5556, #1769, #4112 ) ;
#5371 =( BOUNDED_CURVE ( )  B_SPLINE_CURVE ( 2, ( #3959, #1143, #5405, #2448, #4505, #160, #1051 ),
 .UNSPECIFIED., .F., .F. ) 
 B_SPLINE_CURVE_WITH_KNOTS ( ( 3, 2, 2, 3 ),
 ( 0.6363636363636362425, 0.6515151515151513806, 0.6666666666666667407, 0.6818181818181818787 ),
 .UNSPECIFIED. ) 
 CURVE ( )  GEOMETRIC_REPRESENTATION_ITEM ( )  RATIONAL_B_SPLINE_CURVE ( ( 1.000000000000000888, 0.8660254037844377084, 1.000000000000000000, 0.8660254037844387076, 1.000000000000000000, 0.8660254037844387076, 1.000000000000000000 ) ) 
 REPRESENTATION_ITEM ( '' )  );
#5372 = ORIENTED_EDGE ( 'NONE', *, *, #3066, .T. ) ;
#5373 = CARTESIAN_POINT ( 'NONE',  ( 1.310756855676673105, 0.7567658234670595618, 0.6644791666666691743 ) ) ;
#5374 = EDGE_LOOP ( 'NONE', ( #1019, #4889, #2011, #2351 ) ) ;
#5375 = EDGE_CURVE ( 'NONE', #1923, #5734, #97, .T. ) ;
#5376 = CARTESIAN_POINT ( 'NONE',  ( 1.836970198721050395E-16, -1.500000000000032419, 2.552500000000003766 ) ) ;
#5377 = CARTESIAN_POINT ( 'NONE',  ( -0.8660254037844498098, -1.500000000000029976, -5.051666666666663197 ) ) ;
#5378 = CARTESIAN_POINT ( 'NONE',  ( 0.8660254037844489217, -1.500000000000032419, 1.531666666666668286 ) ) ;
#5379 = ORIENTED_EDGE ( 'NONE', *, *, #269, .F. ) ;
#5380 = CARTESIAN_POINT ( 'NONE',  ( 0.1067388246147441960, 1.227874302212329516, 4.843366928109167802 ) ) ;
#5381 = CARTESIAN_POINT ( 'NONE',  ( -0.6785254037844494768, 1.175240473580839495, -3.405833333333330160 ) ) ;
#5382 = ORIENTED_EDGE ( 'NONE', *, *, #3881, .F. ) ;
#5383 = CARTESIAN_POINT ( 'NONE',  ( -3.673940397442101283E-16, 1.500000000000001332, 1.740000000000002212 ) ) ;
#5384 = CARTESIAN_POINT ( 'NONE',  ( -2.878508968398425596E-16, 1.175240473580839495, -2.509999999999997122 ) ) ;
#5385 = AXIS2_PLACEMENT_3D ( 'NONE', #5897, #1550, #3478 ) ;
#5386 = CARTESIAN_POINT ( 'NONE',  ( -1.310756855676673771, 0.7567658234670578965, 2.878020833333336803 ) ) ;
#5387 = CARTESIAN_POINT ( 'NONE',  ( 0.000000000000000000, -3.168163357082304046E-16, 6.259999999999999787 ) ) ;
#5388 = CARTESIAN_POINT ( 'NONE',  ( 0.8660254037844566932, -1.500000000000017319, 0.09416666666667151964 ) ) ;
#5389 = CIRCLE ( 'NONE', #5385, 1.500000000000000222 ) ;
#5390 = CARTESIAN_POINT ( 'NONE',  ( 0.07458508804622281108, 1.198475481988581448, 4.587917442521176170 ) ) ;
#5391 = CARTESIAN_POINT ( 'NONE',  ( -1.853541686826127979E-16, -1.513531646934164421, -2.502187499999997566 ) ) ;
#5392 = PERSON_AND_ORGANIZATION_ROLE ( 'creator' ) ;
#5393 = CARTESIAN_POINT ( 'NONE',  ( 1.017788105676674215, 0.5876202367904116430, 2.406666666666669840 ) ) ;
#5394 = CARTESIAN_POINT ( 'NONE',  ( 1.357050807568899176, -1.542145626752031693E-14, -1.134999999999997122 ) ) ;
#5395 = CARTESIAN_POINT ( 'NONE',  ( -0.8660254037844439257, -1.500000000000039524, 0.5108333333333379134 ) ) ;
#5396 = B_SPLINE_CURVE_WITH_KNOTS ( 'NONE', 3,
 ( #6068, #2283, #856, #2818 ),
 .UNSPECIFIED., .F., .F.,
 ( 4, 4 ),
 ( 0.000000000000000000, 8.279030431676537554E-05 ),
 .UNSPECIFIED. ) ;
#5397 = CARTESIAN_POINT ( 'NONE',  ( -1.732050807568896511, -1.488241553461028710E-14, -2.634999999999998455 ) ) ;
#5398 = CARTESIAN_POINT ( 'NONE',  ( 0.4507650346315100198, -0.5640605803204593593, 6.209378226151474500 ) ) ;
#5399 = CARTESIAN_POINT ( 'NONE',  ( 0.6785254037844493658, 1.175240473580838829, 0.9483333333333362480 ) ) ;
#5400 = CARTESIAN_POINT ( 'NONE',  ( -3.673940397442101283E-16, 1.500000000000001110, 3.240000000000001990 ) ) ;
#5401 = CARTESIAN_POINT ( 'NONE',  ( -1.439254484199213045E-16, -1.175240473580869249, -4.197499999999996234 ) ) ;
#5402 = EDGE_LOOP ( 'NONE', ( #1734, #2032, #2486, #2329 ) ) ;
#5403 = CARTESIAN_POINT ( 'NONE',  ( 1.310756855676673105, 0.7567658234670595618, 1.164479166666668730 ) ) ;
#5404 = CARTESIAN_POINT ( 'NONE',  ( 0.6785254037844492547, -1.175240473580869471, -4.718333333333329271 ) ) ;
#5405 = CARTESIAN_POINT ( 'NONE',  ( 1.299038105676672883, 0.7499999999999925615, -4.780833333333328383 ) ) ;
#5406 = CARTESIAN_POINT ( 'NONE',  ( -0.8660254037844482555, 1.500000000000002220, -5.155833333333328383 ) ) ;
#5407 =( BOUNDED_CURVE ( )  B_SPLINE_CURVE ( 2, ( #4389, #1834, #1388, #971, #494, #1356, #1480 ),
 .UNSPECIFIED., .F., .T. ) 
 B_SPLINE_CURVE_WITH_KNOTS ( ( 3, 2, 2, 3 ),
 ( 0.2500000000000000000, 0.2638888888888888951, 0.2777777777777777346, 0.2916666666666666297 ),
 .UNSPECIFIED. ) 
 CURVE ( )  GEOMETRIC_REPRESENTATION_ITEM ( )  RATIONAL_B_SPLINE_CURVE ( ( 1.000000000000000000, 0.8660254037844387076, 1.000000000000000000, 0.8660254037844387076, 1.000000000000000000, 0.8660254037844392627, 0.9999999999999994449 ) ) 
 REPRESENTATION_ITEM ( '' )  );
#5408 = CARTESIAN_POINT ( 'NONE',  ( -1.385596695118852306, 0.1172360995138259088, -6.216964107409471474 ) ) ;
#5409 = VERTEX_POINT ( 'NONE', #2949 ) ;
#5410 = CARTESIAN_POINT ( 'NONE',  ( 0.8668926174127012940, -0.9490378718346486053, -6.260000000000003340 ) ) ;
#5411 = EDGE_CURVE ( 'NONE', #3233, #147, #4926, .T. ) ;
#5412 = CARTESIAN_POINT ( 'NONE',  ( 1.017788105676674215, -0.5876202367904428403, -3.114166666666663641 ) ) ;
#5413 = ORIENTED_EDGE ( 'NONE', *, *, #947, .F. ) ;
#5414 = DIRECTION ( 'NONE',  ( -0.000000000000000000, -1.224646799147353207E-16, 1.000000000000000000 ) ) ;
#5415 = CARTESIAN_POINT ( 'NONE',  ( 0.6785254037844500319, -1.175240473580869915, 2.344166666666668952 ) ) ;
#5416 = CARTESIAN_POINT ( 'NONE',  ( -0.5899199943498282250, 0.2443528623747659723, 6.259999999999999787 ) ) ;
#5417 = CARTESIAN_POINT ( 'NONE',  ( -0.8660254037844407060, 1.500000000000014211, -1.718333333333331936 ) ) ;
#5418 = EDGE_CURVE ( 'NONE', #4535, #2313, #2480, .T. ) ;
#5419 = CARTESIAN_POINT ( 'NONE',  ( -1.199498189242979018, 0.07570317101016349470, 4.596799999999999997 ) ) ;
#5420 = CYLINDRICAL_SURFACE ( 'NONE', #4739, 1.500000000000000888 ) ;
#5421 = CARTESIAN_POINT ( 'NONE',  ( -0.8738379037844493658, -1.513531646934164199, -2.043854166666664529 ) ) ;
#5422 = DATE_AND_TIME ( #5835, #3807 ) ;
#5423 = CARTESIAN_POINT ( 'NONE',  ( 1.357050807568898954, -1.545646872171060337E-14, 1.865000000000002878 ) ) ;
#5424 = AXIS2_PLACEMENT_3D ( 'NONE', #4367, #2472, #4882 ) ;
#5425 = CARTESIAN_POINT ( 'NONE',  ( -1.357050807568899176, -1.493599383207298215E-14, -2.384999999999996678 ) ) ;
#5426 = ORIENTED_EDGE ( 'NONE', *, *, #5902, .F. ) ;
#5427 = LINE ( 'NONE', #656, #4466 ) ;
#5428 = FACE_OUTER_BOUND ( 'NONE', #1657, .T. ) ;
#5429 = AXIS2_PLACEMENT_3D ( 'NONE', #1854, #2797, #3719 ) ;
#5430 = CARTESIAN_POINT ( 'NONE',  ( 0.8660254037844441477, 1.500000000000007994, 2.760833333333337247 ) ) ;
#5431 = CARTESIAN_POINT ( 'NONE',  ( 1.017788105676674215, 0.5876202367904119761, -0.09333333333333046489 ) ) ;
#5432 = DIRECTION ( 'NONE',  ( 0.000000000000000000, -0.9956133613080442313, 0.09356299901615768022 ) ) ;
#5433 = CARTESIAN_POINT ( 'NONE',  ( -0.6785254037844494768, 1.175240473580839717, -2.405833333333329715 ) ) ;
#5434 = CIRCLE ( 'NONE', #5439, 2.855357816928085324 ) ;
#5435 = ORIENTED_EDGE ( 'NONE', *, *, #4817, .F. ) ;
#5436 = CARTESIAN_POINT ( 'NONE',  ( -0.8738379037844496988, 1.513531646934133779, -0.2105208333333309922 ) ) ;
#5437 = ADVANCED_FACE ( 'NONE', ( #5440 ), #2009, .T. ) ;
#5438 = CARTESIAN_POINT ( 'NONE',  ( 0.6785254037844502539, 1.175240473580839495, -4.551666666666663197 ) ) ;
#5439 = AXIS2_PLACEMENT_3D ( 'NONE', #5257, #6171, #4323 ) ;
#5440 = FACE_OUTER_BOUND ( 'NONE', #4431, .T. ) ;
#5441 = CARTESIAN_POINT ( 'NONE',  ( -0.9227480026794840917, -0.1051267183062899874, 4.596799999999999997 ) ) ;
#5442 = VERTEX_POINT ( 'NONE', #4957 ) ;
#5443 = CARTESIAN_POINT ( 'NONE',  ( -1.189015705862473071, -0.09750366069946254932, 4.596799999999999997 ) ) ;
#5444 = ORGANIZATION ( 'UNSPECIFIED', 'UNSPECIFIED', '' ) ;
#5445 = ADVANCED_FACE ( 'NONE', ( #5117 ), #1205, .T. ) ;
#5446 = CARTESIAN_POINT ( 'NONE',  ( -1.439254484199213045E-16, -1.175240473580869249, -4.197499999999996234 ) ) ;
#5447 = ORIENTED_EDGE ( 'NONE', *, *, #1517, .T. ) ;
#5448 =( BOUNDED_CURVE ( )  B_SPLINE_CURVE ( 2, ( #4529, #2121, #4048, #1707, #2213, #399, #5170 ),
 .UNSPECIFIED., .F., .F. ) 
 B_SPLINE_CURVE_WITH_KNOTS ( ( 3, 2, 2, 3 ),
 ( 0.6249999999999998890, 0.6388888888888887285, 0.6527777777777776791, 0.6666666666666666297 ),
 .UNSPECIFIED. ) 
 CURVE ( )  GEOMETRIC_REPRESENTATION_ITEM ( )  RATIONAL_B_SPLINE_CURVE ( ( 1.000000000000001110, 0.8660254037844375974, 1.000000000000000000, 0.8660254037844387076, 1.000000000000000000, 0.8660254037844398178, 0.9999999999999988898 ) ) 
 REPRESENTATION_ITEM ( '' )  );
#5449 = CARTESIAN_POINT ( 'NONE',  ( 0.000000000000000000, -3.168163357082304046E-16, 6.259999999999999787 ) ) ;
#5450 = CARTESIAN_POINT ( 'NONE',  ( 1.439254484199213045E-16, -1.175240473580870137, 1.302500000000002434 ) ) ;
#5451 = EDGE_CURVE ( 'NONE', #478, #3604, #1747, .T. ) ;
#5452 = CARTESIAN_POINT ( 'NONE',  ( -3.673940397442100790E-16, 1.500000000000001332, 1.302500000000003988 ) ) ;
#5453 = CARTESIAN_POINT ( 'NONE',  ( -3.673940397442100790E-16, 1.500000000000001554, -0.1974999999999958733 ) ) ;
#5454 = CARTESIAN_POINT ( 'NONE',  ( -0.5158404875021127545, -0.9628031646469227267, 6.211130278184685771 ) ) ;
#5455 = CARTESIAN_POINT ( 'NONE',  ( 0.2001334878119695182, 1.309299043774372118, 5.587203213073764552 ) ) ;
#5456 = ADVANCED_FACE ( 'NONE', ( #6034 ), #4571, .T. ) ;
#5457 = CARTESIAN_POINT ( 'NONE',  ( 1.310756855676673771, 0.7567658234670585626, -1.835520833333330604 ) ) ;
#5458 = DATE_TIME_ROLE ( 'classification_date' ) ;
#5459 = CARTESIAN_POINT ( 'NONE',  ( -1.017788105676673993, -0.5876202367904431734, 1.656666666666669618 ) ) ;
#5460 = CARTESIAN_POINT ( 'NONE',  ( 1.747675807568897621, -1.491820297349570257E-14, -5.830312499999996234 ) ) ;
#5461 = ORIENTED_EDGE ( 'NONE', *, *, #126, .T. ) ;
#5462 = CARTESIAN_POINT ( 'NONE',  ( -0.8660254037844431485, -1.500000000000040856, -2.989166666666661865 ) ) ;
#5463 = B_SPLINE_CURVE_WITH_KNOTS ( 'NONE', 3,
 ( #1255, #5013, #5965, #3217, #3754, #4531, #4653 ),
 .UNSPECIFIED., .F., .F.,
 ( 4, 3, 4 ),
 ( 5.364798987078809522E-17, 0.0007503818964845324936, 0.001494988009535532783 ),
 .UNSPECIFIED. ) ;
#5464 = CARTESIAN_POINT ( 'NONE',  ( 1.357509936613097157, -0.2642666068264983292, 6.071772086592591045 ) ) ;
#5465 = CARTESIAN_POINT ( 'NONE',  ( 1.836970198721050395E-16, -1.500000000000032419, 2.552500000000003766 ) ) ;
#5466 = CARTESIAN_POINT ( 'NONE',  ( -1.017788105676674881, 0.5876202367904107549, 1.573333333333336359 ) ) ;
#5467 = CARTESIAN_POINT ( 'NONE',  ( -0.5640605803204566948, -0.4507650346315128509, 6.209378226151473612 ) ) ;
#5468 = CARTESIAN_POINT ( 'NONE',  ( -1.357050807568899176, -1.469871851473818122E-14, -4.322499999999996234 ) ) ;
#5469 = ORIENTED_EDGE ( 'NONE', *, *, #1999, .F. ) ;
#5470 = CARTESIAN_POINT ( 'NONE',  ( 1.439254484199213045E-16, -1.175240473580869693, -2.197499999999997122 ) ) ;
#5471 = CARTESIAN_POINT ( 'NONE',  ( 0.6785254037844502539, 1.175240473580839717, -6.051666666666664085 ) ) ;
#5472 = CARTESIAN_POINT ( 'NONE',  ( 1.406099999999997463, 2.070106209874711453E-15, 6.259999999999999787 ) ) ;
#5473 = CARTESIAN_POINT ( 'NONE',  ( 0.1030321941882435671, -1.180013898932688043, 4.596799999999999997 ) ) ;
#5474 = CARTESIAN_POINT ( 'NONE',  ( 0.8811735338144246477, 0.3148034922636792077, 6.174697866662547163 ) ) ;
#5475 = ORIENTED_EDGE ( 'NONE', *, *, #3372, .T. ) ;
#5476 = LINE ( 'NONE', #2701, #4404 ) ;
#5477 = CARTESIAN_POINT ( 'NONE',  ( -0.6785254037844500319, -1.175240473580869249, -3.739166666666663197 ) ) ;
#5478 = ORIENTED_EDGE ( 'NONE', *, *, #5571, .T. ) ;
#5479 = LINE ( 'NONE', #106, #1270 ) ;
#5480 = CARTESIAN_POINT ( 'NONE',  ( 0.6785254037844500319, -1.175240473580869915, 1.344166666666669174 ) ) ;
#5481 = VECTOR ( 'NONE', #2214, 1000.000000000000000 ) ;
#5482 = PLANE ( 'NONE',  #5020 ) ;
#5483 = CARTESIAN_POINT ( 'NONE',  ( -1.250565508697613959, -0.1959937933994745640, 5.336852938455673545 ) ) ;
#5484 = CARTESIAN_POINT ( 'NONE',  ( -1.357050807568899176, -1.582712051973787868E-14, 2.177500000000003322 ) ) ;
#5485 = CARTESIAN_POINT ( 'NONE',  ( 0.000000000000000000, 1.175240473580839939, -5.947499999999996234 ) ) ;
#5486 = EDGE_CURVE ( 'NONE', #4831, #1555, #555, .T. ) ;
#5487 = CARTESIAN_POINT ( 'NONE',  ( 1.017788105676674437, 0.5876202367904120871, -0.5308333333333303816 ) ) ;
#5488 = CARTESIAN_POINT ( 'NONE',  ( 1.017788105676674215, -0.5876202367904425072, -5.614166666666663197 ) ) ;
#5489 = CARTESIAN_POINT ( 'NONE',  ( 1.310756855676673105, -0.7567658234670894268, -2.371979166666662753 ) ) ;
#5490 = CARTESIAN_POINT ( 'NONE',  ( -1.439254484199213045E-16, -1.175240473580869693, -1.259999999999997122 ) ) ;
#5491 = ORIENTED_EDGE ( 'NONE', *, *, #752, .T. ) ;
#5492 = DIRECTION ( 'NONE',  ( -0.000000000000000000, -1.224646799147353207E-16, 1.000000000000000000 ) ) ;
#5493 = EDGE_CURVE ( 'NONE', #1311, #3476, #59, .T. ) ;
#5494 = CARTESIAN_POINT ( 'NONE',  ( -0.6785254037844500319, -1.175240473580869471, -1.801666666666663197 ) ) ;
#5495 = CARTESIAN_POINT ( 'NONE',  ( -1.198475484481091202, 0.07458509077002986598, 4.587917464159742664 ) ) ;
#5496 = CARTESIAN_POINT ( 'NONE',  ( 0.6785254037844496988, -1.175240473580869471, 2.781666666666669396 ) ) ;
#5497 = CARTESIAN_POINT ( 'NONE',  ( 1.017788105676674215, -0.5876202367904427293, -4.114166666666663197 ) ) ;
#5498 = ORIENTED_EDGE ( 'NONE', *, *, #5218, .F. ) ;
#5499 = CARTESIAN_POINT ( 'NONE',  ( 0.8738379037844493658, -1.513531646934164865, 2.539479166666668952 ) ) ;
#5500 =( BOUNDED_SURFACE ( )  B_SPLINE_SURFACE ( 3, 2, ( 
 ( #3386, #1522, #1909 ),
 ( #5336, #984, #2911 ),
 ( #4852, #1968, #3893 ),
 ( #5844, #5078, #4600 ) ),
 .UNSPECIFIED., .F., .F., .F. ) 
 B_SPLINE_SURFACE_WITH_KNOTS ( ( 4, 4 ),
 ( 3, 3 ),
 ( 0.001165519624856720896, 0.002684848727047122689 ),
 ( 0.000000000000000000, 1.000000000000000000 ),
 .UNSPECIFIED. ) 
 GEOMETRIC_REPRESENTATION_ITEM ( )  RATIONAL_B_SPLINE_SURFACE ( (
 ( 1.000000000000000000, 0.7751521472557431069, 1.000000000000000000),
 ( 1.000000000000000000, 0.7634557631611336159, 1.000000000000000000),
 ( 1.000000000000000000, 0.7499943059302335291, 1.000000000000000000),
 ( 1.000000000000000000, 0.7334994083953797483, 1.000000000000000000) ) ) 
 REPRESENTATION_ITEM ( '' )  SURFACE ( )  );
#5501 = CARTESIAN_POINT ( 'NONE',  ( 1.017788105676674215, -0.5876202367904428403, -3.176666666666663641 ) ) ;
#5502 = CARTESIAN_POINT ( 'NONE',  ( 0.8660254037844477004, -1.500000000000031974, -3.968333333333331492 ) ) ;
#5503 = CARTESIAN_POINT ( 'NONE',  ( 0.07922243852622772031, -1.199276079936781869, 4.596799999999999997 ) ) ;
#5504 = CARTESIAN_POINT ( 'NONE',  ( 1.357050807568899176, -1.480913286794664119E-14, -6.134999999999995346 ) ) ;
#5505 = ORIENTED_EDGE ( 'NONE', *, *, #3577, .F. ) ;
#5506 = CARTESIAN_POINT ( 'NONE',  ( 0.1105063561783022064, -0.8681195217894814853, 4.596799999999999997 ) ) ;
#5507 = CARTESIAN_POINT ( 'NONE',  ( -1.439254484199213045E-16, -1.175240473580869027, -5.759999999999997122 ) ) ;
#5508 = ORIENTED_EDGE ( 'NONE', *, *, #3111, .T. ) ;
#5509 = CARTESIAN_POINT ( 'NONE',  ( 0.1636368545425475052, -1.251243294678655360, 5.073326819055943737 ) ) ;
#5510 = CARTESIAN_POINT ( 'NONE',  ( -1.357050807568898954, -1.526837541762689484E-14, -2.384999999999997122 ) ) ;
#5511 = CARTESIAN_POINT ( 'NONE',  ( 0.000000000000000000, 1.500000000000001776, -3.697499999999995346 ) ) ;
#5512 = CARTESIAN_POINT ( 'NONE',  ( 0.000000000000000000, -3.168163357082304046E-16, 6.259999999999999787 ) ) ;
#5513 = CARTESIAN_POINT ( 'NONE',  ( -0.1051267183062797456, 0.9227480026794846468, 4.596799999999999997 ) ) ;
#5514 = EDGE_CURVE ( 'NONE', #3328, #2361, #4312, .T. ) ;
#5515 = ORIENTED_EDGE ( 'NONE', *, *, #1744, .T. ) ;
#5516 = CARTESIAN_POINT ( 'NONE',  ( 0.2267329579080828161, 1.278244695270716047, 5.587203343120292764 ) ) ;
#5517 = CARTESIAN_POINT ( 'NONE',  ( -1.017788105676674659, -0.5876202367904418411, -4.780833333333329271 ) ) ;
#5518 = CARTESIAN_POINT ( 'NONE',  ( -0.8738379037844481445, -1.513531646934164865, -1.496979166666662975 ) ) ;
#5519 = CARTESIAN_POINT ( 'NONE',  ( -1.310756855676673105, 0.7567658234670603390, -5.621979166666662309 ) ) ;
#5520 = ORIENTED_EDGE ( 'NONE', *, *, #4475, .F. ) ;
#5521 = CARTESIAN_POINT ( 'NONE',  ( 1.836970198721050395E-16, -1.500000000000032196, 1.052500000000003988 ) ) ;
#5522 = CARTESIAN_POINT ( 'NONE',  ( -1.836970198721050395E-16, -1.500000000000031752, -2.509999999999998010 ) ) ;
#5523 = CARTESIAN_POINT ( 'NONE',  ( -0.5640605803204530311, 0.4507650346315164036, 6.209378226151474500 ) ) ;
#5524 = CARTESIAN_POINT ( 'NONE',  ( 1.352618380277816446, 0.2740484422446849977, 6.072573324221510305 ) ) ;
#5525 = CARTESIAN_POINT ( 'NONE',  ( 0.000000000000000000, 1.500000000000001776, -3.197499999999995346 ) ) ;
#5526 = EDGE_CURVE ( 'NONE', #2247, #1923, #5293, .T. ) ;
#5527 = ORIENTED_EDGE ( 'NONE', *, *, #4342, .F. ) ;
#5528 = CARTESIAN_POINT ( 'NONE',  ( 1.017788105676674437, 0.5876202367904123092, -2.030833333333330160 ) ) ;
#5529 = VECTOR ( 'NONE', #1477, 1000.000000000000000 ) ;
#5530 = CARTESIAN_POINT ( 'NONE',  ( -1.017788105676674437, 0.5876202367904125312, -3.926666666666663197 ) ) ;
#5531 = CARTESIAN_POINT ( 'NONE',  ( -0.09603820785165051443, -1.190576561512318943, 4.596799999999999997 ) ) ;
#5532 = CARTESIAN_POINT ( 'NONE',  ( -1.299038105676672439, -0.7500000000000228706, -3.593333333333331048 ) ) ;
#5533 = CARTESIAN_POINT ( 'NONE',  ( -1.147754889656845023, -0.2965852589939798611, 3.176519237886480607 ) ) ;
#5534 = EDGE_CURVE ( 'NONE', #2120, #4032, #1279, .T. ) ;
#5535 = TOROIDAL_SURFACE ( 'NONE', #1373, -0.01061802973623767778, 3.010618029736235712 ) ;
#5536 = ORIENTED_EDGE ( 'NONE', *, *, #2684, .F. ) ;
#5537 = CARTESIAN_POINT ( 'NONE',  ( -3.673940397442101776E-16, 1.500000000000000888, 3.364019237886469504 ) ) ;
#5538 =( BOUNDED_CURVE ( )  B_SPLINE_CURVE ( 2, ( #3405, #5417, #4968, #1002, #3912, #1122, #4841 ),
 .UNSPECIFIED., .F., .F. ) 
 B_SPLINE_CURVE_WITH_KNOTS ( ( 3, 2, 2, 3 ),
 ( 0.8181818181818180102, 0.8333333333333331483, 0.8484848484848483974, 0.8636363636363635354 ),
 .UNSPECIFIED. ) 
 CURVE ( )  GEOMETRIC_REPRESENTATION_ITEM ( )  RATIONAL_B_SPLINE_CURVE ( ( 1.000000000000001998, 0.8660254037844367092, 1.000000000000000000, 0.8660254037844387076, 1.000000000000000000, 0.8660254037844397068, 0.9999999999999990008 ) ) 
 REPRESENTATION_ITEM ( '' )  );
#5539 = CARTESIAN_POINT ( 'NONE',  ( -0.6785254037844494768, 1.175240473580839273, -1.905833333333329493 ) ) ;
#5540 = VECTOR ( 'NONE', #4606, 1000.000000000000000 ) ;
#5541 = EDGE_LOOP ( 'NONE', ( #5591, #850, #2677, #4673 ) ) ;
#5542 = DIRECTION ( 'NONE',  ( 0.000000000000000000, -1.000000000000000000, 0.000000000000000000 ) ) ;
#5543 = CARTESIAN_POINT ( 'NONE',  ( 0.6785254037844499209, -1.175240473580869249, -0.2183333333333303816 ) ) ;
#5544 = CARTESIAN_POINT ( 'NONE',  ( -0.4012496753669846372, -0.1662030574348057066, 4.596799999999999997 ) ) ;
#5545 = AXIS2_PLACEMENT_3D ( 'NONE', #5781, #1045, #535 ) ;
#5546 = CARTESIAN_POINT ( 'NONE',  ( 0.1051267183062886135, 1.171685379079054456, 4.596799999999999997 ) ) ;
#5547 = CARTESIAN_POINT ( 'NONE',  ( -1.732050807568896511, -1.549799669246702324E-14, -1.072499999999996012 ) ) ;
#5548 = FACE_OUTER_BOUND ( 'NONE', #1942, .T. ) ;
#5549 = VERTEX_POINT ( 'NONE', #701 ) ;
#5550 = CARTESIAN_POINT ( 'NONE',  ( -1.357050807568899176, -1.552095881995104081E-14, -0.3224999999999972888 ) ) ;
#5551 = CARTESIAN_POINT ( 'NONE',  ( -1.017788105676674437, 0.5876202367904127533, -5.864166666666663197 ) ) ;
#5552 = CARTESIAN_POINT ( 'NONE',  ( 1.310756855676673105, -0.7567658234670896489, -0.8719791666666630858 ) ) ;
#5553 = CARTESIAN_POINT ( 'NONE',  ( 0.000000000000000000, 1.513531646934134667, -5.205312499999996234 ) ) ;
#5554 = ORIENTED_EDGE ( 'NONE', *, *, #314, .T. ) ;
#5555 = DIRECTION ( 'NONE',  ( -0.000000000000000000, -1.224646799147353207E-16, 1.000000000000000000 ) ) ;
#5556 = CARTESIAN_POINT ( 'NONE',  ( -2.325922881143838857E-16, -3.603364002407197528E-15, 4.596799999999999997 ) ) ;
#5557 = DIRECTION ( 'NONE',  ( -0.000000000000000000, 1.000000000000000000, -0.000000000000000000 ) ) ;
#5558 = CARTESIAN_POINT ( 'NONE',  ( 0.1067390664871685074, -1.227874523357965986, 4.843368849697231582 ) ) ;
#5559 = CARTESIAN_POINT ( 'NONE',  ( 1.299038105676671995, -0.7500000000000239808, -3.364166666666662309 ) ) ;
#5560 = EDGE_CURVE ( 'NONE', #1311, #5177, #3572, .T. ) ;
#5561 = ORIENTED_EDGE ( 'NONE', *, *, #824, .T. ) ;
#5562 = CARTESIAN_POINT ( 'NONE',  ( 1.310756855676673105, 0.7567658234670593398, 2.664479166666668952 ) ) ;
#5563 = EDGE_CURVE ( 'NONE', #4382, #767, #3820, .T. ) ;
#5564 = CARTESIAN_POINT ( 'NONE',  ( 1.017788105676674215, -0.5876202367904427293, -4.176666666666663197 ) ) ;
#5565 = CARTESIAN_POINT ( 'NONE',  ( 0.8660254037844516972, 1.499999999999996891, -5.801666666666664973 ) ) ;
#5566 = CARTESIAN_POINT ( 'NONE',  ( 1.299038105676671995, -0.7500000000000236478, -5.426666666666664085 ) ) ;
#5567 = CARTESIAN_POINT ( 'NONE',  ( -0.3148034922636792632, -0.8811735338144259799, 6.174697866662547163 ) ) ;
#5568 = CARTESIAN_POINT ( 'NONE',  ( 0.000000000000000000, 0.000000000000000000, 4.189596514420281359 ) ) ;
#5569 = ORIENTED_EDGE ( 'NONE', *, *, #5943, .T. ) ;
#5571 = EDGE_CURVE ( 'NONE', #3604, #5112, #5396, .T. ) ;
#5570 = CARTESIAN_POINT ( 'NONE',  ( 0.6785254037844492547, -1.175240473580869249, -5.718333333333331048 ) ) ;
#5572 = ORIENTED_EDGE ( 'NONE', *, *, #5526, .F. ) ;
#5573 = CARTESIAN_POINT ( 'NONE',  ( -1.181919103194878584, 0.1021956419559707230, 4.596799999999999997 ) ) ;
#5574 = CARTESIAN_POINT ( 'NONE',  ( -1.017788105676673993, -0.5876202367904428403, -1.843333333333330382 ) ) ;
#5575 = DIRECTION ( 'NONE',  ( -1.224646799147353207E-16, -1.224646799147340388E-16, 1.000000000000000000 ) ) ;
#5576 = DIRECTION ( 'NONE',  ( -0.000000000000000000, -1.224646799147353207E-16, 1.000000000000000000 ) ) ;
#5577 =( BOUNDED_CURVE ( )  B_SPLINE_CURVE ( 2, ( #3689, #5035, #1216, #3149, #682, #2706, #5638 ),
 .UNSPECIFIED., .F., .F. ) 
 B_SPLINE_CURVE_WITH_KNOTS ( ( 3, 2, 2, 3 ),
 ( 0.7083333333333331483, 0.7222222222222220989, 0.7361111111111110494, 0.7500000000000000000 ),
 .UNSPECIFIED. ) 
 CURVE ( )  GEOMETRIC_REPRESENTATION_ITEM ( )  RATIONAL_B_SPLINE_CURVE ( ( 1.000000000000002220, 0.8660254037844365982, 1.000000000000000000, 0.8660254037844387076, 1.000000000000000000, 0.8660254037844387076, 1.000000000000000000 ) ) 
 REPRESENTATION_ITEM ( '' )  );
#5578 = CARTESIAN_POINT ( 'NONE',  ( -1.299038105676671995, -0.7500000000000242029, -1.030833333333329271 ) ) ;
#5579 = CARTESIAN_POINT ( 'NONE',  ( 0.6785254037844502539, 1.175240473580839051, -3.489166666666663641 ) ) ;
#5580 = ORIENTED_EDGE ( 'NONE', *, *, #5905, .T. ) ;
#5581 = CARTESIAN_POINT ( 'NONE',  ( 0.6785254037844494768, 1.175240473580838829, 1.510833333333336359 ) ) ;
#5582 = CARTESIAN_POINT ( 'NONE',  ( 0.001183083183161783838, 0.002856215466206213013, 1.084811436673219998 ) ) ;
#5583 = CARTESIAN_POINT ( 'NONE',  ( 0.8738379037844483666, 1.513531646934134001, -1.246979166666663419 ) ) ;
#5584 = CARTESIAN_POINT ( 'NONE',  ( 0.000000000000000000, 1.513531646934134445, -3.205312499999995790 ) ) ;
#5585 = EDGE_LOOP ( 'NONE', ( #4738, #3061, #2915, #3680 ) ) ;
#5586 = CARTESIAN_POINT ( 'NONE',  ( 1.168159110932235123, -0.1051267183062932348, 4.596799999999999997 ) ) ;
#5587 = DIRECTION ( 'NONE',  ( -0.9925461516413219831, 3.570121289218259633E-15, 0.1218693434051478647 ) ) ;
#5588 = CARTESIAN_POINT ( 'NONE',  ( 1.266647755626855991E-17, 0.1051267183062890437, 4.596799999999999997 ) ) ;
#5589 = CARTESIAN_POINT ( 'NONE',  ( 0.002856215466206679220, -0.001183083183161099707, 1.084811436673219776 ) ) ;
#5590 = DIRECTION ( 'NONE',  ( -0.000000000000000000, -1.224646799147353207E-16, 1.000000000000000000 ) ) ;
#5591 = ORIENTED_EDGE ( 'NONE', *, *, #200, .F. ) ;
#5592 = CARTESIAN_POINT ( 'NONE',  ( -1.017788105676675103, 0.5876202367904113100, -2.364166666666663641 ) ) ;
#5593 = CIRCLE ( 'NONE', #3656, 1.382988518302596725 ) ;
#5594 = CARTESIAN_POINT ( 'NONE',  ( -1.017788105676674659, -0.5876202367904421742, -2.343333333333330160 ) ) ;
#5595 = CARTESIAN_POINT ( 'NONE',  ( 1.255999185100851179, -0.1374465032026229716, 5.087305564860090001 ) ) ;
#5596 = CARTESIAN_POINT ( 'NONE',  ( 0.000000000000000000, -3.168163357082304046E-16, 6.259999999999999787 ) ) ;
#5597 = CARTESIAN_POINT ( 'NONE',  ( -1.255209783581176630, -0.1377321454054308558, 5.090064347703613379 ) ) ;
#5598 = ORIENTED_EDGE ( 'NONE', *, *, #5943, .F. ) ;
#5599 = CARTESIAN_POINT ( 'NONE',  ( -1.836970198721050395E-16, -1.500000000000031530, -5.009999999999998010 ) ) ;
#5600 = CARTESIAN_POINT ( 'NONE',  ( -0.6785254037844494768, 1.175240473580840161, -6.468333333333330160 ) ) ;
#5601 = VERTEX_POINT ( 'NONE', #2195 ) ;
#5602 = DIRECTION ( 'NONE',  ( 0.000000000000000000, -1.000000000000000000, 0.000000000000000000 ) ) ;
#5603 = CARTESIAN_POINT ( 'NONE',  ( -0.6785254037844491437, -1.175240473580869471, -1.801666666666663863 ) ) ;
#5604 = DIRECTION ( 'NONE',  ( -0.000000000000000000, -0.000000000000000000, -1.000000000000000000 ) ) ;
#5605 = EDGE_CURVE ( 'NONE', #5969, #1524, #5720, .T. ) ;
#5606 = DIRECTION ( 'NONE',  ( 0.9925461516413219831, -3.570121289218259633E-15, -0.1218693434051478647 ) ) ;
#5607 = CARTESIAN_POINT ( 'NONE',  ( 0.8660254037844489217, -1.500000000000032196, 0.03166666666666814040 ) ) ;
#5608 = CARTESIAN_POINT ( 'NONE',  ( 0.000000000000000000, 1.175240473580839717, -2.947499999999996678 ) ) ;
#5609 = EDGE_LOOP ( 'NONE', ( #1592, #5030, #599, #3620 ) ) ;
#5610 = CARTESIAN_POINT ( 'NONE',  ( -1.017788105676675103, 0.5876202367904110879, 0.1358333333333361093 ) ) ;
#5611 = CARTESIAN_POINT ( 'NONE',  ( -1.017788105676674215, -0.5876202367904429513, -2.280833333333331048 ) ) ;
#5612 =( BOUNDED_CURVE ( )  B_SPLINE_CURVE ( 2, ( #4553, #1124, #6015, #4453, #5955, #1571, #1665 ),
 .UNSPECIFIED., .F., .F. ) 
 B_SPLINE_CURVE_WITH_KNOTS ( ( 3, 2, 2, 3 ),
 ( 0.9090909090909089496, 0.9242424242424240877, 0.9393939393939392257, 0.9545454545454543638 ),
 .UNSPECIFIED. ) 
 CURVE ( )  GEOMETRIC_REPRESENTATION_ITEM ( )  RATIONAL_B_SPLINE_CURVE ( ( 1.000000000000000888, 0.8660254037844377084, 1.000000000000000000, 0.8660254037844387076, 1.000000000000000000, 0.8660254037844407060, 0.9999999999999980016 ) ) 
 REPRESENTATION_ITEM ( '' )  );
#5613 = CARTESIAN_POINT ( 'NONE',  ( 1.747675807568897399, -1.498000457641734286E-14, -1.830312499999996456 ) ) ;
#5614 = EDGE_CURVE ( 'NONE', #352, #5656, #6254, .T. ) ;
#5615 = CARTESIAN_POINT ( 'NONE',  ( -1.747675807568897621, -1.470445904660918877E-14, -4.080312499999996234 ) ) ;
#5616 = ORIENTED_EDGE ( 'NONE', *, *, #4308, .T. ) ;
#5617 = LINE ( 'NONE', #2745, #3952 ) ;
#5618 = CARTESIAN_POINT ( 'NONE',  ( -0.2769255566850551964, 1.350257442004914710, 6.073054125198388498 ) ) ;
#5619 = CARTESIAN_POINT ( 'NONE',  ( -0.1210619955558882160, -0.8426359540446001217, 4.596799999999999997 ) ) ;
#5620 = CARTESIAN_POINT ( 'NONE',  ( -1.836970198721050395E-16, -1.500000000000031530, -4.447499999999994458 ) ) ;
#5621 = CARTESIAN_POINT ( 'NONE',  ( -0.6785254037844500319, -1.175240473580869471, -1.239166666666663419 ) ) ;
#5622 = VERTEX_POINT ( 'NONE', #5275 ) ;
#5623 = CARTESIAN_POINT ( 'NONE',  ( 0.6785254037844500319, -1.175240473580869471, -1.155833333333330826 ) ) ;
#5624 = CARTESIAN_POINT ( 'NONE',  ( -1.439254484199213045E-16, -1.175240473580869249, -4.259999999999996234 ) ) ;
#5625 = DIRECTION ( 'NONE',  ( -0.9238795325112859613, 0.3826834323650916136, -0.000000000000000000 ) ) ;
#5626 = CARTESIAN_POINT ( 'NONE',  ( 0.000000000000000000, -3.168163357082304046E-16, 6.259999999999999787 ) ) ;
#5627 = LINE ( 'NONE', #4125, #2189 ) ;
#5628 = VECTOR ( 'NONE', #2222, 1000.000000000000000 ) ;
#5629 = EDGE_LOOP ( 'NONE', ( #4324, #2814, #1673, #5491 ) ) ;
#5630 = FACE_OUTER_BOUND ( 'NONE', #2384, .T. ) ;
#5631 = CARTESIAN_POINT ( 'NONE',  ( -0.6785254037844500319, -1.175240473580869027, -5.301666666666662309 ) ) ;
#5632 = ORIENTED_EDGE ( 'NONE', *, *, #3412, .T. ) ;
#5633 = CARTESIAN_POINT ( 'NONE',  ( -1.328023899308126587, -0.2870500636019572283, 6.078446747423949859 ) ) ;
#5634 = AXIS2_PLACEMENT_3D ( 'NONE', #3014, #4991, #732 ) ;
#5635 = CARTESIAN_POINT ( 'NONE',  ( 1.017788105676674437, -0.5876202367904422852, -0.6766666666666637520 ) ) ;
#5636 = CARTESIAN_POINT ( 'NONE',  ( 1.333400712947752531, -0.09036181583908255155, 3.267945956855457634 ) ) ;
#5637 = EDGE_CURVE ( 'NONE', #3713, #2200, #5937, .T. ) ;
#5638 = CARTESIAN_POINT ( 'NONE',  ( -3.673940397442101283E-16, 1.500000000000001332, 2.240000000000001990 ) ) ;
#5639 = AXIS2_PLACEMENT_3D ( 'NONE', #3969, #2079, #1989 ) ;
#5640 = CARTESIAN_POINT ( 'NONE',  ( -1.357050807568899176, -1.475995085469554880E-14, -3.822499999999997122 ) ) ;
#5641 = ORIENTED_EDGE ( 'NONE', *, *, #4894, .T. ) ;
#5642 = CARTESIAN_POINT ( 'NONE',  ( 0.6785254037844494768, 1.175240473580839273, 0.01083333333333621855 ) ) ;
#5643 = EDGE_CURVE ( 'NONE', #2592, #2150, #4469, .T. ) ;
#5644 = CARTESIAN_POINT ( 'NONE',  ( -1.309299083427783117, 0.2001335369900768268, 5.587203606221708085 ) ) ;
#5645 = AXIS2_PLACEMENT_3D ( 'NONE', #256, #223, #634 ) ;
#5646 = CARTESIAN_POINT ( 'NONE',  ( -1.310756855676672661, -0.7567658234670907591, 0.9613541666666702845 ) ) ;
#5647 = CARTESIAN_POINT ( 'NONE',  ( 1.310756855676673771, 0.7567658234670588957, -5.288645833333329271 ) ) ;
#5648 = ORIENTED_EDGE ( 'NONE', *, *, #5125, .T. ) ;
#5649 = DIRECTION ( 'NONE',  ( 0.09315614143603846709, 0.09315614143603855035, 0.9912839485361888414 ) ) ;
#5650 = DIRECTION ( 'NONE',  ( 0.1218693434051478647, 0.000000000000000000, 0.9925461516413219831 ) ) ;
#5651 = EDGE_CURVE ( 'NONE', #2655, #3228, #2365, .T. ) ;
#5652 =( BOUNDED_SURFACE ( )  B_SPLINE_SURFACE ( 3, 2, ( 
 ( #4971, #2083, #1542 ),
 ( #5516, #1511, #5455 ),
 ( #112, #4939, #3940 ),
 ( #5039, #1992, #5390 ) ),
 .UNSPECIFIED., .F., .F., .F. ) 
 B_SPLINE_SURFACE_WITH_KNOTS ( ( 4, 4 ),
 ( 3, 3 ),
 ( 0.001079314120616741476, 0.002598644243350413385 ),
 ( 0.000000000000000000, 1.000000000000000000 ),
 .UNSPECIFIED. ) 
 GEOMETRIC_REPRESENTATION_ITEM ( )  RATIONAL_B_SPLINE_SURFACE ( (
 ( 1.000000000000000000, 0.7751521473265374773, 1.000000000000000000),
 ( 1.000000000000000000, 0.7634557488811102299, 1.000000000000000000),
 ( 1.000000000000000000, 0.7499943520665338648, 1.000000000000000000),
 ( 1.000000000000000000, 0.7334994075927807611, 1.000000000000000000) ) ) 
 REPRESENTATION_ITEM ( '' )  SURFACE ( )  );
#5653 = CARTESIAN_POINT ( 'NONE',  ( -1.310756855676673327, -0.7567658234670892048, -4.585520833333330160 ) ) ;
#5654 = CARTESIAN_POINT ( 'NONE',  ( 1.299038105676671995, -0.7500000000000238698, -4.364166666666663197 ) ) ;
#5655 = CARTESIAN_POINT ( 'NONE',  ( -0.8660254037844399289, -1.500000000000046185, 0.01083333333333826205 ) ) ;
#5656 = VERTEX_POINT ( 'NONE', #4310 ) ;
#5657 = CARTESIAN_POINT ( 'NONE',  ( -1.017788105676675103, 0.5876202367904113100, -1.864166666666663863 ) ) ;
#5658 = CARTESIAN_POINT ( 'NONE',  ( 0.6785254037844492547, -1.175240473580869915, -1.718333333333330604 ) ) ;
#5659 = CARTESIAN_POINT ( 'NONE',  ( 0.2870500636019515661, -1.328023899308128586, 6.078446747423948970 ) ) ;
#5660 = DIRECTION ( 'NONE',  ( 1.000000000000000000, 1.224646799147353207E-16, 3.672991023011821198E-32 ) ) ;
#5661 = CARTESIAN_POINT ( 'NONE',  ( 0.000000000000000000, 1.500000000000001776, -2.759999999999997566 ) ) ;
#5662 = ORIENTED_EDGE ( 'NONE', *, *, #288, .T. ) ;
#5663 = CARTESIAN_POINT ( 'NONE',  ( 1.310756855676673105, 0.7567658234670598949, -1.335520833333330826 ) ) ;
#5664 = CARTESIAN_POINT ( 'NONE',  ( -0.6785254037844494768, 1.175240473580839495, -2.968333333333330604 ) ) ;
#5665 = ORIENTED_EDGE ( 'NONE', *, *, #785, .T. ) ;
#5666 = CARTESIAN_POINT ( 'NONE',  ( -1.357504447233299771, -0.2642951997603953385, 6.071772086592592821 ) ) ;
#5667 = CARTESIAN_POINT ( 'NONE',  ( -1.357050807568898954, -1.557453711741373586E-14, 0.1150000000000026834 ) ) ;
#5668 = CARTESIAN_POINT ( 'NONE',  ( 0.000000000000000000, -2.980318753177177982, 4.126940761897675891 ) ) ;
#5669 = CARTESIAN_POINT ( 'NONE',  ( 0.2790972187543589444, 1.347763492480329894, 6.073606227890843812 ) ) ;
#5670 = CARTESIAN_POINT ( 'NONE',  ( -0.002856215466206882183, -0.001183083183161173432, 1.084811436673219776 ) ) ;
#5671 = CARTESIAN_POINT ( 'NONE',  ( 1.357050807568899176, -1.524541329014288673E-14, -2.572499999999996678 ) ) ;
#5672 = ORIENTED_EDGE ( 'NONE', *, *, #1594, .T. ) ;
#5673 = CARTESIAN_POINT ( 'NONE',  ( -2.878508968398426089E-16, 1.175240473580839273, 0.5525000000000030997 ) ) ;
#5674 = CARTESIAN_POINT ( 'NONE',  ( 1.017788105676674437, 0.5876202367904123092, -2.030833333333330160 ) ) ;
#5675 = CARTESIAN_POINT ( 'NONE',  ( -1.747675807568897399, -1.568360722296279725E-14, 0.4196875000000033773 ) ) ;
#5676 = CARTESIAN_POINT ( 'NONE',  ( 0.8738379037844482555, -1.513531646934165087, -1.413645833333329271 ) ) ;
#5677 = EDGE_CURVE ( 'NONE', #5138, #562, #5946, .T. ) ;
#5678 = CARTESIAN_POINT ( 'NONE',  ( 1.223990920715821940, 0.1656924446729686751, 5.090068257192154277 ) ) ;
#5679 = CARTESIAN_POINT ( 'NONE',  ( 1.345094300463007819, -0.2814659200495182589, 6.074194860050709188 ) ) ;
#5680 = CARTESIAN_POINT ( 'NONE',  ( 1.310756855676672883, -0.7567658234670902040, -4.418854166666664085 ) ) ;
#5681 = CARTESIAN_POINT ( 'NONE',  ( 0.8660254037844461461, 1.500000000000005107, 0.7608333333333373583 ) ) ;
#5682 = CARTESIAN_POINT ( 'NONE',  ( 1.017788105676674215, 0.5876202367904120871, -1.093333333333330382 ) ) ;
#5683 = CARTESIAN_POINT ( 'NONE',  ( -1.017788105676674659, -0.5876202367904418411, -4.343333333333330160 ) ) ;
#5684 = ADVANCED_FACE ( 'NONE', ( #3711 ), #5689, .T. ) ;
#5685 = VERTEX_POINT ( 'NONE', #6161 ) ;
#5686 = CARTESIAN_POINT ( 'NONE',  ( -2.878508968398426089E-16, 1.175240473580839273, -0.9474999999999969003 ) ) ;
#5687 = CARTESIAN_POINT ( 'NONE',  ( 1.017788105676675103, 0.5876202367904111989, -1.093333333333329938 ) ) ;
#5688 = CARTESIAN_POINT ( 'NONE',  ( 0.000000000000000000, -1.500000000000001110, 6.259999999999999787 ) ) ;
#5689 = CYLINDRICAL_SURFACE ( 'NONE', #6249, 1.500000000000000888 ) ;
#5690 = CARTESIAN_POINT ( 'NONE',  ( -0.6785254037844494768, 1.175240473580839273, -1.905833333333329493 ) ) ;
#5691 = ORIENTED_EDGE ( 'NONE', *, *, #1475, .T. ) ;
#5692 = DIRECTION ( 'NONE',  ( -0.000000000000000000, -1.224646799147353207E-16, 1.000000000000000000 ) ) ;
#5693 = VECTOR ( 'NONE', #89, 1000.000000000000114 ) ;
#5694 = CARTESIAN_POINT ( 'NONE',  ( 0.6785254037844492547, -1.175240473580869471, -4.218333333333329271 ) ) ;
#5695 = ORIENTED_EDGE ( 'NONE', *, *, #1380, .T. ) ;
#5696 = CARTESIAN_POINT ( 'NONE',  ( 0.000000000000000000, 1.500000000000001776, -2.697499999999994902 ) ) ;
#5697 = CARTESIAN_POINT ( 'NONE',  ( 1.439254484199212798E-16, -1.175240473580869693, 0.7400000000000027667 ) ) ;
#5698 = CARTESIAN_POINT ( 'NONE',  ( -0.4125181635044932738, 0.2992226178155538707, 4.596799999999999997 ) ) ;
#5699 = AXIS2_PLACEMENT_3D ( 'NONE', #592, #1612, #1194 ) ;
#5700 = CARTESIAN_POINT ( 'NONE',  ( 0.5133078674530130447, 0.4722784682163631564, 6.213072490298337414 ) ) ;
#5701 = CARTESIAN_POINT ( 'NONE',  ( -0.1040360800434267791, 1.167134686304121649, 4.587917464159742664 ) ) ;
#5702 = CARTESIAN_POINT ( 'NONE',  ( 1.328925653069992885, 0.2881423347565518767, 6.087342582100264465 ) ) ;
#5703 = CARTESIAN_POINT ( 'NONE',  ( 0.6785254037844502539, 1.175240473580839051, -2.989166666666663641 ) ) ;
#5704 = ORIENTED_EDGE ( 'NONE', *, *, #785, .F. ) ;
#5705 = CARTESIAN_POINT ( 'NONE',  ( 1.299038105676672439, -0.7500000000000233147, -0.3641666666666625862 ) ) ;
#5706 = CARTESIAN_POINT ( 'NONE',  ( -1.017788105676675103, 0.5876202367904109769, 0.6358333333333361370 ) ) ;
#5707 = CARTESIAN_POINT ( 'NONE',  ( 1.747675807568897399, -1.534739861616154514E-14, 1.169687500000003544 ) ) ;
#5708 = CARTESIAN_POINT ( 'NONE',  ( -1.747675807568897621, -1.494938840643865907E-14, -2.080312499999996234 ) ) ;
#5709 = CARTESIAN_POINT ( 'NONE',  ( 1.302949551113960824, 0.2566884581598928849, 5.831171314594311816 ) ) ;
#5710 = EDGE_CURVE ( 'NONE', #323, #2443, #2696, .T. ) ;
#5711 = CARTESIAN_POINT ( 'NONE',  ( -1.853541686826127979E-16, -1.513531646934163977, -6.002187499999997122 ) ) ;
#5712 = CARTESIAN_POINT ( 'NONE',  ( -3.673940397442100790E-16, 1.500000000000001332, 0.8025000000000042100 ) ) ;
#5713 = CARTESIAN_POINT ( 'NONE',  ( 1.017788105676674215, 0.5876202367904119761, -0.5933333333333304926 ) ) ;
#5714 = CARTESIAN_POINT ( 'NONE',  ( 0.6785254037844492547, -1.175240473580869471, -4.218333333333329271 ) ) ;
#5715 = VERTEX_POINT ( 'NONE', #1398 ) ;
#5716 = CARTESIAN_POINT ( 'NONE',  ( 0.6785254037844494768, 1.175240473580839051, 0.5108333333333362480 ) ) ;
#5717 = CARTESIAN_POINT ( 'NONE',  ( -1.357509936613136237, 0.2642666068265436263, 6.071772086592976514 ) ) ;
#5718 = ADVANCED_FACE ( 'NONE', ( #4669 ), #4796, .T. ) ;
#5719 = CARTESIAN_POINT ( 'NONE',  ( -0.07570317101015146266, -1.199498189242980350, 4.596799999999999997 ) ) ;
#5720 = LINE ( 'NONE', #4766, #2892 ) ;
#5721 = CARTESIAN_POINT ( 'NONE',  ( 1.357050807568899176, -1.542911031001498945E-14, -1.072499999999997122 ) ) ;
#5722 = ORIENTED_EDGE ( 'NONE', *, *, #1380, .F. ) ;
#5723 = CARTESIAN_POINT ( 'NONE',  ( -0.8738379037844496988, 1.513531646934134001, -1.210520833333331048 ) ) ;
#5724 = ORIENTED_EDGE ( 'NONE', *, *, #344, .T. ) ;
#5725 = DIRECTION ( 'NONE',  ( -0.000000000000000000, -1.224646799147353207E-16, 1.000000000000000000 ) ) ;
#5726 = EDGE_CURVE ( 'NONE', #5112, #2064, #4214, .T. ) ;
#5727 = CARTESIAN_POINT ( 'NONE',  ( 0.6785254037844493658, 1.175240473580838829, 2.448333333333336359 ) ) ;
#5728 = CARTESIAN_POINT ( 'NONE',  ( -1.168159110932234013, 0.1051267183063003541, 4.596799999999999997 ) ) ;
#5729 = FACE_OUTER_BOUND ( 'NONE', #1200, .T. ) ;
#5730 = CARTESIAN_POINT ( 'NONE',  ( 0.2767528330603829523, 1.350405284247269355, 6.073023638259374302 ) ) ;
#5731 = LINE ( 'NONE', #838, #5235 ) ;
#5732 = CARTESIAN_POINT ( 'NONE',  ( 1.357050807568899176, -1.530664563010025430E-14, -2.072499999999997122 ) ) ;
#5733 = AXIS2_PLACEMENT_3D ( 'NONE', #4582, #2203, #3052 ) ;
#5734 = VERTEX_POINT ( 'NONE', #796 ) ;
#5735 = CARTESIAN_POINT ( 'NONE',  ( -2.878508968398426089E-16, 1.175240473580838829, 3.052500000000003322 ) ) ;
#5736 = CARTESIAN_POINT ( 'NONE',  ( -1.017788105676674215, -0.5876202367904430623, -1.280833333333330826 ) ) ;
#5737 = CARTESIAN_POINT ( 'NONE',  ( 1.310756855676673105, -0.7567658234670896489, -0.3719791666666630303 ) ) ;
#5738 = CARTESIAN_POINT ( 'NONE',  ( 0.000000000000000000, 1.513531646934134445, -2.705312499999995790 ) ) ;
#5739 = CARTESIAN_POINT ( 'NONE',  ( -0.3064976159286741386, 0.9628031646469240590, 6.236834350748982736 ) ) ;
#5740 =( BOUNDED_CURVE ( )  B_SPLINE_CURVE ( 3, ( #5441, #3870, #3396, #515 ),
 .UNSPECIFIED., .F., .F. ) 
 B_SPLINE_CURVE_WITH_KNOTS ( ( 4, 4 ),
 ( 2.946725557337479540, 3.336459749842106692 ),
 .UNSPECIFIED. ) 
 CURVE ( )  GEOMETRIC_REPRESENTATION_ITEM ( )  RATIONAL_B_SPLINE_CURVE ( ( 1.000000000000000000, 0.9873822754559015147, 0.9873822754559015147, 1.000000000000000000 ) ) 
 REPRESENTATION_ITEM ( '' )  );
#5741 = CARTESIAN_POINT ( 'NONE',  ( -1.836970198721050395E-16, -1.500000000000031530, -5.447499999999994458 ) ) ;
#5742 = VECTOR ( 'NONE', #3781, 1000.000000000000227 ) ;
#5743 = CARTESIAN_POINT ( 'NONE',  ( 1.310756855676673771, 0.7567658234670591177, -5.835520833333330160 ) ) ;
#5744 = PLANE ( 'NONE',  #1173 ) ;
#5745 = CARTESIAN_POINT ( 'NONE',  ( -0.6785254037844491437, -1.175240473580869471, -1.301666666666663419 ) ) ;
#5746 = CARTESIAN_POINT ( 'NONE',  ( -1.017788105676674659, -0.5876202367904419521, -3.843333333333330160 ) ) ;
#5747 = LOCAL_TIME ( 4, 42, 42.00000000000000000, #688 ) ;
#5748 = VERTEX_POINT ( 'NONE', #5245 ) ;
#5749 = CARTESIAN_POINT ( 'NONE',  ( 1.017788105676674437, 0.5876202367904123092, -1.530833333333330160 ) ) ;
#5750 = CARTESIAN_POINT ( 'NONE',  ( -1.017788105676674659, -0.5876202367904422852, -1.343333333333330160 ) ) ;
#5751 = CARTESIAN_POINT ( 'NONE',  ( -2.878508968398425596E-16, 1.175240473580839273, -1.009999999999997122 ) ) ;
#5752 = DIRECTION ( 'NONE',  ( 0.000000000000000000, -1.000000000000000000, 0.000000000000000000 ) ) ;
#5753 = CARTESIAN_POINT ( 'NONE',  ( -1.357050807568899176, -1.463748617478081365E-14, -4.822499999999998010 ) ) ;
#5754 = ORIENTED_EDGE ( 'NONE', *, *, #3, .F. ) ;
#5755 = CARTESIAN_POINT ( 'NONE',  ( 0.8811735338144245366, -0.3148034922636827604, 6.174697866662547163 ) ) ;
#5756 = ORIENTED_EDGE ( 'NONE', *, *, #3565, .T. ) ;
#5757 = CARTESIAN_POINT ( 'NONE',  ( -3.673940397442101283E-16, 1.500000000000001554, 0.7400000000000019895 ) ) ;
#5758 = CARTESIAN_POINT ( 'NONE',  ( -0.6785254037844491437, -1.175240473580870137, 2.698333333333336359 ) ) ;
#5759 = DIRECTION ( 'NONE',  ( 0.000000000000000000, 0.000000000000000000, 1.000000000000000000 ) ) ;
#5760 = DIRECTION ( 'NONE',  ( 0.000000000000000000, 0.000000000000000000, 1.000000000000000000 ) ) ;
#5761 = ORIENTED_EDGE ( 'NONE', *, *, #276, .F. ) ;
#5762 = CARTESIAN_POINT ( 'NONE',  ( 0.2814659200495070457, 1.345094300463017811, 6.074194860050708300 ) ) ;
#5763 = AXIS2_PLACEMENT_3D ( 'NONE', #5449, #6074, #5542 ) ;
#5764 = DIRECTION ( 'NONE',  ( 0.000000000000000000, -1.000000000000000000, 0.000000000000000000 ) ) ;
#5765 = EDGE_CURVE ( 'NONE', #3429, #32, #2725, .T. ) ;
#5766 = VERTEX_POINT ( 'NONE', #1306 ) ;
#5767 = CARTESIAN_POINT ( 'NONE',  ( -0.08925122418256591084, 1.195706225585610571, 4.596799999999999997 ) ) ;
#5768 = CARTESIAN_POINT ( 'NONE',  ( 0.6785254037844500319, -1.175240473580869915, 0.8441666666666691743 ) ) ;
#5769 = CARTESIAN_POINT ( 'NONE',  ( 1.747675807568897399, -1.540863095611891587E-14, 1.669687500000003544 ) ) ;
#5770 = CARTESIAN_POINT ( 'NONE',  ( 1.747675807568897621, -1.534682935319727244E-14, -2.330312499999996234 ) ) ;
#5771 = CARTESIAN_POINT ( 'NONE',  ( 1.732050807568896511, -1.541054446674258401E-14, 1.677500000000003766 ) ) ;
#5772 = CARTESIAN_POINT ( 'NONE',  ( -1.310756855676673105, 0.7567658234670603390, -5.168854166666663197 ) ) ;
#5773 = DIRECTION ( 'NONE',  ( 1.000000000000000000, 0.000000000000000000, 0.000000000000000000 ) ) ;
#5774 = CARTESIAN_POINT ( 'NONE',  ( 1.017788105676674215, 0.5876202367904119761, -0.09333333333333046489 ) ) ;
#5775 = CARTESIAN_POINT ( 'NONE',  ( -1.439254484199213045E-16, -1.175240473580869249, -4.759999999999997122 ) ) ;
#5776 = ORIENTED_EDGE ( 'NONE', *, *, #3299, .T. ) ;
#5777 = CARTESIAN_POINT ( 'NONE',  ( -1.357050807568899176, -1.576588817978050795E-14, 1.677500000000002434 ) ) ;
#5778 =( BOUNDED_CURVE ( )  B_SPLINE_CURVE ( 2, ( #5712, #5681, #1739, #1358, #2719, #1327, #1265 ),
 .UNSPECIFIED., .F., .F. ) 
 B_SPLINE_CURVE_WITH_KNOTS ( ( 3, 2, 2, 3 ),
 ( 0.4166666666666665741, 0.4305555555555555247, 0.4444444444444443088, 0.4583333333333332593 ),
 .UNSPECIFIED. ) 
 CURVE ( )  GEOMETRIC_REPRESENTATION_ITEM ( )  RATIONAL_B_SPLINE_CURVE ( ( 1.000000000000000444, 0.8660254037844381525, 1.000000000000000000, 0.8660254037844387076, 1.000000000000000000, 0.8660254037844398178, 0.9999999999999988898 ) ) 
 REPRESENTATION_ITEM ( '' )  );
#5779 = CARTESIAN_POINT ( 'NONE',  ( -0.6785254037844500319, -1.175240473580869471, -1.301666666666663641 ) ) ;
#5780 = CARTESIAN_POINT ( 'NONE',  ( -0.8660254037844492547, 1.500000000000001110, 0.7816666666666683971 ) ) ;
#5781 = CARTESIAN_POINT ( 'NONE',  ( 0.000000000000000000, 1.216441456824255867E-15, -6.259999999999999787 ) ) ;
#5782 = CARTESIAN_POINT ( 'NONE',  ( -0.4805343592609006009, -1.175240473580868805, -6.227008497187473068 ) ) ;
#5783 = ORIENTED_EDGE ( 'NONE', *, *, #5103, .T. ) ;
#5784 = CARTESIAN_POINT ( 'NONE',  ( -1.310756855676672883, -0.7567658234670905371, -0.5855208333333316029 ) ) ;
#5785 = EDGE_CURVE ( 'NONE', #2212, #3453, #5128, .T. ) ;
#5786 = AXIS2_PLACEMENT_3D ( 'NONE', #521, #2044, #1536 ) ;
#5787 = ORIENTED_EDGE ( 'NONE', *, *, #704, .F. ) ;
#5788 = CARTESIAN_POINT ( 'NONE',  ( -1.356211511255139168, -0.2677743935594801838, 6.071938278631698438 ) ) ;
#5789 = CARTESIAN_POINT ( 'NONE',  ( -1.017788105676674881, 0.5876202367904106438, 2.073333333333335915 ) ) ;
#5790 = FACE_OUTER_BOUND ( 'NONE', #4091, .T. ) ;
#5791 = ORIENTED_EDGE ( 'NONE', *, *, #3299, .F. ) ;
#5792 = CARTESIAN_POINT ( 'NONE',  ( 1.143242787407797723, -0.6709026368677598606, -6.260000000000002451 ) ) ;
#5793 = VERTEX_POINT ( 'NONE', #950 ) ;
#5794 = CARTESIAN_POINT ( 'NONE',  ( 1.732050807568896511, -1.516561510691311371E-14, -0.3224999999999960121 ) ) ;
#5795 = CARTESIAN_POINT ( 'NONE',  ( -0.6785254037844492547, -1.175240473580869915, -1.239166666666664085 ) ) ;
#5796 = EDGE_CURVE ( 'NONE', #3301, #2395, #3539, .T. ) ;
#5797 = FACE_OUTER_BOUND ( 'NONE', #5541, .T. ) ;
#5798 = CARTESIAN_POINT ( 'NONE',  ( 0.000000000000000000, 1.513531646934134445, -1.705312499999995790 ) ) ;
#5799 = CARTESIAN_POINT ( 'NONE',  ( 0.8660254037844526964, -1.500000000000024869, 1.594166666666670507 ) ) ;
#5800 = CARTESIAN_POINT ( 'NONE',  ( 0.000000000000000000, -1.545000000000000151, 6.259999999999999787 ) ) ;
#5801 = ADVANCED_FACE ( 'NONE', ( #3481 ), #4824, .T. ) ;
#5802 = CARTESIAN_POINT ( 'NONE',  ( -0.8738379037844493658, -1.513531646934164421, -1.543854166666664085 ) ) ;
#5803 = CALENDAR_DATE ( 2026, 8, 1 ) ;
#5804 = CARTESIAN_POINT ( 'NONE',  ( 0.6785254037844493658, 1.175240473580839051, -1.051666666666663863 ) ) ;
#5805 = CARTESIAN_POINT ( 'NONE',  ( 0.6785254037844502539, 1.175240473580839051, -3.551666666666663641 ) ) ;
#5806 = CARTESIAN_POINT ( 'NONE',  ( -0.8811735338144246477, -0.3148034922636807065, 6.174697866662547163 ) ) ;
#5807 = CARTESIAN_POINT ( 'NONE',  ( -0.6785254037844502539, 1.175240473580838385, 2.594166666666669840 ) ) ;
#5808 = CARTESIAN_POINT ( 'NONE',  ( 0.6785254037844502539, 1.175240473580839051, -3.551666666666663641 ) ) ;
#5809 = CARTESIAN_POINT ( 'NONE',  ( 1.169831414907572142, 0.1051267183062888355, 4.596799999999999997 ) ) ;
#5810 = CARTESIAN_POINT ( 'NONE',  ( -0.6785254037844491437, -1.175240473580869471, -0.3016666666666638630 ) ) ;
#5811 = CARTESIAN_POINT ( 'NONE',  ( 1.299038105676672439, 0.7499999999999930056, 3.156666666666668508 ) ) ;
#5812 = CARTESIAN_POINT ( 'NONE',  ( 0.6785254037844492547, -1.175240473580869915, -1.655833333333330160 ) ) ;
#5813 =( BOUNDED_CURVE ( )  B_SPLINE_CURVE ( 2, ( #4891, #3042, #540, #633, #4410, #3458, #1624 ),
 .UNSPECIFIED., .F., .F. ) 
 B_SPLINE_CURVE_WITH_KNOTS ( ( 3, 2, 2, 3 ),
 ( 0.7727272727272723740, 0.7878787878787876231, 0.8030303030303027612, 0.8181818181818180102 ),
 .UNSPECIFIED. ) 
 CURVE ( )  GEOMETRIC_REPRESENTATION_ITEM ( )  RATIONAL_B_SPLINE_CURVE ( ( 1.000000000000002887, 0.8660254037844357100, 1.000000000000000000, 0.8660254037844387076, 1.000000000000000000, 0.8660254037844397068, 0.9999999999999990008 ) ) 
 REPRESENTATION_ITEM ( '' )  );
#5814 = ORIENTED_EDGE ( 'NONE', *, *, #4856, .T. ) ;
#5815 = CARTESIAN_POINT ( 'NONE',  ( -3.707083373652255957E-16, 1.513531646934134223, 0.2478125000000023781 ) ) ;
#5816 = ORIENTED_EDGE ( 'NONE', *, *, #6090, .T. ) ;
#5817 = CARTESIAN_POINT ( 'NONE',  ( 1.017788105676674215, -0.5876202367904425072, -5.676666666666663197 ) ) ;
#5818 = CARTESIAN_POINT ( 'NONE',  ( -2.878508968398425596E-16, 1.175240473580838829, 2.490000000000002434 ) ) ;
#5819 = CARTESIAN_POINT ( 'NONE',  ( -0.2861373716937380407, -1.335342877374601889, 6.076548246111993734 ) ) ;
#5820 = CARTESIAN_POINT ( 'NONE',  ( -0.4645390989910067603, -1.397760782847055294, -6.053184368018574624 ) ) ;
#5821 = ORIENTED_EDGE ( 'NONE', *, *, #1403, .F. ) ;
#5822 = CARTESIAN_POINT ( 'NONE',  ( 0.6472804066655162281, 0.6472804066655162281, 6.216744331379264743 ) ) ;
#5823 = CARTESIAN_POINT ( 'NONE',  ( 0.000000000000000000, 1.175240473580839495, -1.947499999999996900 ) ) ;
#5824 = ORIENTED_EDGE ( 'NONE', *, *, #5067, .F. ) ;
#5825 = CARTESIAN_POINT ( 'NONE',  ( -0.1041792215888853040, 1.176610382180143688, 4.596799999999999997 ) ) ;
#5826 = AXIS2_PLACEMENT_3D ( 'NONE', #2970, #5898, #3980 ) ;
#5827 = CARTESIAN_POINT ( 'NONE',  ( 1.017788105676674437, 0.5876202367904120871, -0.03083333333333041631 ) ) ;
#5828 = ADVANCED_FACE ( 'NONE', ( #3449 ), #5034, .T. ) ;
#5829 = CARTESIAN_POINT ( 'NONE',  ( 0.5899199943498301124, 0.2443528623747609485, 6.259999999999999787 ) ) ;
#5830 = DIRECTION ( 'NONE',  ( 0.000000000000000000, -1.000000000000000000, 0.000000000000000000 ) ) ;
#5831 = CARTESIAN_POINT ( 'NONE',  ( 1.732050807568896511, -1.522684744687048128E-14, 0.1775000000000040157 ) ) ;
#5832 = EDGE_CURVE ( 'NONE', #3843, #2858, #4020, .T. ) ;
#5833 = DIRECTION ( 'NONE',  ( -0.000000000000000000, -1.224646799147353207E-16, 1.000000000000000000 ) ) ;
#5834 = CARTESIAN_POINT ( 'NONE',  ( -1.747675807568897621, -1.488241553461028395E-14, -2.627187499999998010 ) ) ;
#5835 = CALENDAR_DATE ( 2026, 8, 1 ) ;
#5836 = CARTESIAN_POINT ( 'NONE',  ( 0.6785254037844499209, -1.175240473580869249, 0.2816666666666696739 ) ) ;
#5837 = CARTESIAN_POINT ( 'NONE',  ( 1.017788105676674215, -0.5876202367904429513, -1.676666666666663197 ) ) ;
#5838 = DIRECTION ( 'NONE',  ( -0.000000000000000000, -0.000000000000000000, -1.000000000000000000 ) ) ;
#5839 = CARTESIAN_POINT ( 'NONE',  ( 1.017788105676674437, 0.5876202367904119761, 0.9691666666666693963 ) ) ;
#5840 = EDGE_CURVE ( 'NONE', #3623, #3744, #1079, .T. ) ;
#5841 = CARTESIAN_POINT ( 'NONE',  ( -1.017788105676674659, -0.5876202367904420631, -2.843333333333330160 ) ) ;
#5842 = CARTESIAN_POINT ( 'NONE',  ( 1.195706225585609683, 0.08925122418257791512, 4.596799999999999997 ) ) ;
#5843 = CARTESIAN_POINT ( 'NONE',  ( 0.6785254037844496988, -1.175240473580869249, 0.2816666666666696184 ) ) ;
#5844 = CARTESIAN_POINT ( 'NONE',  ( -1.198475484784548240, -0.07458509110163316636, 4.587917466794174892 ) ) ;
#5845 = CARTESIAN_POINT ( 'NONE',  ( 0.000000000000000000, 1.175240473580839939, -3.947499999999996234 ) ) ;
#5846 = AXIS2_PLACEMENT_3D ( 'NONE', #1836, #3732, #5205 ) ;
#5847 = ORIENTED_EDGE ( 'NONE', *, *, #3958, .T. ) ;
#5848 = CARTESIAN_POINT ( 'NONE',  ( 1.747675807568897621, -1.534165808429054075E-14, 1.122812500000001990 ) ) ;
#5849 = ORIENTED_EDGE ( 'NONE', *, *, #2872, .T. ) ;
#5850 = CARTESIAN_POINT ( 'NONE',  ( 0.8660254037844441477, 1.500000000000008882, -0.7391666666666625307 ) ) ;
#5851 = CARTESIAN_POINT ( 'NONE',  ( -0.6785254037844491437, -1.175240473580870137, 3.198333333333335471 ) ) ;
#5852 = CARTESIAN_POINT ( 'NONE',  ( -1.299038105676672439, -0.7500000000000227596, -5.030833333333329271 ) ) ;
#5853 =( BOUNDED_CURVE ( )  B_SPLINE_CURVE ( 2, ( #2273, #6153, #4724, #3128, #369, #2242, #277 ),
 .UNSPECIFIED., .F., .F. ) 
 B_SPLINE_CURVE_WITH_KNOTS ( ( 3, 2, 2, 3 ),
 ( 0.8333333333333331483, 0.8472222222222219878, 0.8611111111111109384, 0.8749999999999997780 ),
 .UNSPECIFIED. ) 
 CURVE ( )  GEOMETRIC_REPRESENTATION_ITEM ( )  RATIONAL_B_SPLINE_CURVE ( ( 1.000000000000002220, 0.8660254037844365982, 1.000000000000000000, 0.8660254037844387076, 1.000000000000000000, 0.8660254037844408170, 0.9999999999999978906 ) ) 
 REPRESENTATION_ITEM ( '' )  );
#5854 = DIRECTION ( 'NONE',  ( -1.000000000000000000, 0.000000000000000000, -0.000000000000000000 ) ) ;
#5855 = ORIENTED_EDGE ( 'NONE', *, *, #3614, .F. ) ;
#5856 = CARTESIAN_POINT ( 'NONE',  ( -1.176610382180142134, -0.1041792215888982104, 4.596799999999999997 ) ) ;
#5857 = CARTESIAN_POINT ( 'NONE',  ( 1.017788105676675103, 0.5876202367904114210, -3.030833333333330160 ) ) ;
#5858 = ORIENTED_EDGE ( 'NONE', *, *, #395, .F. ) ;
#5859 = FACE_OUTER_BOUND ( 'NONE', #1146, .T. ) ;
#5860 = CARTESIAN_POINT ( 'NONE',  ( 1.439254484199213045E-16, -1.175240473580870137, 1.802500000000002434 ) ) ;
#5861 = CARTESIAN_POINT ( 'NONE',  ( 0.8660254037844461461, 1.500000000000005107, 1.260833333333337247 ) ) ;
#5862 = CARTESIAN_POINT ( 'NONE',  ( -1.299038105676673105, 0.7499999999999921174, 1.323333333333335027 ) ) ;
#5863 = DIRECTION ( 'NONE',  ( 0.000000000000000000, 1.000000000000000000, 0.000000000000000000 ) ) ;
#5864 = CARTESIAN_POINT ( 'NONE',  ( -1.310756855676673105, 0.7567658234670601169, -3.168854166666664085 ) ) ;
#5865 = CARTESIAN_POINT ( 'NONE',  ( -0.6785254037844501429, 1.175240473580838607, 1.531666666666669396 ) ) ;
#5866 = CARTESIAN_POINT ( 'NONE',  ( 1.357050807568899176, -1.529899158760558178E-14, -2.134999999999997122 ) ) ;
#5867 = CARTESIAN_POINT ( 'NONE',  ( 0.8660254037844512531, -1.500000000000025535, -2.468333333333331048 ) ) ;
#5868 = CARTESIAN_POINT ( 'NONE',  ( -0.6785254037844500319, -1.175240473580869249, -2.801666666666663641 ) ) ;
#5869 = CARTESIAN_POINT ( 'NONE',  ( 0.4722784682163619907, -0.5133078674530153762, 6.213072490298337414 ) ) ;
#5870 = CARTESIAN_POINT ( 'NONE',  ( -1.017788105676674881, 0.5876202367904108659, 1.073333333333336359 ) ) ;
#5871 = CARTESIAN_POINT ( 'NONE',  ( 0.4507650346315114076, 0.5640605803204569169, 6.209378226151474500 ) ) ;
#5872 = CARTESIAN_POINT ( 'NONE',  ( 0.6785254037844492547, -1.175240473580869471, -4.655833333333328383 ) ) ;
#5873 = EDGE_CURVE ( 'NONE', #784, #2568, #4185, .T. ) ;
#5874 = EDGE_LOOP ( 'NONE', ( #720, #6073, #1075, #242 ) ) ;
#5875 = CARTESIAN_POINT ( 'NONE',  ( 0.8738379037844493658, -1.513531646934164643, 0.03947916666666855673 ) ) ;
#5876 = CARTESIAN_POINT ( 'NONE',  ( -1.017788105676674659, -0.5876202367904418411, -4.843333333333329271 ) ) ;
#5877 = CARTESIAN_POINT ( 'NONE',  ( 1.333100351915424309, 0.3132226194205763314, -6.225459806199421742 ) ) ;
#5878 = CARTESIAN_POINT ( 'NONE',  ( -0.2708187198770933279, -1.354467897180126279, 6.072246455017670463 ) ) ;
#5879 = CARTESIAN_POINT ( 'NONE',  ( -3.673940397442100790E-16, 1.500000000000001110, 2.302500000000003766 ) ) ;
#5880 = ORIENTED_EDGE ( 'NONE', *, *, #2840, .T. ) ;
#5881 = CARTESIAN_POINT ( 'NONE',  ( -0.2870500636019425733, 1.328023899308129474, 6.078446747423950747 ) ) ;
#5882 = CARTESIAN_POINT ( 'NONE',  ( 1.357050807568899176, -1.506171627027078085E-14, -4.072499999999996234 ) ) ;
#5883 = VERTEX_POINT ( 'NONE', #5871 ) ;
#5884 = DIRECTION ( 'NONE',  ( -0.000000000000000000, -1.224646799147353207E-16, 1.000000000000000000 ) ) ;
#5885 = CARTESIAN_POINT ( 'NONE',  ( -2.878508968398426089E-16, 1.175240473580838829, 2.552500000000002878 ) ) ;
#5886 = CARTESIAN_POINT ( 'NONE',  ( 1.310756855676672883, 0.7567658234670591177, 3.211354166666670729 ) ) ;
#5887 = CYLINDRICAL_SURFACE ( 'NONE', #3799, 1.500000000000000888 ) ;
#5888 = CARTESIAN_POINT ( 'NONE',  ( -1.017788105676674659, -0.5876202367904417301, -5.780833333333329271 ) ) ;
#5889 = FACE_OUTER_BOUND ( 'NONE', #3333, .T. ) ;
#5890 = CARTESIAN_POINT ( 'NONE',  ( -1.310756855676673105, 0.7567658234670598949, -2.168854166666664529 ) ) ;
#5891 = DATE_AND_TIME ( #5803, #4930 ) ;
#5892 = CARTESIAN_POINT ( 'NONE',  ( 0.6785254037844493658, 1.175240473580838829, 1.448333333333336359 ) ) ;
#5893 = CARTESIAN_POINT ( 'NONE',  ( -1.853541686826127979E-16, -1.513531646934163977, -6.455312499999995346 ) ) ;
#5894 = EDGE_LOOP ( 'NONE', ( #1220, #4118, #3075, #5695 ) ) ;
#5895 = AXIS2_PLACEMENT_3D ( 'NONE', #1479, #2930, #2367 ) ;
#5896 = CARTESIAN_POINT ( 'NONE',  ( 0.000000000000000000, -1.719999999999999973, 3.565000000000001279 ) ) ;
#5897 = CARTESIAN_POINT ( 'NONE',  ( 0.000000000000000000, 1.184600640046424705E-15, -6.000000000000000000 ) ) ;
#5898 = DIRECTION ( 'NONE',  ( 0.000000000000000000, 0.000000000000000000, 1.000000000000000000 ) ) ;
#5899 = CARTESIAN_POINT ( 'NONE',  ( 0.6785254037844496988, -1.175240473580869249, -0.7183333333333303816 ) ) ;
#5900 = LINE ( 'NONE', #3007, #2792 ) ;
#5901 = CARTESIAN_POINT ( 'NONE',  ( -1.439254484199213045E-16, -1.175240473580869471, -2.197499999999997122 ) ) ;
#5902 = EDGE_CURVE ( 'NONE', #5442, #4838, #4842, .T. ) ;
#5903 = ORIENTED_EDGE ( 'NONE', *, *, #2345, .F. ) ;
#5904 = CARTESIAN_POINT ( 'NONE',  ( 1.853541686826127979E-16, -1.513531646934165087, 1.497812500000001767 ) ) ;
#5905 = EDGE_CURVE ( 'NONE', #893, #4522, #5900, .T. ) ;
#5906 = DIRECTION ( 'NONE',  ( 0.1218335514324818819, -0.02423420014170693873, 0.9922546494165902509 ) ) ;
#5907 = CARTESIAN_POINT ( 'NONE',  ( 1.176505114610064906, 0.7218138253785399971, -6.207356634012082708 ) ) ;
#5908 = DIRECTION ( 'NONE',  ( 0.3826834323650938896, -0.9238795325112850731, 1.588127021678456761E-14 ) ) ;
#5909 = CARTESIAN_POINT ( 'NONE',  ( -1.374100987685288766, -0.2390677999473128923, -6.184320267367902524 ) ) ;
#5910 = VERTEX_POINT ( 'NONE', #1553 ) ;
#5911 = CYLINDRICAL_SURFACE ( 'NONE', #5332, 1.500000000000000888 ) ;
#5913 = ADVANCED_FACE ( 'NONE', ( #597 ), #5500, .F. ) ;
#5912 = CARTESIAN_POINT ( 'NONE',  ( 1.017788105676675103, 0.5876202367904115320, -4.030833333333330160 ) ) ;
#5914 = VERTEX_POINT ( 'NONE', #3162 ) ;
#5915 = CARTESIAN_POINT ( 'NONE',  ( -0.8660254037844559161, -1.500000000000018874, 1.948333333333334139 ) ) ;
#5916 = CARTESIAN_POINT ( 'NONE',  ( -0.6785254037844492547, -1.175240473580870582, 2.760833333333335915 ) ) ;
#5917 = CARTESIAN_POINT ( 'NONE',  ( 0.8738379037844483666, 1.513531646934133779, 2.253020833333336803 ) ) ;
#5918 = DIRECTION ( 'NONE',  ( 0.000000000000000000, -1.000000000000000000, 0.000000000000000000 ) ) ;
#5919 = CARTESIAN_POINT ( 'NONE',  ( -0.6785254037844500319, -1.175240473580868805, -6.239166666666664085 ) ) ;
#5920 = VERTEX_POINT ( 'NONE', #3130 ) ;
#5921 = CARTESIAN_POINT ( 'NONE',  ( -1.299038105676672439, -0.7500000000000227596, -4.093333333333331936 ) ) ;
#5922 = CARTESIAN_POINT ( 'NONE',  ( -1.853541686826127979E-16, -1.513531646934164643, -1.502187499999997344 ) ) ;
#5923 = CARTESIAN_POINT ( 'NONE',  ( -1.357050807568898954, -1.575823413728583859E-14, 1.615000000000002878 ) ) ;
#5924 = AXIS2_PLACEMENT_3D ( 'NONE', #2418, #2854, #3775 ) ;
#5925 = CARTESIAN_POINT ( 'NONE',  ( 0.8738379037844496988, 1.513531646934134445, -6.246979166666662309 ) ) ;
#5926 = VERTEX_POINT ( 'NONE', #3544 ) ;
#5927 = CARTESIAN_POINT ( 'NONE',  ( 0.000000000000000000, -1.544999999999999929, 3.565000000000001279 ) ) ;
#5928 = CARTESIAN_POINT ( 'NONE',  ( -0.8660254037844482555, 1.500000000000001554, -2.718333333333331492 ) ) ;
#5929 = AXIS2_PLACEMENT_3D ( 'NONE', #3903, #5854, #192 ) ;
#5930 = B_SPLINE_CURVE_WITH_KNOTS ( 'NONE', 3,
 ( #2919, #1945, #2449, #5878, #2510, #1976, #100, #3869, #3459, #128, #5819, #1467, #3395 ),
 .UNSPECIFIED., .F., .F.,
 ( 4, 3, 3, 3, 4 ),
 ( 9.161989499678524522E-18, 1.074390853587510012E-05, 2.148009407416265560E-05, 3.232916462176646982E-05, 4.363786225071691460E-05 ),
 .UNSPECIFIED. ) ;
#5931 = CARTESIAN_POINT ( 'NONE',  ( -2.878508968398425596E-16, 1.175240473580839273, 0.4900000000000030442 ) ) ;
#5932 = DIRECTION ( 'NONE',  ( -0.000000000000000000, 2.449293598294706414E-16, -1.000000000000000000 ) ) ;
#5933 = CARTESIAN_POINT ( 'NONE',  ( 1.357050807568899176, -1.530664563010025430E-14, -2.072499999999997122 ) ) ;
#5934 = CIRCLE ( 'NONE', #3596, 1.201884718306285516 ) ;
#5935 = VERTEX_POINT ( 'NONE', #1137 ) ;
#5936 = CARTESIAN_POINT ( 'NONE',  ( 1.747675807568897621, -1.546412276420527590E-14, 2.122812500000001990 ) ) ;
#5937 =( BOUNDED_CURVE ( )  B_SPLINE_CURVE ( 2, ( #4698, #2786, #4736, #891, #1845, #826, #3678 ),
 .UNSPECIFIED., .F., .F. ) 
 B_SPLINE_CURVE_WITH_KNOTS ( ( 3, 2, 2, 3 ),
 ( 0.1818181818181818232, 0.1969696969696970446, 0.2121212121212121271, 0.2272727272727272374 ),
 .UNSPECIFIED. ) 
 CURVE ( )  GEOMETRIC_REPRESENTATION_ITEM ( )  RATIONAL_B_SPLINE_CURVE ( ( 0.9999999999999995559, 0.8660254037844391517, 1.000000000000000000, 0.8660254037844387076, 1.000000000000000000, 0.8660254037844391517, 0.9999999999999995559 ) ) 
 REPRESENTATION_ITEM ( '' )  );
#5938 = CARTESIAN_POINT ( 'NONE',  ( 0.5207266841781215128, -0.9637750895952317265, 6.250925156629339341 ) ) ;
#5939 = AXIS2_PLACEMENT_3D ( 'NONE', #3840, #1438, #4104 ) ;
#5940 = CARTESIAN_POINT ( 'NONE',  ( 1.227619706827694834, 0.6255343955685416235, -6.211464653619765741 ) ) ;
#5941 = CARTESIAN_POINT ( 'NONE',  ( -1.836970198721050395E-16, -1.500000000000031530, -4.947499999999996234 ) ) ;
#5942 = CARTESIAN_POINT ( 'NONE',  ( 0.6785254037844502539, 1.175240473580839273, -5.551666666666663197 ) ) ;
#5943 = EDGE_CURVE ( 'NONE', #2820, #903, #2996, .T. ) ;
#5944 = ORIENTED_EDGE ( 'NONE', *, *, #6028, .F. ) ;
#5945 = CARTESIAN_POINT ( 'NONE',  ( 0.1051267183062863098, -0.8951647877168024126, 4.596799999999999997 ) ) ;
#5946 = CIRCLE ( 'NONE', #3606, 2.749861645946508837 ) ;
#5947 = CARTESIAN_POINT ( 'NONE',  ( 0.6785254037844492547, -1.175240473580869471, -4.155833333333330160 ) ) ;
#5948 = ORIENTED_EDGE ( 'NONE', *, *, #470, .T. ) ;
#5949 = CARTESIAN_POINT ( 'NONE',  ( 0.000000000000000000, 2.825240547497254617, 5.382891716295343798 ) ) ;
#5950 = CARTESIAN_POINT ( 'NONE',  ( 1.017788105676674437, 0.5876202367904117541, 2.469166666666669840 ) ) ;
#5951 = CARTESIAN_POINT ( 'NONE',  ( 1.836970198721030920E-16, 1.500000000000000666, 6.259999999999999787 ) ) ;
#5952 = EDGE_CURVE ( 'NONE', #4762, #5622, #5016, .T. ) ;
#5953 = CARTESIAN_POINT ( 'NONE',  ( 1.281697830216367073, 0.1686891805415721701, 5.336847168515001627 ) ) ;
#5954 = CARTESIAN_POINT ( 'NONE',  ( -1.017788105676675103, 0.5876202367904107549, 2.135833333333335915 ) ) ;
#5955 = CARTESIAN_POINT ( 'NONE',  ( -1.299038105676672439, -0.7500000000000232037, -1.093333333333331270 ) ) ;
#5956 = EDGE_LOOP ( 'NONE', ( #2235, #3635, #546 ) ) ;
#5957 = CARTESIAN_POINT ( 'NONE',  ( -1.732050807568896511, -1.469871851473818122E-14, -4.134999999999998010 ) ) ;
#5958 = CARTESIAN_POINT ( 'NONE',  ( 0.000000000000000000, 1.175240473580839939, -5.447499999999996234 ) ) ;
#5959 = CARTESIAN_POINT ( 'NONE',  ( -0.6785254037844501429, 1.175240473580838385, 2.531666666666669840 ) ) ;
#5960 = CARTESIAN_POINT ( 'NONE',  ( 1.357050807568899176, -1.523775924764821421E-14, -2.634999999999996678 ) ) ;
#5961 = ORIENTED_EDGE ( 'NONE', *, *, #1409, .T. ) ;
#5962 = DIRECTION ( 'NONE',  ( 0.000000000000000000, -0.9925461516413217611, -0.1218693434051494606 ) ) ;
#5963 = CARTESIAN_POINT ( 'NONE',  ( -0.6785254037844494768, 1.175240473580839273, -1.468333333333329938 ) ) ;
#5964 = ORIENTED_EDGE ( 'NONE', *, *, #3736, .F. ) ;
#5965 = CARTESIAN_POINT ( 'NONE',  ( 1.255209357433235251, -0.1377316623241303106, 5.090060502557309796 ) ) ;
#5966 = CARTESIAN_POINT ( 'NONE',  ( 0.6785254037844493658, 1.175240473580838829, 1.948333333333335471 ) ) ;
#5967 = CARTESIAN_POINT ( 'NONE',  ( 0.1686899043369181617, -1.281698449524049099, 5.336852938455674433 ) ) ;
#5968 = CARTESIAN_POINT ( 'NONE',  ( -1.357050807568899176, -1.488241553461028395E-14, -2.822499999999996678 ) ) ;
#5969 = VERTEX_POINT ( 'NONE', #121 ) ;
#5970 = CARTESIAN_POINT ( 'NONE',  ( 1.310756855676673105, 0.7567658234670592288, 3.664479166666669396 ) ) ;
#5971 = CARTESIAN_POINT ( 'NONE',  ( -1.017788105676674437, 0.5876202367904125312, -3.426666666666663197 ) ) ;
#5972 = CARTESIAN_POINT ( 'NONE',  ( 3.649837821517262188E-16, 2.980318753177177982, 4.126940761897675891 ) ) ;
#5973 = CARTESIAN_POINT ( 'NONE',  ( 0.8660254037844489217, -1.500000000000030420, -5.468333333333331048 ) ) ;
#5974 = CARTESIAN_POINT ( 'NONE',  ( -0.2263352662768910173, 1.277175285964144980, 5.583964404704461870 ) ) ;
#5975 = ORIENTED_EDGE ( 'NONE', *, *, #173, .T. ) ;
#5976 = EDGE_CURVE ( 'NONE', #2064, #5094, #617, .T. ) ;
#5977 = CARTESIAN_POINT ( 'NONE',  ( 0.1051267183062862126, -0.9227480026794847578, 4.596799999999999997 ) ) ;
#5978 =( BOUNDED_CURVE ( )  B_SPLINE_CURVE ( 3, ( #5619, #5143, #6025, #1264 ),
 .UNSPECIFIED., .F., .F. ) 
 B_SPLINE_CURVE_WITH_KNOTS ( ( 4, 4 ),
 ( 2.946725557337480428, 3.336459749842108913 ),
 .UNSPECIFIED. ) 
 CURVE ( )  GEOMETRIC_REPRESENTATION_ITEM ( )  RATIONAL_B_SPLINE_CURVE ( ( 1.000000000000000000, 0.9873822754559015147, 0.9873822754559015147, 1.000000000000000000 ) ) 
 REPRESENTATION_ITEM ( '' )  );
#5979 = CARTESIAN_POINT ( 'NONE',  ( 0.6785254037844492547, -1.175240473580869915, -1.155833333333329938 ) ) ;
#5980 = ORIENTED_EDGE ( 'NONE', *, *, #5176, .T. ) ;
#5981 = CARTESIAN_POINT ( 'NONE',  ( 0.2677743935594746882, -1.356211511255140723, 6.071938278631697550 ) ) ;
#5982 = CARTESIAN_POINT ( 'NONE',  ( -1.017788105676674881, 0.5876202367904111989, -2.426666666666663641 ) ) ;
#5983 = LINE ( 'NONE', #1633, #2081 ) ;
#5984 = CARTESIAN_POINT ( 'NONE',  ( -1.014363134184487203, -0.6620860850488460292, -6.260000000000001563 ) ) ;
#5985 = CARTESIAN_POINT ( 'NONE',  ( 0.6785254037844500319, -1.175240473580870137, 3.344166666666669840 ) ) ;
#5986 = CARTESIAN_POINT ( 'NONE',  ( 0.6785254037844492547, -1.175240473580869249, -5.655833333333330160 ) ) ;
#5987 = ORIENTED_EDGE ( 'NONE', *, *, #442, .F. ) ;
#5988 = CARTESIAN_POINT ( 'NONE',  ( -1.836970198721050395E-16, -1.500000000000031530, -4.009999999999998010 ) ) ;
#5989 = EDGE_CURVE ( 'NONE', #3683, #323, #877, .T. ) ;
#5990 = CARTESIAN_POINT ( 'NONE',  ( -1.439254484199213045E-16, -1.175240473580869249, -4.697499999999997122 ) ) ;
#5991 = B_SPLINE_CURVE_WITH_KNOTS ( 'NONE', 3,
 ( #2251, #286, #2194, #4151, #1237, #222, #5659 ),
 .UNSPECIFIED., .F., .F.,
 ( 4, 3, 4 ),
 ( 0.000000000000000000, 0.0007501506458342432817, 0.001501316942507502101 ),
 .UNSPECIFIED. ) ;
#5992 = CARTESIAN_POINT ( 'NONE',  ( -1.310756855676672661, -0.7567658234670904260, -1.038645833333329715 ) ) ;
#5993 = CARTESIAN_POINT ( 'NONE',  ( -0.8738379037844486996, 1.513531646934134667, -4.663645833333329271 ) ) ;
#5994 = VERTEX_POINT ( 'NONE', #661 ) ;
#5995 = CARTESIAN_POINT ( 'NONE',  ( -1.299038105676672439, -0.7500000000000229816, -3.030833333333328383 ) ) ;
#5996 = LINE ( 'NONE', #2092, #5693 ) ;
#5997 = EDGE_CURVE ( 'NONE', #2200, #1840, #990, .T. ) ;
#5998 = CARTESIAN_POINT ( 'NONE',  ( -1.017788105676673993, -0.5876202367904433954, 3.156666666666669396 ) ) ;
#5999 = CARTESIAN_POINT ( 'NONE',  ( 0.8660254037844368202, -1.500000000000051514, -1.968333333333332380 ) ) ;
#6000 = CARTESIAN_POINT ( 'NONE',  ( 1.017788105676675103, 0.5876202367904113100, -2.030833333333329715 ) ) ;
#6001 = ORIENTED_EDGE ( 'NONE', *, *, #1295, .T. ) ;
#6002 = CARTESIAN_POINT ( 'NONE',  ( 0.8738379037844486996, 1.513531646934133779, 2.706145833333335471 ) ) ;
#6003 = CARTESIAN_POINT ( 'NONE',  ( 0.6785254037844502539, 1.175240473580839273, -3.551666666666664085 ) ) ;
#6004 = CARTESIAN_POINT ( 'NONE',  ( 1.359756979458581760, -0.2626973412439755351, 6.087342579377973628 ) ) ;
#6005 = CARTESIAN_POINT ( 'NONE',  ( -1.277175285964139206, 0.2263352662769165524, 5.583964404704464535 ) ) ;
#6006 = VERTEX_POINT ( 'NONE', #4081 ) ;
#6007 = CARTESIAN_POINT ( 'NONE',  ( 0.000000000000000000, 1.517883041479706208E-15, 6.071772086592591045 ) ) ;
#6008 = CARTESIAN_POINT ( 'NONE',  ( 1.017788105676674215, -0.5876202367904430623, -1.114166666666663419 ) ) ;
#6009 = VERTEX_POINT ( 'NONE', #2597 ) ;
#6010 = CARTESIAN_POINT ( 'NONE',  ( -1.185093882767642492, 0.1004375725309727685, 4.596799999999999997 ) ) ;
#6011 = CARTESIAN_POINT ( 'NONE',  ( 0.6785254037844499209, -1.175240473580869249, -0.7183333333333303816 ) ) ;
#6012 = CARTESIAN_POINT ( 'NONE',  ( -1.156957903548106792, -0.4424334573758954003, -6.260000000000002451 ) ) ;
#6013 =( BOUNDED_CURVE ( )  B_SPLINE_CURVE ( 2, ( #4925, #5502, #573, #2509, #4443, #3486, #3012 ),
 .UNSPECIFIED., .F., .F. ) 
 B_SPLINE_CURVE_WITH_KNOTS ( ( 3, 2, 2, 3 ),
 ( 0.4090909090909091161, 0.4242424242424242542, 0.4393939393939393367, 0.4545454545454544748 ),
 .UNSPECIFIED. ) 
 CURVE ( )  GEOMETRIC_REPRESENTATION_ITEM ( )  RATIONAL_B_SPLINE_CURVE ( ( 1.000000000000000000, 0.8660254037844387076, 1.000000000000000000, 0.8660254037844387076, 1.000000000000000000, 0.8660254037844391517, 0.9999999999999995559 ) ) 
 REPRESENTATION_ITEM ( '' )  );
#6014 = CARTESIAN_POINT ( 'NONE',  ( -1.732050807568896511, -1.482118319465291637E-14, -3.134999999999998010 ) ) ;
#6015 = CARTESIAN_POINT ( 'NONE',  ( -1.299038105676672217, 0.7499999999999934497, -1.176666666666664751 ) ) ;
#6016 = ORIENTED_EDGE ( 'NONE', *, *, #401, .F. ) ;
#6017 = CARTESIAN_POINT ( 'NONE',  ( -0.6785254037844492547, -1.175240473580870360, 1.760833333333335915 ) ) ;
#6018 = EDGE_CURVE ( 'NONE', #678, #1108, #695, .T. ) ;
#6019 = CARTESIAN_POINT ( 'NONE',  ( -0.6785254037844500319, -1.175240473580868805, -6.239166666666664085 ) ) ;
#6020 = CARTESIAN_POINT ( 'NONE',  ( -1.747675807568897399, -1.549991020309069453E-14, -1.080312499999996234 ) ) ;
#6021 = CARTESIAN_POINT ( 'NONE',  ( 1.747675807568897621, -1.516313233332516971E-14, -3.830312499999995790 ) ) ;
#6022 = EDGE_LOOP ( 'NONE', ( #3266, #1682, #5783, #1169, #3708, #4197, #4290 ) ) ;
#6023 = CARTESIAN_POINT ( 'NONE',  ( -0.1653532637831522933, -1.224754523997048317, 5.087305850523742734 ) ) ;
#6024 = DIRECTION ( 'NONE',  ( -0.000000000000000000, -0.8660254037844384856, 0.5000000000000002220 ) ) ;
#6025 = CARTESIAN_POINT ( 'NONE',  ( -0.1051267183062888355, -0.8951647877168025236, 4.596799999999999997 ) ) ;
#6026 = CYLINDRICAL_SURFACE ( 'NONE', #1790, 1.500000000000000888 ) ;
#6027 = CARTESIAN_POINT ( 'NONE',  ( -0.6785254037844494768, 1.175240473580839495, -1.905833333333329493 ) ) ;
#6028 = EDGE_CURVE ( 'NONE', #4741, #1524, #1481, .T. ) ;
#6029 = EDGE_LOOP ( 'NONE', ( #3898, #39, #289, #6016 ) ) ;
#6030 = CARTESIAN_POINT ( 'NONE',  ( 0.8738379037844486996, 1.513531646934134001, 1.706145833333335471 ) ) ;
#6031 = CONICAL_SURFACE ( 'NONE', #1671, 1.406099999999997463, 0.1221730476396033355 ) ;
#6032 = CARTESIAN_POINT ( 'NONE',  ( 1.357050807568899176, -1.529899158760558178E-14, -2.134999999999997122 ) ) ;
#6033 = CARTESIAN_POINT ( 'NONE',  ( 1.251243312695273113, -0.1636368741916520986, 5.073326979085593713 ) ) ;
#6034 = FACE_OUTER_BOUND ( 'NONE', #4510, .T. ) ;
#6035 = CARTESIAN_POINT ( 'NONE',  ( -1.299038105676672217, 0.7499999999999938938, -5.676666666666664973 ) ) ;
#6036 = VECTOR ( 'NONE', #638, 1000.000000000000000 ) ;
#6037 = CARTESIAN_POINT ( 'NONE',  ( -1.836970198721050395E-16, -1.500000000000031308, -5.947499999999996234 ) ) ;
#6038 = B_SPLINE_CURVE_WITH_KNOTS ( 'NONE', 3,
 ( #3669, #3160, #4597, #2183, #6059, #1708, #5108, #5618, #3791, #1957, #2867, #910, #400 ),
 .UNSPECIFIED., .F., .F.,
 ( 4, 3, 3, 3, 4 ),
 ( 0.000000000000000000, 1.092890576614309991E-05, 2.185616419262624680E-05, 3.280036097521533338E-05, 4.363305408207668779E-05 ),
 .UNSPECIFIED. ) ;
#6039 = VERTEX_POINT ( 'NONE', #5467 ) ;
#6040 = DIRECTION ( 'NONE',  ( -0.000000000000000000, -1.224646799147353207E-16, 1.000000000000000000 ) ) ;
#6041 = CARTESIAN_POINT ( 'NONE',  ( 1.357050807568899176, -1.536787797005762188E-14, -1.572499999999996456 ) ) ;
#6042 = VECTOR ( 'NONE', #4088, 1000.000000000000000 ) ;
#6043 = VERTEX_POINT ( 'NONE', #4563 ) ;
#6044 = CARTESIAN_POINT ( 'NONE',  ( 0.000000000000000000, -3.168163357082304046E-16, 6.259999999999999787 ) ) ;
#6045 = CARTESIAN_POINT ( 'NONE',  ( -2.878508968398425596E-16, 1.175240473580839495, -2.009999999999997122 ) ) ;
#6046 = CARTESIAN_POINT ( 'NONE',  ( 0.000000000000000000, -1.500000000000001110, 6.259999999999999787 ) ) ;
#6047 = LOCAL_TIME ( 4, 42, 42.00000000000000000, #2869 ) ;
#6048 = FACE_OUTER_BOUND ( 'NONE', #1, .T. ) ;
#6049 = DIRECTION ( 'NONE',  ( -0.000000000000000000, -1.224646799147353207E-16, 1.000000000000000000 ) ) ;
#6050 = CARTESIAN_POINT ( 'NONE',  ( 0.6785254037844502539, 1.175240473580839273, -4.489166666666663197 ) ) ;
#6051 = ORIENTED_EDGE ( 'NONE', *, *, #976, .F. ) ;
#6052 = CARTESIAN_POINT ( 'NONE',  ( -1.357050807568899176, -1.570465583982314354E-14, 1.177500000000002656 ) ) ;
#6053 = CARTESIAN_POINT ( 'NONE',  ( -0.9609583210510910245, 0.2972229608625886477, 6.161298346890664135 ) ) ;
#6054 = CARTESIAN_POINT ( 'NONE',  ( -1.357050807568899176, -1.445378915490871093E-14, -6.322499999999996234 ) ) ;
#6055 = CARTESIAN_POINT ( 'NONE',  ( 1.853541686826127732E-16, -1.513531646934164199, -1.455312499999996234 ) ) ;
#6056 = CARTESIAN_POINT ( 'NONE',  ( 1.310756855676672883, -0.7567658234670903150, -3.371979166666662753 ) ) ;
#6057 = ORIENTED_EDGE ( 'NONE', *, *, #3148, .T. ) ;
#6058 = CARTESIAN_POINT ( 'NONE',  ( 1.302949551113958826, -0.2566884581598979365, 5.831171314594311816 ) ) ;
#6059 = CARTESIAN_POINT ( 'NONE',  ( -0.2835645660972072601, 1.341702213208717076, 6.074989367807476448 ) ) ;
#6060 = CARTESIAN_POINT ( 'NONE',  ( 0.5671683580306317030, 0.4538728123416859161, 6.242448403943561708 ) ) ;
#6061 = CARTESIAN_POINT ( 'NONE',  ( 1.354424127927895016, 0.2708953847187298147, 6.072254178582586093 ) ) ;
#6062 = CARTESIAN_POINT ( 'NONE',  ( -1.017788105676674437, 0.5876202367904123092, -1.864166666666663197 ) ) ;
#6063 = EDGE_LOOP ( 'NONE', ( #1712, #425, #1114, #1651 ) ) ;
#6064 = CARTESIAN_POINT ( 'NONE',  ( -1.747675807568897621, -1.604526073083599514E-14, 3.372812500000002878 ) ) ;
#6065 = CARTESIAN_POINT ( 'NONE',  ( 1.357050807568899176, -1.505406222777611148E-14, -4.134999999999996234 ) ) ;
#6066 = ADVANCED_FACE ( 'NONE', ( #216 ), #6026, .T. ) ;
#6067 = CARTESIAN_POINT ( 'NONE',  ( -1.175159077848084710, 0.01383157596917293855, 3.176519237886480163 ) ) ;
#6068 = CARTESIAN_POINT ( 'NONE',  ( 0.8811735338144246477, 0.3148034922636792077, 6.174697866662547163 ) ) ;
#6069 = CARTESIAN_POINT ( 'NONE',  ( -1.307982860071110087, -0.1994089464784680465, 5.581738530340460080 ) ) ;
#6070 = ORIENTED_EDGE ( 'NONE', *, *, #4513, .T. ) ;
#6071 = CARTESIAN_POINT ( 'NONE',  ( 0.000000000000000000, 1.500000000000001776, -3.259999999999997566 ) ) ;
#6072 = CARTESIAN_POINT ( 'NONE',  ( -1.017788105676674437, 0.5876202367904123092, -1.864166666666663197 ) ) ;
#6073 = ORIENTED_EDGE ( 'NONE', *, *, #4712, .T. ) ;
#6074 = DIRECTION ( 'NONE',  ( -0.000000000000000000, -1.224646799147353207E-16, 1.000000000000000000 ) ) ;
#6075 = EDGE_CURVE ( 'NONE', #2820, #4831, #4555, .T. ) ;
#6076 = CARTESIAN_POINT ( 'NONE',  ( -1.017788105676673993, -0.5876202367904429513, -1.343333333333330604 ) ) ;
#6077 = CARTESIAN_POINT ( 'NONE',  ( -3.134329240541694938E-16, -0.3093420000000007275, 6.259999999999999787 ) ) ;
#6078 = CARTESIAN_POINT ( 'NONE',  ( -0.8836630409603419833, 0.3273190898543021921, 6.276629229193637194 ) ) ;
#6079 = CARTESIAN_POINT ( 'NONE',  ( 1.836970198721050395E-16, -1.500000000000032419, 3.052500000000003766 ) ) ;
#6080 = CARTESIAN_POINT ( 'NONE',  ( -1.357050807568899176, -1.482118319465291637E-14, -3.322499999999997122 ) ) ;
#6081 = ORIENTED_EDGE ( 'NONE', *, *, #510, .F. ) ;
#6082 = CARTESIAN_POINT ( 'NONE',  ( -0.6785254037844502539, 1.175240473580838829, 0.5941666666666696184 ) ) ;
#6083 = CARTESIAN_POINT ( 'NONE',  ( -1.836970198721050395E-16, -1.500000000000031752, -2.447499999999996234 ) ) ;
#6084 = CARTESIAN_POINT ( 'NONE',  ( 0.8738379037844491437, -1.513531646934163755, -1.913645833333329715 ) ) ;
#6085 = CARTESIAN_POINT ( 'NONE',  ( -1.853541686826127979E-16, -1.513531646934164199, -4.955312499999996234 ) ) ;
#6086 = ORIENTED_EDGE ( 'NONE', *, *, #269, .T. ) ;
#6087 = CARTESIAN_POINT ( 'NONE',  ( -0.8660254037844479225, 1.500000000000002442, 2.344166666666671173 ) ) ;
#6088 = CARTESIAN_POINT ( 'NONE',  ( 0.000000000000000000, -3.168163357082304046E-16, 6.259999999999999787 ) ) ;
#6089 =( BOUNDED_CURVE ( )  B_SPLINE_CURVE ( 2, ( #5383, #43, #3935, #4481, #4899, #5915, #4997 ),
 .UNSPECIFIED., .F., .F. ) 
 B_SPLINE_CURVE_WITH_KNOTS ( ( 3, 2, 2, 3 ),
 ( 0.6666666666666666297, 0.6805555555555554692, 0.6944444444444443088, 0.7083333333333331483 ),
 .UNSPECIFIED. ) 
 CURVE ( )  GEOMETRIC_REPRESENTATION_ITEM ( )  RATIONAL_B_SPLINE_CURVE ( ( 1.000000000000000000, 0.8660254037844387076, 1.000000000000000000, 0.8660254037844387076, 1.000000000000000000, 0.8660254037844408170, 0.9999999999999978906 ) ) 
 REPRESENTATION_ITEM ( '' )  );
#6090 = EDGE_CURVE ( 'NONE', #5549, #5793, #1640, .T. ) ;
#6091 = CARTESIAN_POINT ( 'NONE',  ( -2.878508968398425596E-16, 1.175240473580838829, 2.990000000000002878 ) ) ;
#6092 = CARTESIAN_POINT ( 'NONE',  ( 1.357050807568899176, -1.542911031001498945E-14, -1.072499999999997122 ) ) ;
#6093 = ORIENTED_EDGE ( 'NONE', *, *, #669, .F. ) ;
#6094 = CARTESIAN_POINT ( 'NONE',  ( 0.6785254037844494768, 1.175240473580839051, 0.01083333333333621855 ) ) ;
#6095 = CARTESIAN_POINT ( 'NONE',  ( -0.6785254037844500319, -1.175240473580869249, -2.301666666666663641 ) ) ;
#6096 = EDGE_CURVE ( 'NONE', #5026, #630, #5778, .T. ) ;
#6097 = CARTESIAN_POINT ( 'NONE',  ( -0.09334290975713567529, -1.192965995528900702, 4.596799999999999997 ) ) ;
#6098 = CARTESIAN_POINT ( 'NONE',  ( 0.1049940215086569706, -1.171508960780883513, 4.596799999999999997 ) ) ;
#6099 = DIRECTION ( 'NONE',  ( -0.000000000000000000, -1.224646799147353207E-16, 1.000000000000000000 ) ) ;
#6100 = ORIENTED_EDGE ( 'NONE', *, *, #3570, .T. ) ;
#6101 = DIRECTION ( 'NONE',  ( -0.000000000000000000, -1.224646799147353207E-16, 1.000000000000000000 ) ) ;
#6102 = ADVANCED_FACE ( 'NONE', ( #309 ), #3300, .F. ) ;
#6103 = CARTESIAN_POINT ( 'NONE',  ( -1.439254484199213045E-16, -1.175240473580869693, -1.197499999999997122 ) ) ;
#6104 = VERTEX_POINT ( 'NONE', #4208 ) ;
#6105 = CARTESIAN_POINT ( 'NONE',  ( 0.1036295815382047153, -1.196260664885362202, 4.584606799510694053 ) ) ;
#6106 = CARTESIAN_POINT ( 'NONE',  ( 1.357050807568898954, -1.502784234200903036E-14, -1.634999999999997344 ) ) ;
#6107 = FACE_OUTER_BOUND ( 'NONE', #4626, .T. ) ;
#6108 = CARTESIAN_POINT ( 'NONE',  ( -0.9272512487508499657, -0.7583163221211092209, -6.260000000000003340 ) ) ;
#6109 = LINE ( 'NONE', #234, #4620 ) ;
#6110 = ADVANCED_FACE ( 'NONE', ( #279 ), #2216, .T. ) ;
#6111 = CARTESIAN_POINT ( 'NONE',  ( -1.017788105676674659, -0.5876202367904418411, -4.280833333333330160 ) ) ;
#6112 = VERTEX_POINT ( 'NONE', #4145 ) ;
#6113 = CARTESIAN_POINT ( 'NONE',  ( -1.017788105676675103, 0.5876202367904108659, 1.635833333333336137 ) ) ;
#6114 = CARTESIAN_POINT ( 'NONE',  ( -1.255999185100843185, 0.1374465032027105404, 5.087305564860077567 ) ) ;
#6115 = CARTESIAN_POINT ( 'NONE',  ( 1.017788105676674437, -0.5876202367904426183, 2.823333333333336359 ) ) ;
#6116 = CARTESIAN_POINT ( 'NONE',  ( -0.8738379037844493658, -1.513531646934163755, -4.996979166666662309 ) ) ;
#6117 = VERTEX_POINT ( 'NONE', #1390 ) ;
#6118 = CARTESIAN_POINT ( 'NONE',  ( 1.168159110932235123, -0.1051267183062932348, 4.596799999999999997 ) ) ;
#6119 = CARTESIAN_POINT ( 'NONE',  ( 1.347763492480320568, -0.2790972187543711014, 6.073606227890844700 ) ) ;
#6120 = CARTESIAN_POINT ( 'NONE',  ( -1.747675807568897621, -1.457625383482344608E-14, -5.127187499999997122 ) ) ;
#6121 = FACE_OUTER_BOUND ( 'NONE', #4136, .T. ) ;
#6122 = CARTESIAN_POINT ( 'NONE',  ( 0.3212021873294851892, -1.890062047752247559E-15, 1.124629700242971930 ) ) ;
#6123 = ORIENTED_EDGE ( 'NONE', *, *, #1444, .F. ) ;
#6124 = CARTESIAN_POINT ( 'NONE',  ( -0.6785254037844502539, 1.175240473580838829, 0.09416666666666947960 ) ) ;
#6125 = AXIS2_PLACEMENT_3D ( 'NONE', #2347, #6219, #3351 ) ;
#6126 = CARTESIAN_POINT ( 'NONE',  ( 2.836735106140954491E-15, -7.965299035831909888E-16, 6.259999999999999787 ) ) ;
#6127 = CARTESIAN_POINT ( 'NONE',  ( -0.08407800173395654775, -1.198020243790155925, 4.596799999999999997 ) ) ;
#6128 = DIRECTION ( 'NONE',  ( -1.060575238724908147E-16, -0.8660254037844398178, 0.4999999999999978351 ) ) ;
#6129 = CARTESIAN_POINT ( 'NONE',  ( 1.199498189242980350, 0.07570317101014510663, 4.596799999999999997 ) ) ;
#6130 = AXIS2_PLACEMENT_3D ( 'NONE', #3231, #6189, #6220 ) ;
#6131 = ORIENTED_EDGE ( 'NONE', *, *, #6148, .F. ) ;
#6132 = CARTESIAN_POINT ( 'NONE',  ( -0.8660254037844451469, -1.500000000000037526, -4.489166666666662309 ) ) ;
#6133 = CARTESIAN_POINT ( 'NONE',  ( 0.6785254037844492547, -1.175240473580869471, -3.718333333333329715 ) ) ;
#6134 = ORIENTED_EDGE ( 'NONE', *, *, #4279, .T. ) ;
#6135 = CARTESIAN_POINT ( 'NONE',  ( -1.187845105652228339, 0.09822995954706180421, 4.596799999999999997 ) ) ;
#6136 = AXIS2_PLACEMENT_3D ( 'NONE', #5387, #1540, #5830 ) ;
#6137 = CARTESIAN_POINT ( 'NONE',  ( -2.878508968398425596E-16, 1.175240473580839495, -1.509999999999997122 ) ) ;
#6138 = ADVANCED_FACE ( 'NONE', ( #6121 ), #3253, .T. ) ;
#6139 = CARTESIAN_POINT ( 'NONE',  ( 0.4507650346315114076, 0.5640605803204569169, 6.209378226151474500 ) ) ;
#6140 = CARTESIAN_POINT ( 'NONE',  ( 0.8660254037844491437, 1.500000000000001110, -0.8016666666666645291 ) ) ;
#6141 = AXIS2_PLACEMENT_3D ( 'NONE', #3019, #5414, #4964 ) ;
#6142 = CARTESIAN_POINT ( 'NONE',  ( 1.836970198721030920E-16, 1.500000000000000666, 6.259999999999999787 ) ) ;
#6143 = VECTOR ( 'NONE', #2825, 1000.000000000000000 ) ;
#6144 = CARTESIAN_POINT ( 'NONE',  ( -1.017788105676674659, -0.5876202367904420631, -2.780833333333330160 ) ) ;
#6145 = ORIENTED_EDGE ( 'NONE', *, *, #3570, .F. ) ;
#6146 = CARTESIAN_POINT ( 'NONE',  ( -2.878508968398426089E-16, 1.175240473580839051, 2.052500000000003322 ) ) ;
#6147 = CARTESIAN_POINT ( 'NONE',  ( -1.167134686304118540, 0.1040360800434499550, 4.587917464159742664 ) ) ;
#6148 = EDGE_CURVE ( 'NONE', #6173, #3432, #2322, .T. ) ;
#6149 = VECTOR ( 'NONE', #2196, 1000.000000000000000 ) ;
#6150 = CARTESIAN_POINT ( 'NONE',  ( 0.8738379037844483666, 1.513531646934134001, 0.2530208333333368587 ) ) ;
#6151 = CARTESIAN_POINT ( 'NONE',  ( 0.8738379037844482555, -1.513531646934165087, -2.413645833333329271 ) ) ;
#6152 = CARTESIAN_POINT ( 'NONE',  ( 1.192965995528899592, -0.09334290975714026883, 4.596799999999999997 ) ) ;
#6153 = CARTESIAN_POINT ( 'NONE',  ( -0.8660254037844412611, 1.500000000000015099, 2.781666666666668064 ) ) ;
#6154 = CARTESIAN_POINT ( 'NONE',  ( 1.310756855676672883, -0.7567658234670902040, -4.918854166666664085 ) ) ;
#6155 = LINE ( 'NONE', #1866, #3906 ) ;
#6156 = CARTESIAN_POINT ( 'NONE',  ( 1.017788105676674437, -0.5876202367904421742, -1.176666666666663863 ) ) ;
#6157 = VERTEX_POINT ( 'NONE', #2309 ) ;
#6158 = CARTESIAN_POINT ( 'NONE',  ( -0.6785254037844502539, 1.175240473580838829, 0.5941666666666693963 ) ) ;
#6159 = CARTESIAN_POINT ( 'NONE',  ( -0.6785254037844494768, 1.175240473580839495, -1.468333333333330160 ) ) ;
#6160 = DIRECTION ( 'NONE',  ( 0.000000000000000000, -1.224646799147353207E-16, 1.000000000000000000 ) ) ;
#6161 = CARTESIAN_POINT ( 'NONE',  ( 0.000000000000000000, 1.500000000000001776, -3.259999999999997566 ) ) ;
#6162 = ORIENTED_EDGE ( 'NONE', *, *, #6209, .T. ) ;
#6163 = CARTESIAN_POINT ( 'NONE',  ( -3.707083373652255957E-16, 1.513531646934134445, -1.252187499999997566 ) ) ;
#6164 = CARTESIAN_POINT ( 'NONE',  ( -0.6785254037844494768, 1.175240473580839717, -4.468333333333330160 ) ) ;
#6165 = ORIENTED_EDGE ( 'NONE', *, *, #2969, .F. ) ;
#6166 = DIRECTION ( 'NONE',  ( -0.000000000000000000, -1.224646799147353207E-16, 1.000000000000000000 ) ) ;
#6167 = CARTESIAN_POINT ( 'NONE',  ( -1.017788105676673993, -0.5876202367904432844, 2.156666666666669396 ) ) ;
#6168 = CARTESIAN_POINT ( 'NONE',  ( -0.9067387578785581770, 0.3037169132267299454, 6.170957365736449596 ) ) ;
#6169 = CARTESIAN_POINT ( 'NONE',  ( -3.543448836626869161E-16, 1.446722777168861329, 3.333259618943237967 ) ) ;
#6170 = CARTESIAN_POINT ( 'NONE',  ( -1.732050807568896733, -1.561280732988708902E-14, -0.1349999999999983991 ) ) ;
#6171 = DIRECTION ( 'NONE',  ( -0.000000000000000000, 2.999224776947198600E-16, -1.000000000000000000 ) ) ;
#6172 = CARTESIAN_POINT ( 'NONE',  ( 0.6785254037844492547, -1.175240473580869471, -4.155833333333330160 ) ) ;
#6173 = VERTEX_POINT ( 'NONE', #3318 ) ;
#6174 = CARTESIAN_POINT ( 'NONE',  ( -3.673940397442100790E-16, 1.500000000000001554, -0.1974999999999958733 ) ) ;
#6175 = CARTESIAN_POINT ( 'NONE',  ( 1.853541686826127732E-16, -1.513531646934164421, 0.04468750000000348832 ) ) ;
#6176 = CARTESIAN_POINT ( 'NONE',  ( -1.451372116051701244, -0.3049764671778883440, -6.041065373847902542 ) ) ;
#6177 = FACE_OUTER_BOUND ( 'NONE', #4244, .T. ) ;
#6178 = EDGE_CURVE ( 'NONE', #1401, #5080, #132, .T. ) ;
#6179 =( BOUNDED_CURVE ( )  B_SPLINE_CURVE ( 2, ( #1411, #3334, #2737, #4193, #3241, #6140, #1792 ),
 .UNSPECIFIED., .F., .F. ) 
 B_SPLINE_CURVE_WITH_KNOTS ( ( 3, 2, 2, 3 ),
 ( 0.9545454545454543638, 0.9696969696969696129, 0.9848484848484847509, 1.000000000000000000 ),
 .UNSPECIFIED. ) 
 CURVE ( )  GEOMETRIC_REPRESENTATION_ITEM ( )  RATIONAL_B_SPLINE_CURVE ( ( 1.000000000000001998, 0.8660254037844367092, 1.000000000000000000, 0.8660254037844387076, 1.000000000000000000, 0.8660254037844387076, 1.000000000000000000 ) ) 
 REPRESENTATION_ITEM ( '' )  );
#6180 = FACE_OUTER_BOUND ( 'NONE', #3244, .T. ) ;
#6181 = CARTESIAN_POINT ( 'NONE',  ( -1.310756855676673105, 0.7567658234670601169, -3.668854166666664085 ) ) ;
#6182 = CARTESIAN_POINT ( 'NONE',  ( 1.732050807568896511, -1.509998648274413401E-14, -4.322499999999994458 ) ) ;
#6183 = CARTESIAN_POINT ( 'NONE',  ( 1.439254484199212798E-16, -1.175240473580869249, -1.259999999999997122 ) ) ;
#6184 = CARTESIAN_POINT ( 'NONE',  ( 0.6785254037844502539, 1.175240473580839273, -4.551666666666663197 ) ) ;
#6185 = ORIENTED_EDGE ( 'NONE', *, *, #4598, .F. ) ;
#6186 = CARTESIAN_POINT ( 'NONE',  ( -0.6785254037844502539, 1.175240473580838829, -0.4058333333333303261 ) ) ;
#6187 = EDGE_CURVE ( 'NONE', #6104, #3233, #2276, .T. ) ;
#6188 = CARTESIAN_POINT ( 'NONE',  ( 1.836970198721050395E-16, -1.500000000000032196, 1.552500000000003988 ) ) ;
#6189 = DIRECTION ( 'NONE',  ( -0.000000000000000000, -1.224646799147353207E-16, 1.000000000000000000 ) ) ;
#6190 = CARTESIAN_POINT ( 'NONE',  ( 0.000000000000000000, -8.205342323097497332E-18, 3.740000000000000657 ) ) ;
#6191 = CARTESIAN_POINT ( 'NONE',  ( 0.6785254037844502539, 1.175240473580838829, -1.489166666666663863 ) ) ;
#6192 = EDGE_LOOP ( 'NONE', ( #3985, #3797, #3524, #4663, #105 ) ) ;
#6193 = CARTESIAN_POINT ( 'NONE',  ( -0.4125181635044958828, -0.2992226178155511507, 4.596799999999999997 ) ) ;
#6194 = VECTOR ( 'NONE', #5649, 1000.000000000000114 ) ;
#6195 = ORIENTED_EDGE ( 'NONE', *, *, #2728, .T. ) ;
#6196 = CARTESIAN_POINT ( 'NONE',  ( 0.1051267183062885857, 1.168159110932235789, 4.596799999999999997 ) ) ;
#6197 = CARTESIAN_POINT ( 'NONE',  ( -2.878508968398425596E-16, 1.175240473580839051, 1.990000000000003100 ) ) ;
#6198 = LINE ( 'NONE', #1853, #6143 ) ;
#6199 = CYLINDRICAL_SURFACE ( 'NONE', #1977, 1.500000000000000888 ) ;
#6200 = CARTESIAN_POINT ( 'NONE',  ( -0.1636368741916029990, 1.251243312695371257, 5.073326979085592825 ) ) ;
#6201 = FACE_OUTER_BOUND ( 'NONE', #1162, .T. ) ;
#6202 = CARTESIAN_POINT ( 'NONE',  ( 0.000000000000000000, 1.175240473580839495, -1.947499999999996900 ) ) ;
#6203 = ORIENTED_EDGE ( 'NONE', *, *, #1913, .F. ) ;
#6204 = CARTESIAN_POINT ( 'NONE',  ( -0.09230896470715561908, 1.193751676872630618, 4.596799999999999997 ) ) ;
#6205 = CARTESIAN_POINT ( 'NONE',  ( -1.357050807568899176, -1.564342349986577596E-14, 0.6775000000000025446 ) ) ;
#6206 = CARTESIAN_POINT ( 'NONE',  ( 1.310756855676672883, 0.7567658234670594508, 0.2113541666666704510 ) ) ;
#6207 = CARTESIAN_POINT ( 'NONE',  ( -0.8738379037844493658, -1.513531646934164199, -2.496979166666663197 ) ) ;
#6208 = DIRECTION ( 'NONE',  ( -0.3798309680908638075, -0.9169930745742606026, -0.1218693434051479618 ) ) ;
#6209 = EDGE_CURVE ( 'NONE', #6009, #4211, #2286, .T. ) ;
#6210 = CARTESIAN_POINT ( 'NONE',  ( -1.299038105676672439, -0.7500000000000230926, -2.093333333333331048 ) ) ;
#6211 = CARTESIAN_POINT ( 'NONE',  ( -0.8738379037844486996, 1.513531646934134667, -4.210520833333331048 ) ) ;
#6212 = CARTESIAN_POINT ( 'NONE',  ( -1.299038105676671995, -0.7500000000000245359, 1.969166666666670729 ) ) ;
#6213 = CARTESIAN_POINT ( 'NONE',  ( -0.6785254037844491437, -1.175240473580869471, -0.3016666666666638630 ) ) ;
#6214 = CARTESIAN_POINT ( 'NONE',  ( -1.017788105676674659, -0.5876202367904417301, -5.343333333333330160 ) ) ;
#6215 = ORIENTED_EDGE ( 'NONE', *, *, #1049, .F. ) ;
#6216 = CARTESIAN_POINT ( 'NONE',  ( -1.357050807568899176, -1.545972647999367008E-14, -0.8224999999999972333 ) ) ;
#6217 = EDGE_CURVE ( 'NONE', #5734, #6268, #6155, .T. ) ;
#6218 =( BOUNDED_CURVE ( )  B_SPLINE_CURVE ( 2, ( #3553, #1209, #4128, #5089, #194, #4543, #6071 ),
 .UNSPECIFIED., .F., .F. ) 
 B_SPLINE_CURVE_WITH_KNOTS ( ( 3, 2, 2, 3 ),
 ( 0.5000000000000000000, 0.5151515151515151381, 0.5303030303030302761, 0.5454545454545454142 ),
 .UNSPECIFIED. ) 
 CURVE ( )  GEOMETRIC_REPRESENTATION_ITEM ( )  RATIONAL_B_SPLINE_CURVE ( ( 1.000000000000000000, 0.8660254037844387076, 1.000000000000000000, 0.8660254037844387076, 1.000000000000000000, 0.8660254037844387076, 1.000000000000000000 ) ) 
 REPRESENTATION_ITEM ( '' )  );
#6219 = DIRECTION ( 'NONE',  ( 0.02423420014170640097, 0.1218335514324818541, 0.9922546494165903619 ) ) ;
#6220 = DIRECTION ( 'NONE',  ( 0.000000000000000000, -1.000000000000000000, -1.224646799147353207E-16 ) ) ;
#6221 = CARTESIAN_POINT ( 'NONE',  ( -0.1686891805415721701, -1.281697830216367739, 5.336847168515006068 ) ) ;
#6222 = CARTESIAN_POINT ( 'NONE',  ( -0.6785254037844494768, 1.175240473580839717, -5.405833333333330160 ) ) ;
#6223 = ADVANCED_FACE ( 'NONE', ( #3225 ), #5744, .T. ) ;
#6224 = ORIENTED_EDGE ( 'NONE', *, *, #9, .T. ) ;
#6225 = CARTESIAN_POINT ( 'NONE',  ( 1.310756855676673327, -0.7567658234670895379, -1.918854166666664529 ) ) ;
#6226 = ORIENTED_EDGE ( 'NONE', *, *, #677, .F. ) ;
#6227 = CARTESIAN_POINT ( 'NONE',  ( -1.350257442004912267, -0.2769255566850699624, 6.073054125198387609 ) ) ;
#6228 = CARTESIAN_POINT ( 'NONE',  ( -0.6785254037844501429, 1.175240473580838829, 0.5316666666666695074 ) ) ;
#6229 = DIRECTION ( 'NONE',  ( 0.000000000000000000, 1.000000000000000000, 2.999224776947198600E-16 ) ) ;
#6230 = AXIS2_PLACEMENT_3D ( 'NONE', #1085, #4989, #1498 ) ;
#6231 = DIRECTION ( 'NONE',  ( 1.000000000000000000, 0.000000000000000000, 0.000000000000000000 ) ) ;
#6232 = ORIENTED_EDGE ( 'NONE', *, *, #5976, .T. ) ;
#6233 = CARTESIAN_POINT ( 'NONE',  ( 0.2642666068265298596, 1.357509936613139567, 6.071772086592973849 ) ) ;
#6234 = CARTESIAN_POINT ( 'NONE',  ( -0.8660254037844491437, 1.500000000000001110, -1.155833333333329049 ) ) ;
#6235 = VECTOR ( 'NONE', #1918, 1000.000000000000000 ) ;
#6236 = B_SPLINE_CURVE_WITH_KNOTS ( 'NONE', 3,
 ( #3805, #5278, #1369, #5755 ),
 .UNSPECIFIED., .F., .F.,
 ( 4, 4 ),
 ( 0.000000000000000000, 8.279030431676553817E-05 ),
 .UNSPECIFIED. ) ;
#6237 = VERTEX_POINT ( 'NONE', #1483 ) ;
#6238 = CARTESIAN_POINT ( 'NONE',  ( 0.6785254037844500319, -1.175240473580869915, 2.344166666666669396 ) ) ;
#6239 = CARTESIAN_POINT ( 'NONE',  ( -1.017788105676675103, 0.5876202367904110879, -0.3641666666666639185 ) ) ;
#6240 = CARTESIAN_POINT ( 'NONE',  ( 1.747675807568897399, -1.516370159628944242E-14, -0.3303124999999964007 ) ) ;
#6241 = CARTESIAN_POINT ( 'NONE',  ( 0.8738379037844496988, 1.513531646934134001, -1.246979166666662753 ) ) ;
#6242 = CARTESIAN_POINT ( 'NONE',  ( 1.199392855347108267, -0.07737216077210827547, 4.596799999999999997 ) ) ;
#6243 = CARTESIAN_POINT ( 'NONE',  ( 0.8660254037844586916, -1.500000000000012657, -5.405833333333326607 ) ) ;
#6244 = CARTESIAN_POINT ( 'NONE',  ( 1.310756855676673771, 0.7567658234670590067, -5.335520833333331048 ) ) ;
#6245 = DIRECTION ( 'NONE',  ( 0.1218693434051477398, 0.000000000000000000, 0.9925461516413219831 ) ) ;
#6246 = CARTESIAN_POINT ( 'NONE',  ( -0.6785254037844501429, 1.175240473580838829, -2.468333333333330160 ) ) ;
#6247 = B_SPLINE_CURVE_WITH_KNOTS ( 'NONE', 3,
 ( #3594, #5546, #1184, #3118, #5065, #713, #2644, #4584, #2765, #4746, #5224, #6266, #1920, #4710, #2297, #390 ),
 .UNSPECIFIED., .F., .F.,
 ( 4, 3, 3, 3, 3, 4 ),
 ( 0.000000000000000000, 1.057880444045550664E-05, 2.116330739910332419E-05, 3.166998053641277751E-05, 4.214963376976412580E-05, 4.711136014189933833E-05 ),
 .UNSPECIFIED. ) ;
#6248 = CARTESIAN_POINT ( 'NONE',  ( 1.017788105676675103, 0.5876202367904115320, -3.593333333333330160 ) ) ;
#6249 = AXIS2_PLACEMENT_3D ( 'NONE', #5626, #1365, #5752 ) ;
#6250 = CARTESIAN_POINT ( 'NONE',  ( -1.836970198721050395E-16, -1.500000000000031974, -1.947499999999995568 ) ) ;
#6251 = CARTESIAN_POINT ( 'NONE',  ( -1.357050807568899176, -1.588835285969524626E-14, 2.677500000000002434 ) ) ;
#6252 = CARTESIAN_POINT ( 'NONE',  ( -1.338739425595975918, 0.2847406313326297789, 6.075716793780183700 ) ) ;
#6253 = FACE_OUTER_BOUND ( 'NONE', #3139, .T. ) ;
#6254 = LINE ( 'NONE', #411, #159 ) ;
#6255 = CARTESIAN_POINT ( 'NONE',  ( -1.017788105676674659, -0.5876202367904422852, -1.280833333333329938 ) ) ;
#6256 =( BOUNDED_SURFACE ( )  B_SPLINE_SURFACE ( 3, 2, ( 
 ( #3538, #4492, #3509 ),
 ( #5074, #4946, #2531 ),
 ( #6023, #3977, #4978 ),
 ( #2182, #4461, #181 ) ),
 .UNSPECIFIED., .F., .F., .F. ) 
 B_SPLINE_SURFACE_WITH_KNOTS ( ( 4, 4 ),
 ( 3, 3 ),
 ( 0.001156264230372853769, 0.002675593445269686555 ),
 ( 0.000000000000000000, 1.000000000000000000 ),
 .UNSPECIFIED. ) 
 GEOMETRIC_REPRESENTATION_ITEM ( )  RATIONAL_B_SPLINE_SURFACE ( (
 ( 1.000000000000000000, 0.7751521472629571141, 1.000000000000000000),
 ( 1.000000000000000000, 0.7634557616479209496, 1.000000000000000000),
 ( 1.000000000000000000, 0.7499943109390829754, 1.000000000000000000),
 ( 1.000000000000000000, 0.7334994083082723160, 1.000000000000000000) ) ) 
 REPRESENTATION_ITEM ( '' )  SURFACE ( )  );
#6257 = ORIENTED_EDGE ( 'NONE', *, *, #281, .F. ) ;
#6258 = CARTESIAN_POINT ( 'NONE',  ( 0.8738379037844493658, -1.513531646934164865, 1.039479166666668508 ) ) ;
#6259 = ADVANCED_FACE ( 'NONE', ( #1544 ), #4301, .T. ) ;
#6260 = ORIENTED_EDGE ( 'NONE', *, *, #5726, .F. ) ;
#6261 = CARTESIAN_POINT ( 'NONE',  ( -0.4507650346315114631, -0.5640605803204583601, 6.209378226151474500 ) ) ;
#6262 = CARTESIAN_POINT ( 'NONE',  ( -0.6785254037844491437, -1.175240473580869915, 1.698333333333335915 ) ) ;
#6263 = DIRECTION ( 'NONE',  ( 0.000000000000000000, -1.000000000000000000, 0.000000000000000000 ) ) ;
#6264 = DIRECTION ( 'NONE',  ( 0.000000000000000000, 1.000000000000000000, 1.257092401578333565E-16 ) ) ;
#6265 = ORIENTED_EDGE ( 'NONE', *, *, #1839, .T. ) ;
#6266 = CARTESIAN_POINT ( 'NONE',  ( 0.08407800173395646448, 1.198020243790156147, 4.596799999999999997 ) ) ;
#6267 = EDGE_CURVE ( 'NONE', #4912, #903, #1006, .T. ) ;
#6268 = VERTEX_POINT ( 'NONE', #559 ) ;
#6269 = CARTESIAN_POINT ( 'NONE',  ( -1.299038105676673105, 0.7499999999999920064, 0.8858333333333374693 ) ) ;
#6270 = CARTESIAN_POINT ( 'NONE',  ( -2.878508968398426089E-16, 1.175240473580839051, 1.052500000000003100 ) ) ;
#6271 = CARTESIAN_POINT ( 'NONE',  ( 0.8738379037844483666, 1.513531646934134001, 0.7530208333333368032 ) ) ;
#6272 = CARTESIAN_POINT ( 'NONE',  ( 1.310756855676672883, -0.7567658234670904260, -1.871979166666662309 ) ) ;
#6273 = CARTESIAN_POINT ( 'NONE',  ( 0.000000000000000000, 1.500000000000001998, -5.197499999999996234 ) ) ;
#6274 = CARTESIAN_POINT ( 'NONE',  ( 1.747675807568897621, -1.521862414141153289E-14, -3.377187499999997566 ) ) ;
#6275 = CARTESIAN_POINT ( 'NONE',  ( -1.017788105676674881, 0.5876202367904109769, -0.4266666666666637520 ) ) ;
#6276 = CARTESIAN_POINT ( 'NONE',  ( -1.357050807568899176, -1.487476149211561458E-14, -2.884999999999997122 ) ) ;
#6277 = CARTESIAN_POINT ( 'NONE',  ( -0.4507650346315114631, -0.5640605803204583601, 6.209378226151474500 ) ) ;
#6278 = CARTESIAN_POINT ( 'NONE',  ( 0.6785254037844494768, 1.175240473580838829, 1.010833333333336137 ) ) ;
#6279 = CARTESIAN_POINT ( 'NONE',  ( 1.357050807568899176, -1.505406222777611148E-14, -4.134999999999996234 ) ) ;
#6280 = CARTESIAN_POINT ( 'NONE',  ( 1.171508960780882402, 0.1049940215086605649, 4.596799999999999997 ) ) ;
#6281 = DIRECTION ( 'NONE',  ( -0.000000000000000000, -1.224646799147353207E-16, 1.000000000000000000 ) ) ;
#6282 = CARTESIAN_POINT ( 'NONE',  ( 1.836970198721050642E-16, -1.500000000000032641, -0.5099999999999985656 ) ) ;
#6283 = CARTESIAN_POINT ( 'NONE',  ( -1.439254484199213045E-16, -1.175240473580869693, -1.197499999999997122 ) ) ;
ENDSEC;
END-ISO-10303-21;
